descriptions,General,User,Visitor
,General,DateTime,05/04/2025 21:34:51
,General,Origin,"Software revision: rl_tts1_top_hostpc_6e8x0_openloop.sdf, rl_tts1_top_hostpc_6e8x0_openloop.ppc\nVariable description: rl_tts1_top_hostpc_6e8x0_openloop.sdf\n    Platform / Device: Platform [DS1104 R&D Controller Board, assigned to 'ds1104']\nControlDesk version: 7.3"
,General,Description,
,Recording,StartCondition,None (Immediate Recording)
,Recording,StopCondition,None
,Measurement,XAxisOffset,0
,Measurement,Length,620.4933407
,Measurement,StartTimestamp,1667.9821
,Measurement,StopTimestamp,2288.47544
,MDF,Department,
,MDF,Project,
,MDF,MeasurementObject,

trace_size,6206
trace_types,5,4,4,4
trace_names,,In1,In1,In1
trace_units,,,,
devices,Platform,Platform,Platform,Platform
raster,HostService,HostService,HostService,HostService
description,,,,
displayidentifier,,,,
path,,Model Root/Height_T1\n,Model Root/TTS dSPACE RTI1104/PumpLeft,Model Root/TTS dSPACE RTI1104/ValvePos_LD
flags,,2,2,2
min,,-1.797693135e+308,-1.797693135e+308,-1.797693135e+308
max,,1.797693135e+308,1.797693135e+308,1.797693135e+308
minWeak,,-1.797693135e+308,-1.797693135e+308,-1.797693135e+308
maxWeak,,1.797693135e+308,1.797693135e+308,1.797693135e+308
trace_values,0,103.04379521727533,0.040000000000000001,0.2819091796874999
,0.09999892265636845,103.18936724327254,0.040000000000000001,0.2819091796874999
,0.19999784531250953,103.62591610531712,0.040000000000000001,0.2819091796874999
,0.29999676796887798,103.89603573518089,0.040000000000000001,0.2819091796874999
,0.39999569062501905,104.84071147324957,0.040000000000000001,0.28292643229166659
,0.49999461562492797,105.81533669192127,0.040000000000000001,0.28394368489583327
,0.59999354296883212,105.61843451995757,0.040000000000000001,0.2849609374999999
,0.69999247031250889,104.63318877535235,0.040000000000000001,0.28394368489583327
,0.7999913984374416,103.83370887302412,0.040000000000000001,0.28394368489583327
,0.89999032578134575,102.53407187709439,0.040000000000000001,0.2819091796874999
,0.99998925312502251,102.898195171555,0.040000000000000001,0.2819091796874999
,1.0999881812499552,103.84409703435513,0.040000000000000001,0.28292643229166659
,1.1999871085938594,103.22055761209478,0.040000000000000001,0.2819091796874999
,1.2999860359375361,103.81293212893488,0.040000000000000001,0.2819091796874999
,1.3999849640624689,104.44637117227718,0.040000000000000001,0.28292643229166659
,1.499983892187629,105.1830039670145,0.040000000000000001,0.28394368489583327
,1.5999828203125617,104.59167762198159,0.040000000000000001,0.28394368489583327
,1.6999817484374944,104.09337085172351,0.040000000000000001,0.28394368489583327
,1.7999806773436831,104.06221603274686,0.040000000000000001,0.2849609374999999
,1.8999796054688431,102.35714817638718,0.040000000000000001,0.28292643229166659
,1.9999785335937759,102.82538461304046,0.040000000000000001,0.28292643229166659
,2.0999774617187086,102.9397980490445,0.040000000000000001,0.28292643229166659
,2.1999763906251246,102.67974236811126,0.040000000000000001,0.28292643229166659
,2.2999753187500573,103.25174669933214,0.040000000000000001,0.28292643229166659
,2.3999742468749901,103.78176595874294,0.040000000000000001,0.28394368489583327
,2.4999731773436906,104.69545136725634,0.040000000000000001,0.28394368489583327
,2.5999721078126186,104.26989111137952,0.040000000000000001,0.2849609374999999
,2.6999710382813191,104.14529275746654,0.040000000000000001,0.2849609374999999
,2.7999699695312756,103.12698265732197,0.040000000000000001,0.28394368489583327
,2.8999688999999762,101.55526022006234,0.040000000000000001,0.28292643229166659
,2.9999678304686768,102.15936027745357,0.040000000000000001,0.28292643229166659
,3.0999667609376047,102.33633086886773,0.040000000000000001,0.2819091796874999
,3.1999656914063053,102.96059862793385,0.040000000000000001,0.2819091796874999
,3.2999646226562618,102.78377542002634,0.040000000000000001,0.2819091796874999
,3.3999635507811945,103.6674791662865,0.040000000000000001,0.28292643229166659
,3.4999624750000748,104.56054280712615,0.040000000000000001,0.28394368489583327
,3.5999613992187278,104.12452441385659,0.040000000000000001,0.28394368489583327
,3.6999603234376082,103.86487293575337,0.040000000000000001,0.28394368489583327
,3.7999592476562611,102.46122601093829,0.040000000000000001,0.28292643229166659
,3.8999581718751415,101.84695636419606,0.040000000000000001,0.2819091796874999
,3.9999570968750504,102.34673959521368,0.040000000000000001,0.2819091796874999
,4.0999560210937034,102.78377542002634,0.040000000000000001,0.2819091796874999
,4.1999549453125837,102.898195171555,0.040000000000000001,0.2819091796874999
,4.2999538695312367,102.75256701566811,0.040000000000000001,0.2819091796874999
,4.3999527960938849,103.64669791790863,0.040000000000000001,0.28292643229166659
,4.4999517234375617,104.36332672916937,0.040000000000000001,0.28394368489583327
,4.5999506499999825,103.85448505525402,0.040000000000000001,0.28394368489583327
,4.6999495773438866,103.74020909620606,0.040000000000000001,0.2849609374999999
,4.7999485046875634,102.33633086886773,0.040000000000000001,0.28394368489583327
,4.8999474312499842,101.5760994905403,0.040000000000000001,0.28292643229166659
,4.9999463585938884,102.02400140865943,0.040000000000000001,0.28292643229166659
,5.0999452859375651,102.29469451109684,0.040000000000000001,0.28292643229166659
,5.199944212499986,102.25305582791326,0.040000000000000001,0.28292643229166659
,5.2999431398438901,102.41959661666603,0.040000000000000001,0.28292643229166659
,5.399942064843799,103.16857295162772,0.040000000000000001,0.28394368489583327
,5.4999409898437079,103.72981952875611,0.040000000000000001,0.2849609374999999
,5.5999399140625883,103.6674791662865,0.040000000000000001,0.2849609374999999
,5.6999388390624972,102.92939754468546,0.040000000000000001,0.2849609374999999
,5.7999377640626335,102.16977147680858,0.040000000000000001,0.2849609374999999
,5.8999366890625424,100.95066328352209,0.040000000000000001,0.28292643229166659
,5.9999356132811954,100.91937739160421,0.040000000000000001,0.28292643229166659
,6.0999345382813317,101.74279241709954,0.040000000000000001,0.28292643229166659
,6.1999334632812406,101.22175135942096,0.040000000000000001,0.2819091796874999
,6.2999323898438888,102.25305582791326,0.040000000000000001,0.28292643229166659
,6.3999313203125894,102.74216392649676,0.040000000000000001,0.28292643229166659
,6.4999302507812899,103.78176595874294,0.040000000000000001,0.2849609374999999
,6.5999291812499905,103.63630708215595,0.040000000000000001,0.2849609374999999
,6.6999281117186911,102.76296996095813,0.040000000000000001,0.2849609374999999
,6.799927042187619,101.95110563440862,0.040000000000000001,0.2849609374999999
,6.8999259726563196,100.65860912644294,0.040000000000000001,0.28394368489583327
,6.9999249031250201,101.76362638227047,0.040000000000000001,0.28394368489583327
,7.0999238335937207,102.33633086886773,0.040000000000000001,0.28394368489583327
,7.1999227640624213,101.63861375975654,0.040000000000000001,0.28292643229166659
,7.2999216914063254,102.08647779854503,0.040000000000000001,0.28394368489583327
,7.3999206148437224,102.73176069341112,0.040000000000000001,0.2849609374999999
,7.4999195390626028,103.44924788114317,0.040000000000000001,0.2849609374999999
,7.5999184624999998,103.11658472709193,0.040000000000000001,0.28597819010416659
,7.6999173859376242,102.81498253034468,0.040000000000000001,0.28597819010416659
,7.7999163101562772,101.7740431442857,0.040000000000000001,0.28597819010416659
,7.8999152335936742,100.47079772633516,0.040000000000000001,0.28394368489583327
,7.9999141578125545,100.49166807529802,0.040000000000000001,0.28394368489583327
,8.0999130812499516,101.00280344417409,0.040000000000000001,0.28394368489583327
,8.1999120054688319,100.97151979649635,0.040000000000000001,0.28292643229166659
,8.2999109296874849,101.76362638227047,0.040000000000000001,0.28394368489583327
,8.3999098539063652,102.10730209346275,0.040000000000000001,0.28394368489583327
,8.4999087781250182,103.10618665413467,0.040000000000000001,0.28597819010416659
,8.5999077023436712,102.81498253034468,0.040000000000000001,0.28597819010416659
,8.6999066273438075,101.81570872265725,0.040000000000000001,0.28597819010416659
,8.7999055515624605,101.35725764577326,0.040000000000000001,0.2849609374999999
,8.8999044757813408,100.1785492130678,0.040000000000000001,0.28394368489583327
,8.9999033999999938,101.05493986778986,0.040000000000000001,0.28394368489583327
,9.0999023250001301,101.346834976263,0.040000000000000001,0.28394368489583327
,9.1999012492187831,101.346834976263,0.040000000000000001,0.28394368489583327
,9.299900174218692,101.50315945846449,0.040000000000000001,0.28394368489583327
,9.3998990992188283,102.31551298052608,0.040000000000000001,0.2849609374999999
,9.4998980234374812,103.23095411686171,0.040000000000000001,0.2849609374999999
,9.5998969484376175,102.79417793387063,0.040000000000000001,0.28597819010416659
,9.6998958734375265,102.73176069341112,0.040000000000000001,0.28699544270833327
,9.7998947984374354,101.85737195112694,0.040000000000000001,0.28597819010416659
,9.8998937234375717,100.52297246532328,0.040000000000000001,0.28394368489583327
,9.9998926476562247,100.63774360619263,0.040000000000000001,0.28394368489583327
,10.099891572656361,101.346834976263,0.040000000000000001,0.28394368489583327
,10.199890496093758,101.44063366443154,0.040000000000000001,0.28394368489583327
,10.299889418750126,101.46147618770664,0.040000000000000001,0.28394368489583327
,10.399888341406268,102.4716329974043,0.040000000000000001,0.28597819010416659
,10.49988726328138,103.10618665413467,0.040000000000000001,0.28597819010416659
,10.599886185937521,102.77337276239986,0.040000000000000001,0.28699544270833327
,10.69988510859389,102.73176069341112,0.040000000000000001,0.28699544270833327
,10.799884031250031,101.5240002064828,0.040000000000000001,0.28597819010416659
,10.899882953906172,100.30381313889104,0.040000000000000001,0.2849609374999999
,10.99988187656254,100.59601075749194,0.040000000000000001,0.2849609374999999
,11.099880799218681,101.35725764577326,0.040000000000000001,0.2849609374999999
,11.199879725000073,101.03408574651884,0.040000000000000001,0.28394368489583327
,11.29987865234375,101.69070492929541,0.040000000000000001,0.2849609374999999
,11.399877579687427,102.16977147680858,0.040000000000000001,0.28597819010416659
,11.499876506250075,103.28293450587206,0.040000000000000001,0.28699544270833327
,11.599875433593752,103.13738044485765,0.040000000000000001,0.2880126953124999
,11.699874360156173,102.19059343834125,0.040000000000000001,0.2880126953124999
,11.799873287500077,101.33641215837926,0.040000000000000001,0.2880126953124999
,11.899872214843754,99.760844228341284,0.040000000000000001,0.28597819010416659
,11.999871141406175,100.42905521372164,0.040000000000000001,0.28597819010416659
,12.099870068750079,100.59601075749194,0.040000000000000001,0.28597819010416659
,12.199868997656267,100.47079772633516,0.040000000000000001,0.2849609374999999
,12.299867927343712,100.72120207403424,0.040000000000000001,0.2849609374999999
,12.399866856250128,101.66986890352182,0.040000000000000001,0.28597819010416659
,12.499865785156317,102.50285308828761,0.040000000000000001,0.28699544270833327
,12.599864714843761,102.24264579352267,0.040000000000000001,0.28699544270833327
,12.69986364374995,101.8365406304964,0.040000000000000001,0.28699544270833327
,12.799862572656366,101.05493986778986,0.040000000000000001,0.28597819010416659
,12.899861502343811,99.69816734956602,0.040000000000000001,0.2849609374999999
,12.999860431249999,99.938398731544126,0.040000000000000001,0.28394368489583327
,13.099859358593676,101.04451288182783,0.040000000000000001,0.2849609374999999
,13.199858285156324,100.5334069598885,0.040000000000000001,0.28394368489583327
,13.299857211718745,101.25302426984182,0.040000000000000001,0.2849609374999999
,13.399856139062422,102.14894893232855,0.040000000000000001,0.2849609374999999
,13.49985506562507,102.86699150765214,0.040000000000000001,0.28597819010416659
,13.599853992187491,102.91899689700617,0.040000000000000001,0.28699544270833327
,13.699852918750139,102.12812580463527,0.040000000000000001,0.28699544270833327
,13.79985184531256,100.65860912644294,0.040000000000000001,0.28597819010416659
,13.899850771874981,99.259273841991586,0.040000000000000001,0.28394368489583327
,13.999849698437629,100.23074517475182,0.040000000000000001,0.2849609374999999
,14.099848622656282,101.1696268660869,0.040000000000000001,0.2849609374999999
,14.199847546874935,101.22175135942096,0.040000000000000001,0.2849609374999999
,14.299846470312559,101.03408574651884,0.040000000000000001,0.2849609374999999
,14.399845394531212,101.72195786351888,0.040000000000000001,0.28597819010416659
,14.499844318750092,102.66933827084557,0.040000000000000001,0.2880126953124999
,14.59984324218749,102.50285308828761,0.040000000000000001,0.2880126953124999
,14.69984216640637,102.03441450561908,0.040000000000000001,0.2880126953124999
,14.799841090625023,100.84637173428585,0.040000000000000001,0.2880126953124999
,14.89984001406242,99.854849186925918,0.040000000000000001,0.28699544270833327
,14.999838937500044,99.980169832426739,0.040000000000000001,0.28597819010416659
,15.099837859374929,100.5334069598885,0.040000000000000001,0.28597819010416659
,15.199836781250042,100.29337531379966,0.040000000000000001,0.28597819010416659
,15.299835703124927,100.78378960755401,0.040000000000000001,0.28699544270833327
,15.39983462500004,101.59693817047037,0.040000000000000001,0.28699544270833327
,15.499833546874925,101.53442035876895,0.040000000000000001,0.28699544270833327
,15.599832467968781,101.5240002064828,0.040000000000000001,0.2880126953124999
,15.699831389843666,100.91937739160421,0.040000000000000001,0.2880126953124999
,15.799830311718779,100.7420651864112,0.040000000000000001,0.2880126953124999
,15.899829233593891,99.071092992023495,0.040000000000000001,0.28597819010416659
,15.999828157812544,100.2411839110125,0.040000000000000001,0.28699544270833327
,16.099827084374965,100.67947404431996,0.040000000000000001,0.28699544270833327
,16.199826010937613,101.22175135942096,0.040000000000000001,0.28699544270833327
,16.299824937500034,101.04451288182783,0.040000000000000001,0.2880126953124999
,16.399823864062455,101.65945066964747,0.040000000000000001,0.28902994791666659
,16.499822790625103,101.90944768541596,0.040000000000000001,0.28902994791666659
,16.599821716406268,101.47189722731993,0.040000000000000001,0.29004720052083327
,16.699820642968689,101.06536670443859,0.040000000000000001,0.29004720052083327
,16.799819569531337,100.36643690402262,0.040000000000000001,0.28902994791666659
,16.899818496093758,99.112915313068015,0.040000000000000001,0.2880126953124999
,16.999817423437435,98.903778763460622,0.040000000000000001,0.28699544270833327
,17.099816350781339,99.69816734956602,0.040000000000000001,0.28699544270833327
,17.199815278125016,99.26972685790335,0.040000000000000001,0.28597819010416659
,17.299814206249948,100.14722981053212,0.040000000000000001,0.28699544270833327
,17.399813133593852,100.38731027972038,0.040000000000000001,0.28699544270833327
,17.499812060937529,101.2842958421854,0.040000000000000001,0.2880126953124999
,17.599810988281206,101.12792459063351,0.040000000000000001,0.2880126953124999
,17.69980991562511,100.85680156359236,0.040000000000000001,0.2880126953124999
,17.799808842968787,100.50210302306184,0.040000000000000001,0.2880126953124999
,17.89980777109372,98.966526281048502,0.040000000000000001,0.28597819010416659
,17.999806698437624,99.447404423861727,0.040000000000000001,0.28597819010416659
,18.0998056257813,99.750398465850651,0.040000000000000001,0.28597819010416659
,18.199804553906233,99.844404804792902,0.040000000000000001,0.28597819010416659
,18.299803481250137,100.2411839110125,0.040000000000000001,0.28597819010416659
,18.39980240937507,101.50315945846449,0.040000000000000001,0.2880126953124999
,18.499801336718747,102.24264579352267,0.040000000000000001,0.2880126953124999
,18.59980026484368,101.95110563440862,0.040000000000000001,0.28902994791666659
,18.699799192187584,100.81508134631339,0.040000000000000001,0.28902994791666659
,18.79979811953126,99.959284587710968,0.040000000000000001,0.2880126953124999
,18.899797046874937,98.328330025458982,0.040000000000000001,0.28699544270833327
,18.999795972656329,99.19655248720737,0.040000000000000001,0.28699544270833327
,19.099794897656238,99.948841736075948,0.040000000000000001,0.28699544270833327
,19.199793823437631,99.405601961826463,0.040000000000000001,0.28597819010416659
,19.299792749218796,100.07414587423011,0.040000000000000001,0.28597819010416659
,19.39979167499996,100.57514342850138,0.040000000000000001,0.28699544270833327
,19.499790600000097,101.72195786351888,0.040000000000000001,0.2880126953124999
,19.599789525781262,101.0132310277256,0.040000000000000001,0.2880126953124999
,19.699788451562426,100.79422033728409,0.040000000000000001,0.28902994791666659
,19.799787377343819,99.625037329837127,0.040000000000000001,0.2880126953124999
,19.899786302343728,98.642270117308115,0.040000000000000001,0.28699544270833327
,19.99978522812512,99.478754647674947,0.040000000000000001,0.28699544270833327
,20.099784153906285,99.374248491390532,0.040000000000000001,0.28597819010416659
,20.19978307968745,99.56234845208408,0.040000000000000001,0.28597819010416659
,20.299782005468842,99.854849186925918,0.040000000000000001,0.28699544270833327
,20.399780931250007,100.64817644163129,0.040000000000000001,0.2880126953124999
,20.499779856249916,101.13835038303004,0.040000000000000001,0.28902994791666659
,20.599778782031308,100.92980617194924,0.040000000000000001,0.28902994791666659
,20.699777707812473,100.60644419577655,0.040000000000000001,0.28902994791666659
,20.799776634375121,99.36379702508016,0.040000000000000001,0.2880126953124999
,20.899775560156286,98.412061267232914,0.040000000000000001,0.28699544270833327
,20.999774485937451,98.391129405078985,0.040000000000000001,0.28699544270833327
,21.099773411718843,99.520552784228599,0.040000000000000001,0.28699544270833327
,21.199772338281264,99.165189713001013,0.040000000000000001,0.28597819010416659
,21.299771264062429,99.656379689896028,0.040000000000000001,0.28699544270833327
,21.399770189843821,100.1159090377331,0.040000000000000001,0.2880126953124999
,21.499769116406242,101.13835038303004,0.040000000000000001,0.28902994791666659
,21.599768042187634,100.81508134631339,0.040000000000000001,0.28902994791666659
,21.699766967968799,99.781735292828756,0.040000000000000001,0.28902994791666659
,21.799765893749964,99.478754647674947,0.040000000000000001,0.28902994791666659
,21.8997648187501,97.689545068255839,0.040000000000000001,0.28699544270833327
,21.999763743750009,98.150367495134034,0.040000000000000001,0.28699544270833327
,22.099762668749918,98.275992858665106,0.040000000000000001,0.28597819010416659
,22.199761593750054,98.443457876051582,0.040000000000000001,0.28597819010416659
,22.299760518749963,98.725963546190386,0.040000000000000001,0.28597819010416659
,22.399759443750099,99.499654024675635,0.040000000000000001,0.28699544270833327
,22.499758368750008,100.04282190058652,0.040000000000000001,0.28699544270833327
,22.599757293749917,100.07414587423011,0.040000000000000001,0.2880126953124999
,22.699756218750053,99.321989611434702,0.040000000000000001,0.28699544270833327
,22.799755143749962,98.317862908657418,0.040000000000000001,0.28597819010416659
,22.899754067968843,96.97675337630767,0.040000000000000001,0.2849609374999999
,22.999752992968752,97.102594498522279,0.040000000000000001,0.28394368489583327
,23.099751917187632,97.741926829409906,0.040000000000000001,0.28394368489583327
,23.199750842187541,97.773353964021226,0.040000000000000001,0.28292643229166659
,23.29974976718745,98.987440871011643,0.040000000000000001,0.28394368489583327
,23.39974869140633,99.374248491390532,0.040000000000000001,0.2849609374999999
,23.499747616406239,100.4081830495298,0.040000000000000001,0.2849609374999999
,23.599746540625119,100.10546847547212,0.040000000000000001,0.28597819010416659
,23.699745466406284,99.384699802928935,0.040000000000000001,0.28597819010416659
,23.799744397656241,98.286460608650202,0.040000000000000001,0.2849609374999999
,23.899743328906197,97.018703017214875,0.040000000000000001,0.28394368489583327
,23.999742260156381,97.511417073701054,0.040000000000000001,0.28394368489583327
,24.099741191406338,98.223651732313684,0.040000000000000001,0.28394368489583327
,24.19974012343755,98.380663237015966,0.040000000000000001,0.28292643229166659
,24.299739054687507,98.202714172128793,0.040000000000000001,0.28292643229166659
,24.399737985937463,99.353345403963601,0.040000000000000001,0.28394368489583327
,24.49973691718742,99.990612225575461,0.040000000000000001,0.2849609374999999
,24.599735848437604,99.823515580782214,0.040000000000000001,0.28597819010416659
,24.69973477578128,98.820106651787356,0.040000000000000001,0.2849609374999999
,24.799733698437421,98.610882489046077,0.040000000000000001,0.28597819010416659
,24.89973262109379,96.82990911855758,0.040000000000000001,0.28394368489583327
,24.999731543749931,97.37517017891301,0.040000000000000001,0.28394368489583327
,25.099730466406299,98.370196910916235,0.040000000000000001,0.28394368489583327
,25.199729389062441,98.160837147989426,0.040000000000000001,0.28394368489583327
,25.299728312500065,98.171306642081959,0.040000000000000001,0.28394368489583327
,25.399727235156206,98.401595415139809,0.040000000000000001,0.2849609374999999
,25.499726157812574,99.259273841991586,0.040000000000000001,0.2849609374999999
,25.599725080468716,98.57949344528393,0.040000000000000001,0.2849609374999999
,25.699724004687596,98.23412027455602,0.040000000000000001,0.2849609374999999
,25.799722928124993,97.060650057206388,0.040000000000000001,0.28394368489583327
,25.899721851562617,95.864132405488249,0.040000000000000001,0.28292643229166659
,25.999720775000014,96.126709961366245,0.040000000000000001,0.2819091796874999
,26.099719698437639,97.270346321799522,0.040000000000000001,0.2819091796874999
,26.199718621875036,97.228412252803508,0.040000000000000001,0.2819091796874999
,26.299717545312433,97.595247794838301,0.040000000000000001,0.2819091796874999
,26.399716468750057,98.139897683481223,0.040000000000000001,0.28292643229166659
,26.499715392187454,98.694579688048549,0.040000000000000001,0.28292643229166659
,26.599714316406335,98.474853064404044,0.040000000000000001,0.28394368489583327
,26.699713240624988,97.804779658218493,0.040000000000000001,0.28292643229166659
,26.799712164843868,96.97675337630767,0.040000000000000001,0.28292643229166659
,26.899711089062521,95.433279777625074,0.040000000000000001,0.28089192708333327
,26.999710013281174,96.315701703280425,0.040000000000000001,0.28089192708333327
,27.099708937500054,96.693525098912389,0.040000000000000001,0.28089192708333327
,27.199707861718707,96.567607612811457,0.040000000000000001,0.28089192708333327
,27.299706785937587,96.599089196854607,0.040000000000000001,0.27987467447916659
,27.39970571015624,97.354206699559114,0.040000000000000001,0.28089192708333327
,27.499704634375121,98.202714172128793,0.040000000000000001,0.2819091796874999
,27.599703560937542,97.825729321249966,0.040000000000000001,0.2819091796874999
,27.69970248984373,97.490457784955154,0.040000000000000001,0.2697021484374999
,27.799701418749919,96.116208849360689,0.040000000000000001,0.28089192708333327
,27.899700347656335,95.212490024179928,0.040000000000000001,0.28089192708333327
,27.999699275781268,95.412255377060177,0.040000000000000001,0.2788574218749999
,28.099698204687456,96.042696427061571,0.040000000000000001,0.2788574218749999
,28.199697133593872,95.590941396139982,0.040000000000000001,0.27784016927083327
,28.299696062500061,96.158212304247215,0.040000000000000001,0.2788574218749999
,28.399694990624994,97.018703017214875,0.040000000000000001,0.2788574218749999
,28.499693919531182,97.888574474520169,0.040000000000000001,0.27987467447916659
,28.599692846093831,97.741926829409906,0.059999999999999998,0.27987467447916659
,28.699691772656251,103.11658472709193,0.059999999999999998,0.28089192708333327
,28.799690699218672,99.833960269423017,0.059999999999999998,0.27987467447916659
,28.899689625781321,96.095206128569743,0.059999999999999998,0.27784016927083327
,28.999688552343741,95.622469197497637,0.059999999999999998,0.27784016927083327
,29.09968747890639,95.29660915744536,0.059999999999999998,0.27784016927083327
,29.19968640546881,95.496348951213008,0.059999999999999998,0.27784016927083327
,29.299685331249975,95.349178143275651,0.059999999999999998,0.27784016927083327
,29.399684257812623,95.864132405488249,0.059999999999999998,0.2788574218749999
,29.4996831851563,96.798438333881535,0.059999999999999998,0.2788574218749999
,29.599682115625001,96.578101638178268,0.059999999999999998,0.27987467447916659
,29.699681045312445,96.063700804903931,0.059999999999999998,0.27987467447916659
,29.799679975781373,95.14939359265199,0.059999999999999998,0.2788574218749999
,29.899678905468818,94.328584031800489,0.059999999999999998,0.27784016927083327
,29.999677835937518,94.90746756066855,0.059999999999999998,0.27784016927083327
,30.099676766406219,95.927160484582444,0.059999999999999998,0.27784016927083327
,30.199675696093891,95.401742924861068,0.059999999999999998,0.27682291666666659
,30.299674626562592,96.26320936558939,0.059999999999999998,0.27784016927083327
,30.399673556250036,96.766966079566458,0.059999999999999998,0.27784016927083327
,30.499672486718737,98.056133469396087,0.059999999999999998,0.2788574218749999
,30.599671417968693,97.689545068255839,0.059999999999999998,0.2788574218749999
,30.699670349218877,97.479977899121423,0.059999999999999998,0.27987467447916659
,30.799669280468834,96.578101638178268,0.059999999999999998,0.2788574218749999
,30.89966821171879,94.970587334893452,0.059999999999999998,0.27682291666666659
,30.999667142968747,95.611960097671428,0.059999999999999998,0.27682291666666659
,31.099666074218703,96.179213038907932,0.059999999999999998,0.27682291666666659
,31.199665005468887,96.378687066833606,0.059999999999999998,0.27682291666666659
,31.299663936718844,96.546619069844724,0.059999999999999998,0.27682291666666659
,31.3996628679688,97.700021740995723,0.059999999999999998,0.27784016927083327
,31.499661792968709,98.51671110753685,0.059999999999999998,0.27784016927083327
,31.599660715625078,98.286460608650202,0.059999999999999998,0.2788574218749999
,31.699659637499963,97.668591241768951,0.059999999999999998,0.2788574218749999
,31.799658560156331,97.092108631696689,0.059999999999999998,0.27784016927083327
,31.899657482812472,95.811604429734572,0.059999999999999998,0.27682291666666659
,31.999656405468841,96.515135024284177,0.059999999999999998,0.2758056640624999
,32.099655328124982,97.092108631696689,0.059999999999999998,0.2758056640624999
,32.19965425078135,97.511417073701054,0.059999999999999998,0.2758056640624999
,32.299653173437491,98.087546242043871,0.059999999999999998,0.2758056640624999
,32.39965209609386,98.767806493954438,0.059999999999999998,0.27682291666666659
,32.499651019531257,99.927955574081579,0.059999999999999998,0.27784016927083327
,32.599649942968881,98.914237073644202,0.059999999999999998,0.27784016927083327
,32.699648866406278,98.537639183436966,0.059999999999999998,0.27784016927083327
,32.799647789843675,97.469497852267281,0.059999999999999998,0.27682291666666659
,32.8996467132813,96.777456994356527,0.059999999999999998,0.2758056640624999
,32.999645636718697,97.207444247298596,0.059999999999999998,0.27478841145833327
,33.099644560156321,98.213183031516124,0.059999999999999998,0.2758056640624999
,33.199643483593718,98.317862908657418,0.059999999999999998,0.27478841145833327
,33.299642407812598,98.841025618554283,0.059999999999999998,0.2758056640624999
,33.399641330468739,100.1159090377331,0.059999999999999998,0.2758056640624999
,33.499640253125108,100.48123297640042,0.059999999999999998,0.27682291666666659
,33.599639176562505,100.4081830495298,0.059999999999999998,0.27682291666666659
,33.699638100000129,99.677273827294798,0.059999999999999998,0.27682291666666659
,33.79963702265627,99.112915313068015,0.059999999999999998,0.27682291666666659
,33.899635946093667,98.202714172128793,0.059999999999999998,0.2758056640624999
,33.999634868750036,99.008354836816139,0.059999999999999998,0.2758056640624999
,34.099633792187433,100.12634944764082,0.059999999999999998,0.2758056640624999
,34.199632714843801,99.468304727546311,0.059999999999999998,0.27478841145833327
,34.299631638281198,100.34556292216571,0.059999999999999998,0.2758056640624999
,34.399630564843847,100.91937739160421,0.059999999999999998,0.27682291666666659
,34.499629492187523,102.12812580463527,0.059999999999999998,0.27784016927083327
,34.5996284195312,101.86778739132232,0.059999999999999998,0.27784016927083327
,34.699627346875104,101.68028699006004,0.059999999999999998,0.27784016927083327
,34.799626275000037,101.15920152072314,0.059999999999999998,0.27784016927083327
,34.899625202343714,99.792180594893736,0.059999999999999998,0.2758056640624999
,34.999624129687618,100.60644419577655,0.059999999999999998,0.2758056640624999
,35.099623057031295,100.72120207403424,0.059999999999999998,0.2758056640624999
,35.199621984374971,101.00280344417409,0.059999999999999998,0.2758056640624999
,35.299620912500131,101.31556607735733,0.059999999999999998,0.2758056640624999
,35.399619840625064,102.53407187709439,0.059999999999999998,0.27682291666666659
,35.499618769531253,103.25174669933214,0.059999999999999998,0.27784016927083327
,35.599617697656186,102.82538461304046,0.059999999999999998,0.27784016927083327
,35.699616626562602,102.07606543209857,0.059999999999999998,0.27784016927083327
,35.79961555546879,101.7740431442857,0.059999999999999998,0.27682291666666659
,35.899614483593723,100.26206092772891,0.059999999999999998,0.2758056640624999
,35.999613412500139,100.83594175499296,0.059999999999999998,0.27478841145833327
,36.099612340625072,101.76362638227047,0.059999999999999998,0.2758056640624999
,36.19961126953126,101.80529254845105,0.059999999999999998,0.27478841145833327
,36.299610196874937,102.53407187709439,0.059999999999999998,0.2758056640624999
,36.399609124218841,102.97099870253012,0.059999999999999998,0.2758056640624999
,36.499608050781262,104.43599110213245,0.059999999999999998,0.27784016927083327
,36.599606977343683,104.16606054313074,0.059999999999999998,0.27784016927083327
,36.699605903906331,103.29333015693932,0.059999999999999998,0.27682291666666659
,36.799604831250008,102.96059862793385,0.059999999999999998,0.27682291666666659
,36.899603757812429,101.66986890352182,0.059999999999999998,0.2758056640624999
,36.999602684375077,102.6381251140422,0.059999999999999998,0.2758056640624999
,37.099601610937498,102.92939754468546,0.059999999999999998,0.27478841145833327
,37.199600538281175,103.15817559197762,0.059999999999999998,0.27478841145833327
,37.299599464843823,103.34530628040822,0.059999999999999998,0.27377115885416659
,37.399598391406244,104.21797756798775,0.059999999999999998,0.2758056640624999
,37.499597317187636,105.62879900432891,0.059999999999999998,0.27682291666666659
,37.599596243750057,105.42148364964304,0.059999999999999998,0.27682291666666659
,37.699595170312477,104.57092121688828,0.059999999999999998,0.27784016927083327
,37.79959409609387,104.36332672916937,0.059999999999999998,0.27682291666666659
,37.89959302265629,103.06459293437472,0.059999999999999998,0.2758056640624999
,37.999591948437455,103.51160603903986,0.059999999999999998,0.2758056640624999
,38.099590875000104,104.32180117737204,0.059999999999999998,0.2758056640624999
,38.199589800781268,103.94797092928383,0.059999999999999998,0.27478841145833327
,38.299588728124945,104.88220941353475,0.059999999999999998,0.27478841145833327
,38.399587655468849,105.64952756850471,0.059999999999999998,0.2758056640624999
,38.499586582812526,106.91296000408221,0.059999999999999998,0.27682291666666659
,38.599585509374947,106.27113491230311,0.059999999999999998,0.27682291666666659
,38.699584436718851,106.07434467282849,0.059999999999999998,0.27784016927083327
,38.799583364062528,105.43185070256955,0.059999999999999998,0.27682291666666659
,38.899582291406205,104.2906555548368,0.059999999999999998,0.2758056640624999
,38.999581218750109,104.77846044279094,0.059999999999999998,0.27478841145833327
,39.099580146093786,105.76352503998632,0.059999999999999998,0.2758056640624999
,39.199579072656206,106.03290901547253,0.059999999999999998,0.2758056640624999
,39.299577998437599,106.65422053844962,0.059999999999999998,0.2758056640624999
,39.399576924218763,107.60597964365601,0.059999999999999998,0.27682291666666659
,39.499575849999928,108.42238008763235,0.059999999999999998,0.27784016927083327
,39.599574775781321,107.97810899348161,0.059999999999999998,0.27784016927083327
,39.699573701562485,107.03712585330535,0.059999999999999998,0.27784016927083327
,39.799572627343878,106.81982324838515,0.059999999999999998,0.27784016927083327
,39.899571552343787,105.50441628152475,0.059999999999999998,0.2758056640624999
,39.999570478124951,106.2089958190418,0.059999999999999998,0.2758056640624999
,40.099569403906344,106.95435071248271,0.059999999999999998,0.2758056640624999
,40.19956833125002,106.78877530263991,0.059999999999999998,0.27478841145833327
,40.299567259374953,107.45087656307834,0.059999999999999998,0.2758056640624999
,40.399566186718857,108.13311396804571,0.059999999999999998,0.27682291666666659
,40.49956511484379,109.00061586073929,0.059999999999999998,0.27784016927083327
,40.599564042187467,109.21735324337004,0.059999999999999998,0.27784016927083327
,40.699562970312627,108.78382352893226,0.059999999999999998,0.27784016927083327
,40.799561897656304,108.24676608561829,0.059999999999999998,0.27784016927083327
,40.899560825781236,106.9646980625246,0.059999999999999998,0.2758056640624999
,40.999559753125141,107.56462166030268,0.059999999999999998,0.2758056640624999
,41.099558681250073,108.16411152489358,0.059999999999999998,0.2758056640624999
,41.199557606249982,107.90576351378608,0.059999999999999998,0.2758056640624999
,41.299556531250118,108.53599321148957,0.059999999999999998,0.27478841145833327
,41.399555457031283,109.84661475702045,0.059999999999999998,0.27682291666666659
,41.499554382031192,111.00080249527082,0.059999999999999998,0.27682291666666659
,41.599553307031329,110.89781116838182,0.059999999999999998,0.27784016927083327
,41.699552232812493,110.27961230831804,0.059999999999999998,0.27784016927083327
,41.79955115781263,109.58877602478529,0.059999999999999998,0.27784016927083327
,41.899550082812539,108.45336699936485,0.059999999999999998,0.2758056640624999
,41.999549008593704,108.75284869346086,0.059999999999999998,0.2758056640624999
,42.099547935937608,109.54751471512718,0.059999999999999998,0.2758056640624999
,42.199546865625052,109.39276726501936,0.059999999999999998,0.2758056640624999
,42.299545795312497,109.81567814714295,0.059999999999999998,0.2758056640624999
,42.399544724999942,111.13467348400104,0.059999999999999998,0.27682291666666659
,42.499543654687614,111.99920708330336,0.059999999999999998,0.27784016927083327
,42.599542584375058,112.19464245380692,0.059999999999999998,0.27784016927083327
,42.699541514062503,111.28911517610361,0.059999999999999998,0.27784016927083327
,42.799540443749947,110.83601066363121,0.059999999999999998,0.27784016927083327
,42.899539374218875,109.58877602478529,0.059999999999999998,0.27682291666666659
,42.99953830390632,110.12499490385143,0.059999999999999998,0.27682291666666659
,43.099537232812509,110.90811083593562,0.059999999999999998,0.2758056640624999
,43.199536162499953,110.3620638044918,0.059999999999999998,0.2758056640624999
,43.299535092968881,111.16556394809515,0.059999999999999998,0.2758056640624999
,43.399534022656326,112.27691857951621,0.059999999999999998,0.27682291666666659
,43.49953295234377,113.29448162431547,0.059999999999999998,0.27784016927083327
,43.599531882031215,113.34584433493211,0.059999999999999998,0.2788574218749999
,43.699530811718887,112.4003189798193,0.059999999999999998,0.2788574218749999
,43.799529741406332,111.35088442449383,0.059999999999999998,0.27784016927083327
,43.899528671093776,110.24869100500047,0.059999999999999998,0.27682291666666659
,43.999527601562477,111.04199570165068,0.059999999999999998,0.27682291666666659
,44.099526525781357,111.75228160006394,0.059999999999999998,0.2758056640624999
,44.199525450781266,111.81401924393981,0.059999999999999998,0.2758056640624999
,44.299524375781175,112.57510798080141,0.059999999999999998,0.2758056640624999
,44.399523300000055,113.79771601810882,0.059999999999999998,0.27784016927083327
,44.499522224999964,114.6290128006425,0.059999999999999998,0.27784016927083327
,44.599521150000101,114.290422904541,0.059999999999999998,0.2788574218749999
,44.699520074218754,113.63342394035693,0.059999999999999998,0.2788574218749999
,44.79951899921889,113.09927775535633,0.059999999999999998,0.27784016927083327
,44.899517924218799,111.8654640823147,0.059999999999999998,0.27682291666666659
,44.999516849999964,112.19464245380692,0.059999999999999998,0.2758056640624999
,45.099515775781356,113.02735030769236,0.059999999999999998,0.27682291666666659
,45.199514702343777,113.19174779899414,0.059999999999999998,0.2758056640624999
,45.299513628906197,113.76691341315548,0.059999999999999998,0.2758056640624999
,45.39951255468759,114.47512297219407,0.059999999999999998,0.27682291666666659
,45.499511481250011,115.53134596244544,0.059999999999999998,0.27784016927083327
,45.599510407812431,115.17256254745868,0.059999999999999998,0.27784016927083327
,45.699509333593824,114.45460248373465,0.059999999999999998,0.27784016927083327
,45.799508260156244,114.20832264301703,0.059999999999999998,0.27784016927083327
,45.899507186718893,112.96569381191883,0.059999999999999998,0.2758056640624999
,45.99950611015629,113.75664565690577,0.059999999999999998,0.2758056640624999
,46.099505031249919,114.56745979614757,0.059999999999999998,0.2758056640624999
,46.199503952343775,114.4135602022541,0.059999999999999998,0.2758056640624999
,46.299502873437632,114.83416138561489,0.059999999999999998,0.2758056640624999
,46.399501795312517,115.510847551377,0.059999999999999998,0.27682291666666659
,46.499500716406374,116.30997451714043,0.059999999999999998,0.27682291666666659
,46.599499637500003,116.64787638624006,0.059999999999999998,0.27784016927083327
,46.699498558593859,116.617162664196,0.059999999999999998,0.2788574218749999
,46.799497480468744,115.97195995819058,0.059999999999999998,0.27784016927083327
,46.899496401562601,114.34173201933544,0.059999999999999998,0.2758056640624999
,46.999495328125022,114.94697474343141,0.059999999999999998,0.2758056640624999
,47.099494254687443,115.81827944655208,0.059999999999999998,0.2758056640624999
,47.199493181250091,115.71581267160602,0.059999999999999998,0.27478841145833327
,47.299492108593768,116.3816600533043,0.059999999999999998,0.2758056640624999
,47.399491035156188,117.14940376295033,0.059999999999999998,0.27682291666666659
,47.499489961718837,118.1517332134527,0.059999999999999998,0.27784016927083327
,47.599488888281257,117.74273479338694,0.059999999999999998,0.27784016927083327
,47.699487814843678,117.11870501860886,0.059999999999999998,0.27784016927083327
,47.799486741406326,116.59668633641633,0.059999999999999998,0.27784016927083327
,47.899485667968747,115.60308707453589,0.059999999999999998,0.2758056640624999
,47.99948459375014,115.90024531579527,0.059999999999999998,0.2758056640624999
,48.09948352031256,117.25172634004716,0.059999999999999998,0.2758056640624999
,48.199482446093725,117.66091605852517,0.059999999999999998,0.2758056640624999
,48.299481371875117,118.00860176731285,0.059999999999999998,0.2758056640624999
,48.399480297656282,118.69341390229164,0.059999999999999998,0.27682291666666659
,48.499479224218703,119.43905746805177,0.059999999999999998,0.27784016927083327
,48.599478150000095,118.88753480446184,0.059999999999999998,0.27784016927083327
,48.69947707578126,118.98968970994619,0.059999999999999998,0.2788574218749999
,48.799476001562425,118.00860176731285,0.059999999999999998,0.2788574218749999
,48.899474929687585,116.79119489911926,0.059999999999999998,0.27682291666666659
,48.99947385937503,117.18010159690883,0.059999999999999998,0.27682291666666659
,49.099472788281219,117.96770351518427,0.059999999999999998,0.2758056640624999
,49.199471717968891,118.40727715991221,0.059999999999999998,0.2758056640624999
,49.299470647656335,118.34595219842737,0.059999999999999998,0.2758056640624999
,49.399469576562524,119.79637776169767,0.059999999999999998,0.27784016927083327
,49.499468506249968,120.58207892916766,0.059999999999999998,0.27784016927083327
,49.59946743593764,120.38825570662226,0.059999999999999998,0.2788574218749999
,49.699466364843829,120.14337868602135,0.059999999999999998,0.2788574218749999
,49.799465294531274,119.76575483436631,0.059999999999999998,0.2788574218749999
,49.899464223437462,118.28462371349971,0.059999999999999998,0.27784016927083327
,49.999463152343878,118.24373609644223,0.059999999999999998,0.27682291666666659
,50.099462081250067,119.13269043465598,0.059999999999999998,0.27682291666666659
,50.199461010156256,119.42884661396903,0.059999999999999998,0.27682291666666659
,50.299459939062444,120.49027207389099,0.059999999999999998,0.27682291666666659
,50.39945886796886,121.50993366663332,0.059999999999999998,0.2788574218749999
,50.499457796875049,122.23334910387138,0.059999999999999998,0.27987467447916659
,50.599456725781238,121.99905202143742,0.059999999999999998,0.28089192708333327
,50.699455654687426,121.44877945012729,0.059999999999999998,0.28089192708333327
,50.799454583593842,120.54127680210433,0.059999999999999998,0.27987467447916659
,50.899453509375007,119.28588467552464,0.059999999999999998,0.27784016927083327
,50.999452435937428,119.71471474107742,0.059999999999999998,0.27784016927083327
,51.09945136171882,120.72487481153607,0.059999999999999998,0.2788574218749999
,51.199450288281241,120.59227923122802,0.059999999999999998,0.27784016927083327
,51.299449214062633,121.16335038131797,0.059999999999999998,0.2788574218749999
,51.399448140625054,122.00923981804885,0.059999999999999998,0.2788574218749999
,51.499447067187475,122.5897994331151,0.059999999999999998,0.27987467447916659
,51.599445992968867,122.74253132777596,0.059999999999999998,0.28089192708333327
,51.699444919531288,122.29446245589665,0.059999999999999998,0.28089192708333327
,51.799443846093709,121.63223245016911,0.059999999999999998,0.27987467447916659
,51.899442772656357,120.20460294977343,0.059999999999999998,0.27784016927083327
,51.999441699218778,120.59227923122802,0.059999999999999998,0.2788574218749999
,52.099440625781199,121.97867616383726,0.059999999999999998,0.27784016927083327
,52.199439552343847,121.95829995355638,0.059999999999999998,0.27682291666666659
,52.299438479687524,123.12936554924022,0.059999999999999998,0.27784016927083327
,52.399437406249945,123.83146162620105,0.059999999999999998,0.2788574218749999
,52.499436332812593,124.67548684327633,0.059999999999999998,0.27987467447916659
,52.599435259375014,124.26879846090446,0.059999999999999998,0.28089192708333327
,52.699434185937434,123.84163399299823,0.059999999999999998,0.28089192708333327
,52.799433117968874,122.91560403918777,0.059999999999999998,0.27987467447916659
,52.899432049218831,121.75451840632689,0.059999999999999998,0.2788574218749999
,52.999430980468787,122.55925071949872,0.059999999999999998,0.27784016927083327
,53.099429911718744,122.65089452352012,0.059999999999999998,0.27784016927083327
,53.199428843749956,122.96650305688237,0.059999999999999998,0.27784016927083327
,53.29942777500014,123.76025272281677,0.059999999999999998,0.27784016927083327
,53.399426706250097,125.29543699616988,0.059999999999999998,0.2788574218749999
,53.499425637500053,126.0978836557816,0.059999999999999998,0.27987467447916659
,53.59942456875001,125.88462284469719,0.059999999999999998,0.28089192708333327
,53.699423500781222,125.22431033855034,0.059999999999999998,0.28089192708333327
,53.799422433593691,124.20778389346651,0.059999999999999998,0.27987467447916659
,53.899421366406386,122.95632342464526,0.059999999999999998,0.2788574218749999
,53.999420299218855,124.0654050228338,0.059999999999999998,0.2788574218749999
,54.099419232031323,124.18744504534527,0.059999999999999998,0.2788574218749999
,54.199418164843792,124.93976450521367,0.059999999999999998,0.2788574218749999
,54.29941709765626,125.00074390912454,0.059999999999999998,0.2788574218749999
,54.399416030468728,126.20957802143002,0.059999999999999998,0.27987467447916659
,54.499414964062453,127.49847094043031,0.059999999999999998,0.28089192708333327
,54.599413896874921,127.48832691678945,0.059999999999999998,0.2819091796874999
,54.699412825000081,126.61566069957601,0.059999999999999998,0.2819091796874999
,54.799411751562502,125.55958762556841,0.059999999999999998,0.28089192708333327
,54.899410677343667,125.07188288961561,0.059999999999999998,0.27987467447916659
,54.999409603906315,125.47831621636857,0.059999999999999998,0.27987467447916659
,55.09940852968748,126.61566069957601,0.059999999999999998,0.27987467447916659
,55.199407456250128,126.18927065212142,0.059999999999999998,0.27987467447916659
,55.299406382031293,126.4329387069649,0.059999999999999998,0.2788574218749999
,55.399405308593714,127.79261546656363,0.059999999999999998,0.28089192708333327
,55.499404234375106,128.43140707487044,0.059999999999999998,0.2819091796874999
,55.599403160156271,128.21850854369038,0.059999999999999998,0.2819091796874999
,55.699402086718692,127.72162074160326,0.059999999999999998,0.2819091796874999
,55.79940101328134,127.38688259597194,0.059999999999999998,0.2819091796874999
,55.899399939843761,126.07757458106397,0.059999999999999998,0.27987467447916659
,55.999398866406182,126.7882087557862,0.059999999999999998,0.27987467447916659
,56.09939779296883,127.194117858471,0.059999999999999998,0.27987467447916659
,56.199396719531251,127.63033650806881,0.059999999999999998,0.27987467447916659
,56.299395645312416,128.16781371976143,0.059999999999999998,0.27987467447916659
,56.399394571875064,129.05978055474014,0.059999999999999998,0.28089192708333327
,56.499393498437485,129.63723998458707,0.059999999999999998,0.28089192708333327
,56.599392426562417,130.04234059754492,0.059999999999999998,0.2819091796874999
,56.699391357031345,129.59672387930246,0.059999999999999998,0.2819091796874999
,56.799390287500046,128.67468087880931,0.059999999999999998,0.2819091796874999
,56.899389218750002,127.23470215006515,0.059999999999999998,0.27987467447916659
,56.999388149218703,128.13739595531609,0.059999999999999998,0.27987467447916659
,57.099387080468887,128.67468087880931,0.059999999999999998,0.27987467447916659
,57.199386010937587,129.25229220844602,0.059999999999999998,0.27987467447916659
,57.299384941406288,129.70814051432848,0.059999999999999998,0.28089192708333327
,57.399383872656244,131.02426076362019,0.059999999999999998,0.2819091796874999
,57.499382803124945,132.1875940155447,0.059999999999999998,0.28292643229166659
,57.599381732031361,131.66167034068144,0.059999999999999998,0.28292643229166659
,57.699380657812526,131.00402130134134,0.059999999999999998,0.28394368489583327
,57.799379584374947,130.02208816392371,0.059999999999999998,0.28292643229166659
,57.899378510156339,128.77603282468385,0.059999999999999998,0.2819091796874999
,57.99937743671876,129.57646541233984,0.059999999999999998,0.2819091796874999
,58.099376362499925,129.890440701611,0.059999999999999998,0.2819091796874999
,58.199375289062573,130.05246671233684,0.059999999999999998,0.2819091796874999
,58.299374214843738,130.26509945666353,0.059999999999999998,0.28089192708333327
,58.399373141406386,131.63132332697913,0.059999999999999998,0.2819091796874999
,58.499372067187551,132.38982684222427,0.059999999999999998,0.28292643229166659
,58.599370996093739,132.57181500992357,0.059999999999999998,0.28394368489583327
,58.699369925781184,131.87408329840682,0.059999999999999998,0.28394368489583327
,58.7993688546876,131.0444999631884,0.059999999999999998,0.28292643229166659
,58.899367784375045,129.87018622169734,0.059999999999999998,0.2819091796874999
,58.999366713281233,130.45745581712771,0.059999999999999998,0.2819091796874999
,59.099365642968678,130.91294046492715,0.059999999999999998,0.28089192708333327
,59.19936457265635,131.62120752727031,0.059999999999999998,0.2819091796874999
,59.299363501562539,132.2482664992061,0.059999999999999998,0.2819091796874999
,59.399362431249983,133.04691187344412,0.059999999999999998,0.28292643229166659
,59.499361360156172,134.27951941714792,0.059999999999999998,0.28394368489583327
,59.599360284375052,133.70373929104133,0.059999999999999998,0.28394368489583327
,59.699359209374961,133.46124799437612,0.059999999999999998,0.28394368489583327
,59.799358133593842,132.82454302209965,0.059999999999999998,0.28394368489583327
,59.89935705859375,131.40876084900259,0.059999999999999998,0.28292643229166659
,59.999355982812631,132.25837835982247,0.059999999999999998,0.28292643229166659
,60.099354907031284,132.66280154409449,0.059999999999999998,0.2819091796874999
,60.199353832031193,133.08733939586679,0.059999999999999998,0.2819091796874999
,60.299352756250073,133.71384234948661,0.059999999999999998,0.28292643229166659
,60.399351681249982,134.51179799998712,0.059999999999999998,0.28292643229166659
,60.499350607031374,135.07721891020449,0.059999999999999998,0.28394368489583327
,60.599349534375051,135.46079646823949,0.059999999999999998,0.2849609374999999
,60.699348460937472,134.58248541691452,0.059999999999999998,0.28394368489583327
,60.799347388281376,133.9259928799998,0.059999999999999998,0.28394368489583327
,60.899346315625053,132.77400050551938,0.059999999999999998,0.2819091796874999
,60.99934524296873,133.39051486784086,0.059999999999999998,0.2819091796874999
,61.099344169531378,134.37041468545573,0.059999999999999998,0.2819091796874999
,61.199343096875054,134.57238738711592,0.059999999999999998,0.2819091796874999
,61.299342024218731,135.21854636202698,0.059999999999999998,0.28292643229166659
,61.399340950781379,135.94520106682546,0.059999999999999998,0.28394368489583327
,61.499339880468824,136.9943173829443,0.059999999999999998,0.2849609374999999
,61.599338809375013,136.91363646224954,0.059999999999999998,0.2849609374999999
,61.699337739062457,136.35886391400931,0.059999999999999998,0.2849609374999999
,61.799336668750129,135.40023695146022,0.059999999999999998,0.28394368489583327
,61.899335598437574,134.26941965238072,0.059999999999999998,0.28292643229166659
,61.999334527343763,135.22864075889072,0.059999999999999998,0.28394368489583327
,62.099333457031207,135.78374692506887,0.059999999999999998,0.28394368489583327
,62.199332386718879,135.96538185282355,0.059999999999999998,0.28292643229166659
,62.299331316406324,136.3992164232404,0.059999999999999998,0.28394368489583327
,62.399330246093768,137.04474126347029,0.059999999999999998,0.2849609374999999
,62.499329178124981,138.25453055559908,0.059999999999999998,0.28597819010416659
,62.599328109374937,138.59717322806981,0.059999999999999998,0.28699544270833327
,62.699327041406377,139.58447853632612,0.059999999999999998,0.28902994791666659
,62.79932597343759,137.73037807211779,0.059999999999999998,0.2880126953124999
,62.899324904687546,135.76356417294431,0.059999999999999998,0.28597819010416659
,62.999323836718759,135.89474814881311,0.059999999999999998,0.28597819010416659
,63.099322768749971,135.6121865277405,0.059999999999999998,0.2849609374999999
,63.199321699999928,135.7736555764146,0.059999999999999998,0.28394368489583327
,63.299320632031367,136.7018330893531,0.059999999999999998,0.28394368489583327
,63.399319563281324,138.16382150068745,0.059999999999999998,0.2849609374999999
,63.499318492187513,139.66505487180731,0.059999999999999998,0.28597819010416659
,63.599317421093701,139.59455074102712,0.059999999999999998,0.28699544270833327
,63.699316350000117,139.32258480641786,0.059999999999999998,0.28699544270833327
,63.799315278906306,138.71809246069756,0.059999999999999998,0.28597819010416659
,63.899314207812495,137.47833323974126,0.059999999999999998,0.2849609374999999
,63.999313136718683,137.86142888264109,0.059999999999999998,0.2849609374999999
,64.099312065625099,138.52663377517786,0.059999999999999998,0.2849609374999999
,64.199310994531288,138.88938278341391,0.059999999999999998,0.2849609374999999
,64.299309924218733,139.22184798728338,0.059999999999999998,0.2849609374999999
,64.399308850781381,139.80605632008724,0.059999999999999998,0.28597819010416659
,64.499307777343802,141.04447278842025,0.059999999999999998,0.2880126953124999
,64.599306704687478,141.33635980086302,0.059999999999999998,0.28902994791666659
,64.699305631250127,140.40017811269857,0.059999999999999998,0.28902994791666659
,64.799304557812548,139.11103201818406,0.059999999999999998,0.2880126953124999
,64.899303485156224,137.89167016972814,0.059999999999999998,0.28699544270833327
,64.999302411718872,138.84908043106327,0.059999999999999998,0.28699544270833327
,65.099301338281293,139.51397179831719,0.059999999999999998,0.28699544270833327
,65.19930026562497,139.57440628505682,0.059999999999999998,0.28699544270833327
,65.299299192187618,139.9067661047205,0.059999999999999998,0.28699544270833327
,65.399298121093807,140.82301687536028,0.059999999999999998,0.2880126953124999
,65.49929704921874,142.28223081809588,0.059999999999999998,0.28902994791666659
,65.599295977343672,141.92002605463105,0.059999999999999998,0.28902994791666659
,65.699294906250088,141.14512759087972,0.059999999999999998,0.28902994791666659
,65.799293834375021,140.53106516029928,0.059999999999999998,0.2880126953124999
,65.899292762499954,139.25206952907274,0.059999999999999998,0.28699544270833327
,65.99929169140637,140.06789222386465,0.059999999999999998,0.28699544270833327
,66.099290619531303,140.67201201732891,0.059999999999999998,0.28699544270833327
,66.199289547656235,140.66194467325178,0.059999999999999998,0.28597819010416659
,66.299288473437628,141.58795754911588,0.059999999999999998,0.28597819010416659
,66.399287396093769,142.57396820952022,0.059999999999999998,0.2880126953124999
,66.499286317968881,143.98188670927476,0.059999999999999998,0.28902994791666659
,66.599285240625022,143.49925751257334,0.059999999999999998,0.28902994791666659
,66.699284163281391,143.05676949440249,0.059999999999999998,0.28902994791666659
,66.799283085937532,142.36271351955889,0.059999999999999998,0.28902994791666659
,66.899282008593673,141.09480073232288,0.059999999999999998,0.2880126953124999
,66.999280930468785,141.8093416371587,0.059999999999999998,0.2880126953124999
,67.099279853124926,142.26210973334832,0.059999999999999998,0.2880126953124999
,67.199278775781295,142.06088983443661,0.059999999999999998,0.28699544270833327
,67.29927770156246,142.57396820952022,0.059999999999999998,0.28699544270833327
,67.399276628125108,143.70036367081786,0.059999999999999998,0.2880126953124999
,67.499275554687529,145.00718912863957,0.059999999999999998,0.29004720052083327
,67.599274482031205,144.5750000908202,0.059999999999999998,0.29004720052083327
,67.699273408593854,144.25332745775199,0.059999999999999998,0.29004720052083327
,67.79927233593753,143.32830516827968,0.059999999999999998,0.28902994791666659
,67.899271262499951,142.20174549397041,0.059999999999999998,0.2880126953124999
,67.999270189062599,142.36271351955889,0.059999999999999998,0.2880126953124999
,68.099269116406276,143.01653955320242,0.059999999999999998,0.2880126953124999
,68.199268042968697,143.15734159136781,0.059999999999999998,0.28699544270833327
,68.299266969531345,144.03215556882256,0.059999999999999998,0.28699544270833327
,68.399265896093766,144.73582239287899,0.059999999999999998,0.2880126953124999
,68.499264823437443,145.93165392245274,0.059999999999999998,0.28902994791666659
,68.599263750000091,145.48955515295435,0.059999999999999998,0.29004720052083327
,68.699262676562512,145.10768873119159,0.059999999999999998,0.29004720052083327
,68.799261603124933,144.51468933014166,0.059999999999999998,0.28902994791666659
,68.899260529687581,143.14728455845056,0.059999999999999998,0.2880126953124999
,68.999259456250002,143.73052827537589,0.059999999999999998,0.2880126953124999
,69.099258382812422,144.5750000908202,0.059999999999999998,0.2880126953124999
,69.199257310156327,144.71572011181655,0.059999999999999998,0.2880126953124999
,69.299256238281259,145.26848075162496,0.059999999999999998,0.2880126953124999
,69.399255166406192,146.23304734445139,0.059999999999999998,0.28902994791666659
,69.499254094531352,147.35798991619419,0.059999999999999998,0.2910644531249999
,69.599253022656285,146.99644495287529,0.059999999999999998,0.2910644531249999
,69.699251950781218,146.50427588986651,0.059999999999999998,0.2910644531249999
,69.799250878906378,145.9216069549187,0.059999999999999998,0.2910644531249999
,69.899249807812566,144.21311572615394,0.059999999999999998,0.28902994791666659
,69.999248735937499,144.76597554396747,0.059999999999999998,0.28902994791666659
,70.099247664062432,145.40916641016375,0.059999999999999998,0.28902994791666659
,70.199246591406336,145.29862825464107,0.059999999999999998,0.2880126953124999
,70.299245519531269,145.66037389111642,0.059999999999999998,0.2880126953124999
,70.399244446874945,146.43395967838478,0.059999999999999998,0.28902994791666659
,70.499243375000106,147.52870545431276,0.059999999999999998,0.29004720052083327
,70.599242302343782,147.64920519353686,0.059999999999999998,0.29004720052083327
,70.699241230468715,146.78552480662697,0.059999999999999998,0.29004720052083327
,70.799240157812619,146.33350515994601,0.059999999999999998,0.28902994791666659
,70.899239085937552,145.13783792183094,0.059999999999999998,0.2880126953124999
,70.999238014062485,146.10244722346152,0.059999999999999998,0.2880126953124999
,71.099236941406389,146.64490352089837,0.059999999999999998,0.2880126953124999
,71.199235865625042,146.45405018812255,0.059999999999999998,0.28699544270833327
,71.299234789843695,146.78552480662697,0.059999999999999998,0.28699544270833327
,71.399233714062575,147.71949467984837,0.059999999999999998,0.2880126953124999
,71.499232638281228,148.44238713908967,0.059999999999999998,0.28902994791666659
,71.599231562500108,148.71343269972931,0.059999999999999998,0.28902994791666659
,71.699230485937505,148.0307589117256,0.059999999999999998,0.28902994791666659
,71.799229410156386,147.22743669641355,0.059999999999999998,0.2880126953124999
,71.899228334375039,146.07230793359125,0.059999999999999998,0.28699544270833327
,71.999227258593692,146.1426324755696,0.059999999999999998,0.28597819010416659
,72.09922618515634,147.02657525687735,0.059999999999999998,0.28597819010416659
,72.199225114062529,147.24752215001939,0.059999999999999998,0.28597819010416659
,72.299224042968717,147.7496182899938,0.059999999999999998,0.28597819010416659
,72.399222971875133,148.87404247081247,0.059999999999999998,0.28699544270833327
,72.499221900781322,150.09846023678799,0.059999999999999998,0.2880126953124999
,72.599220829687511,149.586662338585,0.059999999999999998,0.2880126953124999
,72.699219758593699,149.01457009970599,0.059999999999999998,0.2880126953124999
,72.799218687500115,148.07091994394875,0.059999999999999998,0.28699544270833327
,72.899217615625048,146.74534794082783,0.059999999999999998,0.28597819010416659
,72.999216544531237,147.52870545431276,0.059999999999999998,0.28597819010416659
,73.099215471093885,148.33195513331978,0.059999999999999998,0.28597819010416659
,73.199214396093794,148.46246530808645,0.059999999999999998,0.2849609374999999
,73.299213321093703,149.1350179952459,0.059999999999999998,0.28597819010416659
,73.399212245312583,150.33928281461019,0.059999999999999998,0.28699544270833327
,73.499211170312492,151.15195203300851,0.059999999999999998,0.2880126953124999
,73.599210095312628,150.64029041024824,0.059999999999999998,0.2880126953124999
,73.699209020312537,150.42958748088105,0.059999999999999998,0.2880126953124999
,73.799207945312446,149.96800845183733,0.059999999999999998,0.2880126953124999
,73.899206870312582,148.5226991209818,0.059999999999999998,0.28699544270833327
,73.999205794531235,148.61304789532446,0.059999999999999998,0.28699544270833327
,74.09920471796886,149.1350179952459,0.059999999999999998,0.28699544270833327
,74.199203640625001,149.14505513938275,0.059999999999999998,0.28597819010416659
,74.299202563281369,149.78737559216546,0.059999999999999998,0.28699544270833327
,74.399201486718766,150.4396212057579,0.059999999999999998,0.28699544270833327
,74.499200409375135,151.30242873919286,0.059999999999999998,0.2880126953124999
,74.599199332031276,151.17201590502938,0.059999999999999998,0.2880126953124999
,74.699198255468673,150.75065420817205,0.059999999999999998,0.2880126953124999
,74.799197178125041,150.23894187334798,0.059999999999999998,0.28699544270833327
,74.899196100781182,149.04468244929072,0.059999999999999998,0.28597819010416659
,74.999195025000063,149.82751696600133,0.059999999999999998,0.28597819010416659
,75.099193949999972,150.03825226777298,0.059999999999999998,0.2849609374999999
,75.199192875781364,149.66694892158995,0.059999999999999998,0.28394368489583327
,75.299191800781273,150.31921483094794,0.059999999999999998,0.2849609374999999
,75.399190726562438,151.37264936802859,0.059999999999999998,0.2849609374999999
,75.499189651562574,152.59631390718971,0.059999999999999998,0.28699544270833327
,75.599188576562483,152.20517876306431,0.059999999999999998,0.28699544270833327
,75.699187502343875,151.44286883821172,0.059999999999999998,0.28597819010416659
,75.799186427343784,150.89111289401967,0.059999999999999998,0.28597819010416659
,75.899185353124949,149.576626394984,0.059999999999999998,0.28394368489583327
,75.999184280468853,150.19880477874193,0.059999999999999998,0.28394368489583327
,76.09918320781253,150.81085137915463,0.059999999999999998,0.28292643229166659
,76.199182135156207,150.88108029062442,0.059999999999999998,0.28292643229166659
,76.299181063281367,151.3425549550465,0.059999999999999998,0.28292643229166659
,76.399179990625044,151.76385754608435,0.059999999999999998,0.28292643229166659
,76.499178918749976,152.90719283691774,0.059999999999999998,0.28394368489583327
,76.59917784609388,153.33837878466628,0.059999999999999998,0.2849609374999999
,76.699176774218813,152.7266849745555,0.059999999999999998,0.2849609374999999
,76.79917570156249,151.96446351681629,0.059999999999999998,0.28394368489583327
,76.899174629687423,150.59012405069191,0.059999999999999998,0.2819091796874999
,76.999173551562535,150.97137284044825,0.059999999999999998,0.2819091796874999
,77.09917247343742,151.49302489664228,0.059999999999999998,0.2819091796874999
,77.199171395312533,151.31246032876822,0.059999999999999998,0.28089192708333327
,77.299170317187418,152.47596816130314,0.059999999999999998,0.28089192708333327
,77.39916923906253,153.21805163840605,0.059999999999999998,0.2819091796874999
,77.499168160937415,154.32094428090625,0.059999999999999998,0.28292643229166659
,77.599167082812528,153.82968476544531,0.059999999999999998,0.28292643229166659
,77.69916600468764,153.33837878466628,0.059999999999999998,0.28292643229166659
,77.799164926562526,152.55619900384775,0.059999999999999998,0.2819091796874999
,77.899163849218667,151.27233382776868,0.059999999999999998,0.27987467447916659
,77.999162775781315,152.05473324630273,0.059999999999999998,0.27987467447916659
,78.09916170156248,152.59631390718971,0.059999999999999998,0.27987467447916659
,78.199160627343872,152.38570680313782,0.059999999999999998,0.2788574218749999
,78.299159553906293,152.32553158164998,0.059999999999999998,0.2788574218749999
,78.399158479687458,153.84973707007458,0.059999999999999998,0.27987467447916659
,78.499157406250106,154.62169334638838,0.059999999999999998,0.28089192708333327
,78.599156332031271,155.33340241452885,0.059999999999999998,0.28394368489583327
,78.699155257812436,154.20064001517162,0.059999999999999998,0.2819091796874999
,78.799154184375084,153.27821557696203,0.059999999999999998,0.27987467447916659
,78.899153108593737,151.71370462449224,0.059999999999999998,0.2788574218749999
,78.999152032031361,152.16506044885031,0.059999999999999998,0.27784016927083327
,79.099150955468758,152.67654268362361,0.059999999999999998,0.27784016927083327
,79.199149878906383,152.57625649856263,0.059999999999999998,0.27682291666666659
,79.29914880234378,153.01749985004201,0.059999999999999998,0.27682291666666659
,79.399147725781177,154.17056352873851,0.059999999999999998,0.27784016927083327
,79.499146649218801,155.26323777709075,0.059999999999999998,0.2788574218749999
,79.599145571874942,155.06276279575323,0.059999999999999998,0.2788574218749999
,79.699144495312567,154.63171803365026,0.059999999999999998,0.2788574218749999
,79.799143418749964,153.94999743691506,0.059999999999999998,0.2788574218749999
,79.899142340625076,152.47596816130314,0.059999999999999998,0.27682291666666659
,79.999141262499961,153.11777677318574,0.059999999999999998,0.27682291666666659
,80.099140184375074,153.23810636602838,0.059999999999999998,0.2758056640624999
,80.199139105468703,153.16791446195006,0.059999999999999998,0.2758056640624999
,80.299138027343815,153.47875678146372,0.059999999999999998,0.2758056640624999
,80.3991369492187,154.59161917651869,0.059999999999999998,0.27682291666666659
,80.499135870312557,155.64412170417361,0.059999999999999998,0.27784016927083327
,80.599134792187442,155.45368273758868,0.059999999999999998,0.27784016927083327
,80.699133714062555,154.71191488568428,0.059999999999999998,0.27784016927083327
,80.799132636718696,154.1906145384346,0.059999999999999998,0.27682291666666659
,80.89913156015632,152.53614142290468,0.059999999999999998,0.2758056640624999
,80.999130484374973,152.93727681813203,0.059999999999999998,0.2758056640624999
,81.099129408593853,153.67929000385203,0.059999999999999998,0.2758056640624999
,81.19912833203125,153.83971092742729,0.059999999999999998,0.2758056640624999
,81.299127256250131,154.47132086762815,0.059999999999999998,0.2758056640624999
,81.399126180468784,155.3133554595359,0.059999999999999998,0.27682291666666659
,81.499125103906181,156.25549184887944,0.059999999999999998,0.27784016927083327
,81.599124028125061,155.76439590979052,0.059999999999999998,0.27784016927083327
,81.699122952343714,155.36347272102509,0.059999999999999998,0.27784016927083327
,81.79912188125013,154.84223233755702,0.059999999999999998,0.27682291666666659
,81.899120812500087,153.19799682916172,0.059999999999999998,0.2758056640624999
,81.999119744531299,153.39854126526239,0.059999999999999998,0.2758056640624999
,82.099118675781256,154.17056352873851,0.059999999999999998,0.2758056640624999
,82.199117607812468,154.26079248311646,0.059999999999999998,0.27478841145833327
,82.299116539062425,154.86228091092613,0.059999999999999998,0.2758056640624999
,82.399115471093864,155.95482534284113,0.059999999999999998,0.27682291666666659
,82.499114402343821,156.90688938364104,0.059999999999999998,0.27784016927083327
,82.599113334375033,156.12520474344927,0.059999999999999998,0.27784016927083327
,82.69911226562499,155.96484778588561,0.059999999999999998,0.2788574218749999
,82.799111195312435,155.24319058577501,0.059999999999999998,0.27784016927083327
,82.899110125781363,153.49881046061631,0.059999999999999998,0.2758056640624999
,82.999109056250063,153.83971092742729,0.059999999999999998,0.2758056640624999
,83.099107985937508,154.78208619378844,0.059999999999999998,0.2758056640624999
,83.199106916406208,154.76203733752735,0.059999999999999998,0.27478841145833327
,83.299105846875136,155.27326134735699,0.059999999999999998,0.2758056640624999
,83.399104777343837,156.19535966160862,0.059999999999999998,0.27682291666666659
,83.499103707031281,157.24759621039655,0.059999999999999998,0.27784016927083327
,83.599102637499982,157.18747264109854,0.059999999999999998,0.27784016927083327
,83.699101567187427,156.43588512603711,0.059999999999999998,0.27784016927083327
,83.799100491406307,155.94480288402687,0.059999999999999998,0.27784016927083327
,83.899099416406216,154.55152003052928,0.059999999999999998,0.2758056640624999
,83.999098341406352,154.91240203671148,0.059999999999999998,0.2758056640624999
,84.099097265625005,155.64412170417361,0.059999999999999998,0.2758056640624999
,84.199096190625141,155.50379883155105,0.059999999999999998,0.2758056640624999
,84.29909511562505,155.684213365197,0.059999999999999998,0.2758056640624999
,84.399094039843703,156.53610151058194,0.059999999999999998,0.27682291666666659
,84.49909296484384,157.64840761694089,0.059999999999999998,0.27784016927083327
,84.599091889843749,157.82876590095839,0.059999999999999998,0.2788574218749999
,84.699090816406169,157.27765781055095,0.059999999999999998,0.2788574218749999
,84.799089746093841,156.26551382654009,0.059999999999999998,0.27784016927083327
,84.89908867500003,155.06276279575323,0.059999999999999998,0.27682291666666659
,84.999087603906219,155.684213365197,0.059999999999999998,0.2758056640624999
,85.099086532812635,156.53610151058194,0.059999999999999998,0.2758056640624999
,85.199085462500079,156.62629498985092,0.059999999999999998,0.27682291666666659
,85.299084391406268,157.17745199819382,0.059999999999999998,0.27682291666666659
,85.399083320312457,157.9991004969946,0.059999999999999998,0.27784016927083327
,85.499082250000129,158.85072112912522,0.059999999999999998,0.2788574218749999
,85.599081178906317,158.71045997037862,0.059999999999999998,0.2788574218749999
,85.699080108593762,158.05921772740862,0.059999999999999998,0.2788574218749999
,85.799079038281207,157.11732785115456,0.059999999999999998,0.2788574218749999
,85.899077967968879,155.96484778588561,0.059999999999999998,0.27682291666666659
,85.999076896875067,156.58620914640858,0.059999999999999998,0.27682291666666659
,86.099075826562512,157.51814624180133,0.059999999999999998,0.27682291666666659
,86.199074756249956,157.33778064406488,0.059999999999999998,0.27682291666666659
,86.299073685937628,157.52816642640053,0.059999999999999998,0.27682291666666659
,86.399072615625073,158.35979728401941,0.059999999999999998,0.27784016927083327
,86.499071545312518,159.24143732433674,0.059999999999999998,0.2788574218749999
,86.59907047343745,159.1112004078249,0.059999999999999998,0.2788574218749999
,86.699069399218843,158.89079534501414,0.059999999999999998,0.2788574218749999
,86.799068324218752,158.17945085876678,0.059999999999999998,0.2788574218749999
,86.899067249218888,157.06722401424415,0.059999999999999998,0.27682291666666659
,86.999066175000053,157.82876590095839,0.059999999999999998,0.27784016927083327
,87.099065099999962,158.72047869754232,0.059999999999999998,0.27682291666666659
,87.199064025781354,158.90081387139702,0.059999999999999998,0.27682291666666659
,87.299062950781263,158.87075825917276,0.059999999999999998,0.27682291666666659
,87.399061875781172,159.76236764418087,0.059999999999999998,0.2788574218749999
,87.499060801562564,160.67393419995116,0.059999999999999998,0.2788574218749999
,87.599059725781217,160.24320318035075,0.059999999999999998,0.27987467447916659
,87.699058650781353,159.70226167349861,0.059999999999999998,0.27987467447916659
,87.799057575000006,159.24143732433674,0.059999999999999998,0.2788574218749999
,87.899056499218887,158.03917870014294,0.059999999999999998,0.27784016927083327
,87.99905542343754,158.95090633856634,0.059999999999999998,0.27784016927083327
,88.099054348437448,159.55199520418807,0.059999999999999998,0.27784016927083327
,88.199053272656329,159.12121869576646,0.059999999999999998,0.27784016927083327
,88.299052196874982,159.62211983281389,0.059999999999999998,0.27784016927083327
,88.399051121875118,160.88428559194821,0.059999999999999998,0.2788574218749999
,88.499050046093771,161.86588148828596,0.059999999999999998,0.28089192708333327
,88.59904897109368,161.81580168266603,0.059999999999999998,0.28089192708333327
,88.69904789531256,161.30497803233487,0.059999999999999998,0.28089192708333327
,88.799046820312469,160.87426893936839,0.059999999999999998,0.28089192708333327
,88.899045745312606,159.45181631351079,0.059999999999999998,0.27987467447916659
,88.999044669531258,160.10296167881515,0.059999999999999998,0.27987467447916659
,89.099043594531167,160.7240181892646,0.059999999999999998,0.27987467447916659
,89.199042519531304,160.8642522788482,0.059999999999999998,0.2788574218749999
,89.299041443749957,161.52533553895353,0.059999999999999998,0.27987467447916659
,89.399040368750093,162.58701376663387,0.059999999999999998,0.28089192708333327
,89.499039294531258,163.42829999277404,0.059999999999999998,0.2819091796874999
,89.599038221874935,163.66866175728782,0.059999999999999998,0.28292643229166659
,89.699037150000095,162.97761511833647,0.059999999999999998,0.28292643229166659
,89.799036078125027,162.38670227165446,0.059999999999999998,0.28292643229166659
,89.899035005468704,161.19479796683953,0.059999999999999998,0.2819091796874999
,89.999033933593864,161.77573772099703,0.059999999999999998,0.2819091796874999
,90.099032861718797,162.44679595251176,0.059999999999999998,0.2819091796874999
,90.199031789062474,162.27652999175035,0.059999999999999998,0.2819091796874999
,90.299030717187634,162.86744628145411,0.059999999999999998,0.2819091796874999
,90.399029645312567,163.86896155750225,0.059999999999999998,0.28292643229166659
,90.499028571874987,165.20092528937445,0.059999999999999998,0.28394368489583327
,90.599027498437636,165.13082292470534,0.059999999999999998,0.2849609374999999
,90.699026425000056,164.95055931194381,0.059999999999999998,0.28597819010416659
,90.799025351562477,163.99915567267448,0.059999999999999998,0.2849609374999999
,90.899024277343869,162.73724597328828,0.059999999999999998,0.28394368489583327
,90.99902320390629,163.38823947305147,0.059999999999999998,0.2849609374999999
,91.099022130468711,164.10931948744488,0.059999999999999998,0.2849609374999999
,91.199021057031359,164.14937896129157,0.059999999999999998,0.2849609374999999
,91.29901998359378,164.5599858903586,0.059999999999999998,0.2849609374999999
,91.399018909374945,165.29105678807744,0.059999999999999998,0.28597819010416659
,91.499017836718849,166.38264306385983,0.059999999999999998,0.28699544270833327
,91.599016764062526,166.02211994360272,0.059999999999999998,0.2880126953124999
,91.699015691406203,165.88191639450244,0.059999999999999998,0.2880126953124999
,91.799014618750107,165.70165450403582,0.059999999999999998,0.2880126953124999
,91.899013546093784,164.53995638923118,0.059999999999999998,0.28699544270833327
,91.99901247343746,164.98060328867956,0.059999999999999998,0.28699544270833327
,92.099011400781365,165.91196002112014,0.059999999999999998,0.28699544270833327
,92.199010327343785,165.57146518949733,0.059999999999999998,0.28699544270833327
,92.299009254687462,166.45274477268816,0.059999999999999998,0.28699544270833327
,92.399008180468854,167.57437646834842,0.059999999999999998,0.28902994791666659
,92.49900709453118,168.5257764912098,0.059999999999999998,0.28902994791666659
,92.599006008593733,168.63594011955877,0.059999999999999998,0.2910644531249999
,92.699004922656286,167.94491927297236,0.059999999999999998,0.2910644531249999
,92.799003835937583,166.85332626998002,0.059999999999999998,0.29004720052083327
,92.899002750000136,165.82182912409934,0.059999999999999998,0.28902994791666659
,92.999001664062462,166.14229434630906,0.059999999999999998,0.28902994791666659
,93.099000578125015,166.95347179065701,0.059999999999999998,0.29004720052083327
,93.198999492187568,167.23387974999937,0.059999999999999998,0.28902994791666659
,93.298998406250121,167.94491927297236,0.059999999999999998,0.28902994791666659
,93.398997326562494,168.75611905561203,0.059999999999999998,0.29004720052083327
,93.498996254687427,169.96795364063274,0.059999999999999998,0.29208170572916659
,93.598995182031331,169.56734040335354,0.059999999999999998,0.29208170572916659
,93.698994109375008,168.91635837753256,0.059999999999999998,0.29208170572916659
,93.798993036718684,168.36553912577187,0.059999999999999998,0.29208170572916659
,93.898991964843844,167.14374852830406,0.059999999999999998,0.2910644531249999
,93.998990892187521,167.57437646834842,0.059999999999999998,0.2910644531249999
,94.098989819531198,168.33549470032185,0.059999999999999998,0.2910644531249999
,94.198988746875102,168.32547989731447,0.059999999999999998,0.29004720052083327
,94.298987675000035,168.24536156989734,0.059999999999999998,0.28902994791666659
,94.398986603124968,169.01650840530135,0.059999999999999998,0.29004720052083327
,94.498985531250128,170.49877833015634,0.059999999999999998,0.2910644531249999
,94.598984460156316,170.50879403437398,0.059999999999999998,0.29208170572916659
,94.698983388281249,170.08813909481194,0.059999999999999998,0.2910644531249999
,94.798982317187438,169.3470061456056,0.059999999999999998,0.2910644531249999
,94.898981245312598,167.77466954254206,0.059999999999999998,0.28902994791666659
,94.998980173437531,168.62592522887562,0.059999999999999998,0.28902994791666659
,95.098979102343719,169.28691533183303,0.059999999999999998,0.28902994791666659
,95.198978030468879,169.70755420126895,0.059999999999999998,0.28902994791666659
,95.298976959375068,170.43868422111126,0.059999999999999998,0.28902994791666659
,95.398975886718745,171.12977908258878,0.059999999999999998,0.29004720052083327
,95.498974814062422,172.17148784297873,0.059999999999999998,0.2910644531249999
,95.598973741406326,171.69068973303516,0.059999999999999998,0.2910644531249999
,95.698972668750002,171.02961862937195,0.059999999999999998,0.29208170572916659
,95.798971596874935,170.36857467639825,0.059999999999999998,0.2910644531249999
,95.898970524218839,168.97644835134719,0.059999999999999998,0.28902994791666659
,95.998969451562516,169.42712745883392,0.059999999999999998,0.2880126953124999
,96.098968378906193,170.04807719738093,0.059999999999999998,0.2880126953124999
,96.198967306250097,169.42712745883392,0.059999999999999998,0.28699544270833327
,96.298966233593774,169.85778425812131,0.059999999999999998,0.28699544270833327
,96.398965160156195,170.97953863732531,0.059999999999999998,0.2880126953124999
,96.498964086718843,172.16147104034104,0.059999999999999998,0.28902994791666659
,96.598963013281264,171.95111993351031,0.059999999999999998,0.28902994791666659
,96.698961939062428,171.41023177583281,0.059999999999999998,0.28902994791666659
,96.798960865625077,170.35855904881907,0.059999999999999998,0.2880126953124999
,96.898959792187497,168.92637336434103,0.059999999999999998,0.28597819010416659
,96.998958718749918,169.38706676927046,0.059999999999999998,0.28597819010416659
,97.098957645312566,170.34854342661771,0.059999999999999998,0.28597819010416659
,97.198956571874987,170.31849659215189,0.059999999999999998,0.2849609374999999
,97.298955494531356,170.61896715123618,0.059999999999999998,0.2849609374999999
,97.398954416406241,171.24997246716617,0.059999999999999998,0.2849609374999999
,97.498953339062609,172.28167318059835,0.059999999999999998,0.28597819010416659
,97.598952260937494,172.05128671365046,0.059999999999999998,0.2849609374999999
,97.698951182812607,171.71072265298758,0.059999999999999998,0.2849609374999999
,97.798950104687492,170.73915679474348,0.059999999999999998,0.28394368489583327
,97.898949027343861,168.97644835134719,0.059999999999999998,0.2819091796874999
,97.998947949218746,169.3570212953897,0.059999999999999998,0.2819091796874999
,98.098946871093858,169.71756950615003,0.059999999999999998,0.28089192708333327
,98.198945793749999,169.89784578460953,0.059999999999999998,0.27987467447916659
,98.298944716406368,170.63899870077734,0.059999999999999998,0.2788574218749999
,98.398943639062509,171.60054194157826,0.059999999999999998,0.27987467447916659
,98.498942561718877,172.43192743815538,0.059999999999999998,0.27987467447916659
,98.598941484375018,171.99118655617499,0.059999999999999998,0.27987467447916659
,98.698940407031387,171.57049280337085,0.059999999999999998,0.27987467447916659
,98.798939329687528,170.72914095916647,0.059999999999999998,0.2788574218749999
,98.898938252343669,169.20679446961316,0.059999999999999998,0.27682291666666659
,98.998937175000037,169.70755420126895,0.059999999999999998,0.27682291666666659
,99.098936097656178,170.56888837710761,0.059999999999999998,0.27682291666666659
,99.198935024218827,170.17827865952836,0.059999999999999998,0.2758056640624999
,99.298933953906271,170.67906186880492,0.059999999999999998,0.2758056640624999
,99.398932883593716,171.41023177583281,0.059999999999999998,0.2758056640624999
,99.498931813281388,172.25162254105479,0.059999999999999998,0.27682291666666659
,99.598930742968832,172.02123660126023,0.059999999999999998,0.27682291666666659
,99.698929672656277,171.65062397782447,0.059999999999999998,0.27682291666666659
,99.798928602343722,171.16984344126382,0.059999999999999998,0.27682291666666659
,99.898927531250138,169.73760012957425,0.059999999999999998,0.27478841145833327
,99.998926460937582,170.04807719738093,0.059999999999999998,0.27478841145833327
,100.09892539062503,170.51880974416207,0.059999999999999998,0.27478841145833327
,100.19892431562494,170.83931547517687,0.059999999999999998,0.27377115885416659
,100.29892323906256,171.13979516268492,0.059999999999999998,0.27478841145833327
,100.39892216328121,171.71072265298758,0.059999999999999998,0.27478841145833327
,100.49892108671884,173.39359900692023,0.059999999999999998,0.27682291666666659
,100.59892001015623,172.93278817508207,0.059999999999999998,0.27682291666666659
,100.69891893437511,172.25162254105479,0.059999999999999998,0.27682291666666659
,100.79891785781251,171.19989177754448,0.059999999999999998,0.27682291666666659
,100.89891678203139,169.80770745637699,0.059999999999999998,0.27478841145833327
,100.99891570546879,170.16826313192604,0.059999999999999998,0.27478841145833327
,101.0989146304687,170.82929958037883,0.059999999999999998,0.27478841145833327
,101.19891355937511,170.78923606085414,0.059999999999999998,0.27377115885416659
,101.2989124882813,171.40021551921905,0.059999999999999998,0.27478841145833327
,101.39891141718749,172.26163941312211,0.059999999999999998,0.2758056640624999
,101.49891034609368,173.06301542686276,0.059999999999999998,0.27682291666666659
,101.5989092750001,172.61223492290929,0.059999999999999998,0.27682291666666659
,101.69890820390629,172.08133689368171,0.059999999999999998,0.27784016927083327
,101.79890713281247,171.40021551921905,0.059999999999999998,0.27682291666666659
,101.89890606171889,169.95793821810997,0.059999999999999998,0.27478841145833327
,101.99890499062508,170.86936319557523,0.059999999999999998,0.2758056640624999
,102.09890391875001,171.46031315986932,0.059999999999999998,0.2758056640624999
,102.19890284609369,171.48034576083731,0.059999999999999998,0.27478841145833327
,102.29890177265634,171.94110329635316,0.059999999999999998,0.2758056640624999
,102.39890070000001,172.92277075472455,0.059999999999999998,0.2758056640624999
,102.49889962656243,173.6841200707691,0.059999999999999998,0.27682291666666659
,102.59889855390634,173.41363469164503,0.059999999999999998,0.27682291666666659
,102.69889748125001,173.073032968745,0.059999999999999998,0.27784016927083327
,102.79889640781244,172.76249318875031,0.059999999999999998,0.27784016927083327
,102.89889533515634,171.2700047885138,0.059999999999999998,0.27682291666666659
,102.99889426171876,171.6406075565933,0.059999999999999998,0.2758056640624999
,103.09889318906244,171.95111993351031,0.059999999999999998,0.27682291666666659
,103.19889211562509,171.91105342910379,0.059999999999999998,0.2758056640624999
,103.29889104296876,172.28167318059835,0.059999999999999998,0.2758056640624999
,103.39888997031244,173.26336794504388,0.059999999999999998,0.27784016927083327
,103.49888889765634,174.35535498335068,0.059999999999999998,0.27784016927083327
,103.59888782421876,173.65406580170313,0.059999999999999998,0.2788574218749999
,103.69888675156244,173.09306807883723,0.059999999999999998,0.2788574218749999
,103.79888567890634,172.64228642699669,0.059999999999999998,0.27784016927083327
,103.89888460546877,171.19989177754448,0.059999999999999998,0.2758056640624999
,103.9988835335937,171.84093732855018,0.059999999999999998,0.2758056640624999
,104.09888246250011,172.61223492290929,0.059999999999999998,0.2758056640624999
,104.19888139218756,172.74245864510303,0.059999999999999998,0.2758056640624999
,104.29888032109375,173.01292784860263,0.059999999999999998,0.2758056640624999
,104.39887924999994,174.10488897312126,0.059999999999999998,0.27682291666666659
,104.49887817968761,175.33724562772639,0.059999999999999998,0.27784016927083327
,104.5988771085938,174.83626794893027,0.059999999999999998,0.2788574218749999
,104.69887603749999,174.39543013826705,0.059999999999999998,0.2788574218749999
,104.79887496718743,174.04477806903733,0.059999999999999998,0.27784016927083327
,104.89887389609385,172.63226925073855,0.059999999999999998,0.27682291666666659
,104.99887282500003,172.9428056040405,0.059999999999999998,0.27682291666666659
,105.09887175234371,173.14315600821504,0.059999999999999998,0.27682291666666659
,105.19887067968762,173.4637240644048,0.059999999999999998,0.2758056640624999
,105.29886960703129,174.48559984402837,0.059999999999999998,0.27682291666666659
,105.39886853437497,175.28714659414666,0.059999999999999998,0.27784016927083327
,105.49886746171887,176.4294782827059,0.059999999999999998,0.2788574218749999
,105.59886638906255,176.16893255459743,0.059999999999999998,0.2788574218749999
,105.69886531640623,175.53764464274138,0.059999999999999998,0.2788574218749999
,105.79886424375013,174.83626794893027,0.059999999999999998,0.2788574218749999
,105.89886317109381,173.30343887771346,0.059999999999999998,0.27784016927083327
,105.99886209687497,174.20507461569358,0.059999999999999998,0.27682291666666659
,106.09886102187511,174.88636446866178,0.059999999999999998,0.27784016927083327
,106.19885994687502,174.48559984402837,0.059999999999999998,0.2758056640624999
,106.29885887187493,175.5176045322261,0.059999999999999998,0.27682291666666659
,106.39885779609381,176.61988251008148,0.059999999999999998,0.2788574218749999
,106.49885672109372,177.81252354097114,0.059999999999999998,0.27987467447916659
,106.59885564609385,177.74236277673671,0.059999999999999998,0.28089192708333327
,106.69885457109376,177.53188464049919,0.059999999999999998,0.28089192708333327
,106.79885349531264,176.77020493150746,0.059999999999999998,0.28089192708333327
,106.89885242109381,175.09677285479265,0.059999999999999998,0.27987467447916659
,106.99885135390628,175.14687081252211,0.059999999999999998,0.27987467447916659
,107.09885028593749,175.83825196687627,0.059999999999999998,0.27987467447916659
,107.19884921874996,175.69796721901295,0.059999999999999998,0.2788574218749999
,107.29884815156242,176.62990391387558,0.059999999999999998,0.27987467447916659
,107.39884708359386,177.46172663456076,0.059999999999999998,0.28089192708333327
,107.49884601640633,178.47407420828549,0.059999999999999998,0.2819091796874999
,107.5988449492188,178.10319705370293,0.059999999999999998,0.2819091796874999
,107.69884388203127,177.98291688632105,0.059999999999999998,0.2819091796874999
,107.79884281406248,177.48177170955489,0.059999999999999998,0.2819091796874999
,107.89884174531244,176.06872490619492,0.059999999999999998,0.27987467447916659
,107.9988406734376,176.81029140695784,0.059999999999999998,0.28089192708333327
,108.09883960234379,177.65215710096493,0.059999999999999998,0.27987467447916659
,108.19883853046872,177.53188464049919,0.059999999999999998,0.27987467447916659
,108.29883745859388,178.18338499768072,0.059999999999999998,0.28089192708333327
,108.39883638750007,179.35624387583411,0.059999999999999998,0.2819091796874999
,108.498835315625,180.3989677277464,0.059999999999999998,0.28292643229166659
,108.59883424374993,180.76998062424684,0.059999999999999998,0.2849609374999999
,108.69883317265635,179.80740060473684,0.059999999999999998,0.2849609374999999
,108.79883210078128,178.98531701189216,0.059999999999999998,0.28394368489583327
,108.8988310273437,177.72231697196838,0.059999999999999998,0.28292643229166659
,108.9988299531251,178.3437637086451,0.059999999999999998,0.28292643229166659
,109.09882887890626,179.00536656373561,0.059999999999999998,0.28394368489583327
,109.19882780468743,178.6545083183718,0.059999999999999998,0.28292643229166659
,109.29882673046882,178.69460545325907,0.059999999999999998,0.28292643229166659
,109.39882565546873,179.9076621367592,0.059999999999999998,0.28394368489583327
,109.49882458125012,181.06079116407574,0.059999999999999998,0.2849609374999999
,109.59882350703128,181.12096071461073,0.059999999999999998,0.2849609374999999
,109.69882243281245,181.08084760991821,0.059999999999999998,0.2849609374999999
,109.79882135859384,180.50926639871275,0.059999999999999998,0.2849609374999999
,109.89882028359375,179.30611736071313,0.059999999999999998,0.28394368489583327
,109.99881920937514,179.60688245575696,0.059999999999999998,0.28394368489583327
,110.09881813515631,180.18840325112643,0.059999999999999998,0.28394368489583327
,110.19881706093747,180.13826994881492,0.059999999999999998,0.28292643229166659
,110.29881598671886,180.68975961649144,0.059999999999999998,0.28394368489583327
,110.39881491171877,181.54216561951628,0.059999999999999998,0.2849609374999999
,110.49881383749994,182.8561335639744,0.059999999999999998,0.28597819010416659
,110.59881276328133,182.65550665102509,0.059999999999999998,0.28699544270833327
,110.6988116890625,181.69260369008398,0.059999999999999998,0.28597819010416659
,110.79881061640617,181.49202050840861,0.059999999999999998,0.28597819010416659
,110.8988095468751,180.46915755166526,0.059999999999999998,0.2849609374999999
,110.9988084773438,180.83014711157441,0.059999999999999998,0.2849609374999999
,111.0988074078125,181.55219469634034,0.059999999999999998,0.2849609374999999
,111.1988063382812,181.67254504265429,0.059999999999999998,0.2849609374999999
,111.29880526875013,182.13391266409681,0.059999999999999998,0.2849609374999999
,111.39880419921883,182.98654524116847,0.059999999999999998,0.28597819010416659
,111.49880312968753,184.2607450546526,0.059999999999999998,0.28699544270833327
,111.59880206015623,183.99985846915436,0.059999999999999998,0.28699544270833327
,111.69880099062493,183.46809422420083,0.059999999999999998,0.2880126953124999
,111.79879991718758,182.56522706749175,0.059999999999999998,0.28699544270833327
,111.89879884218749,181.50204949426245,0.059999999999999998,0.28597819010416659
,111.99879776718763,181.85307552115236,0.059999999999999998,0.28597819010416659
,112.09879669218753,182.50504154474001,0.059999999999999998,0.28597819010416659
,112.19879561718744,182.94641821845818,0.059999999999999998,0.28597819010416659
,112.29879454218758,183.68881960659587,0.059999999999999998,0.28699544270833327
,112.39879346718749,185.22414221947267,0.059999999999999998,0.28902994791666659
,112.49879239218762,185.97693558697617,0.059999999999999998,0.29004720052083327
,112.59879131640628,185.22414221947267,0.059999999999999998,0.2910644531249999
,112.69879024140619,184.61196086359325,0.059999999999999998,0.2910644531249999
,112.79878916875009,184.1804707629816,0.059999999999999998,0.29004720052083327
,112.89878809609377,182.77588186588602,0.059999999999999998,0.28902994791666659
,112.99878702265619,183.36776773132007,0.059999999999999998,0.28902994791666659
,113.09878595000009,183.78915257400899,0.059999999999999998,0.28902994791666659
,113.19878487656251,183.93965585997702,0.059999999999999998,0.28902994791666659
,113.29878380390619,184.33098615632278,0.059999999999999998,0.28902994791666659
,113.39878273046884,185.45498563717086,0.059999999999999998,0.29004720052083327
,113.49878165781251,186.5893006297099,0.059999999999999998,0.2910644531249999
,113.59878058437494,185.94682144931491,0.059999999999999998,0.2910644531249999
,113.6987795125001,185.22414221947267,0.059999999999999998,0.2910644531249999
,113.79877844062503,184.02996005223804,0.059999999999999998,0.29004720052083327
,113.89877736953122,182.66553781237934,0.059999999999999998,0.28902994791666659
,113.99877629843763,183.66875325749945,0.059999999999999998,0.2880126953124999
,114.09877522656257,184.64206627962201,0.059999999999999998,0.28902994791666659
,114.19877415546875,184.70227768567455,0.059999999999999998,0.2880126953124999
,114.29877308359369,185.19403306090115,0.059999999999999998,0.2880126953124999
,114.3987720125001,186.54914294027935,0.059999999999999998,0.29004720052083327
,114.49877094140629,187.76407855630083,0.059999999999999998,0.2910644531249999
,114.59876986953122,187.0411001779579,0.059999999999999998,0.2910644531249999
,114.69876879765638,186.2479719636998,0.059999999999999998,0.29208170572916659
,114.79876772578132,185.78621612324034,0.059999999999999998,0.2910644531249999
,114.89876665468751,184.47147144330896,0.059999999999999998,0.29004720052083327
,114.99876558281244,184.66213666320675,0.059999999999999998,0.28902994791666659
,115.0987645109376,185.31447087312924,0.059999999999999998,0.28902994791666659
,115.19876343906253,185.02341818863812,0.059999999999999998,0.28902994791666659
,115.29876236718746,185.9066695801867,0.059999999999999998,0.28902994791666659
,115.39876129531262,186.6495378553675,0.059999999999999998,0.29004720052083327
,115.49876022421881,187.87454449979188,0.059999999999999998,0.2910644531249999
,115.59875915156249,187.70382563443911,0.059999999999999998,0.2910644531249999
,115.69875807968742,187.14150649719426,0.059999999999999998,0.2910644531249999
,115.79875700781258,186.36843788510464,0.059999999999999998,0.2910644531249999
,115.89875593593752,185.1137429284413,0.059999999999999998,0.29004720052083327
,115.99875486406245,186.08735582528112,0.059999999999999998,0.29004720052083327
,116.09875379218761,186.52906423364954,0.059999999999999998,0.28902994791666659
,116.19875272031254,186.52906423364954,0.059999999999999998,0.28902994791666659
,116.29875164765622,187.25195616731614,0.059999999999999998,0.29004720052083327
,116.39875057578138,188.25617670970396,0.059999999999999998,0.2910644531249999
,116.49874950390631,188.8387363819173,0.059999999999999998,0.29208170572916659
,116.59874843359376,188.85882613760683,0.059999999999999998,0.29208170572916659
,116.69874736640622,188.33652482730258,0.059999999999999998,0.29208170572916659
,116.79874629843744,187.25195616731614,0.059999999999999998,0.2910644531249999
,116.89874523125013,185.78621612324034,0.059999999999999998,0.29004720052083327
,116.9987441640626,186.16766316927516,0.059999999999999998,0.28902994791666659
,117.09874309609381,186.29816569883693,0.059999999999999998,0.28902994791666659
,117.19874202890628,186.20781738489163,0.059999999999999998,0.2880126953124999
,117.29874096093749,187.0411001779579,0.059999999999999998,0.2880126953124999
,117.39873989374996,188.15574376837944,0.059999999999999998,0.28902994791666659
,117.49873882656243,189.55198448261675,0.059999999999999998,0.29004720052083327
,117.59873775390633,189.25059646831886,0.059999999999999998,0.29004720052083327
,117.69873667812499,188.46709387587919,0.059999999999999998,0.29004720052083327
,117.79873560234387,187.40257396511734,0.059999999999999998,0.28902994791666659
,117.89873452734378,185.9167075138084,0.059999999999999998,0.2880126953124999
,117.99873345156243,186.77001480327064,0.059999999999999998,0.28699544270833327
,118.09873237578131,187.61344787330512,0.059999999999999998,0.28699544270833327
,118.19873129999996,187.27203823243778,0.059999999999999998,0.28597819010416659
,118.2987302250001,188.05531326970512,0.059999999999999998,0.28699544270833327
,118.39872914921875,188.84878124725174,0.059999999999999998,0.28699544270833327
,118.49872807343763,190.03425334603884,0.059999999999999998,0.2880126953124999
,118.59872700468759,189.93377575428585,0.059999999999999998,0.28902994791666659
,118.69872593593755,189.14009326052499,0.059999999999999998,0.2880126953124999
,118.7987248671875,188.42691834038379,0.059999999999999998,0.2880126953124999
,118.89872379843746,187.45278108467946,0.059999999999999998,0.28699544270833327
,118.99872272968764,187.6736994980773,0.059999999999999998,0.28597819010416659
,119.0987216609376,188.03522746232323,0.059999999999999998,0.28597819010416659
,119.19872059218756,187.8845870032105,0.059999999999999998,0.2849609374999999
,119.29871952343751,188.12561436269422,0.059999999999999998,0.2849609374999999
,119.39871845468747,188.49722578676548,0.059999999999999998,0.2849609374999999
,119.49871738437514,189.78306422586218,0.059999999999999998,0.28597819010416659
,119.59871631093756,190.1849746135926,0.059999999999999998,0.28597819010416659
,119.69871523828124,189.26064236647466,0.059999999999999998,0.28597819010416659
,119.79871416484389,188.14570060873609,0.059999999999999998,0.28394368489583327
,119.89871309218756,187.41261534145681,0.059999999999999998,0.28394368489583327
,119.99871201874998,188.07539917444515,0.059999999999999998,0.28292643229166659
,120.09871094609389,188.31643765058081,0.059999999999999998,0.28292643229166659
,120.19870987265631,187.83437472785414,0.059999999999999998,0.2819091796874999
,120.29870879921873,188.13565747351058,0.059999999999999998,0.2819091796874999
,120.39870772656263,188.8387363819173,0.059999999999999998,0.2819091796874999
,120.4987066523438,190.28545872395711,0.059999999999999998,0.28292643229166659
,120.59870557734371,190.04430124814627,0.059999999999999998,0.28292643229166659
,120.69870450234384,189.15013888018254,0.059999999999999998,0.2819091796874999
,120.7987034265625,188.52735792013709,0.059999999999999998,0.2819091796874999
,120.89870235156263,187.14150649719426,0.059999999999999998,0.27987467447916659
,120.99870127656254,187.72390984549918,0.059999999999999998,0.2788574218749999
,121.0987002007812,188.34656845253295,0.059999999999999998,0.2788574218749999
,121.19869912578133,187.95488520498307,0.059999999999999998,0.27784016927083327
,121.29869804999998,188.71819994640663,0.059999999999999998,0.27784016927083327
,121.39869697500012,189.70268711987336,0.059999999999999998,0.2788574218749999
,121.49869590156254,190.71757037751016,0.059999999999999998,0.27987467447916659
,121.59869482812496,190.56682820752766,0.059999999999999998,0.27987467447916659
,121.69869375468761,189.94382339664097,0.059999999999999998,0.27987467447916659
,121.79869268125003,189.34101046570473,0.059999999999999998,0.27987467447916659
,121.89869160781245,187.38249128373587,0.059999999999999998,0.27784016927083327
,121.9986905343751,187.80424765247923,0.059999999999999998,0.27682291666666659
,122.09868946093752,188.24613330540481,0.059999999999999998,0.27682291666666659
,122.19868838749994,188.32648122665475,0.059999999999999998,0.27682291666666659
,122.29868731406259,189.20036735777532,0.059999999999999998,0.27682291666666659
,122.39868624140627,189.81320606615972,0.059999999999999998,0.27784016927083327
,122.4986851695312,190.80801854732886,0.059999999999999998,0.2788574218749999
,122.5986840968751,190.29550727906081,0.059999999999999998,0.27987467447916659
,122.69868302500004,190.10458920751645,0.059999999999999998,0.27987467447916659
,122.79868195234371,189.23050474807971,0.059999999999999998,0.27987467447916659
,122.89868088046887,188.07539917444515,0.059999999999999998,0.2788574218749999
,122.99867980781255,188.44700605877648,0.059999999999999998,0.27784016927083327
,123.09867873593748,188.93918616221501,0.059999999999999998,0.2788574218749999
,123.19867766406242,188.29635057211993,0.059999999999999998,0.27784016927083327
,123.29867659140632,188.75837835896098,0.059999999999999998,0.27784016927083327
,123.39867551875,189.79311148014534,0.059999999999999998,0.2788574218749999
,123.49867444531242,190.61707493496084,0.059999999999999998,0.27987467447916659
,123.59867337265632,190.11463729194293,0.059999999999999998,0.27987467447916659
,123.69867229921874,189.3309643643627,0.059999999999999998,0.27987467447916659
,123.79867122656242,188.78851243025628,0.059999999999999998,0.27987467447916659
,123.89867015390632,187.53311371471494,0.059999999999999998,0.27784016927083327
,123.99866908046874,188.32648122665475,0.059999999999999998,0.27784016927083327
,124.09866800781242,188.82869154159502,0.059999999999999998,0.27784016927083327
,124.19866693437507,188.44700605877648,0.059999999999999998,0.27784016927083327
,124.29866586171875,189.13004766613469,0.059999999999999998,0.27784016927083327
,124.39866478671888,190.09454114916034,0.059999999999999998,0.2788574218749999
,124.49866371093754,190.94871999212793,0.059999999999999998,0.28089192708333327
,124.59866263515619,190.84821842628986,0.059999999999999998,0.28089192708333327
,124.69866155937507,190.40604311798731,0.059999999999999998,0.28089192708333327
,124.79866048437498,189.58212454813489,0.059999999999999998,0.28089192708333327
,124.89865940859386,188.09548517661301,0.059999999999999998,0.2788574218749999
,124.99865833281251,188.43696218724568,0.059999999999999998,0.2788574218749999
,125.09865725703139,188.98941199298315,0.059999999999999998,0.2788574218749999
,125.1986561820313,188.82869154159502,0.059999999999999998,0.2788574218749999
,125.2986551054687,189.4414728795073,0.059999999999999998,0.2788574218749999
,125.39865402968758,190.30555586039148,0.059999999999999998,0.27987467447916659
,125.49865295390623,191.26029188592497,0.059999999999999998,0.28089192708333327
,125.59865187812511,191.09947736027445,0.059999999999999998,0.28089192708333327
,125.69865080234376,190.1950229068793,0.059999999999999998,0.28089192708333327
,125.79864972578139,189.52184464761308,0.059999999999999998,0.27987467447916659
,125.89864865000004,188.17583016095438,0.059999999999999998,0.2788574218749999
,125.99864757421869,189.18027589084332,0.059999999999999998,0.2788574218749999
,126.09864649843757,189.61226484439368,0.059999999999999998,0.2788574218749999
,126.19864542265623,189.46156566824337,0.059999999999999998,0.27784016927083327
,126.29864434765636,190.06439713043167,0.059999999999999998,0.2788574218749999
,126.39864327343753,191.04922423362862,0.059999999999999998,0.27987467447916659
,126.49864219999995,191.9538841360062,0.059999999999999998,0.28089192708333327
,126.5986411265626,191.33065041294586,0.059999999999999998,0.2819091796874999
,126.69864005312502,190.66732232461564,0.059999999999999998,0.2819091796874999
,126.79863897968744,190.34575044814792,0.059999999999999998,0.2819091796874999
,126.89863790625009,189.00950250121039,0.059999999999999998,0.27987467447916659
,126.99863683281251,189.34101046570473,0.059999999999999998,0.27987467447916659
,127.09863575937493,189.95387106493405,0.059999999999999998,0.27987467447916659
,127.19863468593758,189.86344298336439,0.059999999999999998,0.2788574218749999
,127.2986336125,190.1849746135926,0.059999999999999998,0.2788574218749999
,127.39863253984367,191.35075309267614,0.059999999999999998,0.27987467447916659
,127.49863146640632,192.53700507993062,0.059999999999999998,0.2819091796874999
,127.59863039375,192.19516423186957,0.059999999999999998,0.2819091796874999
,127.69862932109368,191.61209780881538,0.059999999999999998,0.2819091796874999
,127.79862824843758,191.53168209196241,0.059999999999999998,0.2819091796874999
,127.89862717578126,190.01415761985328,0.059999999999999998,0.27987467447916659
,127.99862610234368,190.21511957189492,0.059999999999999998,0.27987467447916659
,128.09862502968758,190.95877029573992,0.059999999999999998,0.27987467447916659
,128.19862395703126,191.12962955872854,0.059999999999999998,0.27987467447916659
,128.29862288515619,191.56183778140192,0.059999999999999998,0.27987467447916659
,128.39862181328135,192.55711437035313,0.059999999999999998,0.28089192708333327
,128.49862074140628,193.69347319447587,0.059999999999999998,0.2819091796874999
,128.59861966953122,193.30123743204877,0.059999999999999998,0.2819091796874999
,128.69861859765638,193.07999544400877,0.059999999999999998,0.28292643229166659
,128.79861752578131,192.22532536517696,0.059999999999999998,0.28292643229166659
,128.89861645312499,190.98892136719644,0.059999999999999998,0.28089192708333327
,128.99861538124992,191.59199371605021,0.059999999999999998,0.28089192708333327
,129.09861430937508,192.25548674837128,0.059999999999999998,0.28089192708333327
,129.19861323671876,192.38618896826455,0.059999999999999998,0.28089192708333327
,129.29861216406243,192.86882274311566,0.059999999999999998,0.28089192708333327
,129.39861109062508,193.86446147913631,0.059999999999999998,0.28292643229166659
,129.49861001796876,194.83020078327533,0.059999999999999998,0.28394368489583327
,129.59860894531244,194.52837813661387,0.059999999999999998,0.28394368489583327
,129.69860787187508,193.95498808038676,0.059999999999999998,0.28394368489583327
,129.79860679921876,193.43197783267689,0.059999999999999998,0.28394368489583327
,129.89860572656244,192.44651465843884,0.059999999999999998,0.28292643229166659
,129.99860465312508,193.09005159897845,0.059999999999999998,0.28292643229166659
,130.09860358046876,193.56272308130136,0.059999999999999998,0.28292643229166659
,130.19860250859369,193.44203498716462,0.059999999999999998,0.28292643229166659
,130.29860143750011,194.07569387990426,0.059999999999999998,0.28292643229166659
,130.3986003664063,195.09180203588215,0.059999999999999998,0.28394368489583327
,130.49859929531249,196.03776074671512,0.059999999999999998,0.2849609374999999
,130.59859822421868,195.70563839023532,0.059999999999999998,0.2849609374999999
,130.69859715312509,194.62898272610815,0.059999999999999998,0.2849609374999999
,130.79859608203128,194.33723753682361,0.059999999999999998,0.2849609374999999
,130.89859501093747,193.16044548019138,0.059999999999999998,0.28394368489583327
,130.99859393984389,193.89463675153701,0.059999999999999998,0.28394368489583327
,131.09859286875007,194.93081426549927,0.059999999999999998,0.28394368489583327
,131.19859179765626,194.89056851556379,0.059999999999999998,0.28394368489583327
,131.2985907257812,195.30311010649143,0.059999999999999998,0.28394368489583327
,131.39858965468761,196.49070856924968,0.059999999999999998,0.2849609374999999
,131.4985885835938,197.56797013082129,0.059999999999999998,0.28699544270833327
,131.59858751249999,197.3766545046233,0.059999999999999998,0.28699544270833327
,131.69858644062492,196.68197194610576,0.059999999999999998,0.28699544270833327
,131.79858536953134,196.17867118346047,0.059999999999999998,0.28699544270833327
,131.89858429843753,195.21254788576695,0.059999999999999998,0.28597819010416659
,131.99858322734372,195.93711410434301,0.059999999999999998,0.28597819010416659
,132.09858215390636,196.79270848917844,0.059999999999999998,0.28699544270833327
,132.19858107968753,196.64170504317738,0.059999999999999998,0.28699544270833327
,132.29858000546869,197.75929716859011,0.059999999999999998,0.2880126953124999
,132.39857893125009,198.18227134157607,0.059999999999999998,0.28902994791666659
,132.49857785703125,198.77654484514463,0.059999999999999998,0.29004720052083327
,132.59857678359367,198.85713295664871,0.059999999999999998,0.2910644531249999
,132.69857570937506,198.37363532430132,0.059999999999999998,0.29208170572916659
,132.79857463515623,197.7089468391676,0.059999999999999998,0.29208170572916659
,132.89857356093762,196.68197194610576,0.059999999999999998,0.29004720052083327
,132.99857248671879,197.19541860668176,0.059999999999999998,0.29004720052083327
,133.09857141249995,198.06141583646755,0.059999999999999998,0.2910644531249999
,133.19857033828134,197.99091891631343,0.059999999999999998,0.2910644531249999
,133.29856926406251,198.36356324687324,0.059999999999999998,0.2910644531249999
,133.39856818984367,199.29032971961922,0.059999999999999998,0.29208170572916659
,133.49856711562506,200.10651627126774,0.059999999999999998,0.29309895833333327
,133.59856604140623,199.63290020404736,0.059999999999999998,0.29309895833333327
,133.69856496718762,199.36085583635671,0.059999999999999998,0.29309895833333327
,133.79856389296879,199.10898420582456,0.059999999999999998,0.29309895833333327
,133.89856281874995,197.77943752247688,0.059999999999999998,0.29208170572916659
,133.99856174453134,198.494502762184,0.059999999999999998,0.29208170572916659
,134.09856066640623,199.23995490381668,0.059999999999999998,0.29208170572916659
,134.19855958828134,199.28025469103468,0.059999999999999998,0.29208170572916659
,134.29855851015623,199.62282405928084,0.059999999999999998,0.29208170572916659
,134.39855743281259,200.52980974007716,0.059999999999999998,0.29309895833333327
,134.49855635468748,201.51772500572898,0.059999999999999998,0.29513346354166659
,134.59855527656259,201.23543035150894,0.059999999999999998,0.29513346354166659
,134.69855419921873,200.56004724298754,0.059999999999999998,0.29513346354166659
,134.79855312109385,199.78404633173042,0.059999999999999998,0.2941162109374999
,134.89855204296873,198.48443029865177,0.059999999999999998,0.29309895833333327
,134.99855096875012,199.00824126597348,0.059999999999999998,0.29309895833333327
,135.09854989531254,199.69335776458465,0.059999999999999998,0.29309895833333327
,135.19854882265622,200.02589560409464,0.059999999999999998,0.29309895833333327
,135.29854775000013,200.05612810525,0.059999999999999998,0.29208170572916659
,135.3985466773438,200.87251912783347,0.059999999999999998,0.29309895833333327
,135.49854560468748,202.10256334931196,0.059999999999999998,0.2941162109374999
,135.59854453203138,201.78996300783899,0.059999999999999998,0.2941162109374999
,135.69854345937506,201.25559337217459,0.059999999999999998,0.2941162109374999
,135.79854238671874,201.01364606598349,0.059999999999999998,0.2941162109374999
,135.89854131406264,199.46161021759724,0.059999999999999998,0.29208170572916659
,135.99854023984381,199.76389308573982,0.059999999999999998,0.29208170572916659
,136.09853916640623,200.58020574578669,0.059999999999999998,0.29208170572916659
,136.19853809218762,200.3786267432327,0.059999999999999998,0.2910644531249999
,136.29853701875004,200.76163831028052,0.059999999999999998,0.2910644531249999
,136.39853594531246,201.65888234304987,0.059999999999999998,0.29208170572916659
,136.49853487109385,202.69760389829437,0.059999999999999998,0.29309895833333327
,136.59853379765627,202.23366364763729,0.059999999999999998,0.29309895833333327
,136.69853272421869,201.28583815760331,0.059999999999999998,0.29309895833333327
,136.79853165000009,200.82211825127953,0.059999999999999998,0.29208170572916659
,136.89853057656251,199.44145907889396,0.059999999999999998,0.29004720052083327
,136.99852950468744,199.8142764484779,0.059999999999999998,0.28902994791666659
,137.0985284328126,200.53988887421693,0.059999999999999998,0.28902994791666659
,137.19852736093753,200.47941457158967,0.059999999999999998,0.2880126953124999
,137.29852628906247,200.87251912783347,0.059999999999999998,0.28699544270833327
,137.39852521640637,201.70929729948608,0.059999999999999998,0.2880126953124999
,137.4985241445313,202.82873075067391,0.059999999999999998,0.2880126953124999
,137.59852307265623,202.27400337301486,0.059999999999999998,0.2880126953124999
,137.69852200078117,201.56813757293949,0.059999999999999998,0.2880126953124999
,137.79852092890633,200.92292084675577,0.059999999999999998,0.28699544270833327
,137.89851985546875,199.95535426247721,0.059999999999999998,0.2849609374999999
,137.99851878203117,200.54996804185171,0.059999999999999998,0.2849609374999999
,138.09851770781256,200.97332340879834,0.059999999999999998,0.2849609374999999
,138.19851663359373,200.76163831028052,0.059999999999999998,0.28394368489583327
,138.29851556015637,201.26567493338752,0.059999999999999998,0.28292643229166659
,138.39851448593754,201.69921423984724,0.059999999999999998,0.28394368489583327
,138.4985134117187,202.75812325347147,0.059999999999999998,0.28394368489583327
,138.59851233828135,202.62699956503542,0.059999999999999998,0.28394368489583327
,138.69851126406252,202.01180501209461,0.059999999999999998,0.28394368489583327
,138.79851018984368,201.42698453103816,0.059999999999999998,0.28394368489583327
,138.89850911796884,199.53214023760168,0.059999999999999998,0.2819091796874999
,138.99850804531252,199.95535426247721,0.059999999999999998,0.2819091796874999
,139.0985069726562,200.47941457158967,0.059999999999999998,0.2819091796874999
,139.1985059000001,200.38870537567954,0.059999999999999998,0.28089192708333327
,139.29850482812503,200.53988887421693,0.059999999999999998,0.28089192708333327
,139.39850375546871,201.57822018867415,0.059999999999999998,0.2819091796874999
,139.49850268281261,202.52613918184463,0.059999999999999998,0.28292643229166659
,139.59850161015629,202.16307045584045,0.059999999999999998,0.28292643229166659
,139.69850053749997,201.45723104951711,0.059999999999999998,0.28292643229166659
,139.79849946562513,200.29799888544744,0.059999999999999998,0.2819091796874999
,139.89849839531257,198.7866182456192,0.059999999999999998,0.27987467447916659
,139.99849732500002,199.11905867906091,0.059999999999999998,0.27987467447916659
,140.09849625468746,199.79412300427182,0.059999999999999998,0.27987467447916659
,140.19849518437513,199.77396969222187,0.059999999999999998,0.2788574218749999
,140.29849411406258,200.34839104625166,0.059999999999999998,0.2788574218749999
,140.39849304453128,201.23543035150894,0.059999999999999998,0.27987467447916659
,140.49849197421872,202.51605333422279,0.059999999999999998,0.28089192708333327
,140.59849090390617,202.19332447408743,0.059999999999999998,0.2819091796874999
,140.69848983359384,201.72946352133218,0.059999999999999998,0.2819091796874999
,140.79848876093752,201.06405014753338,0.059999999999999998,0.28089192708333327
,140.89848768515617,199.56236788204933,0.059999999999999998,0.27987467447916659
,140.99848660937505,200.19721706419463,0.059999999999999998,0.27987467447916659
,141.0984855335937,200.24760755835095,0.059999999999999998,0.27987467447916659
,141.19848445781258,200.29799888544744,0.059999999999999998,0.27987467447916659
,141.29848338203124,200.97332340879834,0.059999999999999998,0.27987467447916659
,141.39848230625012,202.15298585199702,0.059999999999999998,0.28089192708333327
,141.49848123046877,203.08091432705177,0.059999999999999998,0.2819091796874999
,141.59848015468742,202.63708579417676,0.059999999999999998,0.28292643229166659
,141.6984790789063,201.68913121439002,0.059999999999999998,0.28292643229166659
,141.79847800624998,201.01364606598349,0.059999999999999998,0.28292643229166659
,141.89847693515617,199.62282405928084,0.059999999999999998,0.28089192708333327
,141.99847586406258,200.00574076924434,0.059999999999999998,0.28089192708333327
,142.09847479296877,200.44917787204693,0.059999999999999998,0.28089192708333327
,142.19847372187496,200.4693356382918,0.059999999999999998,0.28089192708333327
,142.29847265000012,201.01364606598349,0.059999999999999998,0.28089192708333327
,142.39847157890631,202.12273224710265,0.059999999999999998,0.2819091796874999
,142.4984705078125,202.91951432617961,0.059999999999999998,0.28292643229166659
,142.59846943671869,202.66734468992954,0.059999999999999998,0.28394368489583327
,142.69846836484385,202.24374852723344,0.059999999999999998,0.28394368489583327
,142.79846729218752,201.68913121439002,0.059999999999999998,0.28394368489583327
,142.8984662195312,200.4290202395625,0.059999999999999998,0.28292643229166659
,142.99846514687511,200.59028504746217,0.059999999999999998,0.28292643229166659
,143.09846407421878,201.03380759722504,0.059999999999999998,0.2819091796874999
,143.19846300156246,200.70115957990345,0.059999999999999998,0.2819091796874999
,143.29846192890636,201.48747787436093,0.059999999999999998,0.2819091796874999
,143.39846085625004,202.43536780015049,0.059999999999999998,0.28292643229166659
,143.49845978359372,203.78714487691278,0.059999999999999998,0.2849609374999999
,143.59845871093762,203.18179387162738,0.059999999999999998,0.2849609374999999
,143.69845763906255,202.5362250641216,0.059999999999999998,0.2849609374999999
,143.79845656640623,202.04205748169846,0.059999999999999998,0.2849609374999999
,143.89845549375013,201.00356535103393,0.059999999999999998,0.28292643229166659
,143.99845442187507,201.56813757293949,0.059999999999999998,0.28292643229166659
,144.09845334921874,202.02188913425928,0.059999999999999998,0.28292643229166659
,144.19845227734368,201.87063090718561,0.059999999999999998,0.28292643229166659
,144.29845120468758,202.21349399190689,0.059999999999999998,0.28292643229166659
,144.39845013203126,203.23223495685531,0.059999999999999998,0.2849609374999999
,144.49844906015619,204.41280795923217,0.059999999999999998,0.28597819010416659
,144.59844798750009,203.72660406898382,0.059999999999999998,0.28597819010416659
,144.69844691562503,203.31294251604706,0.059999999999999998,0.28597819010416659
,144.79844584374996,202.7278634194241,0.059999999999999998,0.28597819010416659
,144.89844477187512,201.17494210316568,0.059999999999999998,0.28394368489583327
,144.99844370000005,201.86054729984519,0.059999999999999998,0.28394368489583327
,145.09844262890624,202.8690786579597,0.059999999999999998,0.28394368489583327
,145.19844155703117,202.65725835661817,0.059999999999999998,0.28394368489583327
,145.29844048515633,203.16161768272229,0.059999999999999998,0.28394368489583327
,145.39843941328127,204.04950309916157,0.059999999999999998,0.2849609374999999
,145.49843834218746,205.34146440651634,0.059999999999999998,0.28699544270833327
,145.59843726953136,204.90738060290431,0.059999999999999998,0.28699544270833327
,145.69843619687504,204.45317801616679,0.059999999999999998,0.28699544270833327
,145.79843512343746,203.54498926929557,0.059999999999999998,0.28597819010416659
,145.89843405000011,201.94121711876025,0.059999999999999998,0.28394368489583327
,145.99843297656253,202.7278634194241,0.059999999999999998,0.28394368489583327
,146.09843190312495,203.50463197572921,0.059999999999999998,0.28394368489583327
,146.1984308296876,203.28267691830362,0.059999999999999998,0.28292643229166659
,146.29842975625002,204.17059959591026,0.059999999999999998,0.28394368489583327
,146.39842868281244,205.24050873227458,0.059999999999999998,0.2849609374999999
,146.49842760937509,206.31082364000119,0.059999999999999998,0.28597819010416659
,146.59842653593751,205.93717667232085,0.059999999999999998,0.28597819010416659
,146.69842546328118,205.34146440651634,0.059999999999999998,0.28699544270833327
,146.79842439140634,204.67522355047785,0.059999999999999998,0.28597819010416659
,146.89842331875002,203.70642408228139,0.059999999999999998,0.2849609374999999
,146.9984222460937,204.20087451976423,0.059999999999999998,0.2849609374999999
,147.0984211734376,204.54401273361918,0.059999999999999998,0.28394368489583327
,147.19842010078128,204.92756907035883,0.059999999999999998,0.28394368489583327
,147.29841902812495,205.47271219074494,0.059999999999999998,0.2849609374999999
,147.39841795625011,206.45221664483245,0.059999999999999998,0.28597819010416659
,147.49841688359379,207.56341318647088,0.059999999999999998,0.28699544270833327
,147.59841581015621,207.18959708407479,0.059999999999999998,0.28699544270833327
,147.69841473828137,206.63401822863761,0.059999999999999998,0.28699544270833327
,147.79841366562505,206.01796096696563,0.059999999999999998,0.28699544270833327
,147.89841259296873,204.71559732695547,0.059999999999999998,0.28597819010416659
,147.99841152031263,205.32127298249779,0.059999999999999998,0.2849609374999999
,148.09841044765631,205.95737252707883,0.059999999999999998,0.28597819010416659
,148.19840937499998,206.11894462122854,0.059999999999999998,0.2849609374999999
,148.29840830312492,206.34112153581594,0.059999999999999998,0.2849609374999999
,148.39840723046882,207.44216995541098,0.059999999999999998,0.28597819010416659
,148.49840615859375,208.64473677207437,0.059999999999999998,0.2880126953124999
,148.5984050882812,208.64473677207437,0.059999999999999998,0.2880126953124999
,148.69840401875013,208.31119862307528,0.059999999999999998,0.28902994791666659
,148.79840294843757,207.7756017536434,0.059999999999999998,0.2880126953124999
,148.89840187890627,205.95737252707883,0.059999999999999998,0.28597819010416659
,148.99840080859371,206.82593283960028,0.059999999999999998,0.28699544270833327
,149.09839973906264,207.53310187611891,0.059999999999999998,0.28597819010416659
,149.19839866875009,207.44216995541098,0.059999999999999998,0.28597819010416659
,149.29839759921879,207.96759607804591,0.059999999999999998,0.28597819010416659
,149.39839652890623,209.15017598105001,0.059999999999999998,0.2880126953124999
,149.49839545703139,210.19168054620451,0.059999999999999998,0.28902994791666659
,149.5983943820313,210.25236323194909,0.059999999999999998,0.29004720052083327
,149.69839330624995,209.4332633660654,0.059999999999999998,0.28902994791666659
,149.79839223125009,208.62452117029093,0.059999999999999998,0.28902994791666659
,149.89839115625,207.36134411084905,0.059999999999999998,0.2880126953124999
,149.99839008125014,207.72507917380537,0.059999999999999998,0.2880126953124999
,150.09838900625004,208.53355282976202,0.059999999999999998,0.2880126953124999
,150.19838793124995,208.87722705386827,0.059999999999999998,0.28699544270833327
,150.29838685625009,209.77705249336623,0.059999999999999998,0.2880126953124999
,150.39838578125,210.53556741173949,0.059999999999999998,0.28902994791666659
,150.49838470546888,211.85084139847382,0.059999999999999998,0.2910644531249999
,150.59838363046879,211.547258323048,0.059999999999999998,0.2910644531249999
,150.6983825554687,210.65694988051789,0.059999999999999998,0.2910644531249999
,150.79838148046883,210.11077244970625,0.059999999999999998,0.2910644531249999
,150.89838040546874,208.52344542491528,0.059999999999999998,0.29004720052083327
,150.99837933046888,208.92777106711023,0.059999999999999998,0.28902994791666659
,151.09837825546879,209.87817534803835,0.059999999999999998,0.29004720052083327
,151.1983771804687,210.0703193227728,0.059999999999999998,0.28902994791666659
,151.29837610546883,210.23213551631213,0.059999999999999998,0.28902994791666659
,151.39837503046874,210.99078035844599,0.059999999999999998,0.29004720052083327
,151.49837395937493,212.42774624172628,0.059999999999999998,0.29208170572916659
,151.59837288750009,212.34676945314391,0.059999999999999998,0.29208170572916659
,151.69837181562502,211.87108151973558,0.059999999999999998,0.29208170572916659
,151.79837074374996,211.39547994340148,0.059999999999999998,0.29208170572916659
,151.89836967265637,209.69615696320702,0.059999999999999998,0.29004720052083327
,151.9983686007813,210.49510782306575,0.059999999999999998,0.2910644531249999
,152.09836752890624,211.04136441103313,0.059999999999999998,0.29004720052083327
,152.19836645703117,211.15265273880294,0.059999999999999998,0.29004720052083327
,152.29836538593759,211.18300491570901,0.059999999999999998,0.29004720052083327
,152.39836431328126,211.88120163900496,0.059999999999999998,0.2910644531249999
,152.49836323906243,213.22752741498951,0.059999999999999998,0.29208170572916659
,152.59836216484382,212.71118482520063,0.059999999999999998,0.29208170572916659
,152.69836109062499,212.14433847469357,0.059999999999999998,0.29208170572916659
,152.79836001640638,211.90144199484027,0.059999999999999998,0.29208170572916659
,152.8983589429688,210.65694988051789,0.059999999999999998,0.2910644531249999
,152.99835786874996,211.10206655344302,0.059999999999999998,0.29004720052083327
,153.09835679453136,211.80024177925151,0.059999999999999998,0.2910644531249999
,153.19835572031252,211.62821037630266,0.059999999999999998,0.29004720052083327
,153.29835464609369,211.99252553226867,0.059999999999999998,0.29004720052083327
,153.39835357109382,213.00477879118134,0.059999999999999998,0.2910644531249999
,153.49835249609373,214.38207815132927,0.059999999999999998,0.29309895833333327
,153.59835142109387,213.74397301204468,0.059999999999999998,0.29309895833333327
,153.69835034609378,213.20727674862172,0.059999999999999998,0.29309895833333327
,153.79834927187494,212.49860299527572,0.059999999999999998,0.29208170572916659
,153.89834819687508,211.17288748459001,0.059999999999999998,0.2910644531249999
,153.99834712187499,211.6788066769206,0.059999999999999998,0.2910644531249999
,154.09834604687512,212.47835801193685,0.059999999999999998,0.2910644531249999
,154.19834497187503,212.49860299527572,0.059999999999999998,0.2910644531249999
,154.29834389687494,212.37713545418572,0.059999999999999998,0.29004720052083327
,154.39834282187508,213.16677589100834,0.059999999999999998,0.2910644531249999
,154.49834174609373,214.17948792809145,0.059999999999999998,0.29208170572916659
,154.59834067109387,213.74397301204468,0.059999999999999998,0.29208170572916659
,154.69833959609377,213.34903474090609,0.059999999999999998,0.29208170572916659
,154.79833852109368,212.81242037491623,0.059999999999999998,0.2910644531249999
,154.89833744531256,211.36512531839526,0.059999999999999998,0.29004720052083327
,154.99833637031247,211.76988247654276,0.059999999999999998,0.28902994791666659
,155.09833529531261,212.3872575331032,0.059999999999999998,0.28902994791666659
,155.19833422031252,212.1544596509687,0.059999999999999998,0.2880126953124999
,155.29833314687494,212.64032228570946,0.059999999999999998,0.2880126953124999
,155.39833207656261,213.92627261276135,0.059999999999999998,0.28902994791666659
,155.49833100625005,215.12166849080606,0.059999999999999998,0.29004720052083327
,155.5983299359375,214.54416185182657,0.059999999999999998,0.29004720052083327
,155.69832886562494,213.94652892063323,0.059999999999999998,0.29004720052083327
,155.79832779531262,213.08577607544336,0.059999999999999998,0.28902994791666659
,155.89832672500006,211.36512531839526,0.059999999999999998,0.28699544270833327
,155.99832565468751,212.13421733761749,0.059999999999999998,0.28597819010416659
,156.09832458437495,212.93390824241666,0.059999999999999998,0.28597819010416659
,156.19832351406262,212.8326679581493,0.059999999999999998,0.2849609374999999
,156.29832243984379,213.10602579195083,0.059999999999999998,0.2849609374999999
,156.39832136406244,213.78448291960581,0.059999999999999998,0.2849609374999999
,156.49832028828132,215.00007729642263,0.059999999999999998,0.28597819010416659
,156.59831921171872,214.46311872032845,0.059999999999999998,0.28597819010416659
,156.6983181359376,214.23013398500279,0.059999999999999998,0.28597819010416659
,156.79831706015625,213.83512119965363,0.059999999999999998,0.2849609374999999
,156.89831598437513,212.24555200203716,0.059999999999999998,0.28394368489583327
,156.99831490859378,212.23543047279711,0.059999999999999998,0.28292643229166659
,157.09831383281244,212.5795845022775,0.059999999999999998,0.2819091796874999
,157.19831275703132,212.59983027259173,0.059999999999999998,0.28089192708333327
,157.29831168515625,213.4401689816745,0.059999999999999998,0.28089192708333327
,157.39831061328118,214.10858512585693,0.059999999999999998,0.2819091796874999
,157.49830954140634,215.12166849080606,0.059999999999999998,0.28292643229166659
,157.59830846953128,214.75691227684953,0.059999999999999998,0.28292643229166659
,157.69830739765621,214.03768427954543,0.059999999999999998,0.30123697916666659
,157.79830632500011,213.56168630286837,0.059999999999999998,0.2819091796874999
,157.89830525312505,212.4581131859016,0.059999999999999998,0.27987467447916659
,157.99830418124998,212.67069170909528,0.059999999999999998,0.2788574218749999
,158.09830310937514,213.20727674862172,0.059999999999999998,0.2788574218749999
,158.19830203750007,212.74155507610513,0.059999999999999998,0.27784016927083327
,158.298300965625,213.31865737443459,0.059999999999999998,0.27784016927083327
,158.39829989374994,214.08832754166542,0.059999999999999998,0.2788574218749999
,158.4982988218751,215.10140288929585,0.059999999999999998,0.27987467447916659
,158.59829775000003,214.91901971812459,0.059999999999999998,0.27987467447916659
,158.69829667812496,214.2706515497722,0.059999999999999998,0.27987467447916659
,158.79829560625012,213.34903474090609,0.059999999999999998,0.2788574218749999
,158.89829453437505,212.26579517823399,0.059999999999999998,0.27784016927083327
,158.99829346249999,212.3872575331032,0.059999999999999998,0.27784016927083327
,159.09829239062492,213.08577607544336,0.059999999999999998,0.27784016927083327
,159.19829132031259,212.64032228570946,0.059999999999999998,0.2758056640624999
,159.29829025000004,213.24777823977064,0.059999999999999998,0.2758056640624999
,159.39828917968748,213.85537679039462,0.059999999999999998,0.27682291666666659
,159.49828810937493,214.92915177470087,0.059999999999999998,0.27784016927083327
,159.5982870390626,214.54416185182657,0.059999999999999998,0.2788574218749999
,159.69828596875004,214.05794146469245,0.059999999999999998,0.27784016927083327
,159.79828489843749,213.56168630286837,0.059999999999999998,0.27784016927083327
,159.89828382812493,211.9621640010011,0.059999999999999998,0.27682291666666659
,159.9982827578126,212.41762400561987,0.059999999999999998,0.2758056640624999
,160.0982816882813,213.24777823977064,0.059999999999999998,0.27682291666666659
,160.19828061484372,213.15665077556727,0.059999999999999998,0.2758056640624999
,160.29827954140637,212.99465430853621,0.059999999999999998,0.27682291666666659
,160.39827846796879,213.79461049599485,0.059999999999999998,0.27682291666666659
,160.49827739453121,214.69612463627274,0.059999999999999998,0.27784016927083327
,160.59827632109386,214.48337926289949,0.059999999999999998,0.2788574218749999
,160.69827524765628,214.31116975410899,0.059999999999999998,0.2788574218749999
,160.7982741742187,213.23765280757655,0.059999999999999998,0.27784016927083327
,160.89827310078135,211.95204356884156,0.059999999999999998,0.27682291666666659
,160.99827202734377,212.52897076529507,0.059999999999999998,0.27682291666666659
,161.09827095390619,212.8326679581493,0.059999999999999998,0.27682291666666659
,161.19826987968759,212.87316359814594,0.059999999999999998,0.2758056640624999
,161.29826880546875,213.19715147483365,0.059999999999999998,0.2758056640624999
,161.39826773124992,214.09845631380455,0.059999999999999998,0.27784016927083327
,161.49826665703131,214.91901971812459,0.059999999999999998,0.2788574218749999
,161.59826558281247,214.52390082862092,0.059999999999999998,0.2788574218749999
,161.69826450859387,213.94652892063323,0.059999999999999998,0.2788574218749999
,161.79826343359377,213.41991665050222,0.059999999999999998,0.27784016927083327
,161.89826235937494,212.14433847469357,0.059999999999999998,0.2758056640624999
,161.99826128515633,212.50872554594355,0.059999999999999998,0.27682291666666659
,162.09826021484378,213.20727674862172,0.059999999999999998,0.2758056640624999
,162.19825914453122,213.15665077556727,0.059999999999999998,0.2758056640624999
,162.29825807499992,213.46042147156777,0.059999999999999998,0.2758056640624999
,162.39825700546885,214.36181840926201,0.059999999999999998,0.27682291666666659
,162.49825593515629,215.40540383339209,0.059999999999999998,0.2788574218749999
,162.59825486562499,215.04060705074372,0.059999999999999998,0.2788574218749999
,162.6982537960937,214.47324897159271,0.059999999999999998,0.2788574218749999
,162.79825272656262,213.79461049599485,0.059999999999999998,0.2788574218749999
,162.89825165625007,212.27591682519852,0.059999999999999998,0.27682291666666659
,162.99825058671877,213.07565127651893,0.059999999999999998,0.27682291666666659
,163.09824951328119,213.6629551065526,0.059999999999999998,0.27682291666666659
,163.19824843984384,213.63257404813174,0.059999999999999998,0.27682291666666659
,163.29824736640626,213.96678538794581,0.059999999999999998,0.27682291666666659
,163.39824629218742,214.94941600844595,0.059999999999999998,0.27784016927083327
,163.49824521875007,216.20611362236932,0.059999999999999998,0.2788574218749999
,163.59824414531249,215.46620837750118,0.059999999999999998,0.27987467447916659
,163.69824307187514,214.85822822260175,0.059999999999999998,0.27987467447916659
,163.79824199843756,214.49350959425223,0.059999999999999998,0.2788574218749999
,163.89824092421873,213.18702624063783,0.059999999999999998,0.27784016927083327
,163.99823985078137,213.45029520677917,0.059999999999999998,0.27784016927083327
,164.09823877656254,214.02755574681183,0.059999999999999998,0.27784016927083327
,164.1982377023437,214.02755574681183,0.059999999999999998,0.27682291666666659
,164.2982366281251,214.73664956947226,0.059999999999999998,0.27682291666666659
,164.39823555390626,215.45607418590308,0.059999999999999998,0.2788574218749999
,164.49823447968743,216.83469618932685,0.059999999999999998,0.27987467447916659
,164.59823340546882,216.59135534064851,0.059999999999999998,0.27987467447916659
,164.69823233124998,216.09460723433261,0.059999999999999998,0.28089192708333327
,164.79823125703138,215.55741791906146,0.059999999999999998,0.28089192708333327
,164.89823018281254,214.08832754166542,0.059999999999999998,0.2788574218749999
,164.9982291085937,214.58468437906569,0.059999999999999998,0.2788574218749999
,165.09822803359384,214.78730663896408,0.059999999999999998,0.2788574218749999
,165.19822695859375,214.84809644730544,0.059999999999999998,0.2788574218749999
,165.29822588359389,215.48647688181958,0.059999999999999998,0.2788574218749999
,165.3982248085938,216.67246634827055,0.059999999999999998,0.27987467447916659
,165.4982237335937,217.72714734704496,0.059999999999999998,0.28089192708333327
,165.59822265859384,217.27074067676,0.059999999999999998,0.2819091796874999
,165.69822158359375,216.88539515608099,0.059999999999999998,0.2819091796874999
,165.79822050859389,216.03378763763291,0.059999999999999998,0.28089192708333327
,165.89821943437505,215.16220017697646,0.059999999999999998,0.27987467447916659
,165.99821836328124,216.23652530806146,0.059999999999999998,0.28089192708333327
,166.09821729218743,216.85497565360652,0.059999999999999998,0.28089192708333327
,166.19821622109384,216.98679615112542,0.059999999999999998,0.28089192708333327
,166.29821515000003,217.39244100701953,0.059999999999999998,0.28089192708333327
,166.39821407890622,218.27494513086592,0.059999999999999998,0.2819091796874999
,166.49821300781264,219.31000253222692,0.059999999999999998,0.28292643229166659
,166.59821193671883,218.91419447249518,0.059999999999999998,0.28394368489583327
,166.69821086640627,218.52859588881969,0.059999999999999998,0.2849609374999999
,166.79820979531246,218.08218778502322,0.059999999999999998,0.2849609374999999
,166.89820872343762,216.99693647523139,0.059999999999999998,0.28394368489583327
,166.99820764921878,217.24031651531047,0.059999999999999998,0.28292643229166659
,167.09820657499995,218.48801003472266,0.059999999999999998,0.28394368489583327
,167.1982055015626,218.67065158115454,0.059999999999999998,0.28394368489583327
,167.29820442734376,219.26940393204143,0.059999999999999998,0.2849609374999999
,167.39820335312493,220.41657046704239,0.059999999999999998,0.28699544270833327
,167.49820227968758,221.45252378201269,0.059999999999999998,0.2880126953124999
,167.59820120546874,221.0259019815326,0.059999999999999998,0.28902994791666659
,167.69820013125013,220.06119655423561,0.059999999999999998,0.28902994791666659
,167.79819905781255,219.01567771101421,0.059999999999999998,0.28902994791666659
,167.89819798437497,218.45757107753053,0.059999999999999998,0.2880126953124999
,167.99819691250013,219.33030208125763,0.059999999999999998,0.2880126953124999
,168.09819583984381,219.94951816043906,0.059999999999999998,0.28902994791666659
,168.19819476718749,219.83784480667097,0.059999999999999998,0.2880126953124999
,168.29819369531242,220.24395389698145,0.059999999999999998,0.28902994791666659
,168.39819262265632,221.19857331856986,0.059999999999999998,0.29004720052083327
,168.49819155078126,222.52956581303135,0.059999999999999998,0.29208170572916659
,168.59819047812493,222.43810044738794,0.059999999999999998,0.29208170572916659
,168.69818940546884,221.48299960119775,0.059999999999999998,0.29208170572916659
,168.79818833359377,221.15794367841514,0.059999999999999998,0.29208170572916659
,168.89818726484373,219.88860479743701,0.059999999999999998,0.2910644531249999
,168.99818619531243,220.22364685822387,0.059999999999999998,0.2910644531249999
,169.09818512578136,220.62981936693464,0.059999999999999998,0.2910644531249999
,169.19818405625006,220.40641621713803,0.059999999999999998,0.2910644531249999
,169.29818298750001,220.58919910774023,0.059999999999999998,0.2910644531249999
,169.39818191796871,221.85889914641751,0.059999999999999998,0.29208170572916659
,169.49818084843764,223.2309140527974,0.059999999999999998,0.29309895833333327
,169.59817977890634,222.82431082685599,0.059999999999999998,0.2941162109374999
,169.6981787101563,222.13324058410731,0.059999999999999998,0.2941162109374999
,169.798177640625,221.6049066597387,0.059999999999999998,0.2941162109374999
,169.89817657187496,220.48765138598344,0.059999999999999998,0.29208170572916659
,169.99817550390617,221.74713921295597,0.059999999999999998,0.29309895833333327
,170.09817443515635,222.2145328356936,0.059999999999999998,0.29309895833333327
,170.19817336640631,221.88938001215524,0.059999999999999998,0.29309895833333327
,170.29817229765627,221.77761868982907,0.059999999999999998,0.29208170572916659
,170.39817122890622,222.8141466138247,0.059999999999999998,0.29309895833333327
,170.49817016015618,224.21720868941614,0.059999999999999998,0.29513346354166659
,170.59816909140636,224.08500167146738,0.059999999999999998,0.29513346354166659
,170.69816802265632,223.24108000163793,0.059999999999999998,0.29513346354166659
,170.79816695390628,222.11291794279617,0.059999999999999998,0.2941162109374999
,170.89816588359372,220.91417992418283,0.059999999999999998,0.29309895833333327
,170.99816481250014,221.57442932771193,0.059999999999999998,0.29208170572916659
,171.09816374218758,222.17388637259779,0.059999999999999998,0.29309895833333327
,171.19816267187502,221.87921968147671,0.059999999999999998,0.29208170572916659
,171.29816160156247,222.19420951981147,0.059999999999999998,0.29208170572916659
,171.39816053125014,222.58038138324611,0.059999999999999998,0.29208170572916659
,171.49815946093759,223.45457471976579,0.059999999999999998,0.29309895833333327
,171.59815839062503,223.66808814489747,0.059999999999999998,0.2941162109374999
,171.69815732031248,223.47490852543098,0.059999999999999998,0.29309895833333327
,171.79815624843764,223.05809940452255,0.059999999999999998,0.29309895833333327
,171.89815517734382,221.80809854540414,0.059999999999999998,0.29208170572916659
,171.99815410546876,222.36696308283888,0.059999999999999998,0.29208170572916659
,172.09815303437495,222.72267059955109,0.059999999999999998,0.29208170572916659
,172.19815196250011,222.9157906477258,0.059999999999999998,0.2910644531249999
,172.29815089140629,223.04793421815887,0.059999999999999998,0.2910644531249999
,172.39814981953123,223.76976778466664,0.059999999999999998,0.29208170572916659
,172.49814874843742,225.01060197875245,0.059999999999999998,0.29309895833333327
,172.59814767656258,224.67490393249048,0.059999999999999998,0.29309895833333327
,172.69814660546876,224.1968686801342,0.059999999999999998,0.29309895833333327
,172.79814553437495,223.73926344679541,0.059999999999999998,0.29208170572916659
,172.89814446250011,222.14340196799319,0.059999999999999998,0.2910644531249999
,172.99814339062505,222.34663850139995,0.059999999999999998,0.2910644531249999
,173.09814231953123,222.9157906477258,0.059999999999999998,0.29004720052083327
,173.19814124765617,222.9666142513546,0.059999999999999998,0.29004720052083327
,173.29814017656258,223.55624544518307,0.059999999999999998,0.29004720052083327
,173.39813910468752,224.43078906784467,0.059999999999999998,0.29004720052083327
,173.4981380335937,225.54985071551715,0.059999999999999998,0.2910644531249999
,173.59813696171886,225.21407796509666,0.059999999999999998,0.2910644531249999
,173.69813589218757,224.63421641678192,0.059999999999999998,0.2910644531249999
,173.79813482343752,223.63758508101893,0.059999999999999998,0.2910644531249999
,173.89813375546873,222.66168849255195,0.059999999999999998,0.28902994791666659
,173.99813268671869,223.18008494420505,0.059999999999999998,0.28902994791666659
,174.09813161875013,223.79010422230448,0.059999999999999998,0.28902994791666659
,174.19813055000009,223.45457471976579,0.059999999999999998,0.2880126953124999
,174.2981294820313,223.90195766721007,0.059999999999999998,0.28902994791666659
,174.39812841328126,224.75628101072152,0.059999999999999998,0.29004720052083327
,174.49812734453121,225.91620139952815,0.059999999999999998,0.29004720052083327
,174.59812627656243,225.56002637436504,0.059999999999999998,0.29004720052083327
,174.6981252062501,224.69524794617573,0.059999999999999998,0.29004720052083327
,174.7981241367188,223.85111455485693,0.059999999999999998,0.28902994791666659
,174.8981230671875,222.25517997353168,0.059999999999999998,0.2880126953124999
,174.99812199687494,222.97677909904695,0.059999999999999998,0.28699544270833327
,175.09812092734387,223.49524250078986,0.059999999999999998,0.28699544270833327
,175.19811985781257,223.45457471976579,0.059999999999999998,0.28597819010416659
,175.29811878750002,224.43078906784467,0.059999999999999998,0.28597819010416659
,175.39811771796872,225.22425221296166,0.059999999999999998,0.28699544270833327
,175.49811664843742,225.92637859960851,0.059999999999999998,0.2880126953124999
,175.59811557812509,225.75337202333023,0.059999999999999998,0.2880126953124999
,175.69811450703128,224.89869746678912,0.059999999999999998,0.2880126953124999
,175.79811343593747,224.09517118681032,0.059999999999999998,0.28699544270833327
,175.89811236562514,222.8751325265012,0.059999999999999998,0.28597819010416659
,175.99811129453133,223.37324119373298,0.059999999999999998,0.2849609374999999
,176.09811022343752,224.06466276838842,0.059999999999999998,0.2849609374999999
,176.1981091523437,223.82060919738433,0.059999999999999998,0.28394368489583327
,176.29810808125012,223.98330885722839,0.059999999999999998,0.29004720052083327
,176.39810701015631,224.89869746678912,0.059999999999999998,0.2819091796874999
,176.4981059390625,226.02815295690795,0.059999999999999998,0.2849609374999999
,176.59810486718743,225.5803778204158,0.059999999999999998,0.2849609374999999
,176.69810379375008,224.80714307079782,0.059999999999999998,0.2849609374999999
,176.7981027203125,224.27822973875715,0.059999999999999998,0.28394368489583327
,176.89810164765618,222.98694398906622,0.059999999999999998,0.28292643229166659
,176.99810057421882,223.15975359734935,0.059999999999999998,0.2819091796874999
,177.09809950078125,223.90195766721007,0.059999999999999998,0.2819091796874999
,177.19809842812492,223.63758508101893,0.059999999999999998,0.28089192708333327
,177.29809735468757,223.93246404464324,0.059999999999999998,0.28089192708333327
,177.39809628124999,225.20390375996098,0.059999999999999998,0.2819091796874999
,177.49809520859367,226.14010969986862,0.059999999999999998,0.28292643229166659
,177.59809413828134,225.46844698478282,0.059999999999999998,0.28292643229166659
,177.6980930695313,225.08181663061868,0.059999999999999998,0.28292643229166659
,177.798092,224.30874083810804,0.059999999999999998,0.2819091796874999
,177.8980909304687,223.01743891310539,0.059999999999999998,0.28089192708333327
,177.99808986093763,223.21058228224433,0.059999999999999998,0.28089192708333327
,178.09808879140633,223.58674749027779,0.059999999999999998,0.27987467447916659
,178.19808772187503,223.6172499173735,0.059999999999999998,0.27987467447916659
,178.29808665234373,224.14601940163243,0.059999999999999998,0.27987467447916659
,178.39808558281243,225.0004286278548,0.059999999999999998,0.28089192708333327
,178.49808451328136,225.67196144581578,0.059999999999999998,0.2819091796874999
,178.59808344062503,225.336171760083,0.059999999999999998,0.2819091796874999
,178.69808236796871,224.64438823175567,0.059999999999999998,0.2819091796874999
,178.79808129531261,223.96297080465374,0.059999999999999998,0.28089192708333327
,178.89808022265629,222.64136146168426,0.059999999999999998,0.27987467447916659
,178.99807914999997,223.24108000163793,0.059999999999999998,0.27987467447916659
,179.09807807734387,223.80027250484613,0.059999999999999998,0.27987467447916659
,179.19807700390629,223.63758508101893,0.059999999999999998,0.2788574218749999
,179.29807593124997,223.94263292213569,0.059999999999999998,0.2788574218749999
,179.39807485859387,225.31582236683818,0.059999999999999998,0.27987467447916659
,179.49807378828132,226.58798856737283,0.059999999999999998,0.2819091796874999
,179.59807271875002,226.11975354262589,0.059999999999999998,0.2819091796874999
,179.69807164999997,225.11233783628711,0.059999999999999998,0.2819091796874999
,179.79807058124993,223.83077760738462,0.059999999999999998,0.28089192708333327
,179.89806951171886,222.19420951981147,0.059999999999999998,0.2788574218749999
,179.99806844296882,223.18008494420505,0.059999999999999998,0.27987467447916659
,180.09806737343752,224.35959352190562,0.059999999999999998,0.27987467447916659
,180.19806630468747,223.87145167230403,0.059999999999999998,0.2788574218749999
,180.29806523593743,224.48164430711981,0.059999999999999998,0.27987467447916659
,180.39806416640636,224.78679811879312,0.059999999999999998,0.27987467447916659
,180.49806309296878,225.88567005631637,0.059999999999999998,0.28089192708333327
,180.5980620195312,225.79407833958399,0.059999999999999998,0.2819091796874999
,180.69806094609385,225.34634652082809,0.059999999999999998,0.2819091796874999
,180.79805987187501,224.60370122764982,0.059999999999999998,0.28089192708333327
,180.89805879843743,222.97677909904695,0.059999999999999998,0.27987467447916659
,180.99805772421882,223.56641275110661,0.059999999999999998,0.27987467447916659
,181.09805665078125,224.15618917223114,0.059999999999999998,0.27987467447916659
,181.19805557734367,223.93246404464324,0.059999999999999998,0.2788574218749999
,181.29805450312506,224.35959352190562,0.059999999999999998,0.2788574218749999
,181.39805342890622,225.56002637436504,0.059999999999999998,0.28089192708333327
,181.4980523531251,226.4047553540176,0.059999999999999998,0.28089192708333327
,181.59805127812501,226.08921962828057,0.059999999999999998,0.28089192708333327
,181.69805020234367,225.6617853162515,0.059999999999999998,0.2819091796874999
,181.79804912656255,224.63421641678192,0.059999999999999998,0.28089192708333327
,181.8980480507812,223.19025068118205,0.059999999999999998,0.2788574218749999
,181.99804697500008,223.73926344679541,0.059999999999999998,0.2788574218749999
,182.09804589921873,224.31891128970815,0.059999999999999998,0.2788574218749999
,182.19804482421887,224.28840006263434,0.059999999999999998,0.2788574218749999
,182.29804374843752,224.84783348676581,0.059999999999999998,0.2788574218749999
,182.39804267499994,225.75337202333023,0.059999999999999998,0.27987467447916659
,182.49804160234385,226.52690928426361,0.059999999999999998,0.28089192708333327
,182.59804052968752,226.3945761387877,0.059999999999999998,0.28089192708333327
,182.69803945624994,225.83478534096869,0.059999999999999998,0.28089192708333327
,182.79803838359385,225.21407796509666,0.059999999999999998,0.28089192708333327
,182.89803731093753,223.87145167230403,0.059999999999999998,0.27987467447916659
,182.9980362382812,223.98330885722839,0.059999999999999998,0.27987467447916659
,183.09803516562511,224.67490393249048,0.059999999999999998,0.27987467447916659
,183.19803409296878,224.95973565119087,0.059999999999999998,0.2788574218749999
,183.29803302031246,225.25477521294917,0.059999999999999998,0.2788574218749999
,183.39803195000013,225.97726524265278,0.059999999999999998,0.28089192708333327
,183.49803087968758,227.24977994232952,0.059999999999999998,0.2819091796874999
,183.59802980937502,226.76105493142055,0.059999999999999998,0.2819091796874999
,183.69802873984372,226.17064425728142,0.059999999999999998,0.2819091796874999
,183.79802766953117,226.09939755686187,0.059999999999999998,0.28292643229166659
,183.89802659921884,224.77662570677956,0.059999999999999998,0.28089192708333327
,183.99802552890628,225.09199032313151,0.059999999999999998,0.28089192708333327
,184.09802445859373,225.3259970420869,0.059999999999999998,0.28089192708333327
,184.19802338906243,225.74319555130677,0.059999999999999998,0.28089192708333327
,184.29802231796884,226.14010969986862,0.059999999999999998,0.28089192708333327
,184.39802124296875,227.21923172638381,0.059999999999999998,0.2819091796874999
,184.49802016718763,227.98305337795927,0.059999999999999998,0.28292643229166659
,184.59801909218754,227.6265731231525,0.059999999999999998,0.28394368489583327
,184.69801801640619,226.99522330505147,0.059999999999999998,0.28394368489583327
,184.79801694062508,225.97726524265278,0.059999999999999998,0.28292643229166659
,184.89801586562498,224.56301490558332,0.059999999999999998,0.28089192708333327
,184.99801478984386,225.17338140091343,0.059999999999999998,0.28089192708333327
,185.09801371484377,226.22153604386608,0.059999999999999998,0.2819091796874999
,185.19801263906243,226.31314396157472,0.059999999999999998,0.28089192708333327
,185.29801156484382,226.81195916575865,0.059999999999999998,0.2819091796874999
,185.39801049296875,227.99323930397375,0.059999999999999998,0.28292643229166659
,185.49800942031243,228.46183853204019,0.059999999999999998,0.28394368489583327
,185.59800834843759,228.34977388824419,0.059999999999999998,0.28394368489583327
,185.69800727656252,227.75897391237808,0.059999999999999998,0.28394368489583327
,185.7980062039062,227.3006944961258,0.059999999999999998,0.28394368489583327
,185.89800513203136,225.6617853162515,0.059999999999999998,0.2819091796874999
,185.99800405937503,226.25207163042049,0.059999999999999998,0.2819091796874999
,186.09800298749997,227.13777171010068,0.059999999999999998,0.2819091796874999
,186.19800191562513,227.16831889357923,0.059999999999999998,0.2819091796874999
,186.29800083984378,227.88119648911359,0.059999999999999998,0.2819091796874999
,186.39799976406243,229.03243047059331,0.059999999999999998,0.28394368489583327
,186.49799868750006,229.8579908854673,0.059999999999999998,0.2849609374999999
,186.59799761171871,229.34835215487681,0.059999999999999998,0.2849609374999999
,186.69799653515634,228.78787447725054,0.059999999999999998,0.2849609374999999
,186.79799545937499,228.20715371270981,0.059999999999999998,0.2849609374999999
,186.89799438281261,226.82214014152547,0.059999999999999998,0.28394368489583327
,186.99799330703127,228.0237973407385,0.059999999999999998,0.28394368489583327
,187.09799223046889,228.85920073704341,0.059999999999999998,0.28394368489583327
,187.19799115468754,228.61466237450409,0.059999999999999998,0.28394368489583327
,187.29799008124996,228.59428530078421,0.059999999999999998,0.28394368489583327
,187.39798900703136,229.65412240547568,0.059999999999999998,0.2849609374999999
,187.49798793359378,230.82660289204048,0.059999999999999998,0.28597819010416659
,187.5979868601562,230.93878325266166,0.059999999999999998,0.28699544270833327
,187.69798578593759,230.32695415279784,0.059999999999999998,0.28699544270833327
,187.79798471250001,229.34835215487681,0.059999999999999998,0.28699544270833327
,187.89798363828118,228.08491457862186,0.059999999999999998,0.28597819010416659
,187.99798256484382,228.68598349307638,0.059999999999999998,0.28597819010416659
,188.09798149062499,229.86818476420791,0.059999999999999998,0.28597819010416659
,188.19798041718764,229.42988707981954,0.059999999999999998,0.28597819010416659
,188.29797934140629,229.98032028937919,0.059999999999999998,0.28699544270833327
,188.3979782664062,230.84699893065658,0.059999999999999998,0.2880126953124999
,188.49797719062508,231.82621303151552,0.059999999999999998,0.28902994791666659
,188.59797611562499,231.7752024141121,0.059999999999999998,0.28902994791666659
,188.69797503984387,231.39775760903916,0.059999999999999998,0.29004720052083327
,188.79797396484378,230.92858482105629,0.059999999999999998,0.29004720052083327
,188.89797288906243,229.34835215487681,0.059999999999999998,0.2880126953124999
,188.99797181406257,229.73566771885066,0.059999999999999998,0.2880126953124999
,189.09797073828122,230.24538873605698,0.059999999999999998,0.28902994791666659
,189.19796966484387,230.39832616858931,0.059999999999999998,0.2880126953124999
,189.29796859140629,231.9384402147447,0.059999999999999998,0.29004720052083327
,189.39796751796871,232.21392923936901,0.059999999999999998,0.2910644531249999
,189.49796644453136,233.13245500419015,0.059999999999999998,0.29208170572916659
,189.59796537109378,233.51017340998285,0.059999999999999998,0.29309895833333327
,189.6979642976562,232.89768711445777,0.059999999999999998,0.29309895833333327
,189.79796322421885,231.91803488112612,0.059999999999999998,0.29208170572916659
,189.89796215078127,230.68383548165039,0.059999999999999998,0.2910644531249999
,189.99796107734369,231.17335916053625,0.059999999999999998,0.2910644531249999
,190.09796000390634,231.88742720671854,0.059999999999999998,0.29208170572916659
,190.19795893203127,231.69358768619787,0.059999999999999998,0.2910644531249999
,190.29795786093746,232.264949204007,0.059999999999999998,0.29208170572916659
,190.39795678906262,232.93851465870284,0.059999999999999998,0.29208170572916659
,190.49795571718755,234.11260446926525,0.059999999999999998,0.2941162109374999
,190.59795464531248,233.85731855930575,0.059999999999999998,0.2941162109374999
,190.69795357343742,233.3978725225198,0.059999999999999998,0.2941162109374999
,190.79795250156258,232.81603411496386,0.059999999999999998,0.2941162109374999
,190.89795142968751,231.74459656520537,0.059999999999999998,0.29309895833333327
,190.9979503585937,232.28535749428491,0.059999999999999998,0.29309895833333327
,191.09794928437509,232.52006533714572,0.059999999999999998,0.29309895833333327
,191.19794820859374,232.75479619309573,0.059999999999999998,0.29208170572916659
,191.29794713203137,233.25495174015225,0.059999999999999998,0.29208170572916659
,191.39794605625002,234.02069840514821,0.059999999999999998,0.29309895833333327
,191.49794497968742,234.98078025938526,0.059999999999999998,0.2941162109374999
,191.59794390312504,234.74583103297607,0.059999999999999998,0.29513346354166659
,191.6979428273437,234.14324060815426,0.059999999999999998,0.29513346354166659
,191.79794175078132,233.79605399205536,0.059999999999999998,0.29513346354166659
,191.89794067499997,232.6017082417562,0.059999999999999998,0.29309895833333327
,191.9979395984376,233.06100146978574,0.059999999999999998,0.29309895833333327
,192.09793852265625,233.70416008123127,0.059999999999999998,0.29309895833333327
,192.19793744687513,233.70416008123127,0.059999999999999998,0.29309895833333327
,192.29793637109378,234.21472645709326,0.059999999999999998,0.29309895833333327
,192.39793529531244,235.12380412048881,0.059999999999999998,0.2941162109374999
,192.49793421953132,236.17631375441985,0.059999999999999998,0.29513346354166659
,192.59793314374997,235.67554761459937,0.059999999999999998,0.29615071614583327
,192.69793206796885,235.17488614127467,0.059999999999999998,0.29615071614583327
,192.7979309921875,234.50069120262827,0.059999999999999998,0.29615071614583327
,192.89792991640638,232.89768711445777,0.059999999999999998,0.2941162109374999
,192.99792884062504,233.66331947549534,0.059999999999999998,0.2941162109374999
,193.09792776562495,234.22493889550177,0.059999999999999998,0.2941162109374999
,193.19792668984383,234.10239251010194,0.059999999999999998,0.2941162109374999
,193.29792561406248,234.18408940328155,0.059999999999999998,0.2941162109374999
,193.39792453906261,234.8990561743062,0.059999999999999998,0.2941162109374999
,193.49792346328127,236.03322703387349,0.059999999999999998,0.29513346354166659
,193.59792238749992,235.79817454238753,0.059999999999999998,0.29513346354166659
,193.69792131250006,235.35879043900266,0.059999999999999998,0.29513346354166659
,193.79792023671871,234.91948693406758,0.059999999999999998,0.29513346354166659
,193.89791916171885,233.57143066035701,0.059999999999999998,0.29309895833333327
,193.99791808750001,234.16366491858238,0.059999999999999998,0.29309895833333327
,194.09791701718746,234.57218772689072,0.059999999999999998,0.29309895833333327
,194.19791594687513,234.52111856310441,0.059999999999999998,0.29309895833333327
,194.29791487656257,234.75604573732133,0.059999999999999998,0.29208170572916659
,194.39791380703127,235.31792159677445,0.059999999999999998,0.29309895833333327
,194.49791273671872,236.4216251544068,0.059999999999999998,0.29309895833333327
,194.59791166640639,236.25808143104723,0.059999999999999998,0.2941162109374999
,194.69791059609383,235.89014885783874,0.059999999999999998,0.2941162109374999
,194.79790952578128,235.22596925176873,0.059999999999999998,0.29309895833333327
,194.89790845624998,233.74500138382453,0.059999999999999998,0.29208170572916659
,194.99790738593742,234.00027531455243,0.059999999999999998,0.2910644531249999
,195.0979063156251,234.61304384231903,0.059999999999999998,0.2910644531249999
,195.1979052460938,234.32706567594869,0.059999999999999998,0.29004720052083327
,195.29790417578124,234.78669011184732,0.059999999999999998,0.28902994791666659
,195.39790310624994,235.44053021581058,0.059999999999999998,0.29004720052083327
,195.49790203593761,236.70785352395242,0.059999999999999998,0.2910644531249999
,195.59790096640631,236.31940901948175,0.059999999999999998,0.2910644531249999
,195.69789989609376,235.63467336698969,0.059999999999999998,0.29004720052083327
,195.79789882656246,234.78669011184732,0.059999999999999998,0.28902994791666659
,195.89789775625013,233.37745474541188,0.059999999999999998,0.2880126953124999
,195.9978966820313,234.59261569744837,0.059999999999999998,0.2880126953124999
,196.09789560703121,234.83776494103608,0.059999999999999998,0.28699544270833327
,196.1978945328126,234.84798003762234,0.059999999999999998,0.28597819010416659
,196.29789345859376,235.29748743720123,0.059999999999999998,0.28597819010416659
,196.39789238437493,236.002566705416,0.059999999999999998,0.28699544270833327
,196.49789130937506,237.0043403640075,0.059999999999999998,0.2880126953124999
,196.59789023515623,236.30918764575694,0.059999999999999998,0.2880126953124999
,196.69788916093762,235.79817454238753,0.059999999999999998,0.2880126953124999
,196.79788808593753,235.34857316306011,0.059999999999999998,0.28699544270833327
,196.89788701171869,233.71437034154832,0.059999999999999998,0.2849609374999999
,196.99788593515632,234.09218059450467,0.059999999999999998,0.28394368489583327
,197.09788485937497,234.61304384231903,0.059999999999999998,0.28394368489583327
,197.1978837828126,234.35770455972607,0.059999999999999998,0.28292643229166659
,197.29788270703125,235.03185922908312,0.059999999999999998,0.28292643229166659
,197.39788163046887,235.60401813900813,0.059999999999999998,0.28394368489583327
,197.49788055468753,236.81008622422252,0.059999999999999998,0.2849609374999999
,197.59787947812492,236.64651599620379,0.059999999999999998,0.2849609374999999
,197.6978784023438,235.61423650474254,0.059999999999999998,0.2849609374999999
,197.7978773257812,235.17488614127467,0.059999999999999998,0.28394368489583327
,197.89787625390636,233.76542229644957,0.059999999999999998,0.2819091796874999
,197.99787518437506,234.5109048610781,0.059999999999999998,0.28292643229166659
,198.09787411406251,235.26683652476493,0.059999999999999998,0.28292643229166659
,198.19787304453121,235.06250713393618,0.059999999999999998,0.2819091796874999
,198.29787197421888,235.42009501006257,0.059999999999999998,0.2819091796874999
,198.39787090468758,236.10476932608117,0.059999999999999998,0.28292643229166659
,198.49786983437502,236.88165170809046,0.059999999999999998,0.28394368489583327
,198.59786876484372,236.40118157866962,0.059999999999999998,0.28394368489583327
,198.69786769453117,236.07410808213942,0.059999999999999998,0.2849609374999999
,198.7978666250001,235.32813874194611,0.059999999999999998,0.28394368489583327
,198.89786555156252,233.83689686265788,0.059999999999999998,0.28292643229166659
,198.99786447812494,234.16366491858238,0.059999999999999998,0.2819091796874999
,199.09786340468759,234.70497265140673,0.059999999999999998,0.28292643229166659
,199.19786233125001,234.30663997129119,0.059999999999999998,0.2819091796874999
,199.29786125781243,234.80711991277508,0.059999999999999998,0.2819091796874999
,199.39786018437508,235.32813874194611,0.059999999999999998,0.28292643229166659
,199.4978591109375,236.14565159499335,0.059999999999999998,0.28394368489583327
,199.59785803749992,235.68576628548459,0.059999999999999998,0.28292643229166659
,199.69785696406257,234.86841036154482,0.059999999999999998,0.28292643229166659
,199.79785589062499,234.16366491858238,0.059999999999999998,0.2819091796874999
,199.89785481640638,232.40781088932133,0.059999999999999998,0.27987467447916659
,199.99785374218754,233.23453518214339,0.059999999999999998,0.27987467447916659
,200.09785266796871,234.28621444091985,0.059999999999999998,0.27987467447916659
,200.1978515937501,234.38834383565887,0.059999999999999998,0.27987467447916659
,200.29785051953127,234.6845437221063,0.059999999999999998,0.27987467447916659
,200.39784944531243,235.89014885783874,0.059999999999999998,0.28089192708333327
,200.49784837109382,236.73852287632073,0.059999999999999998,0.2819091796874999
,200.59784729687499,236.93277121856806,0.059999999999999998,0.28292643229166659
,200.69784622265638,236.22741822535369,0.059999999999999998,0.28292643229166659
,200.79784515078131,235.15445320219627,0.059999999999999998,0.2819091796874999
,200.8978440796875,233.73479099284464,0.059999999999999998,0.28089192708333327
,200.99784300859369,234.25557647214481,0.059999999999999998,0.28089192708333327
,201.09784193750011,234.71518718142769,0.059999999999999998,0.28089192708333327
,201.1978408664063,234.60282974809448,0.059999999999999998,0.28089192708333327
,201.29783979531248,235.01142751044617,0.059999999999999998,0.28089192708333327
,201.39783872421867,235.58358153831736,0.059999999999999998,0.2819091796874999
,201.49783765312509,236.21719724397801,0.059999999999999998,0.2819091796874999
,201.59783658203128,235.87992931507907,0.059999999999999998,0.28292643229166659
,201.69783551093747,235.62445491406967,0.059999999999999998,0.28292643229166659
,201.79783443984388,235.03185922908312,0.059999999999999998,0.2819091796874999
,201.89783336953133,233.42849951475117,0.059999999999999998,0.28089192708333327
,201.99783229843752,233.67352956160016,0.059999999999999998,0.27987467447916659
,202.0978312273437,234.36791760813051,0.059999999999999998,0.27987467447916659
,202.19783015625012,234.6232579801223,0.059999999999999998,0.27987467447916659
,202.29782908515631,235.20553587680504,0.059999999999999998,0.27987467447916659
,202.39782801484375,236.002566705416,0.059999999999999998,0.28089192708333327
,202.49782694374994,237.14748506242566,0.059999999999999998,0.2819091796874999
,202.59782587265636,236.82030973400242,0.059999999999999998,0.28292643229166659
,202.69782480078129,236.41140334474127,0.059999999999999998,0.28292643229166659
,202.7978237257812,235.46096559592394,0.059999999999999998,0.2819091796874999
,202.89782265078134,233.81647534024196,0.059999999999999998,0.28089192708333327
,202.9978215765625,234.25557647214481,0.059999999999999998,0.28089192708333327
,203.09782050156264,235.09315543107007,0.059999999999999998,0.28089192708333327
,203.1978194273438,234.83776494103608,0.059999999999999998,0.28089192708333327
,203.29781835234371,235.55292696422509,0.059999999999999998,0.28089192708333327
,203.39781727734385,236.68740750700042,0.059999999999999998,0.2819091796874999
,203.49781620312501,237.28041278906991,0.059999999999999998,0.28292643229166659
,203.59781512812492,236.93277121856806,0.059999999999999998,0.28292643229166659
,203.6978140523438,236.50340120110616,0.059999999999999998,0.28292643229166659
,203.7978129757812,236.21719724397801,0.059999999999999998,0.28292643229166659
,203.89781189843757,234.87862558888142,0.059999999999999998,0.2819091796874999
,203.99781082187496,235.29748743720123,0.059999999999999998,0.28089192708333327
,204.09780974531259,236.02300688079319,0.059999999999999998,0.2819091796874999
,204.19780866874999,235.89014885783874,0.059999999999999998,0.2819091796874999
,204.29780759218761,235.95146702987515,0.059999999999999998,0.28089192708333327
,204.39780651484375,236.56473506705748,0.059999999999999998,0.2819091796874999
,204.49780543828138,237.69969463528818,0.059999999999999998,0.28394368489583327
,204.59780436171877,237.4133478815892,0.059999999999999998,0.28394368489583327
,204.69780328593743,236.91232328360664,0.059999999999999998,0.28394368489583327
,204.79780221093756,235.79817454238753,0.059999999999999998,0.28292643229166659
,204.89780113515621,234.55175993064432,0.059999999999999998,0.2819091796874999
,204.99780006015635,235.32813874194611,0.059999999999999998,0.2819091796874999
,205.09779898515626,236.04344723054825,0.059999999999999998,0.2819091796874999
,205.19779791015617,236.06388775468119,0.059999999999999998,0.28089192708333327
,205.2977968351563,236.22741822535369,0.059999999999999998,0.2819091796874999
,205.39779575937496,237.16793500245956,0.059999999999999998,0.2819091796874999
,205.49779468437509,238.28272037203178,0.059999999999999998,0.28292643229166659
,205.59779361015626,238.11904973427235,0.059999999999999998,0.28394368489583327
,205.69779253515617,237.44402625663389,0.059999999999999998,0.28394368489583327
,205.79779146093756,236.91232328360664,0.059999999999999998,0.28292643229166659
,205.89779038593747,235.58358153831736,0.059999999999999998,0.2819091796874999
,205.99778931171886,236.21719724397801,0.059999999999999998,0.2819091796874999
,206.09778823671877,236.81008622422252,0.059999999999999998,0.2819091796874999
,206.19778716249994,236.39095985619193,0.059999999999999998,0.2819091796874999
,206.29778608750007,237.04523797750534,0.059999999999999998,0.2819091796874999
,206.39778501328124,237.98607555335934,0.059999999999999998,0.28292643229166659
,206.49778393906263,238.98867772575809,0.059999999999999998,0.28394368489583327
,206.59778286640631,238.51801645102773,0.059999999999999998,0.28394368489583327
,206.69778179531249,238.12927882239424,0.059999999999999998,0.28394368489583327
,206.79778072343743,237.13726015778929,0.059999999999999998,0.28394368489583327
,206.89777965234384,235.82883225519205,0.059999999999999998,0.2819091796874999
,206.99777858046878,236.29896631562639,0.059999999999999998,0.2819091796874999
,207.09777750937496,236.94299525143362,0.059999999999999998,0.2819091796874999
,207.19777643828138,237.12703529674019,0.059999999999999998,0.28089192708333327
,207.29777536640631,237.77128666209038,0.059999999999999998,0.2819091796874999
,207.3977742953125,238.65102007901126,0.059999999999999998,0.28292643229166659
,207.49777322343743,240.10430801445102,0.059999999999999998,0.28394368489583327
,207.59777215156259,239.8995664875504,0.059999999999999998,0.2849609374999999
,207.69777107968753,239.09100758598714,0.059999999999999998,0.2849609374999999
,207.7977700070312,238.46686316941134,0.059999999999999998,0.28394368489583327
,207.89776893515636,237.13726015778929,0.059999999999999998,0.28292643229166659
,207.99776786250004,237.46447872457526,0.059999999999999998,0.28292643229166659
,208.09776679062497,238.36455987293988,0.059999999999999998,0.28292643229166659
,208.19776571796888,238.63055750332813,0.059999999999999998,0.2819091796874999
,208.29776464609381,238.99891051586877,0.059999999999999998,0.28292643229166659
,208.39776357343749,239.80743847642401,0.059999999999999998,0.28394368489583327
,208.49776250000014,241.23069720378297,0.059999999999999998,0.2849609374999999
,208.59776142421879,240.83128088186524,0.059999999999999998,0.2849609374999999
,208.69776034843744,240.17597165844347,0.059999999999999998,0.28597819010416659
,208.79775927265632,239.49013563308637,0.059999999999999998,0.28597819010416659
,208.89775819765623,238.27249063044405,0.059999999999999998,0.28394368489583327
,208.99775712187511,238.54870894265542,0.059999999999999998,0.28394368489583327
,209.09775604609376,239.11147408044744,0.059999999999999998,0.28394368489583327
,209.19775497031242,238.98867772575809,0.059999999999999998,0.28394368489583327
,209.29775389531255,239.62319302522621,0.059999999999999998,0.28394368489583327
,209.39775281953121,240.92344801597974,0.059999999999999998,0.2849609374999999
,209.49775174609385,242.26538990145895,0.059999999999999998,0.28597819010416659
,209.59775067500004,241.71213281757045,0.059999999999999998,0.28699544270833327
,209.69774960312498,240.92344801597974,0.059999999999999998,0.28699544270833327
,209.79774853125014,239.98146101073982,0.059999999999999998,0.28597819010416659
,209.89774745937507,238.5589398603056,0.059999999999999998,0.2849609374999999
,209.99774638828126,239.40825781628396,0.059999999999999998,0.28394368489583327
,210.09774531640619,240.30906693541885,0.059999999999999998,0.2849609374999999
,210.19774424453135,240.48312569092462,0.059999999999999998,0.28394368489583327
,210.29774317265628,241.11803463032905,0.059999999999999998,0.2849609374999999
,210.39774210156247,241.95800924522177,0.059999999999999998,0.28597819010416659
,210.49774102968763,243.09551242736762,0.059999999999999998,0.28699544270833327
,210.59773995781256,243.20826701856828,0.059999999999999998,0.2880126953124999
,210.6977388859375,242.84952058275553,0.059999999999999998,0.2880126953124999
,210.79773781406243,242.08095682588009,0.059999999999999998,0.2880126953124999
,210.89773674218759,240.36025938295393,0.059999999999999998,0.28699544270833327
,210.99773567031252,240.86200286894731,0.059999999999999998,0.28597819010416659
,211.0977345976562,241.90678292940967,0.059999999999999998,0.28699544270833327
,211.19773352578136,241.78384419496177,0.059999999999999998,0.28597819010416659
,211.29773245390629,241.94776389533254,0.059999999999999998,0.28597819010416659
,211.39773138046871,242.70603685343275,0.059999999999999998,0.28699544270833327
,211.49773030468759,244.0182036766019,0.059999999999999998,0.28902994791666659
,211.59772922812499,243.93617250493412,0.059999999999999998,0.28902994791666659
,211.69772815234387,243.54656218880189,0.059999999999999998,0.29004720052083327
,211.79772707578127,242.69578834033899,0.059999999999999998,0.28902994791666659
,211.89772599999992,241.58920397330792,0.059999999999999998,0.2880126953124999
,211.99772492343754,242.02972790853107,0.059999999999999998,0.2880126953124999
,212.09772384687494,242.60355367111202,0.059999999999999998,0.2880126953124999
,212.19772277109382,242.47033200881316,0.059999999999999998,0.2880126953124999
,212.29772169453122,243.0750121549969,0.059999999999999998,0.2880126953124999
,212.39772061953136,243.88490442598504,0.059999999999999998,0.28902994791666659
,212.49771954453126,244.92072879992162,0.059999999999999998,0.29004720052083327
,212.59771846874992,244.72583715992272,0.059999999999999998,0.29004720052083327
,212.69771739375005,244.20278391432214,0.059999999999999998,0.2910644531249999
,212.79771631796871,243.43379190059898,0.059999999999999998,0.29004720052083327
,212.89771524296884,242.1219407401004,0.059999999999999998,0.28902994791666659
,212.9977141671875,242.9520141553653,0.059999999999999998,0.28902994791666659
,213.09771309218763,243.46454691502282,0.059999999999999998,0.28902994791666659
,213.19771201640629,243.55681429252701,0.059999999999999998,0.28902994791666659
,213.29771094140619,243.81313092930583,0.059999999999999998,0.28902994791666659
,213.39770986953135,244.39763377771288,0.059999999999999998,0.29004720052083327
,213.49770879765629,245.83384913933128,0.059999999999999998,0.2910644531249999
,213.59770772578122,245.35159706251801,0.059999999999999998,0.2910644531249999
,213.69770665390638,244.76686568629844,0.059999999999999998,0.2910644531249999
,213.79770558203131,244.1925290898144,0.059999999999999998,0.2910644531249999
,213.89770451015625,243.08526226954984,0.059999999999999998,0.29004720052083327
,213.99770343828118,243.64908517080545,0.059999999999999998,0.29004720052083327
,214.09770236640634,244.43865678589071,0.059999999999999998,0.29004720052083327
,214.19770129453127,244.48993651646117,0.059999999999999998,0.29004720052083327
,214.2977002226562,244.99253490308757,0.059999999999999998,0.29004720052083327
,214.39769914687508,245.55679910422214,0.059999999999999998,0.2910644531249999
,214.49769807109374,246.51121435144995,0.059999999999999998,0.29208170572916659
,214.59769699531262,246.33672362204663,0.059999999999999998,0.29208170572916659
,214.69769591953127,245.86463441026643,0.059999999999999998,0.29309895833333327
,214.79769484453118,245.00279309009068,0.059999999999999998,0.29208170572916659
,214.89769376875006,243.55681429252701,0.059999999999999998,0.2910644531249999
,214.99769269296871,244.37712253240835,0.059999999999999998,0.2910644531249999
,215.09769161718759,245.11563598899448,0.059999999999999998,0.2910644531249999
,215.19769054140625,245.16692993783914,0.059999999999999998,0.29004720052083327
,215.29768946874992,245.48497643280388,0.059999999999999998,0.29004720052083327
,215.39768839765634,246.22382446134282,0.059999999999999998,0.2910644531249999
,215.49768732734378,247.00396091437113,0.059999999999999998,0.29208170572916659
,215.59768625703123,246.59333192342041,0.059999999999999998,0.29208170572916659
,215.69768518593742,246.09040487459646,0.059999999999999998,0.29208170572916659
,215.79768411562509,245.32081824023828,0.059999999999999998,0.29208170572916659
,215.89768304453128,243.84389074017082,0.059999999999999998,0.29004720052083327
,215.99768197421872,244.74635133692584,0.059999999999999998,0.29004720052083327
,216.09768090312514,245.55679910422214,0.059999999999999998,0.29004720052083327
,216.19767983281258,245.93646821254026,0.059999999999999998,0.29004720052083327
,216.297678759375,246.16224528924823,0.059999999999999998,0.29004720052083327
,216.39767768671868,246.76784087071752,0.059999999999999998,0.2910644531249999
,216.49767661328133,247.57895653370952,0.059999999999999998,0.29208170572916659
,216.597675540625,247.43519505913019,0.059999999999999998,0.29309895833333327
,216.69767446796868,246.89103111090793,0.059999999999999998,0.29208170572916659
,216.79767339453133,246.67545223843422,0.059999999999999998,0.29309895833333327
,216.89767232187501,245.25926175737828,0.059999999999999998,0.2910644531249999
,216.99767124921868,245.49523668543156,0.059999999999999998,0.2910644531249999
,217.09767017578133,245.97751704442845,0.059999999999999998,0.2910644531249999
,217.19766910234375,245.81332584017582,0.059999999999999998,0.2910644531249999
,217.29766802812492,245.85437261032951,0.059999999999999998,0.29004720052083327
,217.39766695390631,246.69598274570347,0.059999999999999998,0.2910644531249999
,217.49766587890622,248.08218760351224,0.059999999999999998,0.29208170572916659
,217.59766480468761,247.80488433739822,0.059999999999999998,0.29309895833333327
,217.69766373046878,247.48653748146927,0.059999999999999998,0.29309895833333327
,217.79766265624994,246.35725129986122,0.059999999999999998,0.29208170572916659
,217.89766158125008,244.83866726637723,0.059999999999999998,0.2910644531249999
,217.99766050703124,245.07460160479928,0.059999999999999998,0.29004720052083327
,218.09765943281263,246.04935415345653,0.059999999999999998,0.29004720052083327
,218.19765835937505,246.54200811944276,0.059999999999999998,0.29004720052083327
,218.29765728749999,246.92182963447306,0.059999999999999998,0.29004720052083327
,218.39765621484389,247.51734344767686,0.059999999999999998,0.2910644531249999
,218.49765514218757,248.44170106254001,0.059999999999999998,0.29208170572916659
,218.59765406953125,248.20544347972282,0.059999999999999998,0.29208170572916659
,218.69765299687492,247.34278139168242,0.059999999999999998,0.29208170572916659
,218.79765192421883,246.64465679889946,0.059999999999999998,0.29208170572916659
,218.8976508515625,245.17718885674265,0.059999999999999998,0.29004720052083327
,218.99764977890618,245.25926175737828,0.059999999999999998,0.29004720052083327
,219.09764870703134,246.05961676934555,0.059999999999999998,0.28902994791666659
,219.19764763124999,246.20329789899046,0.059999999999999998,0.28902994791666659
,219.29764655625013,246.61386174504173,0.059999999999999998,0.28902994791666659
,219.39764548125004,247.59949457082155,0.059999999999999998,0.29004720052083327
,219.49764440624995,249.00675615599215,0.059999999999999998,0.2910644531249999
,219.59764333125008,248.60606745156815,0.059999999999999998,0.2910644531249999
,219.69764225624999,248.22598672255657,0.059999999999999998,0.29208170572916659
,219.79764118125013,247.70218731908744,0.059999999999999998,0.2910644531249999
,219.89764010625004,246.31619611581141,0.059999999999999998,0.29004720052083327
,219.99763903124995,246.43936372669344,0.059999999999999998,0.29004720052083327
,220.09763795625008,247.35304940595915,0.059999999999999998,0.29004720052083327
,220.19763688437502,247.40439011859763,0.059999999999999998,0.28902994791666659
,220.29763581249995,247.43519505913019,0.059999999999999998,0.28902994791666659
,220.39763474062511,248.19517192223987,0.059999999999999998,0.29004720052083327
,220.49763366875004,249.36640361517442,0.059999999999999998,0.2910644531249999
,220.59763259687497,249.17115996844711,0.059999999999999998,0.29208170572916659
,220.69763152500013,248.44170106254001,0.059999999999999998,0.29208170572916659
,220.79763045312507,247.44546345812358,0.059999999999999998,0.2910644531249999
,220.89762938125,246.13145628257638,0.059999999999999998,0.28902994791666659
,220.99762830937493,246.72677882794824,0.059999999999999998,0.28902994791666659
,221.09762723593758,247.3325134201595,0.059999999999999998,0.28902994791666659
,221.19762616093749,247.3941218905743,0.059999999999999998,0.28902994791666659
,221.29762508593763,247.82542425332929,0.059999999999999998,0.28902994791666659
,221.39762401171879,248.68825473220579,0.059999999999999998,0.29004720052083327
,221.4976229367187,250.03445817487034,0.059999999999999998,0.2910644531249999
,221.59762186171884,249.70554740216676,0.059999999999999998,0.2910644531249999
,221.6976207875,248.98620644417844,0.059999999999999998,0.2910644531249999
,221.79761971250014,248.43142852513489,0.059999999999999998,0.2910644531249999
,221.89761863750005,247.05529435544247,0.059999999999999998,0.29004720052083327
,221.99761756328121,247.48653748146927,0.059999999999999998,0.29004720052083327
,222.09761648828135,247.72272638119551,0.059999999999999998,0.29004720052083327
,222.19761541406251,247.98974972590383,0.059999999999999998,0.28902994791666659
,222.29761433984368,248.59579423298823,0.059999999999999998,0.28902994791666659
,222.39761326562507,248.95538219519062,0.059999999999999998,0.29004720052083327
,222.49761219140623,249.6438814612153,0.059999999999999998,0.2910644531249999
,222.59761111718763,249.45889279514648,0.059999999999999998,0.2910644531249999
,222.69761004296879,248.92455832872304,0.059999999999999998,0.2910644531249999
,222.79760896874996,248.44170106254001,0.059999999999999998,0.29004720052083327
,222.89760789453135,247.15796444705495,0.059999999999999998,0.28902994791666659
,222.99760682109377,247.68164842778117,0.059999999999999998,0.28902994791666659
,223.09760575078121,248.30816139855813,0.059999999999999998,0.28902994791666659
,223.19760468046888,248.4006111684505,0.059999999999999998,0.28902994791666659
,223.29760361015633,249.06840631122805,0.059999999999999998,0.28902994791666659
,223.39760253984377,249.13005799586807,0.059999999999999998,0.28902994791666659
,223.49760147031247,250.49706224852645,0.059999999999999998,0.29004720052083327
,223.59760039999992,250.03445817487034,0.059999999999999998,0.29004720052083327
,223.69759932968759,249.38695646929216,0.059999999999999998,0.29004720052083327
,223.79759825937504,248.77044473579156,0.059999999999999998,0.29004720052083327
,223.89759718906248,247.15796444705495,0.059999999999999998,0.2880126953124999
,223.99759611874993,247.85623444733551,0.059999999999999998,0.2880126953124999
,224.09759504921885,248.21571507982895,0.059999999999999998,0.2880126953124999
,224.1975939789063,248.31843342480664,0.059999999999999998,0.28699544270833327
,224.29759290859374,249.01703107564049,0.059999999999999998,0.2880126953124999
,224.39759183906244,249.75693685161281,0.059999999999999998,0.2880126953124999
,224.49759076875011,250.72325537629769,0.059999999999999998,0.28902994791666659
,224.59758969843756,250.46621931438671,0.059999999999999998,0.29004720052083327
,224.69758862890626,249.78777102968303,0.059999999999999998,0.29004720052083327
,224.7975875585937,248.8834604352104,0.059999999999999998,0.28902994791666659
,224.89758648828138,247.54814979843735,0.059999999999999998,0.28699544270833327
,224.99758541406254,248.26707371964983,0.059999999999999998,0.28699544270833327
,225.09758433906245,249.10950726441052,0.059999999999999998,0.2880126953124999
,225.19758326484384,248.97593165201641,0.059999999999999998,0.28699544270833327
,225.29758218984375,248.97593165201641,0.059999999999999998,0.28699544270833327
,225.39758111484389,249.47944641288746,0.059999999999999998,0.28699544270833327
,225.4975800398438,251.09343362339172,0.059999999999999998,0.28902994791666659
,225.59757896484371,251.38138778304693,0.059999999999999998,0.29004720052083327
,225.6975778906251,250.99060085288238,0.059999999999999998,0.29004720052083327
,225.79757681562501,250.37369279305295,0.059999999999999998,0.29004720052083327
,225.89757574140617,248.4006111684505,0.059999999999999998,0.2880126953124999
,225.99757466953133,248.63688736265755,0.059999999999999998,0.2880126953124999
,226.09757359765626,249.20198689378287,0.059999999999999998,0.2880126953124999
,226.1975725257812,249.38695646929216,0.059999999999999998,0.28699544270833327
,226.29757145390636,249.50000020028369,0.059999999999999998,0.28699544270833327
,226.39757038125003,250.35313180862983,0.059999999999999998,0.28902994791666659
,226.49756930937497,251.16541906908037,0.059999999999999998,0.29004720052083327
,226.59756823750013,250.89805496240746,0.059999999999999998,0.29004720052083327
,226.69756716562506,250.70269152055567,0.059999999999999998,0.29004720052083327
,226.79756609374999,250.1166926410425,0.059999999999999998,0.29004720052083327
,226.89756502265618,248.20544347972282,0.059999999999999998,0.2880126953124999
,226.99756395234385,248.00002043058828,0.059999999999999998,0.28699544270833327
,227.0975628820313,248.76017083646133,0.059999999999999998,0.28699544270833327
,227.19756181093749,249.09923196239572,0.059999999999999998,0.28699544270833327
,227.29756074062493,249.47944641288746,0.059999999999999998,0.28699544270833327
,227.39755966953135,250.00362094822998,0.059999999999999998,0.28699544270833327
,227.49755859921879,251.35053397341414,0.059999999999999998,0.2880126953124999
,227.59755752812498,251.22712252188944,0.059999999999999998,0.2880126953124999
,227.69755645781242,250.50734331104138,0.059999999999999998,0.2880126953124999
,227.7975553875001,249.54110828398541,0.059999999999999998,0.2880126953124999
,227.89755431562503,248.28761747388359,0.059999999999999998,0.28597819010416659
,227.99755324218745,248.80126668897151,0.059999999999999998,0.28597819010416659
,228.09755216953135,249.17115996844711,0.059999999999999998,0.2849609374999999
,228.19755109687503,248.99648127883756,0.059999999999999998,0.2849609374999999
,228.29755002421871,249.39723295999642,0.059999999999999998,0.28394368489583327
,228.39754895156261,250.50734331104138,0.059999999999999998,0.28597819010416659
,228.49754787890629,251.6076606183268,0.059999999999999998,0.28597819010416659
,228.59754680624997,251.37110313776742,0.059999999999999998,0.28699544270833327
,228.69754573359387,250.82607718616345,0.059999999999999998,0.28699544270833327
,228.79754466093755,250.00362094822998,0.059999999999999998,0.28597819010416659
,228.89754358437494,248.99648127883756,0.059999999999999998,0.2849609374999999
,228.99754250859382,249.58221704613845,0.059999999999999998,0.2849609374999999
,229.09754143203122,250.70269152055567,0.059999999999999998,0.28597819010416659
,229.1975403562501,250.2914498696415,0.059999999999999998,0.2849609374999999
,229.2975392796875,250.2914498696415,0.059999999999999998,0.2849609374999999
,229.39753820390638,250.77466575396244,0.059999999999999998,0.2849609374999999
,229.49753712812503,251.53566250902895,0.059999999999999998,0.28597819010416659
,229.59753605156243,251.6179462306153,0.059999999999999998,0.28699544270833327
,229.69753497578131,251.02145024164537,0.059999999999999998,0.28597819010416659
,229.79753390078122,250.25032942236635,0.059999999999999998,0.28597819010416659
,229.89753282656261,248.67798117319734,0.059999999999999998,0.28394368489583327
,229.99753175234378,249.46916958280917,0.059999999999999998,0.28394368489583327
,230.09753067812494,250.02417905700446,0.059999999999999998,0.28394368489583327
,230.19752960468759,250.53818675196464,0.059999999999999998,0.2849609374999999
,230.29752853046875,250.9289032132109,0.059999999999999998,0.2727539062499999
,230.39752745624992,251.52537723297087,0.059999999999999998,0.2849609374999999
,230.49752638203131,252.49237664756754,0.059999999999999998,0.2880126953124999
,230.59752530859373,252.39977556458962,0.059999999999999998,0.28699544270833327
,230.69752423437512,251.86481352678504,0.059999999999999998,0.28597819010416659
,230.79752315781252,250.6101562585838,0.059999999999999998,0.2849609374999999
,230.89752208203117,249.06840631122805,0.059999999999999998,0.28394368489583327
,230.99752100625005,249.84944052950249,0.059999999999999998,0.28394368489583327
,231.09751992968745,249.90083294397823,0.059999999999999998,0.28292643229166659
,231.19751885390633,250.00362094822998,0.059999999999999998,0.28292643229166659
,231.29751777734373,250.50734331104138,0.059999999999999998,0.28292643229166659
,231.39751670156261,251.64880331959097,0.059999999999999998,0.28394368489583327
,231.49751562578126,252.66729905044161,0.059999999999999998,0.2849609374999999
,231.59751454921889,252.26602443147124,0.059999999999999998,0.2849609374999999
,231.69751347421879,251.56651858941035,0.059999999999999998,0.2849609374999999
,231.79751240234373,250.53818675196464,0.059999999999999998,0.28394368489583327
,231.89751133046889,249.27391787228845,0.059999999999999998,0.28292643229166659
,231.99751025937508,249.69526963939438,0.059999999999999998,0.2819091796874999
,232.09750918750001,250.79523020031195,0.059999999999999998,0.2819091796874999
,232.19750811562494,250.49706224852645,0.059999999999999998,0.2819091796874999
,232.2975070437501,251.03173345550556,0.059999999999999998,0.2819091796874999
,232.39750597265629,251.40195719980164,0.059999999999999998,0.2819091796874999
,232.49750490078122,252.86281485706809,0.059999999999999998,0.28394368489583327
,232.59750382890638,252.54382315828497,0.059999999999999998,0.28394368489583327
,232.69750275703132,251.58708951981703,0.059999999999999998,0.28394368489583327
,232.79750168203122,250.48678122824447,0.059999999999999998,0.2819091796874999
,232.89750060703136,242.75728006837249,0.059999999999999998,0.28089192708333327
,232.99749953281253,243.16726474342721,0.059999999999999998,0.27987467447916659
,233.09749845781243,246.96289493195394,0.059999999999999998,0.27987467447916659
,233.19749738359383,248.95538219519062,0.059999999999999998,0.2788574218749999
,233.29749630859374,250.34285137980612,0.059999999999999998,0.2788574218749999
,233.39749523359387,251.4739514832886,0.059999999999999998,0.27987467447916659
,233.49749415937504,252.53353377246742,0.059999999999999998,0.28089192708333327
,233.59749308437495,252.26602443147124,0.059999999999999998,0.28089192708333327
,233.69749200781257,251.85452690658423,0.059999999999999998,0.2819091796874999
,233.79749093046871,251.19627060602767,0.059999999999999998,0.28089192708333327
,233.89748985312508,250.02417905700446,0.059999999999999998,0.27987467447916659
,233.99748877578122,250.06529578236052,0.059999999999999998,0.2788574218749999
,234.09748769843759,250.67184605340907,0.059999999999999998,0.2788574218749999
,234.19748662109373,250.57931193100814,0.059999999999999998,0.2788574218749999
,234.2974855437501,250.84664205426014,0.059999999999999998,0.2788574218749999
,234.39748446640624,251.37110313776742,0.059999999999999998,0.2788574218749999
,234.49748338828135,252.65700916277171,0.059999999999999998,0.28089192708333327
,234.59748231093749,252.55411258593529,0.059999999999999998,0.28089192708333327
,234.69748123515637,252.15285592503398,0.059999999999999998,0.28089192708333327
,234.79748015937503,251.6385175812494,0.059999999999999998,0.28089192708333327
,234.89747908359368,249.79804917376276,0.059999999999999998,0.2788574218749999
,234.99747800781256,250.50734331104138,0.059999999999999998,0.2788574218749999
,235.09747693203121,251.38138778304693,0.059999999999999998,0.27987467447916659
,235.19747585625009,250.81579481537187,0.059999999999999998,0.2788574218749999
,235.29747478046875,251.12428427599843,0.059999999999999998,0.2788574218749999
,235.39747370468763,252.0499798654169,0.059999999999999998,0.27987467447916659
,235.49747262812502,253.10980374118407,0.059999999999999998,0.28089192708333327
,235.59747155234368,252.59527071482177,0.059999999999999998,0.2819091796874999
,235.69747047656256,251.98825624233109,0.059999999999999998,0.28089192708333327
,235.79746940078121,251.31968054242839,0.059999999999999998,0.28089192708333327
,235.89746832500009,250.24004941623764,0.059999999999999998,0.27987467447916659
,235.99746724921874,250.71297342733021,0.059999999999999998,0.27987467447916659
,236.09746617343762,250.88777229645365,0.059999999999999998,0.2788574218749999
,236.19746509843753,251.24769067627909,0.059999999999999998,0.2788574218749999
,236.29746402265619,251.37110313776742,0.059999999999999998,0.2788574218749999
,236.39746294687507,252.12199266696865,0.059999999999999998,0.27987467447916659
,236.49746187109372,252.97601511115931,0.059999999999999998,0.28089192708333327
,236.59746079765637,252.75990992053283,0.059999999999999998,0.2819091796874999
,236.69745972421879,252.56440205541628,0.059999999999999998,0.2819091796874999
,236.79745865156247,251.76194921380215,0.059999999999999998,0.2819091796874999
,236.89745757812511,250.19892981453859,0.059999999999999998,0.27987467447916659
,236.99745650546879,250.5587492570433,0.059999999999999998,0.27987467447916659
,237.09745543281247,251.25797481661249,0.059999999999999998,0.27987467447916659
,237.19745435937512,251.6179462306153,0.059999999999999998,0.27987467447916659
,237.29745328671879,252.163143761551,0.059999999999999998,0.28089192708333327
,237.39745221328121,252.52324442848476,0.059999999999999998,0.28089192708333327
,237.49745114062512,253.02747144197184,0.059999999999999998,0.2819091796874999
,237.59745006171875,252.88339634563789,0.059999999999999998,0.28292643229166659
,237.6974489828126,252.84223353556274,0.059999999999999998,0.28292643229166659
,237.79744790390623,251.67966078668945,0.059999999999999998,0.2819091796874999
,237.89744682500009,250.02417905700446,0.059999999999999998,0.27987467447916659
,237.99744574609372,250.44565756948316,0.059999999999999998,0.27987467447916659
,238.09744466718757,251.04201671149883,0.059999999999999998,0.27987467447916659
,238.19744358749995,250.89805496240746,0.059999999999999998,0.27987467447916659
,238.2974425085938,251.39167247039234,0.059999999999999998,0.27987467447916659
,238.39744142968743,252.55411258593529,0.059999999999999998,0.28089192708333327
,238.49744035312506,253.21272286930252,0.059999999999999998,0.2819091796874999
,238.59743927734371,252.91426889170054,0.059999999999999998,0.2819091796874999
,238.69743820156259,252.28660106820092,0.059999999999999998,0.2819091796874999
,238.7974371265625,251.98825624233109,0.059999999999999998,0.2819091796874999
,238.89743605078138,250.52790556276233,0.059999999999999998,0.28089192708333327
,238.99743497500003,250.54846798339224,0.059999999999999998,0.27987467447916659
,239.09743389921869,251.19627060602767,0.059999999999999998,0.27987467447916659
,239.19743282421882,251.41224197127286,0.059999999999999998,0.27987467447916659
,239.29743174843748,251.66937492231301,0.059999999999999998,0.27987467447916659
,239.39743067265636,252.62613975062612,0.059999999999999998,0.28089192708333327
,239.49742959765626,253.5626790770059,0.059999999999999998,0.2819091796874999
,239.59742852187492,252.89368715256654,0.059999999999999998,0.2819091796874999
,239.69742744687505,251.96768203684934,0.059999999999999998,0.2819091796874999
,239.79742637187496,250.87748967266009,0.059999999999999998,0.28089192708333327
,239.8974252968751,249.83916217364845,0.059999999999999998,0.2788574218749999
,239.99742422109375,250.81579481537187,0.059999999999999998,0.2788574218749999
,240.09742314609389,251.40195719980164,0.059999999999999998,0.2788574218749999
,240.1974220710938,251.43281164039308,0.059999999999999998,0.2788574218749999
,240.29742099531245,251.85452690658423,0.059999999999999998,0.2788574218749999
,240.39741992109384,252.55411258593529,0.059999999999999998,0.27987467447916659
,240.49741885000003,253.68620452318117,0.059999999999999998,0.28089192708333327
,240.59741777968748,253.5935598768873,0.059999999999999998,0.28089192708333327
,240.69741670859389,253.20243076884162,0.059999999999999998,0.2819091796874999
,240.79741563828134,252.37919800658324,0.059999999999999998,0.28089192708333327
,240.89741456796878,250.86720709102872,0.059999999999999998,0.2788574218749999
,240.99741349687497,251.48423654913728,0.059999999999999998,0.2788574218749999
,241.09741242656264,252.12199266696865,0.059999999999999998,0.27987467447916659
,241.19741135546883,252.39977556458962,0.059999999999999998,0.27987467447916659
,241.29741028515627,252.42035329004602,0.059999999999999998,0.2788574218749999
,241.39740921328121,253.0789288160662,0.059999999999999998,0.27987467447916659
,241.49740814218762,254.01563498082248,0.059999999999999998,0.28089192708333327
,241.59740707031256,253.99504433096786,0.059999999999999998,0.2819091796874999
,241.69740599843749,253.35681665237593,0.059999999999999998,0.2819091796874999
,241.79740492734368,252.69816896428534,0.059999999999999998,0.2819091796874999
,241.89740385546884,251.00088394033179,0.059999999999999998,0.28089192708333327
,241.99740278437503,251.13456791110076,0.059999999999999998,0.27987467447916659
,242.09740171249996,251.9779691186161,0.059999999999999998,0.28089192708333327
,242.19740064140638,252.00883061559728,0.059999999999999998,0.27987467447916659
,242.29739956953131,251.95739499703279,0.059999999999999998,0.27987467447916659
,242.39739849687498,252.45122019216228,0.059999999999999998,0.27987467447916659
,242.49739742343763,253.69649858074354,0.059999999999999998,0.28089192708333327
,242.59739635000005,253.79944144325322,0.059999999999999998,0.2819091796874999
,242.69739527656247,253.35681665237593,0.059999999999999998,0.28089192708333327
,242.79739420234387,252.19400752255859,0.059999999999999998,0.28089192708333327
,242.89739312890629,251.10371713214198,0.059999999999999998,0.2788574218749999
,242.99739205546871,252.78049057360704,0.059999999999999998,0.27987467447916659
,243.09739098203136,253.05834574125214,0.059999999999999998,0.27987467447916659
,243.19738990859378,252.62613975062612,0.059999999999999998,0.27987467447916659
,243.2973888351562,252.09112978617566,0.059999999999999998,0.2788574218749999
,243.39738775781257,252.6775889799186,0.059999999999999998,0.2788574218749999
,243.49738668046871,253.7170868206257,0.059999999999999998,0.27987467447916659
,243.59738560390633,254.06711233194432,0.059999999999999998,0.28089192708333327
,243.69738452656247,253.87150392019294,0.059999999999999998,0.28089192708333327
,243.7973834500001,253.61414728485767,0.059999999999999998,0.28089192708333327
,243.89738237265624,252.235159790556,0.059999999999999998,0.2788574218749999
,243.99738129609386,252.79078096282029,0.059999999999999998,0.2788574218749999
,244.09738021875,253.50091860093289,0.059999999999999998,0.2788574218749999
,244.19737914140637,253.45974578277492,0.059999999999999998,0.2788574218749999
,244.29737806718754,253.29506117370494,0.059999999999999998,0.2788574218749999
,244.39737699609373,254.18036615637754,0.059999999999999998,0.27987467447916659
,244.49737592500014,255.27197793978496,0.059999999999999998,0.28089192708333327
,244.59737485312507,255.07627752018112,0.059999999999999998,0.2819091796874999
,244.69737378203126,254.62313377983224,0.059999999999999998,0.2819091796874999
,244.79737271093745,254.13918236662772,0.059999999999999998,0.2819091796874999
,244.89737163984387,252.36890929037907,0.059999999999999998,0.27987467447916659
,244.9973705679688,252.75990992053283,0.059999999999999998,0.27987467447916659
,245.09736949687499,253.45974578277492,0.059999999999999998,0.27987467447916659
,245.19736842578118,253.40828069695669,0.059999999999999998,0.27987467447916659
,245.29736735390634,253.9744538471947,0.059999999999999998,0.27987467447916659
,245.39736628125002,255.24107688367405,0.059999999999999998,0.28089192708333327
,245.49736520859369,256.05492827540434,0.059999999999999998,0.2819091796874999
,245.59736413671885,255.87977402860548,0.059999999999999998,0.2819091796874999
,245.69736306406253,255.56040568011275,0.059999999999999998,0.28292643229166659
,245.79736199140621,254.85999439148867,0.059999999999999998,0.2819091796874999
,245.89736091875011,253.33623132615264,0.059999999999999998,0.28089192708333327
,245.99735984687504,253.84061975217162,0.059999999999999998,0.28089192708333327
,246.09735877421872,254.61283598869437,0.059999999999999998,0.28089192708333327
,246.19735770156262,254.60253823893675,0.059999999999999998,0.28089192708333327
,246.29735662968756,255.10717659632354,0.059999999999999998,0.28089192708333327
,246.39735555859374,256.00341108879621,0.059999999999999998,0.2819091796874999
,246.49735448749993,257.15764144056868,0.059999999999999998,0.28292643229166659
,246.59735341562509,257.02364197567664,0.059999999999999998,0.28394368489583327
,246.69735234453128,256.3228341765282,0.059999999999999998,0.28394368489583327
,246.79735127343747,255.56040568011275,0.059999999999999998,0.28394368489583327
,246.89735020156263,253.89209357328366,0.059999999999999998,0.2819091796874999
,246.99734913046882,254.45837408858233,0.059999999999999998,0.2819091796874999
,247.09734805937501,255.0865771709594,0.059999999999999998,0.28292643229166659
,247.1973469882812,255.25137719448077,0.059999999999999998,0.2819091796874999
,247.2973459156251,255.82826033250666,0.059999999999999998,0.28292643229166659
,247.39734484375003,256.96179839370564,0.059999999999999998,0.28394368489583327
,247.49734377109371,257.84836317380956,0.059999999999999998,0.2849609374999999
,247.59734269921887,257.46689725507872,0.059999999999999998,0.28597819010416659
,247.69734162656255,256.85872902214737,0.059999999999999998,0.28597819010416659
,247.79734055468748,256.61137919647922,0.059999999999999998,0.28597819010416659
,247.89733948281264,255.15867588183158,0.059999999999999998,0.28394368489583327
,247.99733841015632,254.90118977360407,0.059999999999999998,0.28394368489583327
,248.09733733828125,255.91068273924395,0.059999999999999998,0.28394368489583327
,248.19733626796869,256.08583907983393,0.059999999999999998,0.28394368489583327
,248.29733519843762,257.20918153079253,0.059999999999999998,0.2849609374999999
,248.39733412968758,257.99271612373082,0.059999999999999998,0.28597819010416659
,248.49733306093754,259.2819330522384,0.059999999999999998,0.2880126953124999
,248.59733199218749,258.65271639818366,0.059999999999999998,0.2880126953124999
,248.69733092265619,258.27113353129533,0.059999999999999998,0.2880126953124999
,248.79732985390638,257.59060983613267,0.059999999999999998,0.28699544270833327
,248.89732878515633,256.08583907983393,0.059999999999999998,0.28597819010416659
,248.99732771562503,256.7041326223802,0.059999999999999998,0.28597819010416659
,249.09732664687499,257.40504316094678,0.059999999999999998,0.28699544270833327
,249.19732557343764,257.36380791206597,0.059999999999999998,0.28597819010416659
,249.29732450000006,257.86898453702378,0.059999999999999998,0.28699544270833327
,249.39732342656248,258.81774232762677,0.059999999999999998,0.2880126953124999
,249.49732235312513,259.59143876386941,0.059999999999999998,0.28902994791666659
,249.59732127968755,259.50890037522885,0.059999999999999998,0.29004720052083327
,249.69732020624997,259.16845668309992,0.059999999999999998,0.29004720052083327
,249.79731913281262,258.26082124906242,0.059999999999999998,0.28902994791666659
,249.89731805937504,257.09579467739309,0.059999999999999998,0.2880126953124999
,249.99731698593746,257.88960606253266,0.059999999999999998,0.2880126953124999
,250.09731591171885,258.81774232762677,0.059999999999999998,0.28902994791666659
,250.19731483750002,259.19940430128855,0.059999999999999998,0.28902994791666659
,250.29731376328118,259.32319839233872,0.059999999999999998,0.28902994791666659
,250.39731268906257,259.84938776354954,0.059999999999999998,0.29004720052083327
,250.49731161484374,261.08789038995502,0.059999999999999998,0.2910644531249999
,250.59731054140639,260.86078865845917,0.059999999999999998,0.29208170572916659
,250.69730946718755,260.23119818223864,0.059999999999999998,0.29208170572916659
,250.79730839296872,259.34383130346447,0.059999999999999998,0.29208170572916659
,250.89730731875011,258.13707701964438,0.059999999999999998,0.2910644531249999
,250.99730624453127,258.62177518640391,0.059999999999999998,0.2910644531249999
,251.09730517343746,259.56048656728512,0.059999999999999998,0.2910644531249999
,251.19730410312513,259.6223913213704,0.059999999999999998,0.2910644531249999
,251.29730303359383,260.00416917486399,0.059999999999999998,0.2910644531249999
,251.39730196406254,261.28403915516157,0.059999999999999998,0.29208170572916659
,251.49730089374998,261.92420289255637,0.059999999999999998,0.29309895833333327
,251.59729982421868,261.6763795605865,0.059999999999999998,0.2941162109374999
,251.69729875468761,261.21177215591729,0.059999999999999998,0.29309895833333327
,251.79729768437505,260.93304621577357,0.059999999999999998,0.2941162109374999
,251.89729661484375,259.51921753340139,0.059999999999999998,0.29208170572916659
,251.99729554531245,260.014488255603,0.059999999999999998,0.29208170572916659
,252.09729447265636,260.09704234059393,0.059999999999999998,0.29208170572916659
,252.19729340000004,260.40664292268491,0.059999999999999998,0.29309895833333327
,252.29729232734371,260.77821097710546,0.059999999999999998,0.29208170572916659
,252.39729125468762,261.03627467303073,0.059999999999999998,0.29309895833333327
,252.49729018203129,262.04812307488055,0.059999999999999998,0.2941162109374999
,252.59728910937497,262.04812307488055,0.059999999999999998,0.2941162109374999
,252.69728803671887,261.52150152629713,0.059999999999999998,0.2941162109374999
,252.79728696406255,260.91240100078511,0.059999999999999998,0.29309895833333327
,252.89728589140623,259.13750942689626,0.059999999999999998,0.29208170572916659
,252.99728481953139,259.46763214381923,0.059999999999999998,0.2910644531249999
,253.09728374921883,260.30343873786336,0.059999999999999998,0.2910644531249999
,253.19728267812502,260.47888822438341,0.059999999999999998,0.2910644531249999
,253.29728160703121,261.07756716722304,0.059999999999999998,0.2910644531249999
,253.39728053593763,261.50085179363009,0.059999999999999998,0.2910644531249999
,253.49727946562507,262.3063083268209,0.059999999999999998,0.29208170572916659
,253.59727839453126,262.3269642086621,0.059999999999999998,0.29309895833333327
,253.69727732343745,261.71768187080335,0.059999999999999998,0.29208170572916659
,253.79727625234386,261.27371517927548,0.059999999999999998,0.29208170572916659
,253.89727518203131,259.90098056709797,0.059999999999999998,0.2910644531249999
,253.99727410703122,260.58209918497141,0.059999999999999998,0.29004720052083327
,254.09727302968759,260.84014399965099,0.059999999999999998,0.29004720052083327
,254.19727195234373,260.8917559446748,0.059999999999999998,0.29004720052083327
,254.29727087500009,261.18080117920749,0.059999999999999998,0.29004720052083327
,254.39726979765624,261.99648897616896,0.059999999999999998,0.29004720052083327
,254.4972687203126,262.89506245859371,0.059999999999999998,0.2910644531249999
,254.59726764296875,262.77110363963396,0.059999999999999998,0.29208170572916659
,254.69726656640637,262.24434162453286,0.059999999999999998,0.2910644531249999
,254.79726548906251,261.52150152629713,0.059999999999999998,0.2910644531249999
,254.89726441171888,260.00416917486399,0.059999999999999998,0.28902994791666659
,254.99726333671879,260.34471993318414,0.059999999999999998,0.28902994791666659
,255.0972622617187,260.85046630918617,0.059999999999999998,0.2880126953124999
,255.19726118671883,261.015628664019,0.059999999999999998,0.2880126953124999
,255.29726011093749,261.30468722575705,0.059999999999999998,0.2880126953124999
,255.39725903593762,261.90355008049653,0.059999999999999998,0.2880126953124999
,255.49725796093753,263.12233491759025,0.059999999999999998,0.28902994791666659
,255.59725688593744,263.29796748894785,0.059999999999999998,0.28902994791666659
,255.69725581093758,262.19270378713122,0.059999999999999998,0.28902994791666659
,255.79725473515623,261.21177215591729,0.059999999999999998,0.2880126953124999
,255.89725366171888,259.911299247861,0.059999999999999998,0.28597819010416659
,255.99725259140632,260.06608425895871,0.059999999999999998,0.2849609374999999
,256.09725152187502,260.61306324971224,0.059999999999999998,0.2849609374999999
,256.19725045234372,260.81949949980645,0.059999999999999998,0.2849609374999999
,256.29724938203117,261.22209589408556,0.059999999999999998,0.28394368489583327
,256.3972483125001,261.77963652040256,0.059999999999999998,0.2849609374999999
,256.4972472429688,262.79176305142391,0.059999999999999998,0.2849609374999999
,256.5972461734375,262.24434162453286,0.059999999999999998,0.25952962239583327
,256.69724510312494,261.44922815402981,0.059999999999999998,0.2849609374999999
,256.79724403359387,260.80917730950307,0.059999999999999998,0.28394368489583327
,256.89724296406257,259.29224932698736,0.059999999999999998,0.2819091796874999
,256.99724189375002,259.32319839233872,0.059999999999999998,0.28089192708333327
,257.09724082343746,260.25183814143895,0.059999999999999998,0.28089192708333327
,257.19723975312513,260.06608425895871,0.059999999999999998,0.27987467447916659
,257.29723868359383,260.24151814188087,0.059999999999999998,0.27987467447916659
,257.39723761328128,261.29436317065642,0.059999999999999998,0.28089192708333327
,257.49723654296872,262.28565260216851,0.059999999999999998,0.2819091796874999
,257.59723547265617,261.89322373359681,0.059999999999999998,0.2819091796874999
,257.69723440312509,261.16015405959439,0.059999999999999998,0.2819091796874999
,257.79723333281254,260.81949949980645,0.059999999999999998,0.28089192708333327
,257.89723225937496,259.05498518064616,0.059999999999999998,0.27987467447916659
,257.99723118515635,259.40573100086647,0.059999999999999998,0.27987467447916659
,258.09723011093752,259.63270892072751,0.059999999999999998,0.2788574218749999
,258.19722903671868,259.68429751880717,0.059999999999999998,0.27784016927083327
,258.29722796328133,260.48920914118071,0.059999999999999998,0.2788574218749999
,258.39722688906249,260.98465994817582,0.059999999999999998,0.27987467447916659
,258.49722581484389,261.99648897616896,0.059999999999999998,0.28089192708333327
,258.59722474062505,262.3269642086621,0.059999999999999998,0.28089192708333327
,258.69722366718747,261.30468722575705,0.059999999999999998,0.28089192708333327
,258.79722259296886,260.23119818223864,0.059999999999999998,0.28089192708333327
,258.89722151796877,258.52895373141445,0.059999999999999998,0.2788574218749999
,258.99722044296868,259.02403925238292,0.059999999999999998,0.2788574218749999
,259.09721936718756,260.06608425895871,0.059999999999999998,0.2788574218749999
,259.19721829218747,259.47794914147374,0.059999999999999998,0.27784016927083327
,259.29721721718761,259.44699826892355,0.059999999999999998,0.27784016927083327
,259.39721614218752,260.49953009782195,0.059999999999999998,0.2788574218749999
,259.49721506718743,261.84159259052706,0.059999999999999998,0.27987467447916659
,259.59721399218756,261.48020221913742,0.059999999999999998,0.27987467447916659
,259.69721291640622,260.68531412723581,0.059999999999999998,0.27987467447916659
,259.79721184375012,260.1073617810581,0.059999999999999998,0.27987467447916659
,259.89721077265631,258.55989385294339,0.059999999999999998,0.27784016927083327
,259.99720970234375,259.11687812390142,0.059999999999999998,0.27784016927083327
,260.09720863124994,260.06608425895871,0.059999999999999998,0.2788574218749999
,260.19720756015636,260.1073617810581,0.059999999999999998,0.2788574218749999
,260.2972064898438,260.29311853877056,0.059999999999999998,0.2788574218749999
,260.39720541874999,260.66467082039395,0.059999999999999998,0.2788574218749999
,260.49720434765618,261.72800754706014,0.059999999999999998,0.27987467447916659
,260.59720327734385,261.44922815402981,0.059999999999999998,0.28089192708333327
,260.69720220625004,260.44792571308511,0.059999999999999998,0.27987467447916659
,260.79720113124995,259.96289325178049,0.059999999999999998,0.27987467447916659
,260.89720005546883,258.78679917931407,0.059999999999999998,0.2788574218749999
,260.99719897890623,259.08593147117813,0.059999999999999998,0.2788574218749999
,261.09719790312511,259.68429751880717,0.059999999999999998,0.2788574218749999
,261.19719682734376,259.52953473169623,0.059999999999999998,0.2788574218749999
,261.29719575156264,260.46856734743301,0.059999999999999998,0.2788574218749999
,261.39719467500004,260.99498281376287,0.059999999999999998,0.27987467447916659
,261.49719359921869,262.13073968025208,0.059999999999999998,0.28089192708333327
,261.59719252343757,262.24434162453286,0.059999999999999998,0.2819091796874999
,261.69719144843748,261.41825444495464,0.059999999999999998,0.2819091796874999
,261.79719037578138,260.57177790968728,0.059999999999999998,0.2819091796874999
,261.89718930390632,259.23035228138446,0.059999999999999998,0.28089192708333327
,261.99718823124999,259.42636455459825,0.059999999999999998,0.28089192708333327
,262.09718715937493,259.79779596071558,0.059999999999999998,0.28089192708333327
,262.19718608671883,259.8906619263488,0.059999999999999998,0.27987467447916659
,262.29718501484376,259.68429751880717,0.059999999999999998,0.27987467447916659
,262.39718394218744,260.45824651033257,0.059999999999999998,0.28089192708333327
,262.4971828703126,261.23241967188119,0.059999999999999998,0.28089192708333327
,262.59718179765628,261.50085179363009,0.059999999999999998,0.2819091796874999
,262.69718072578121,261.22209589408556,0.059999999999999998,0.2819091796874999
,262.79717965312511,261.21177215591729,0.059999999999999998,0.2819091796874999
,262.89717858125005,260.014488255603,0.059999999999999998,0.2819091796874999
,262.99717750859372,259.57080392603984,0.059999999999999998,0.28089192708333327
,263.09717643593763,260.03512653702205,0.059999999999999998,0.28089192708333327
,263.19717536406256,260.25183814143895,0.059999999999999998,0.28089192708333327
,263.29717429140624,260.3653607701724,0.059999999999999998,0.28089192708333327
,263.39717321875014,261.13950709856471,0.059999999999999998,0.2819091796874999
,263.49717214687507,261.74865901799484,0.059999999999999998,0.2819091796874999
,263.59717107421875,261.51117664019341,0.059999999999999998,0.28292643229166659
,263.69717000546871,261.63507788221665,0.059999999999999998,0.28292643229166659
,263.79716893671889,261.36663238790726,0.059999999999999998,0.28292643229166659
,263.8971678687501,259.73588711877574,0.059999999999999998,0.2819091796874999
,263.99716680078132,259.8700247649038,0.059999999999999998,0.2819091796874999
,264.09716573203127,260.05576497834272,0.059999999999999998,0.28089192708333327
,264.19716466406248,260.02480737632334,0.059999999999999998,0.28089192708333327
,264.2971635960937,260.77821097710546,0.059999999999999998,0.28089192708333327
,264.39716252734388,261.61442728003709,0.059999999999999998,0.2819091796874999
,264.49716145937509,262.68846755882089,0.059999999999999998,0.28292643229166659
,264.59716039062505,262.69879693183316,0.059999999999999998,0.28394368489583327
,264.69715931796873,262.43024597480502,0.059999999999999998,0.28394368489583327
,264.79715824609389,261.48020221913742,0.059999999999999998,0.28292643229166659
,264.89715717343756,259.49858325718145,0.059999999999999998,0.2819091796874999
,264.99715610078124,260.06608425895871,0.059999999999999998,0.2819091796874999
,265.09715502890617,260.66467082039395,0.059999999999999998,0.2819091796874999
,265.19715395625008,260.9743371222869,0.059999999999999998,0.2819091796874999
,265.29715288359375,261.42857897508202,0.059999999999999998,0.28292643229166659
,265.39715181093743,262.43024597480502,0.059999999999999998,0.28292643229166659
,265.49715073906259,263.22564682945404,0.059999999999999998,0.28394368489583327
,265.5971496640625,262.93638331681177,0.059999999999999998,0.28394368489583327
,265.69714858828138,262.53353166682217,0.059999999999999998,0.28394368489583327
,265.79714751250003,261.86224492945661,0.059999999999999998,0.28394368489583327
,265.89714643671869,260.24151814188087,0.059999999999999998,0.28292643229166659
,265.99714536093757,260.561456674223,0.059999999999999998,0.2819091796874999
,266.09714428515622,260.75756695429783,0.059999999999999998,0.2819091796874999
,266.1971432093751,261.50085179363009,0.059999999999999998,0.2819091796874999
,266.29714213359375,262.21335880411715,0.059999999999999998,0.28292643229166659
,266.39714105781263,263.02935753483905,0.059999999999999998,0.28394368489583327
,266.49713998203129,264.58972838375246,0.059999999999999998,0.2849609374999999
,266.59713890781245,263.96960754531727,0.059999999999999998,0.28597819010416659
,266.69713783359384,263.05001890203977,0.059999999999999998,0.28597819010416659
,266.79713675937501,262.39926103259921,0.059999999999999998,0.2849609374999999
,266.89713568515617,260.74724500254035,0.059999999999999998,0.28394368489583327
,266.99713461093756,261.26339124300131,0.059999999999999998,0.28292643229166659
,267.09713353749999,261.65572864240818,0.059999999999999998,0.28292643229166659
,267.19713246328138,261.64540324256251,0.059999999999999998,0.2819091796874999
,267.29713138906254,261.8002883859748,0.059999999999999998,0.2819091796874999
,267.39713031484371,263.02935753483905,0.059999999999999998,0.28292643229166659
,267.49712924140636,264.19696901949374,0.059999999999999998,0.28394368489583327
,267.59712817031254,264.12462469909269,0.059999999999999998,0.28394368489583327
,267.69712709921873,264.00061027860284,0.059999999999999998,0.2849609374999999
,267.79712602890618,263.86626762149706,0.059999999999999998,0.2849609374999999
,267.89712495781259,261.99648897616896,0.059999999999999998,0.28292643229166659
,267.99712388671878,262.19270378713122,0.059999999999999998,0.28292643229166659
,268.09712281640623,262.25466930997516,0.059999999999999998,0.28292643229166659
,268.19712174531242,262.50254554719146,0.059999999999999998,0.2819091796874999
,268.29712067421883,263.41161809868169,0.059999999999999998,0.28292643229166659
,268.39711960312502,264.12462469909269,0.059999999999999998,0.28292643229166659
,268.49711853281246,265.34439587532978,0.059999999999999998,0.28394368489583327
,268.59711746250014,265.49948986813223,0.059999999999999998,0.2849609374999999
,268.69711639218758,264.75511741840552,0.059999999999999998,0.2849609374999999
,268.79711532187503,264.22797430871793,0.059999999999999998,0.2849609374999999
,268.89711425156247,262.99836577707617,0.059999999999999998,0.28394368489583327
,268.99711318125014,263.45294676182772,0.059999999999999998,0.28394368489583327
,269.09711211093759,264.15562917559623,0.059999999999999998,0.28394368489583327
,269.19711104062503,264.35199894626078,0.059999999999999998,0.28394368489583327
,269.29710997031248,264.81714084879559,0.059999999999999998,0.28394368489583327
,269.39710889999992,265.70629524713371,0.059999999999999998,0.28597819010416659
,269.49710782734383,266.58538817973698,0.059999999999999998,0.28699544270833327
,269.59710675390625,266.37851807720648,0.059999999999999998,0.2880126953124999
,269.69710567968764,265.38575343104208,0.059999999999999998,0.2880126953124999
,269.7971046054688,265.25134361655125,0.059999999999999998,0.2880126953124999
,269.89710353203122,263.56660379702771,0.059999999999999998,0.28597819010416659
,269.99710245781262,264.57939189674033,0.059999999999999998,0.28699544270833327
,270.09710138437504,265.48915000066773,0.059999999999999998,0.28699544270833327
,270.1971003101562,265.65459246921159,0.059999999999999998,0.28699544270833327
,270.29709923671885,266.09926752744877,0.059999999999999998,0.2880126953124999
,270.39709816171876,266.34748887061858,0.059999999999999998,0.2880126953124999
,270.49709708906244,266.92675696485122,0.059999999999999998,0.28902994791666659
,270.59709601562508,266.86468685027853,0.059999999999999998,0.29004720052083327
,270.69709494296876,266.51298191863964,0.059999999999999998,0.29004720052083327
,270.79709386953118,265.96482344856292,0.059999999999999998,0.29004720052083327
,270.89709279609383,264.91017859215407,0.059999999999999998,0.28902994791666659
,270.99709172343751,265.52016971783485,0.059999999999999998,0.28902994791666659
,271.09709064999993,266.24406065040802,0.059999999999999998,0.28902994791666659
,271.19708957734383,266.4405775151086,0.059999999999999998,0.28902994791666659
,271.29708850390625,266.65779629715939,0.059999999999999998,0.28902994791666659
,271.39708743203119,267.56822761114461,0.059999999999999998,0.2910644531249999
,271.49708636015635,268.26159194334446,0.059999999999999998,0.2910644531249999
,271.59708528906253,267.90971442887081,0.059999999999999998,0.29208170572916659
,271.69708421718747,267.49579626392091,0.059999999999999998,0.29208170572916659
,271.79708314609388,266.98882843893239,0.059999999999999998,0.29208170572916659
,271.89708207421882,265.85106810296986,0.059999999999999998,0.29004720052083327
,271.997081003125,266.0889254468068,0.059999999999999998,0.29004720052083327
,272.09707993124994,266.68882891543797,0.059999999999999998,0.29004720052083327
,272.1970788593751,266.91641185132414,0.059999999999999998,0.29004720052083327
,272.29707778828129,267.42336675721782,0.059999999999999998,0.29004720052083327
,272.39707671562496,268.35474321194141,0.059999999999999998,0.2910644531249999
,272.49707564296887,269.2139467750626,0.059999999999999998,0.29208170572916659
,272.59707457031254,269.38995969256223,0.059999999999999998,0.29309895833333327
,272.69707349765622,268.19949277524927,0.059999999999999998,0.29309895833333327
,272.79707242500012,267.30955268262886,0.059999999999999998,0.29309895833333327
,272.8970713523438,265.90277450644101,0.059999999999999998,0.2910644531249999
,272.99707027968748,266.34748887061858,0.059999999999999998,0.29004720052083327
,273.09706920781264,267.25782051719528,0.059999999999999998,0.2910644531249999
,273.19706813515631,267.1336671609925,0.059999999999999998,0.29004720052083327
,273.29706706249999,267.45440774892484,0.059999999999999998,0.29004720052083327
,273.39706599140618,268.60316133856116,0.059999999999999998,0.2910644531249999
,273.4970649203126,270.37375688191219,0.059999999999999998,0.29309895833333327
,273.59706384843753,270.10447424707871,0.059999999999999998,0.2941162109374999
,273.69706277734372,269.62811177142822,0.059999999999999998,0.2941162109374999
,273.79706170625013,268.40649522066263,0.059999999999999998,0.2941162109374999
,273.89706063437507,266.64745216677932,0.059999999999999998,0.29208170572916659
,273.99705956328125,267.08193819740404,0.059999999999999998,0.29208170572916659
,274.09705849218744,267.95110954161623,0.059999999999999998,0.2910644531249999
,274.1970574203126,268.2822919643599,0.059999999999999998,0.29208170572916659
,274.29705634687502,268.65491781073899,0.059999999999999998,0.29208170572916659
,274.39705527187493,269.2139467750626,0.059999999999999998,0.29208170572916659
,274.49705419609381,269.86628330548291,0.059999999999999998,0.29309895833333327
,274.59705312109372,270.19768467071123,0.059999999999999998,0.2941162109374999
,274.6970520453126,270.0319793001874,0.059999999999999998,0.29513346354166659
,274.79705096953126,269.40031372558002,0.059999999999999998,0.2941162109374999
,274.89704989453139,267.33024581222583,0.059999999999999998,0.29309895833333327
,274.99704881875005,267.40267295067827,0.059999999999999998,0.29208170572916659
,275.09704774374995,267.98215626886264,0.059999999999999998,0.29208170572916659
,275.19704666796883,268.05459994078251,0.059999999999999998,0.29208170572916659
,275.29704559453126,268.46859885972833,0.059999999999999998,0.29208170572916659
,275.39704452187493,269.44173022624261,0.059999999999999998,0.29309895833333327
,275.49704344921884,270.38411439944042,0.059999999999999998,0.2941162109374999
,275.59704237656251,270.13554405906149,0.059999999999999998,0.2941162109374999
,275.69704130390619,269.91806229568499,0.059999999999999998,0.2941162109374999
,275.79704023125009,269.16218030036748,0.059999999999999998,0.2941162109374999
,275.89703915859377,267.94076070732416,0.059999999999999998,0.29309895833333327
,275.99703808593745,268.29264203078503,0.059999999999999998,0.29208170572916659
,276.09703701328135,268.92406642280508,0.059999999999999998,0.29309895833333327
,276.19703594062503,268.84124879518583,0.059999999999999998,0.29208170572916659
,276.29703487031247,268.98618119933695,0.059999999999999998,0.29208170572916659
,276.39703379999992,269.90770642429362,0.059999999999999998,0.2941162109374999
,276.49703272968759,270.9020367172908,0.059999999999999998,0.29513346354166659
,276.59703165937503,270.9020367172908,0.059999999999999998,0.29513346354166659
,276.69703058906248,270.33232717677646,0.059999999999999998,0.29513346354166659
,276.79702951953118,269.28642139070467,0.059999999999999998,0.2941162109374999
,276.89702844921885,267.75448808931884,0.059999999999999998,0.29309895833333327
,276.9970273789063,268.32369245368471,0.059999999999999998,0.29309895833333327
,277.09702630859374,268.9654761257147,0.059999999999999998,0.29208170572916659
,277.19702523749993,268.90336179357917,0.059999999999999998,0.29208170572916659
,277.29702416406258,269.17253352141773,0.059999999999999998,0.29208170572916659
,277.39702309140625,269.57633792375242,0.059999999999999998,0.29208170572916659
,277.49702201874993,271.42004975944826,0.059999999999999998,0.2941162109374999
,277.59702094531258,271.24391517710194,0.059999999999999998,0.2941162109374999
,277.69701987265626,270.51876544642664,0.059999999999999998,0.2941162109374999
,277.79701879999993,269.85592761748853,0.059999999999999998,0.2941162109374999
,277.89701772656258,268.55140579536652,0.059999999999999998,0.29309895833333327
,277.99701665390626,268.88265731254688,0.059999999999999998,0.29208170572916659
,278.09701558124993,269.59704735245947,0.059999999999999998,0.29208170572916659
,278.19701450937509,269.5556286422327,0.059999999999999998,0.29208170572916659
,278.29701343828128,269.5452740566779,0.059999999999999998,0.29208170572916659
,278.39701236796873,270.72593292479695,0.059999999999999998,0.2941162109374999
,278.49701129687492,271.83452517527815,0.059999999999999998,0.29513346354166659
,278.59701022578133,271.7412631859346,0.059999999999999998,0.29615071614583327
,278.69700915468752,271.39932750217559,0.059999999999999998,0.29615071614583327
,278.79700808359371,270.04233561133049,0.059999999999999998,0.29513346354166659
,278.89700701250013,268.14774449441791,0.059999999999999998,0.29309895833333327
,278.99700594218757,268.77913713136331,0.059999999999999998,0.29309895833333327
,279.09700487109376,269.64882156796722,0.059999999999999998,0.29309895833333327
,279.19700379999995,269.58669261970948,0.059999999999999998,0.29208170572916659
,279.29700272890636,269.90770642429362,0.059999999999999998,0.29208170572916659
,279.39700165781255,270.91239609071005,0.059999999999999998,0.29309895833333327
,279.49700058593749,272.01069464758092,0.059999999999999998,0.2941162109374999
,279.59699951484367,271.4511334160054,0.059999999999999998,0.2941162109374999
,279.69699844375009,270.80880399004559,0.059999999999999998,0.2941162109374999
,279.79699737265628,270.52912347444936,0.059999999999999998,0.2941162109374999
,279.89699630156247,269.15182711626937,0.059999999999999998,0.29309895833333327
,279.99699522968763,270.12518741847708,0.059999999999999998,0.29309895833333327
,280.09699415937507,270.63270575788999,0.059999999999999998,0.29309895833333327
,280.19699308828126,270.0837612220671,0.059999999999999998,0.29208170572916659
,280.29699201796871,270.32196984175658,0.059999999999999998,0.29309895833333327
,280.39699094765638,271.24391517710194,0.059999999999999998,0.2941162109374999
,280.49698987734382,272.50817020060896,0.059999999999999998,0.29513346354166659
,280.59698880703127,272.25942212652973,0.059999999999999998,0.29513346354166659
,280.69698773671871,271.57547128793658,0.059999999999999998,0.29513346354166659
,280.79698666640638,271.08851098729548,0.059999999999999998,0.29513346354166659
,280.89698559609383,269.72130701388846,0.059999999999999998,0.29309895833333327
,280.99698452578127,270.02162302566865,0.059999999999999998,0.29309895833333327
,281.0969834539062,270.39447195345832,0.059999999999999998,0.29309895833333327
,281.19698238203136,270.16661420030789,0.059999999999999998,0.29309895833333327
,281.2969813101563,270.6430641864676,0.059999999999999998,0.29309895833333327
,281.39698023749997,271.39932750217559,0.059999999999999998,0.2941162109374999
,281.49697916562513,272.35270024389234,0.059999999999999998,0.29513346354166659
,281.59697809375007,272.12469218193814,0.059999999999999998,0.29513346354166659
,281.69697702109374,271.60655656679501,0.059999999999999998,0.29513346354166659
,281.79697594921868,271.05743112676794,0.059999999999999998,0.29513346354166659
,281.89697487734384,269.37960569641137,0.059999999999999998,0.29309895833333327
,281.99697380546877,269.90770642429362,0.059999999999999998,0.29309895833333327
,282.09697273203119,270.5394815389061,0.059999999999999998,0.29309895833333327
,282.19697165937509,270.49804949969922,0.059999999999999998,0.29309895833333327
,282.29697058593752,271.21283368788193,0.059999999999999998,0.29309895833333327
,282.39696951249994,272.95389515752294,0.059999999999999998,0.2941162109374999
,282.49696843984384,273.60705240850223,0.059999999999999998,0.29513346354166659
,282.59696736640626,272.94352871456107,0.059999999999999998,0.29615071614583327
,282.69696629296868,272.74657304433248,0.059999999999999998,0.29615071614583327
,282.79696522031259,271.88633864912612,0.059999999999999998,0.29615071614583327
,282.89696414687501,270.15625744998084,0.059999999999999998,0.2941162109374999
,282.99696307421868,270.78808600569693,0.059999999999999998,0.29513346354166659
,283.09696200234384,271.37860538928652,0.059999999999999998,0.2941162109374999
,283.19696093046878,271.33716159678931,0.059999999999999998,0.2941162109374999
,283.29695985859371,271.34752249074336,0.059999999999999998,0.2941162109374999
,283.39695878593761,271.97960516365293,0.059999999999999998,0.29513346354166659
,283.49695771406255,273.25453741846673,0.059999999999999998,0.29615071614583327
,283.59695664218748,272.85023232502346,0.059999999999999998,0.29615071614583327
,283.69695557031264,272.38379359275655,0.059999999999999998,0.2971679687499999
,283.79695449843757,271.40968861276599,0.059999999999999998,0.29615071614583327
,283.8969534265625,270.13554405906149,0.059999999999999998,0.2941162109374999
,283.99695235156264,270.78808600569693,0.059999999999999998,0.29513346354166659
,284.09695127421878,271.76198782083139,0.059999999999999998,0.29513346354166659
,284.19695019687492,271.47185603409486,0.059999999999999998,0.2941162109374999
,284.29694911953129,271.53402475385133,0.059999999999999998,0.2941162109374999
,284.39694804296869,272.34233586570184,0.059999999999999998,0.29513346354166659
,284.49694696562506,273.71074104156503,0.059999999999999998,0.29615071614583327
,284.5969458882812,273.39968570957984,0.059999999999999998,0.2971679687499999
,284.69694481093757,273.20270042178174,0.059999999999999998,0.2971679687499999
,284.79694373359371,272.20760220146559,0.059999999999999998,0.29615071614583327
,284.89694265625008,270.76736816668455,0.059999999999999998,0.29513346354166659
,284.9969415828125,271.29571838221642,0.059999999999999998,0.29513346354166659
,285.09694051015617,272.03142114947917,0.059999999999999998,0.29513346354166659
,285.19693943671882,272.04178445419984,0.059999999999999998,0.29513346354166659
,285.2969383640625,272.39415811379496,0.059999999999999998,0.29513346354166659
,285.39693729062492,272.80876818629542,0.059999999999999998,0.29615071614583327
,285.49693621796882,273.59668373877992,0.059999999999999998,0.29615071614583327
,285.5969351453125,273.74184831743929,0.059999999999999998,0.2971679687499999
,285.69693407187492,273.08866214282705,0.059999999999999998,0.2971679687499999
,285.79693299921882,271.88633864912612,0.059999999999999998,0.29615071614583327
,285.8969319265625,270.87095881478854,0.059999999999999998,0.29513346354166659
,285.99693085468743,271.10923107540765,0.059999999999999998,0.2941162109374999
,286.09692978281259,271.89670145162381,0.059999999999999998,0.2941162109374999
,286.19692871093753,271.75162548540442,0.059999999999999998,0.2941162109374999
,286.29692763984372,272.25942212652973,0.059999999999999998,0.2941162109374999
,286.39692656796888,273.07829523900307,0.059999999999999998,0.29513346354166659
,286.49692549609381,274.48851758956562,0.059999999999999998,0.29615071614583327
,286.59692442421874,274.31220432822499,0.059999999999999998,0.29615071614583327
,286.69692335234367,273.90775912943479,0.059999999999999998,0.2971679687499999
,286.79692228125009,273.19233312855317,0.059999999999999998,0.2971679687499999
,286.89692121015628,271.44077216107206,0.059999999999999998,0.29513346354166659
,286.99692013984372,271.78271259954067,0.059999999999999998,0.29513346354166659
,287.09691906953117,272.04178445419984,0.059999999999999998,0.29513346354166659
,287.19691799921884,272.61182129627025,0.059999999999999998,0.29513346354166659
,287.29691692812503,273.08866214282705,0.059999999999999998,0.29513346354166659
,287.39691585781247,273.78332517741421,0.059999999999999998,0.29615071614583327
,287.49691478749992,274.63372430827201,0.059999999999999998,0.2971679687499999
,287.59691371640633,274.04256827871353,0.059999999999999998,0.29615071614583327
,287.69691264609378,273.78332517741421,0.059999999999999998,0.2971679687499999
,287.79691157578122,273.21306775038539,0.059999999999999998,0.2971679687499999
,287.89691050078136,271.54438633331836,0.059999999999999998,0.29513346354166659
,287.99690942500001,272.04178445419984,0.059999999999999998,0.29513346354166659
,288.09690834921867,272.61182129627025,0.059999999999999998,0.29513346354166659
,288.1969072742188,272.77767045535063,0.059999999999999998,0.29513346354166659
,288.29690619843745,273.1404971931849,0.059999999999999998,0.29513346354166659
,288.39690512265634,273.91812885359809,0.059999999999999998,0.29615071614583327
,288.49690404765624,274.92415818694377,0.059999999999999998,0.2971679687499999
,288.59690297187512,274.74782008498426,0.059999999999999998,0.29818522135416659
,288.69690189609378,274.42628822870029,0.059999999999999998,0.29818522135416659
,288.79690082187494,273.3789498156126,0.059999999999999998,0.29818522135416659
,288.89689975078136,271.97960516365293,0.059999999999999998,0.29615071614583327
,288.99689867968755,272.40452267053496,0.059999999999999998,0.29615071614583327
,289.09689760859374,273.1301301122956,0.059999999999999998,0.29615071614583327
,289.19689653749992,273.181965870704,0.059999999999999998,0.29615071614583327
,289.29689546640634,273.51373564906606,0.059999999999999998,0.29615071614583327
,289.39689439531253,274.36406012319071,0.059999999999999998,0.2971679687499999
,289.49689332421872,275.60885968023069,0.059999999999999998,0.29818522135416659
,289.59689225312513,275.04863817379908,0.059999999999999998,0.29920247395833327
,289.69689118203132,274.09441952839461,0.059999999999999998,0.29818522135416659
,289.79689011171877,273.27527246464831,0.059999999999999998,0.29818522135416659
,289.89688904218747,271.84488779821527,0.059999999999999998,0.29615071614583327
,289.99688797265617,272.80876818629542,0.059999999999999998,0.2971679687499999
,290.09688690234384,273.70037201993574,0.059999999999999998,0.2971679687499999
,290.19688583281254,273.98034793514586,0.059999999999999998,0.2971679687499999
,290.29688476328124,273.78332517741421,0.059999999999999998,0.2971679687499999
,290.39688369296869,274.19812465288743,0.059999999999999998,0.2971679687499999
,290.49688262343761,275.15237530360014,0.059999999999999998,0.29818522135416659
,290.59688155390631,275.0901326106445,0.059999999999999998,0.29920247395833327
,290.69688048359376,274.62335217355377,0.059999999999999998,0.29920247395833327
,290.79687941093744,273.94923823656165,0.059999999999999998,0.29818522135416659
,290.89687833828134,272.28015034687274,0.059999999999999998,0.2971679687499999
,290.99687726562502,272.70511032750039,0.059999999999999998,0.29615071614583327
,291.09687619296869,273.36858192158172,0.059999999999999998,0.29615071614583327
,291.1968751203126,273.3789498156126,0.059999999999999998,0.29615071614583327
,291.29687404765627,273.63815862891136,0.059999999999999998,0.29615071614583327
,291.39687297499995,274.43665970169224,0.059999999999999998,0.29615071614583327
,291.49687190234386,275.57773362730086,0.059999999999999998,0.2971679687499999
,291.59687082968753,274.97602424197362,0.059999999999999998,0.2971679687499999
,291.69686975703121,274.81005591694225,0.059999999999999998,0.2971679687499999
,291.79686868203135,274.10478988337474,0.059999999999999998,0.2971679687499999
,291.89686760625,272.73620731177408,0.059999999999999998,0.29513346354166659
,291.99686653046888,273.2960076522121,0.059999999999999998,0.29513346354166659
,292.09686545546879,273.84554152141288,0.059999999999999998,0.29513346354166659
,292.19686437968744,273.81443319135292,0.059999999999999998,0.29513346354166659
,292.29686330468758,273.90775912943479,0.059999999999999998,0.29513346354166659
,292.39686222890623,275.04863817379908,0.059999999999999998,0.29615071614583327
,292.49686115390637,276.05503370819667,0.059999999999999998,0.2971679687499999
,292.59686007812502,275.53623270481563,0.059999999999999998,0.2971679687499999
,292.69685900390618,274.67521319494512,0.059999999999999998,0.2971679687499999
,292.79685792968758,274.19812465288743,0.059999999999999998,0.2971679687499999
,292.89685685625,272.80876818629542,0.059999999999999998,0.29513346354166659
,292.99685578203139,273.41005370950768,0.059999999999999998,0.29513346354166659
,293.09685470781255,273.72111009836152,0.059999999999999998,0.29513346354166659
,293.19685363437497,273.81443319135292,0.059999999999999998,0.2941162109374999
,293.29685256015637,274.0321981338513,0.059999999999999998,0.2941162109374999
,293.39685148593753,275.0901326106445,0.059999999999999998,0.29513346354166659
,293.49685041249995,276.2937108987652,0.059999999999999998,0.2971679687499999
,293.59684933828134,275.50510737417221,0.059999999999999998,0.29615071614583327
,293.69684826406251,274.58186398261097,0.059999999999999998,0.29615071614583327
,293.79684719062493,274.29146225463802,0.059999999999999998,0.29615071614583327
,293.89684611640632,272.78803633012376,0.059999999999999998,0.2941162109374999
,293.99684504218749,273.48263069690034,0.059999999999999998,0.2941162109374999
,294.09684396875014,273.90775912943479,0.059999999999999998,0.2941162109374999
,294.1968428945313,274.13590115832557,0.059999999999999998,0.29309895833333327
,294.29684182031247,275.31836189922859,0.059999999999999998,0.2941162109374999
,294.39684074609386,275.19387112362006,0.059999999999999998,0.29513346354166659
,294.49683967265628,275.56735834508987,0.059999999999999998,0.29513346354166659
,294.5968385992187,275.20424516500765,0.059999999999999998,0.29513346354166659
,294.69683752500009,274.96565096166893,0.059999999999999998,0.29513346354166659
,294.79683645078126,274.42628822870029,0.059999999999999998,0.29513346354166659
,294.89683537656242,273.24416994840482,0.059999999999999998,0.29309895833333327
,294.99683430234381,273.98034793514586,0.059999999999999998,0.29309895833333327
,295.09683322812498,274.16701274820184,0.059999999999999998,0.29309895833333327
,295.19683215390637,273.89738944035764,0.059999999999999998,0.29208170572916659
,295.29683107968754,274.43665970169224,0.059999999999999998,0.29208170572916659
,295.3968300054687,275.01751770955491,0.059999999999999998,0.29309895833333327
,295.49682893125009,276.39748921652091,0.059999999999999998,0.2941162109374999
,295.59682785703126,276.14842698015229,0.059999999999999998,0.2941162109374999
,295.69682678281242,275.54660788384285,0.059999999999999998,0.2941162109374999
,295.79682570859381,274.95527771600922,0.059999999999999998,0.2941162109374999
,295.89682463515624,272.9227959350826,0.059999999999999998,0.29208170572916659
,295.99682356093763,272.66364817989495,0.059999999999999998,0.2910644531249999
,296.09682248671879,273.32711069857538,0.059999999999999998,0.2910644531249999
,296.19682141328121,273.72111009836152,0.059999999999999998,0.29004720052083327
,296.29682033906261,274.11516027335944,0.059999999999999998,0.29004720052083327
,296.39681926484377,274.96565096166893,0.059999999999999998,0.29004720052083327
,296.49681819140619,275.94089013610716,0.059999999999999998,0.2910644531249999
,296.59681711640633,276.1276726806131,0.059999999999999998,0.29208170572916659
,296.69681604218749,275.70223969465707,0.059999999999999998,0.29208170572916659
,296.79681496796888,275.02789116301898,0.059999999999999998,0.29208170572916659
,296.89681389375005,273.81443319135292,0.059999999999999998,0.2910644531249999
,296.99681281953121,274.12553069834451,0.059999999999999998,0.29004720052083327
,297.09681174531261,274.49888927169269,0.059999999999999998,0.29004720052083327
,297.19681067109377,274.35368889438644,0.059999999999999998,0.29004720052083327
,297.29680959687494,274.42628822870029,0.059999999999999998,0.29004720052083327
,297.39680852265633,274.85154716584736,0.059999999999999998,0.29004720052083327
,297.49680744843749,275.95126665341508,0.059999999999999998,0.2910644531249999
,297.59680637421889,276.27295564401669,0.059999999999999998,0.2910644531249999
,297.69680530000005,275.2249933514114,0.059999999999999998,0.2910644531249999
,297.79680422656247,274.72707508551082,0.059999999999999998,0.2910644531249999
,297.89680315234386,273.03682797800627,0.059999999999999998,0.2880126953124999
,297.99680207812503,273.56557794091452,0.059999999999999998,0.2880126953124999
,298.09680100390619,274.41591679057933,0.059999999999999998,0.2880126953124999
,298.19679993046884,273.74184831743929,0.059999999999999998,0.28699544270833327
,298.29679885625001,273.84554152141288,0.059999999999999998,0.28699544270833327
,298.39679778203117,274.92415818694377,0.059999999999999998,0.2880126953124999
,298.49679671015633,276.50127093767804,0.059999999999999998,0.28902994791666659
,298.59679563984378,276.24182301756355,0.059999999999999998,0.28902994791666659
,298.69679456953122,275.60885968023069,0.059999999999999998,0.28902994791666659
,298.79679349843764,275.05901173110635,0.059999999999999998,0.2880126953124999
,298.89679242812508,273.10939605673519,0.059999999999999998,0.28597819010416659
,298.99679135781253,273.95960810102645,0.059999999999999998,0.28597819010416659
,299.09679028749997,274.96565096166893,0.059999999999999998,0.28597819010416659
,299.19678921718742,274.68558550354169,0.059999999999999998,0.28597819010416659
,299.29678814609383,275.2249933514114,0.059999999999999998,0.28597819010416659
,299.39678707578128,275.84750302124519,0.059999999999999998,0.28699544270833327
,299.49678600624998,277.17593477224199,0.059999999999999998,0.2880126953124999
,299.59678493749993,277.12403248403922,0.059999999999999998,0.28902994791666659
,299.69678386796886,275.78524648664643,0.059999999999999998,0.2880126953124999
,299.79678279921882,275.19387112362006,0.059999999999999998,0.2880126953124999
,299.89678172968752,273.54484091846479,0.059999999999999998,0.2849609374999999
,299.99678066015622,274.21886609751454,0.059999999999999998,0.25851236979166659
,300.09677959140618,274.82042867711374,0.059999999999999998,0.29208170572916659
,300.1967785218751,275.42210800711331,0.059999999999999998,0.28394368489583327
,300.29677745312506,275.69186400010892,0.059999999999999998,0.27682291666666659
,300.39677638359376,276.49089261253715,0.059999999999999998,0.28699544270833327
,300.49677531484372,277.75729781922911,0.059999999999999998,0.2880126953124999
,300.59677424531242,277.09289151569709,0.059999999999999998,0.28902994791666659
,300.69677317578135,276.4078672355576,0.059999999999999998,0.31140950520833327
,300.79677210625005,275.40135850977987,0.059999999999999998,0.2880126953124999
,300.8967710375,273.98034793514586,0.059999999999999998,0.28597819010416659
,300.9967699679687,274.29146225463802,0.059999999999999998,0.2849609374999999
,301.09676889843763,275.17312314449521,0.059999999999999998,0.28597819010416659
,301.19676782968759,274.82042867711374,0.059999999999999998,0.2849609374999999
,301.29676676015629,275.21461924093961,0.059999999999999998,0.2849609374999999
,301.39676568749996,276.42862337571506,0.059999999999999998,0.28597819010416659
,301.4967646125001,277.62232916472777,0.059999999999999998,0.28699544270833327
,301.59676353750001,277.63271116805493,0.059999999999999998,0.2880126953124999
,301.69676246171889,276.1276726806131,0.059999999999999998,0.28699544270833327
,301.7967613867188,274.95527771600922,0.059999999999999998,0.28597819010416659
,301.89676031171871,273.7936944802621,0.059999999999999998,0.28394368489583327
,301.99675923671884,274.30183327397015,0.059999999999999998,0.28292643229166659
,302.0967581609375,274.87229299847536,0.059999999999999998,0.28292643229166659
,302.19675708593763,275.10050630634805,0.059999999999999998,0.28292643229166659
,302.29675601093754,276.21069069802132,0.059999999999999998,0.28292643229166659
,302.39675494140624,276.98909048113342,0.059999999999999998,0.2849609374999999
,302.4967538726562,277.44584023724121,0.059999999999999998,0.2849609374999999
,302.59675280390638,277.20707654954316,0.059999999999999998,0.28597819010416659
,302.6967517359376,276.54278457808783,0.059999999999999998,0.28597819010416659
,302.79675066718755,275.67111271402825,0.059999999999999998,0.2849609374999999
,302.89674959843751,274.40554538733369,0.059999999999999998,0.28292643229166659
,302.99674853046872,274.78931050073476,0.059999999999999998,0.28292643229166659
,303.09674746171868,275.3079874780953,0.059999999999999998,0.28292643229166659
,303.19674639296886,275.01751770955491,0.059999999999999998,0.2819091796874999
,303.29674532500007,275.72299118674704,0.059999999999999998,0.28292643229166659
,303.39674425468752,276.68808659799555,0.059999999999999998,0.28394368489583327
,303.49674318437496,277.46660313725823,0.059999999999999998,0.2849609374999999
,303.59674211406264,277.39393357487137,0.059999999999999998,0.2849609374999999
,303.69674104375008,276.68808659799555,0.059999999999999998,0.2849609374999999
,303.79673997343752,275.76449458277716,0.059999999999999998,0.28394368489583327
,303.89673890390623,274.24997852662415,0.059999999999999998,0.2819091796874999
,303.99673783359367,274.9967709065005,0.059999999999999998,0.28292643229166659
,304.09673676328134,275.97201979070485,0.059999999999999998,0.28292643229166659
,304.19673569296879,275.68148833989778,0.059999999999999998,0.2819091796874999
,304.29673462031246,275.93051365302978,0.059999999999999998,0.2819091796874999
,304.39673354375009,276.89567243782898,0.059999999999999998,0.28292643229166659
,304.49673246796874,277.7676802576251,0.059999999999999998,0.28394368489583327
,304.59673139140637,277.77806272945577,0.059999999999999998,0.2849609374999999
,304.69673031562502,276.66732875939459,0.059999999999999998,0.28394368489583327
,304.79672923984367,275.78524648664643,0.059999999999999998,0.28292643229166659
,304.8967281632813,274.28109127023311,0.059999999999999998,0.28089192708333327
,304.99672708749995,274.81005591694225,0.059999999999999998,0.28089192708333327
,305.09672601093757,275.89938440922566,0.059999999999999998,0.28089192708333327
,305.19672493515623,275.59848429487568,0.059999999999999998,0.28089192708333327
,305.29672385859385,276.36635536363298,0.059999999999999998,0.28089192708333327
,305.39672278203125,276.41824528862378,0.059999999999999998,0.28089192708333327
,305.49672170468762,277.32126565886347,0.059999999999999998,0.2819091796874999
,305.59672062812501,277.46660313725823,0.059999999999999998,0.2819091796874999
,305.69671955078138,276.83339526388767,0.059999999999999998,0.28292643229166659
,305.79671847421878,276.16918141625723,0.059999999999999998,0.2819091796874999
,305.89671739687492,275.04863817379908,0.059999999999999998,0.28089192708333327
,305.99671632031254,275.0901326106445,0.059999999999999998,0.27987467447916659
,306.09671524296868,275.61923509995813,0.059999999999999998,0.27987467447916659
,306.19671416640631,276.03428002364507,0.059999999999999998,0.27987467447916659
,306.29671309062496,276.42862337571506,0.059999999999999998,0.27987467447916659
,306.39671201484384,276.96833067939946,0.059999999999999998,0.28089192708333327
,306.49671093984375,278.39068758108078,0.059999999999999998,0.28292643229166659
,306.59670986406263,277.51851097465385,0.059999999999999998,0.2819091796874999
,306.69670878828128,277.030610489889,0.059999999999999998,0.2819091796874999
,306.79670771328119,276.33522181717234,0.059999999999999998,0.2819091796874999
,306.89670663750007,274.79968319148111,0.059999999999999998,0.27987467447916659
,306.99670556171873,275.24574167595716,0.059999999999999998,0.27987467447916659
,307.09670448671886,276.17955868551064,0.059999999999999998,0.27987467447916659
,307.19670341093752,276.39748921652091,0.059999999999999998,0.27987467447916659
,307.29670233515617,276.3871112315183,0.059999999999999998,0.27987467447916659
,307.39670126015631,277.08251126037351,0.059999999999999998,0.28089192708333327
,307.49670018437496,278.23492452047105,0.059999999999999998,0.2819091796874999
,307.59669910937509,277.87150647973499,0.059999999999999998,0.28292643229166659
,307.69669803359375,277.58080148645439,0.059999999999999998,0.28292643229166659
,307.79669695859388,276.7918778247643,0.059999999999999998,0.28292643229166659
,307.89669588281254,274.95527771600922,0.059999999999999998,0.27987467447916659
,307.99669480781245,275.21461924093961,0.059999999999999998,0.27987467447916659
,308.09669373203133,275.44285764225452,0.059999999999999998,0.27987467447916659
,308.19669265859375,275.06938532301928,0.059999999999999998,0.2788574218749999
,308.29669158593742,275.97201979070485,0.059999999999999998,0.2788574218749999
,308.39669051328133,277.22783790282625,0.059999999999999998,0.28089192708333327
,308.496689440625,278.75416370822569,0.059999999999999998,0.2819091796874999
,308.59668836796868,278.36991874160947,0.059999999999999998,0.28292643229166659
,308.69668729453133,277.90265499765712,0.059999999999999998,0.28292643229166659
,308.79668622187501,276.58429876203581,0.059999999999999998,0.2819091796874999
,308.89668514921868,274.98639755691892,0.059999999999999998,0.27987467447916659
,308.99668407656259,274.81005591694225,0.059999999999999998,0.27987467447916659
,309.09668300312501,276.28333325434926,0.059999999999999998,0.27987467447916659
,309.1966819320312,275.81637459966828,0.059999999999999998,0.2788574218749999
,309.29668086015636,276.4493796519547,0.059999999999999998,0.27987467447916659
,309.39667978906255,277.15517375584329,0.059999999999999998,0.27987467447916659
,309.49667871718748,277.80921034551011,0.059999999999999998,0.28089192708333327
,309.59667764609367,278.09993591471329,0.059999999999999998,0.2819091796874999
,309.69667657421883,277.59118335575829,0.059999999999999998,0.2819091796874999
,309.79667550234376,276.3455996319376,0.059999999999999998,0.28089192708333327
,309.89667443124995,274.61298007362416,0.059999999999999998,0.2788574218749999
,309.99667335937511,274.91378507990771,0.059999999999999998,0.2788574218749999
,310.0966722882813,275.28723873933427,0.059999999999999998,0.27784016927083327
,310.19667121796874,275.47398235327881,0.059999999999999998,0.27784016927083327
,310.29667014765619,276.36635536363298,0.059999999999999998,0.27784016927083327
,310.3966690765626,277.44584023724121,0.059999999999999998,0.2788574218749999
,310.49666800625005,278.4114565531824,0.059999999999999998,0.27987467447916659
,310.59666693593749,277.77806272945577,0.059999999999999998,0.27987467447916659
,310.69666586484368,277.14479329819818,0.059999999999999998,0.27987467447916659
,310.79666479453135,276.56354160213755,0.059999999999999998,0.2788574218749999
,310.8966637242188,274.69595784690091,0.059999999999999998,0.27784016927083327
,310.99666265312499,275.39098381280212,0.059999999999999998,0.27784016927083327
,311.09666157812512,276.7296026820585,0.059999999999999998,0.27784016927083327
,311.19666050078126,276.01352647585549,0.059999999999999998,0.27784016927083327
,311.29665942421889,276.3455996319376,0.059999999999999998,0.27784016927083327
,311.39665834687503,277.32126565886347,0.059999999999999998,0.2788574218749999
,311.49665727031243,278.55684306841744,0.059999999999999998,0.27987467447916659
,311.59665619375005,278.60876839597171,0.059999999999999998,0.28089192708333327
,311.69665511640619,278.23492452047105,0.059999999999999998,0.28089192708333327
,311.79665403984382,277.04099057648637,0.059999999999999998,0.27987467447916659
,311.89665296328121,275.1834971167811,0.059999999999999998,0.2788574218749999
,311.99665188593758,275.23536749641869,0.059999999999999998,0.27784016927083327
,312.09665080781247,276.1276726806131,0.059999999999999998,0.27784016927083327
,312.19664972968758,276.27295564401669,0.059999999999999998,0.27682291666666659
,312.29664865078121,276.70884457222888,0.059999999999999998,0.27784016927083327
,312.39664757265632,277.5496560796646,0.059999999999999998,0.2788574218749999
,312.49664649453121,278.7853206883633,0.059999999999999998,0.27987467447916659
,312.59664541640632,278.47376426489694,0.059999999999999998,0.28089192708333327
,312.69664433749995,277.61194719489959,0.059999999999999998,0.27987467447916659
,312.79664325937506,276.81263647661814,0.059999999999999998,0.27987467447916659
,312.89664218124994,275.26649013860981,0.059999999999999998,0.2788574218749999
,312.99664110546883,275.65036156533137,0.059999999999999998,0.27784016927083327
,313.09664003359376,277.04099057648637,0.059999999999999998,0.2788574218749999
,313.19663896093743,277.07213103878615,0.059999999999999998,0.2788574218749999
,313.29663788906259,277.18631533098653,0.059999999999999998,0.2788574218749999
,313.39663681718753,277.67423951626131,0.059999999999999998,0.27987467447916659
,313.4966357445312,278.80609217336553,0.059999999999999998,0.28089192708333327
,313.59663467265636,278.71262152998764,0.059999999999999998,0.2819091796874999
,313.6966336007813,277.86112370719889,0.059999999999999998,0.28089192708333327
,313.79663252812497,277.13441287426195,0.059999999999999998,0.28089192708333327
,313.89663145625013,275.89938440922566,0.059999999999999998,0.27987467447916659
,313.99663038437507,276.0239032326528,0.059999999999999998,0.2788574218749999
,314.0966293125,277.030610489889,0.059999999999999998,0.27987467447916659
,314.19662824062493,277.10327180475224,0.059999999999999998,0.2788574218749999
,314.29662716953135,277.79882777340288,0.059999999999999998,0.27987467447916659
,314.39662609765628,278.38030314476401,0.059999999999999998,0.28089192708333327
,314.49662502578121,278.26607653500542,0.059999999999999998,0.28089192708333327
,314.59662395390637,277.65347527518776,0.059999999999999998,0.28089192708333327
,314.69662288203131,277.23821862997886,0.059999999999999998,0.28089192708333327
,314.79662181093749,277.15517375584329,0.059999999999999998,0.28089192708333327
,314.89662073906243,276.0239032326528,0.059999999999999998,0.27987467447916659
,314.99661966250005,275.97201979070485,0.059999999999999998,0.2788574218749999
,315.09661858671871,276.3871112315183,0.059999999999999998,0.2788574218749999
,315.19661751015633,276.20031332639718,0.059999999999999998,0.27784016927083327
,315.29661643437498,277.59118335575829,0.059999999999999998,0.2788574218749999
,315.39661535859386,278.22454058207433,0.059999999999999998,0.27987467447916659
,315.49661428203126,278.71262152998764,0.059999999999999998,0.27987467447916659
,315.59661320625014,278.71262152998764,0.059999999999999998,0.28089192708333327
,315.69661212968754,278.13108663248772,0.059999999999999998,0.28089192708333327
,315.79661105390619,277.53927434445723,0.059999999999999998,0.28089192708333327
,315.89660997890633,276.28333325434926,0.059999999999999998,0.2788574218749999
,315.99660890625,276.53240611701744,0.059999999999999998,0.2788574218749999
,316.09660783359368,276.7607401009671,0.059999999999999998,0.2788574218749999
,316.19660676093758,277.36278998060783,0.059999999999999998,0.2788574218749999
,316.2966056875,277.52889264278548,0.059999999999999998,0.27784016927083327
,316.39660461484368,278.18300516085117,0.059999999999999998,0.2788574218749999
,316.49660354218759,279.0138142708708,0.059999999999999998,0.27987467447916659
,316.59660246953126,279.1384538442548,0.059999999999999998,0.27987467447916659
,316.69660139687494,278.79570641437647,0.059999999999999998,0.28089192708333327
,316.79660032421884,278.33876573116532,0.059999999999999998,0.28089192708333327
,316.89659924765624,276.55316307312933,0.059999999999999998,0.2788574218749999
,316.9965981687501,276.92681148140036,0.059999999999999998,0.2788574218749999
,317.09659709062498,277.17593477224199,0.059999999999999998,0.27784016927083327
,317.19659601250009,277.21745720934615,0.059999999999999998,0.27784016927083327
,317.29659493437498,277.63271116805493,0.059999999999999998,0.27784016927083327
,317.39659385625009,278.22454058207433,0.059999999999999998,0.2788574218749999
,317.49659277734372,279.52278891232862,0.059999999999999998,0.27987467447916659
,317.59659169921883,279.50201289900122,0.059999999999999998,0.27987467447916659
,317.69659062109372,279.12806703251113,0.059999999999999998,0.27987467447916659
,317.79658954296883,278.35953437162169,0.059999999999999998,0.27987467447916659
,317.89658846640623,276.91643176639968,0.059999999999999998,0.2788574218749999
,317.99658738984385,277.59118335575829,0.059999999999999998,0.2788574218749999
,318.09658631328125,278.14147027163216,0.059999999999999998,0.2788574218749999
,318.19658523671887,278.25569249694126,0.059999999999999998,0.2788574218749999
,318.29658416015627,278.39068758108078,0.059999999999999998,0.2788574218749999
,318.39658308281264,278.43222565787704,0.059999999999999998,0.2788574218749999
,318.49658200625004,279.93833655167703,0.059999999999999998,0.27987467447916659
,318.59658092968743,280.05262126953079,0.059999999999999998,0.28089192708333327
,318.69657985312506,279.03458720454535,0.059999999999999998,0.28089192708333327
,318.79657877656246,277.99610235317044,0.059999999999999998,0.27987467447916659
,318.89657770156259,277.20707654954316,0.059999999999999998,0.2788574218749999
,318.99657662578124,277.61194719489959,0.059999999999999998,0.2788574218749999
,319.09657555000013,278.29722884845876,0.059999999999999998,0.2788574218749999
,319.19657447500003,278.55684306841744,0.059999999999999998,0.27784016927083327
,319.29657339921869,278.6606945500227,0.059999999999999998,0.27784016927083327
,319.39657232343757,279.11768025359328,0.059999999999999998,0.2788574218749999
,319.49657124843748,280.06301098385757,0.059999999999999998,0.27987467447916659
,319.59657017265636,279.87600108774177,0.059999999999999998,0.28089192708333327
,319.69656909687501,279.89677944582934,0.059999999999999998,0.28089192708333327
,319.79656802421869,279.11768025359328,0.059999999999999998,0.27987467447916659
,319.89656695234385,277.44584023724121,0.059999999999999998,0.2788574218749999
,319.99656588125004,277.60156525857485,0.059999999999999998,0.27784016927083327
,320.09656480937497,278.71262152998764,0.059999999999999998,0.2788574218749999
,320.19656373750013,278.982655116952,0.059999999999999998,0.27784016927083327
,320.29656266640632,279.39813479248915,0.059999999999999998,0.2788574218749999
,320.39656159453125,279.83444476142955,0.059999999999999998,0.27987467447916659
,320.49656052265618,280.77997925565711,0.059999999999999998,0.28089192708333327
,320.5965594515626,280.54097278940253,0.059999999999999998,0.28089192708333327
,320.69655837968753,279.88639025054528,0.059999999999999998,0.28089192708333327
,320.79655730624995,279.00342785334743,0.059999999999999998,0.28089192708333327
,320.8965562328126,277.64309320487644,0.059999999999999998,0.27987467447916659
,320.99655515937502,277.91303790372041,0.059999999999999998,0.2788574218749999
,321.09655408515619,278.95149625905748,0.059999999999999998,0.2788574218749999
,321.19655301171883,279.06574685155641,0.059999999999999998,0.2788574218749999
,321.29655193828125,279.43968564291777,0.059999999999999998,0.27987467447916659
,321.39655086406242,280.3851081745193,0.059999999999999998,0.28089192708333327
,321.49654979062507,281.23725623638609,0.059999999999999998,0.2819091796874999
,321.59654871718749,280.8735081461777,0.059999999999999998,0.2819091796874999
,321.69654764218762,280.0941803212167,0.059999999999999998,0.2819091796874999
,321.79654656796879,279.31503466169653,0.059999999999999998,0.2819091796874999
,321.8965454929687,277.60156525857485,0.059999999999999998,0.27987467447916659
,321.99654441796883,278.06878549652413,0.059999999999999998,0.27987467447916659
,322.09654334296874,278.46337956344979,0.059999999999999998,0.27987467447916659
,322.19654226796888,278.61915356068079,0.059999999999999998,0.2788574218749999
,322.29654119296879,279.61628258776608,0.059999999999999998,0.27987467447916659
,322.39654011874995,280.23964108066315,0.059999999999999998,0.28089192708333327
,322.49653904375009,281.29961697585469,0.059999999999999998,0.2819091796874999
,322.59653796875,280.9254697620168,0.059999999999999998,0.2819091796874999
,322.69653689531242,280.7072363586912,0.059999999999999998,0.2819091796874999
,322.79653582265632,279.97989417683419,0.059999999999999998,0.2819091796874999
,322.89653475078126,278.36991874160947,0.059999999999999998,0.27987467447916659
,322.99653367812493,278.59838326432248,0.059999999999999998,0.27987467447916659
,323.09653260625009,279.30464729263304,0.059999999999999998,0.27987467447916659
,323.19653153359377,279.26309814388458,0.059999999999999998,0.27987467447916659
,323.29653046093745,279.73055622162366,0.059999999999999998,0.27987467447916659
,323.39652938906261,280.0941803212167,0.059999999999999998,0.27987467447916659
,323.49652831640628,281.75696400647291,0.059999999999999998,0.2819091796874999
,323.59652724374996,281.08135940726197,0.059999999999999998,0.2819091796874999
,323.69652617187512,280.32276435949552,0.059999999999999998,0.2819091796874999
,323.7965250992188,280.06301098385757,0.059999999999999998,0.2819091796874999
,323.89652402734373,278.8164779653257,0.059999999999999998,0.27987467447916659
,323.99652295468763,279.26309814388458,0.059999999999999998,0.27987467447916659
,324.09652188281257,279.5435650562427,0.059999999999999998,0.27987467447916659
,324.1965208109375,279.4916249413194,0.059999999999999998,0.27987467447916659
,324.29651973828118,279.95911529936097,0.059999999999999998,0.27987467447916659
,324.39651866640634,280.66566969514201,0.059999999999999998,0.28089192708333327
,324.49651759375001,281.37237261992931,0.059999999999999998,0.28089192708333327
,324.5965165226562,281.35158513401609,0.059999999999999998,0.2819091796874999
,324.69651545312513,280.65527810954677,0.059999999999999998,0.28089192708333327
,324.79651438359383,279.96950472187632,0.059999999999999998,0.28089192708333327
,324.89651331406253,278.29722884845876,0.059999999999999998,0.2788574218749999
,324.99651224453123,278.93072385164822,0.059999999999999998,0.2788574218749999
,325.09651117499993,279.66822465992846,0.059999999999999998,0.2788574218749999
,325.19651010546886,279.08652011384191,0.059999999999999998,0.27784016927083327
,325.29650903593756,279.74094492919897,0.059999999999999998,0.27784016927083327
,325.39650796640626,280.89429269647172,0.059999999999999998,0.27987467447916659
,325.49650689687496,281.87131034293367,0.059999999999999998,0.28089192708333327
,325.59650582656263,281.7465690745488,0.059999999999999998,0.28089192708333327
,325.69650475625008,281.16450348984182,0.059999999999999998,0.28089192708333327
,325.79650368593752,280.60332066356324,0.059999999999999998,0.27987467447916659
,325.89650261562497,279.35658446531471,0.059999999999999998,0.2788574218749999
,325.99650154531264,279.75133366932141,0.059999999999999998,0.2788574218749999
,326.09650047578134,280.31237383661073,0.059999999999999998,0.2788574218749999
,326.19649940546878,280.3539361218115,0.059999999999999998,0.27784016927083327
,326.29649833515623,280.28120246168504,0.059999999999999998,0.27784016927083327
,326.39649726484367,281.1956830471205,0.059999999999999998,0.2788574218749999
,326.49649619453135,282.47429038280433,0.059999999999999998,0.27987467447916659
,326.59649512265628,281.9024963704116,0.059999999999999998,0.28089192708333327
,326.69649405078121,281.64262149502889,0.059999999999999998,0.28089192708333327
,326.79649297890637,280.94625463239316,0.059999999999999998,0.27987467447916659
,326.89649190625005,279.29425995631539,0.059999999999999998,0.27784016927083327
,326.99649083437498,280.10457016511339,0.059999999999999998,0.2788574218749999
,327.09648976250014,280.85272372398424,0.059999999999999998,0.2788574218749999
,327.19648869062507,280.43706224066244,0.059999999999999998,0.27784016927083327
,327.29648761796875,280.6968446446383,0.059999999999999998,0.27784016927083327
,327.39648654609368,281.66341075776512,0.059999999999999998,0.2788574218749999
,327.49648547343759,283.30615940943801,0.059999999999999998,0.27987467447916659
,327.59648439765624,282.1623909602049,0.059999999999999998,0.27987467447916659
,327.69648332265638,281.78814899189592,0.059999999999999998,0.27987467447916659
,327.79648224687503,281.70498966306747,0.059999999999999998,0.27987467447916659
,327.89648117109368,280.36432677378809,0.059999999999999998,0.2788574218749999
,327.99648009609382,280.3851081745193,0.059999999999999998,0.27784016927083327
,328.09647902031247,280.96703963073475,0.059999999999999998,0.27784016927083327
,328.19647794453135,281.02939539316384,0.059999999999999998,0.27784016927083327
,328.29647686953126,281.17489664371828,0.059999999999999998,0.27784016927083327
,328.39647579375014,281.8401245994761,0.059999999999999998,0.2788574218749999
,328.49647471640628,283.08777455946421,0.059999999999999998,0.27987467447916659
,328.59647363984368,283.31655902798798,0.059999999999999998,0.28089192708333327
,328.69647256250005,282.43270216406296,0.059999999999999998,0.28089192708333327
,328.79647148593745,281.9024963704116,0.059999999999999998,0.27987467447916659
,328.89647040859381,280.43706224066244,0.059999999999999998,0.2788574218749999
,328.99646933203121,281.61143783842823,0.059999999999999998,0.27987467447916659
,329.09646825468758,281.59064889242063,0.059999999999999998,0.2788574218749999
,329.19646717812498,281.29961697585469,0.059999999999999998,0.27784016927083327
,329.29646610078134,281.73617417424134,0.059999999999999998,0.27784016927083327
,329.39646502421874,282.79661601897396,0.059999999999999998,0.27987467447916659
,329.49646394375009,283.64936309300714,0.059999999999999998,0.27987467447916659
,329.59646286249995,283.5037574356117,0.059999999999999998,0.28089192708333327
,329.69646178125004,282.52627635981599,0.059999999999999998,0.28089192708333327
,329.79646070000013,281.60104334958186,0.059999999999999998,0.27987467447916659
,329.89645961953124,280.60332066356324,0.059999999999999998,0.27784016927083327
,329.99645853828133,281.10214523643373,0.059999999999999998,0.27784016927083327
,330.09645745703119,282.00645184489463,0.059999999999999998,0.27784016927083327
,330.19645637578128,282.25595782383471,0.059999999999999998,0.27784016927083327
,330.29645529453137,282.08961849228399,0.059999999999999998,0.27784016927083327
,330.396454215625,282.94219224644877,0.059999999999999998,0.2788574218749999
,330.49645313906262,283.9197895574211,0.059999999999999998,0.27987467447916659
,330.59645206328128,284.15903020134084,0.059999999999999998,0.28089192708333327
,330.69645098749993,283.00458392194145,0.059999999999999998,0.27987467447916659
,330.79644991171881,282.43270216406296,0.059999999999999998,0.27987467447916659
,330.89644883515621,280.85272372398424,0.059999999999999998,0.27784016927083327
,330.99644775937509,281.56986007317278,0.059999999999999998,0.27784016927083327
,331.09644668359374,282.06882664161037,0.059999999999999998,0.27784016927083327
,331.19644560781262,282.35992398619317,0.059999999999999998,0.27682291666666659
,331.29644453203127,282.71343234081348,0.059999999999999998,0.27784016927083327
,331.39644345546867,283.90938815677617,0.059999999999999998,0.2788574218749999
,331.49644237968755,284.71038510501637,0.059999999999999998,0.27987467447916659
,331.59644130312495,284.08621612280763,0.059999999999999998,0.27987467447916659
,331.69644022734383,283.42055691044982,0.059999999999999998,0.27987467447916659
,331.79643915078123,283.28536026496482,0.059999999999999998,0.27987467447916659
,331.89643807500011,281.66341075776512,0.059999999999999998,0.27784016927083327
,331.9964369984375,282.25595782383471,0.059999999999999998,0.27784016927083327
,332.09643592265638,282.56786570390722,0.059999999999999998,0.27784016927083327
,332.19643484687504,282.32873380833297,0.059999999999999998,0.27682291666666659
,332.29643377031243,283.37895738735904,0.059999999999999998,0.27784016927083327
,332.39643269375006,284.08621612280763,0.059999999999999998,0.27784016927083327
,332.49643161718745,284.98089214909015,0.059999999999999998,0.27987467447916659
,332.59643054062508,284.68957771507098,0.059999999999999998,0.27987467447916659
,332.69642946406248,284.52312294796286,0.059999999999999998,0.28089192708333327
,332.7964283875001,283.45175687638266,0.059999999999999998,0.27987467447916659
,332.8964273109375,282.69263673275498,0.059999999999999998,0.27987467447916659
,332.99642623437512,282.70303452120271,0.059999999999999998,0.2788574218749999
,333.09642515781252,283.27496073905161,0.059999999999999998,0.2788574218749999
,333.19642408124992,282.80701411882882,0.059999999999999998,0.27784016927083327
,333.2964230054688,283.42055691044982,0.059999999999999998,0.27784016927083327
,333.39642193281247,284.7311926157272,0.059999999999999998,0.27987467447916659
,333.49642086015638,285.11615329655837,0.059999999999999998,0.28089192708333327
,333.59641978750005,285.09534355906391,0.059999999999999998,0.28089192708333327
,333.69641871406247,284.60634936376084,0.059999999999999998,0.28089192708333327
,333.79641764140638,284.11742197358791,0.059999999999999998,0.28089192708333327
,333.89641656875006,283.31655902798798,0.059999999999999998,0.28089192708333327
,333.99641549609373,283.45175687638266,0.059999999999999998,0.28089192708333327
,334.09641442343764,283.73256902901733,0.059999999999999998,0.27987467447916659
,334.19641335078131,283.47255700769819,0.059999999999999998,0.27987467447916659
,334.29641227812499,283.62856191598667,0.059999999999999998,0.27987467447916659
,334.39641120468764,284.3462732528011,0.059999999999999998,0.28089192708333327
,334.49641013125006,285.75090772501136,0.059999999999999998,0.2819091796874999
,334.59640905781248,285.23060899608879,0.059999999999999998,0.2819091796874999
,334.69640798437513,284.26305290227594,0.059999999999999998,0.2819091796874999
,334.79640691015629,283.70136657286497,0.059999999999999998,0.28089192708333327
,334.89640583671871,282.33913050295166,0.059999999999999998,0.27987467447916659
,334.99640476328136,282.9005984170276,0.059999999999999998,0.27987467447916659
,335.09640368984378,284.02380524478474,0.059999999999999998,0.27987467447916659
,335.1964026164062,283.38935722188603,0.059999999999999998,0.2788574218749999
,335.29640153906257,283.84698039531082,0.059999999999999998,0.2788574218749999
,335.39640046093746,284.62715627023607,0.059999999999999998,0.27987467447916659
,335.49639938281257,285.89660469236918,0.059999999999999998,0.28089192708333327
,335.59639830468745,285.59481028662998,0.059999999999999998,0.2819091796874999
,335.69639722656257,284.63755976882453,0.059999999999999998,0.2819091796874999
,335.79639614843745,283.8781841383551,0.059999999999999998,0.28089192708333327
,335.89639507109382,282.42230518759493,0.059999999999999998,0.27987467447916659
,335.99639399296871,283.41015698343642,0.059999999999999998,0.27987467447916659
,336.09639291484382,283.94059245043769,0.059999999999999998,0.27987467447916659
,336.19639183828122,283.70136657286497,0.059999999999999998,0.2788574218749999
,336.29639076796889,284.06541237476068,0.059999999999999998,0.27987467447916659
,336.39638969765633,284.50231664674288,0.059999999999999998,0.27987467447916659
,336.49638862734378,285.79253483704309,0.059999999999999998,0.2819091796874999
,336.59638755703122,285.78212801453708,0.059999999999999998,0.2819091796874999
,336.69638648671867,285.11615329655837,0.059999999999999998,0.2819091796874999
,336.79638541640634,284.294260305786,0.059999999999999998,0.2819091796874999
,336.89638434609378,282.2871473433205,0.059999999999999998,0.27987467447916659
,336.99638327578123,282.64064825813603,0.059999999999999998,0.27987467447916659
,337.09638220546867,283.77417273321561,0.059999999999999998,0.27987467447916659
,337.19638113515634,284.06541237476068,0.059999999999999998,0.27987467447916659
,337.2963800664063,284.47110742212544,0.059999999999999998,0.27987467447916659
,337.39637899765626,285.03291506679358,0.059999999999999998,0.28089192708333327
,337.49637792890621,285.41790795075093,0.059999999999999998,0.28089192708333327
,337.59637686015617,285.51156105584187,0.059999999999999998,0.2819091796874999
,337.69637579140635,284.8560402137802,0.059999999999999998,0.2819091796874999
,337.79637472265631,284.1278239848171,0.059999999999999998,0.2819091796874999
,337.89637365312501,282.26635429896072,0.059999999999999998,0.27987467447916659
,337.99637258437497,282.40151132855431,0.059999999999999998,0.2788574218749999
,338.09637151562492,283.48295711954904,0.059999999999999998,0.2788574218749999
,338.19637044296883,283.54535843704048,0.059999999999999998,0.2788574218749999
,338.29636936874999,283.88858544723809,0.059999999999999998,0.2788574218749999
,338.39636829531264,284.67917406539812,0.059999999999999998,0.27987467447916659
,338.49636722109381,286.67722261411683,0.059999999999999998,0.2819091796874999
,338.59636614765623,285.60521657443007,0.059999999999999998,0.2819091796874999
,338.69636507343762,284.64796329764005,0.059999999999999998,0.2819091796874999
,338.79636400000004,283.9197895574211,0.059999999999999998,0.28089192708333327
,338.89636292656246,282.49508467982736,0.059999999999999998,0.27987467447916659
,338.99636185234385,282.60945554763896,0.059999999999999998,0.2788574218749999
,339.09636077890627,283.34775806883107,0.059999999999999998,0.2788574218749999
,339.19635970703121,283.65976372758229,0.059999999999999998,0.2788574218749999
,339.29635863515637,283.99260021781538,0.059999999999999998,0.2788574218749999
,339.3963575632813,284.8144238654088,0.059999999999999998,0.27987467447916659
,339.49635649140623,285.54277929405731,0.059999999999999998,0.28089192708333327
,339.59635541875014,285.36587949217534,0.059999999999999998,0.28089192708333327
,339.69635434687507,285.11615329655837,0.059999999999999998,0.2819091796874999
,339.796353275,283.9197895574211,0.059999999999999998,0.28089192708333327
,339.89635220312493,282.33913050295166,0.059999999999999998,0.2788574218749999
,339.99635113125009,282.8486068293322,0.059999999999999998,0.2788574218749999
,340.09635005937503,283.70136657286497,0.059999999999999998,0.2788574218749999
,340.19634898828122,283.71176736090604,0.059999999999999998,0.2788574218749999
,340.29634791640638,283.55575876430663,0.059999999999999998,0.2788574218749999
,340.39634684453131,284.69998139494544,0.059999999999999998,0.28089192708333327
,340.4963457734375,285.5635916017801,0.059999999999999998,0.28089192708333327
,340.59634470156243,285.69887450275291,0.059999999999999998,0.2819091796874999
,340.69634363046885,285.32425726291541,0.059999999999999998,0.2819091796874999
,340.79634255859378,284.4190926540025,0.059999999999999998,0.2819091796874999
,340.89634148671871,282.55746832103074,0.059999999999999998,0.27987467447916659
,340.99634041562513,283.08777455946421,0.059999999999999998,0.27987467447916659
,341.09633934062504,283.8157769277795,0.059999999999999998,0.27987467447916659
,341.19633826562495,283.28536026496482,0.059999999999999998,0.2788574218749999
,341.29633718984383,283.88858544723809,0.059999999999999998,0.2788574218749999
,341.39633611484373,285.1265582102958,0.059999999999999998,0.27987467447916659
,341.49633503984387,286.19842399581813,0.059999999999999998,0.2819091796874999
,341.59633396406252,285.49074904600434,0.059999999999999998,0.2819091796874999
,341.69633288906243,284.54392937031542,0.059999999999999998,0.28089192708333327
,341.79633181328131,283.46215692664106,0.059999999999999998,0.28089192708333327
,341.89633073828122,282.15199479905908,0.059999999999999998,0.2788574218749999
,341.9963296625001,282.98378657264891,0.059999999999999998,0.27987467447916659
,342.09632858906252,284.05501054649437,0.059999999999999998,0.2788574218749999
,342.19632751484369,283.78457373589742,0.059999999999999998,0.2788574218749999
,342.29632644140634,284.28385780754758,0.059999999999999998,0.2788574218749999
,342.3963253671875,285.04331974045317,0.059999999999999998,0.27987467447916659
,342.49632429374992,286.07353023797725,0.059999999999999998,0.28089192708333327
,342.59632321953131,285.71968770258258,0.059999999999999998,0.2819091796874999
,342.69632214531248,284.58554257825517,0.059999999999999998,0.2819091796874999
,342.79632107187513,283.8157769277795,0.059999999999999998,0.28089192708333327
,342.89631999765629,282.73422807350437,0.059999999999999998,0.27987467447916659
,342.99631892499997,283.26456124402728,0.059999999999999998,0.27987467447916659
,343.09631785156262,284.211041171364,0.059999999999999998,0.27987467447916659
,343.19631677890629,283.93019098864329,0.059999999999999998,0.27987467447916659
,343.29631570624997,284.3254679828508,0.059999999999999998,0.27987467447916659
,343.39631463281262,285.30344632759886,0.059999999999999998,0.28089192708333327
,343.4963135601563,286.66681328933936,0.059999999999999998,0.2819091796874999
,343.59631248749997,285.4699371553931,0.059999999999999998,0.2819091796874999
,343.69631141406262,284.90806132690273,0.059999999999999998,0.2819091796874999
,343.7963103414063,283.8781841383551,0.059999999999999998,0.28089192708333327
,343.89630926874997,282.66144355443981,0.059999999999999998,0.27987467447916659
,343.99630819687513,284.25265049525285,0.059999999999999998,0.27987467447916659
,344.09630712656258,284.80401985365387,0.059999999999999998,0.28089192708333327
,344.19630605546877,284.80401985365387,0.059999999999999998,0.27987467447916659
,344.29630498437496,285.1265582102958,0.059999999999999998,0.28089192708333327
,344.39630391328137,285.5635916017801,0.059999999999999998,0.2819091796874999
,344.49630284296882,286.37536407777219,0.059999999999999998,0.28292643229166659
,344.59630177187501,285.92782622649906,0.059999999999999998,0.28292643229166659
,344.69630070078119,285.25141951263521,0.059999999999999998,0.28292643229166659
,344.79629962968761,284.33587060263864,0.059999999999999998,0.28292643229166659
,344.89629855937505,283.32695867740676,0.059999999999999998,0.28089192708333327
,344.99629749218752,283.61816137355146,0.059999999999999998,0.28089192708333327
,345.09629642578125,284.33587060263864,0.059999999999999998,0.2819091796874999
,345.19629535859372,283.96139546572277,0.059999999999999998,0.27987467447916659
,345.29629429140618,284.46070440786332,0.059999999999999998,0.28089192708333327
,345.39629322500014,285.74050102118406,0.059999999999999998,0.2819091796874999
,345.4962921578126,286.56272164949712,0.059999999999999998,0.2819091796874999
,345.59629109062507,286.52108581287638,0.059999999999999998,0.28292643229166659
,345.69629002343754,286.04230746229211,0.059999999999999998,0.28394368489583327
,345.79628895703127,285.1369631540199,0.059999999999999998,0.28292643229166659
,345.89628788593745,283.5141576398135,0.059999999999999998,0.28089192708333327
,345.99628680937508,283.61816137355146,0.059999999999999998,0.28089192708333327
,346.09628573281248,284.20063891646799,0.059999999999999998,0.28089192708333327
,346.1962846562501,284.64796329764005,0.059999999999999998,0.27987467447916659
,346.2962835796875,284.96008319238194,0.059999999999999998,0.27987467447916659
,346.39628250312512,285.5844040285848,0.059999999999999998,0.28089192708333327
,346.49628142656252,286.55231264642129,0.059999999999999998,0.2819091796874999
,346.59628035000014,286.40658967981909,0.059999999999999998,0.2819091796874999
,346.69627927343754,286.3233219950784,0.059999999999999998,0.28292643229166659
,346.79627819687494,286.08393788891266,0.059999999999999998,0.28292643229166659
,346.89627712187507,284.4190926540025,0.059999999999999998,0.2819091796874999
,346.99627604765624,284.22144345669557,0.059999999999999998,0.28089192708333327
,347.09627497343763,284.90806132690273,0.059999999999999998,0.28089192708333327
,347.19627389843754,284.36707864422982,0.059999999999999998,0.27987467447916659
,347.2962728242187,286.73967917609667,0.059999999999999998,0.28292643229166659
,347.3962717500001,288.04109477618744,0.059999999999999998,0.28394368489583327
,347.49627067578126,287.57253327884627,0.059999999999999998,0.2849609374999999
,347.59626960156243,286.59394883433436,0.059999999999999998,0.2849609374999999
,347.69626852734382,285.75090772501136,0.059999999999999998,0.28394368489583327
,347.79626745312498,284.64796329764005,0.059999999999999998,0.28292643229166659
,347.89626638203117,282.49508467982736,0.059999999999999998,0.28089192708333327
,347.99626531171884,283.12937062187837,0.059999999999999998,0.27987467447916659
,348.09626424140629,284.28385780754758,0.059999999999999998,0.27987467447916659
,348.19626317109373,284.8560402137802,0.059999999999999998,0.27987467447916659
,348.29626210078118,285.34506831778793,0.059999999999999998,0.27987467447916659
,348.39626103046885,286.17760807472547,0.059999999999999998,0.28089192708333327
,348.49625995937504,287.03115700469863,0.059999999999999998,0.2819091796874999
,348.59625888906248,287.28101326619543,0.059999999999999998,0.2819091796874999
,348.69625781874993,286.72926967611255,0.059999999999999998,0.28292643229166659
,348.7962567484376,285.38669078603641,0.059999999999999998,0.2819091796874999
,348.8962556789063,283.8781841383551,0.059999999999999998,0.27987467447916659
,348.996254609375,284.31506539344269,0.059999999999999998,0.27987467447916659
,349.0962535398437,285.01210580957792,0.059999999999999998,0.27987467447916659
,349.19625247031263,285.07453394157756,0.059999999999999998,0.27987467447916659
,349.29625140078133,286.19842399581813,0.059999999999999998,0.27987467447916659
,349.39625033125003,286.97910571956646,0.059999999999999998,0.28089192708333327
,349.49624926171873,287.36430239069671,0.059999999999999998,0.2819091796874999
,349.59624819218743,287.44759336269823,0.059999999999999998,0.28292643229166659
,349.69624712265636,286.86459545066413,0.059999999999999998,0.2819091796874999
,349.79624604921878,286.55231264642129,0.059999999999999998,0.2819091796874999
,349.89624497499995,285.08493873531717,0.059999999999999998,0.28089192708333327
,349.99624390000008,285.44912538404947,0.059999999999999998,0.28089192708333327
,350.09624282578125,286.08393788891266,0.059999999999999998,0.28089192708333327
,350.19624175078138,286.03189992945471,0.059999999999999998,0.27987467447916659
,350.29624067578129,286.46904167622444,0.059999999999999998,0.28089192708333327
,350.39623960156246,287.28101326619543,0.059999999999999998,0.2819091796874999
,350.49623852656259,288.06192107576771,0.059999999999999998,0.28292643229166659
,350.59623745234376,287.98902952647524,0.059999999999999998,0.28292643229166659
,350.69623637734367,287.0415673488535,0.059999999999999998,0.28292643229166659
,350.79623530625008,286.14638441408488,0.059999999999999998,0.2819091796874999
,350.89623423515627,284.93927435594838,0.059999999999999998,0.28089192708333327
,350.99623316406246,285.44912538404947,0.059999999999999998,0.28089192708333327
,351.09623209296888,285.63643561630869,0.059999999999999998,0.27987467447916659
,351.19623102109381,285.75090772501136,0.059999999999999998,0.27987467447916659
,351.29622995,286.48985924296545,0.059999999999999998,0.27987467447916659
,351.39622887890619,287.4163590318654,0.059999999999999998,0.28089192708333327
,351.4962278078126,288.04109477618744,0.059999999999999998,0.2819091796874999
,351.59622673671879,287.70788952812291,0.059999999999999998,0.2819091796874999
,351.69622566718749,287.70788952812291,0.059999999999999998,0.2819091796874999
,351.79622459843745,287.37471366121719,0.059999999999999998,0.2819091796874999
,351.89622353046889,285.37628512417422,0.059999999999999998,0.27987467447916659
,351.9962224625001,285.53237318486447,0.059999999999999998,0.27987467447916659
,352.09622139375006,286.63558549034451,0.059999999999999998,0.27987467447916659
,352.19622032578127,286.38577258242901,0.059999999999999998,0.27987467447916659
,352.29621925703123,287.85366321913909,0.059999999999999998,0.28089192708333327
,352.39621818906244,288.3535012255121,0.059999999999999998,0.2819091796874999
,352.49621712031262,289.42629007759382,0.059999999999999998,0.28292643229166659
,352.59621605234383,288.74925268731965,0.059999999999999998,0.28292643229166659
,352.69621497890626,287.49965115718123,0.059999999999999998,0.28292643229166659
,352.79621390312514,287.29142430563053,0.059999999999999998,0.28292643229166659
,352.89621282734379,285.79253483704309,0.059999999999999998,0.2819091796874999
,352.99621175156244,286.38577258242901,0.059999999999999998,0.2819091796874999
,353.09621067656258,286.89582517485684,0.059999999999999998,0.2819091796874999
,353.19620960078123,285.94864073054117,0.059999999999999998,0.27987467447916659
,353.29620852500011,286.56272164949712,0.059999999999999998,0.27987467447916659
,353.39620744921876,287.71830174829455,0.059999999999999998,0.28089192708333327
,353.49620637421867,288.8013282815279,0.059999999999999998,0.2819091796874999
,353.59620529843755,289.05130091191012,0.059999999999999998,0.28292643229166659
,353.696204228125,288.31184555426756,0.059999999999999998,0.28292643229166659
,353.79620315781244,287.48923954066652,0.059999999999999998,0.2819091796874999
,353.89620208671886,285.90701184081445,0.059999999999999998,0.28089192708333327
,353.9962010164063,286.11516101876714,0.059999999999999998,0.27987467447916659
,354.09619994609375,286.7604982636081,0.059999999999999998,0.27987467447916659
,354.19619887578119,286.20883200054851,0.059999999999999998,0.2788574218749999
,354.29619780468761,287.02074668957954,0.059999999999999998,0.2788574218749999
,354.39619673437505,288.3535012255121,0.059999999999999998,0.28089192708333327
,354.4961956640625,289.11379659269841,0.059999999999999998,0.2819091796874999
,354.59619459218743,289.14504481077182,0.059999999999999998,0.2819091796874999
,354.69619351875008,288.74925268731965,0.059999999999999998,0.28292643229166659
,354.79619244609376,288.32225942951607,0.059999999999999998,0.28292643229166659
,354.89619137265618,286.66681328933936,0.059999999999999998,0.2819091796874999
,354.99619030000008,287.13526175199098,0.059999999999999998,0.28089192708333327
,355.0961892265625,287.51006280249453,0.059999999999999998,0.2819091796874999
,355.19618815390618,287.31224647120791,0.059999999999999998,0.28089192708333327
,355.29618708046883,287.7599509158012,0.059999999999999998,0.28089192708333327
,355.3961860078125,288.69717779708913,0.059999999999999998,0.2819091796874999
,355.49618493437492,289.88465908704211,0.059999999999999998,0.28292643229166659
,355.5961838640626,288.93672811626806,0.059999999999999998,0.28292643229166659
,355.6961827945313,288.41598558315036,0.059999999999999998,0.28292643229166659
,355.796181725,287.99944251934056,0.059999999999999998,0.28292643229166659
,355.8961806554687,286.42740689460948,0.059999999999999998,0.28089192708333327
,355.99617958593763,286.82295622610968,0.059999999999999998,0.28089192708333327
,356.09617851640633,287.65582885775945,0.059999999999999998,0.28089192708333327
,356.19617744687503,287.39553628883857,0.059999999999999998,0.27987467447916659
,356.29617637734373,288.07233426832846,0.059999999999999998,0.27987467447916659
,356.39617530781243,289.13462871011882,0.059999999999999998,0.2819091796874999
,356.49617423828136,290.08260768716406,0.059999999999999998,0.28292643229166659
,356.59617316640629,289.77006181261362,0.059999999999999998,0.28292643229166659
,356.69617209374996,288.83257397568303,0.059999999999999998,0.28292643229166659
,356.79617102187513,288.48888528935322,0.059999999999999998,0.28292643229166659
,356.89616995000006,287.37471366121719,0.059999999999999998,0.2819091796874999
,356.99616887812499,287.72871399715353,0.059999999999999998,0.28089192708333327
,357.09616780546867,287.90572661177072,0.059999999999999998,0.28089192708333327
,357.19616673359383,287.92655216900272,0.059999999999999998,0.28089192708333327
,357.29616566171876,288.43681392906439,0.059999999999999998,0.28089192708333327
,357.39616458906244,289.1242126374259,0.059999999999999998,0.2819091796874999
,357.49616351796885,289.74922630351398,0.059999999999999998,0.28292643229166659
,357.59616245000007,289.9367498604812,0.059999999999999998,0.28394368489583327
,357.69616138125002,289.25962376177716,0.059999999999999998,0.28394368489583327
,357.79616031249998,288.57220093677796,0.059999999999999998,0.28292643229166659
,357.89615924453119,286.18801602054202,0.059999999999999998,0.28089192708333327
,357.99615817578137,286.84377578012618,0.059999999999999998,0.28089192708333327
,358.09615710703133,288.03068166917848,0.059999999999999998,0.28089192708333327
,358.19615603828129,288.16605428353387,0.059999999999999998,0.28089192708333327
,358.2961549703125,288.22853557455068,0.059999999999999998,0.27987467447916659
,358.39615390156246,289.17629328043739,0.059999999999999998,0.28089192708333327
,358.49615282890636,290.43685622092352,0.059999999999999998,0.2819091796874999
,358.59615175468753,290.02009652993917,0.059999999999999998,0.28292643229166659
,358.69615068046869,289.62421557226889,0.059999999999999998,0.28292643229166659
,358.79614960546883,288.31184555426756,0.059999999999999998,0.2819091796874999
,358.89614853124999,287.43718189025532,0.059999999999999998,0.28089192708333327
,358.99614745625013,287.93696499049304,0.059999999999999998,0.28089192708333327
,359.09614638203129,288.99922194795801,0.059999999999999998,0.2819091796874999
,359.1961453070312,288.61385943866804,0.059999999999999998,0.28089192708333327
,359.29614423281259,289.34295602841786,0.059999999999999998,0.2819091796874999
,359.39614315859376,290.20763296685283,0.059999999999999998,0.28292643229166659
,359.49614208359367,290.95786717605131,0.059999999999999998,0.28394368489583327
,359.59614100781255,290.54105297762533,0.059999999999999998,0.2849609374999999
,359.69613993281246,290.58273244295333,0.059999999999999998,0.2849609374999999
,359.79613885781259,289.16587709593648,0.059999999999999998,0.2849609374999999
,359.89613778203125,287.45800486396615,0.059999999999999998,0.28292643229166659
,359.99613670703138,287.94737784055917,0.059999999999999998,0.28292643229166659
,360.09613563203129,288.06192107576771,0.059999999999999998,0.28292643229166659
,360.19613455624994,288.14522741414072,0.059999999999999998,0.2819091796874999
,360.29613348125008,289.20754200154943,0.059999999999999998,0.28292643229166659
,360.3961324078125,290.02009652993917,0.059999999999999998,0.28292643229166659
,360.4961313382812,290.85365956167385,0.059999999999999998,0.2849609374999999
,360.59613026796887,290.3326621923398,0.059999999999999998,0.2849609374999999
,360.69612919843757,288.97839055855019,0.059999999999999998,0.28394368489583327
,360.79612812890628,288.90548157919278,0.059999999999999998,0.28394368489583327
,360.89612705859372,287.21854763686696,0.059999999999999998,0.2819091796874999
,360.99612598906242,287.81201302013136,0.059999999999999998,0.2819091796874999
,361.09612491953135,288.74925268731965,0.059999999999999998,0.28292643229166659
,361.19612384921879,288.50971403155791,0.059999999999999998,0.2819091796874999
,361.29612277968749,288.84298926330752,0.059999999999999998,0.2819091796874999
,361.39612170703117,289.57212894454938,0.059999999999999998,0.28292643229166659
,361.49612063281256,290.64525245697183,0.059999999999999998,0.28394368489583327
,361.59611955859373,290.21805191839917,0.059999999999999998,0.28394368489583327
,361.69611848437512,290.22847089734154,0.059999999999999998,0.28394368489583327
,361.79611741015628,289.29087315270101,0.059999999999999998,0.28394368489583327
,361.89611633593745,287.79118809244346,0.059999999999999998,0.28292643229166659
,361.99611526171884,287.62459280012808,0.059999999999999998,0.2819091796874999
,362.09611418671875,288.24936289902661,0.059999999999999998,0.2819091796874999
,362.19611311249992,287.77036327935627,0.059999999999999998,0.28089192708333327
,362.29611203828131,288.18688126676165,0.059999999999999998,0.28089192708333327
,362.39611096093745,290.1972140427078,0.059999999999999998,0.2819091796874999
,362.49610988203131,290.74945465348333,0.059999999999999998,0.28292643229166659
,362.59610880390619,290.20763296685283,0.059999999999999998,0.28292643229166659
,362.69610772500005,289.89507718661116,0.059999999999999998,0.28292643229166659
,362.79610664687493,289.17629328043739,0.059999999999999998,0.2819091796874999
,362.89610556875004,287.72871399715353,0.059999999999999998,0.28089192708333327
,362.99610448984367,287.801600541965,0.059999999999999998,0.27987467447916659
,363.09610341171879,288.45764238825785,0.059999999999999998,0.27987467447916659
,363.19610233359367,288.38474327677164,0.059999999999999998,0.2788574218749999
,363.2961012570313,288.21812195495011,0.059999999999999998,0.2788574218749999
,363.39610018593748,289.62421557226889,0.059999999999999998,0.27987467447916659
,363.49609911406242,290.9682880861177,0.059999999999999998,0.28089192708333327
,363.59609804296883,290.30140451656524,0.059999999999999998,0.28089192708333327
,363.69609697109377,289.91591346843836,0.059999999999999998,0.28089192708333327
,363.79609589999995,288.98880623923634,0.059999999999999998,0.27987467447916659
,363.89609482812511,287.97861656215912,0.059999999999999998,0.2788574218749999
,363.9960937570313,289.05130091191012,0.059999999999999998,0.27987467447916659
,364.09609268515624,289.29087315270101,0.059999999999999998,0.2788574218749999
,364.19609161406242,288.65551839221945,0.059999999999999998,0.27784016927083327
,364.29609054062507,288.9679749059049,0.059999999999999998,0.27784016927083327
,364.39608946562498,289.74922630351398,0.059999999999999998,0.2788574218749999
,364.49608838984386,290.78071584146392,0.059999999999999998,0.27987467447916659
,364.59608731484377,290.84323894898569,0.059999999999999998,0.27987467447916659
,364.69608623984368,290.03051498742633,0.059999999999999998,0.27987467447916659
,364.79608516484382,289.6346329809524,0.059999999999999998,0.27987467447916659
,364.89608408984373,287.9161393760935,0.059999999999999998,0.27784016927083327
,364.99608301484386,287.9161393760935,0.059999999999999998,0.27682291666666659
,365.09608193984377,288.73883765293385,0.059999999999999998,0.27682291666666659
,365.19608086484368,288.73883765293385,0.059999999999999998,0.27682291666666659
,365.29607979140633,289.44712386808459,0.059999999999999998,0.27682291666666659
,365.39607871875,290.31182371447846,0.059999999999999998,0.27682291666666659
,365.49607764609368,291.34345878864184,0.059999999999999998,0.27784016927083327
,365.59607657343759,291.67697302708353,0.059999999999999998,0.2788574218749999
,365.69607550078126,290.90576303093269,0.059999999999999998,0.2788574218749999
,365.79607442812494,290.42643669520953,0.059999999999999998,0.2788574218749999
,365.89607335546884,289.19712573324921,0.059999999999999998,0.27784016927083327
,365.99607228281252,289.71797324718466,0.059999999999999998,0.27784016927083327
,366.0960712101562,289.64505041733645,0.059999999999999998,0.27784016927083327
,366.1960701375001,289.38462283036188,0.059999999999999998,0.27682291666666659
,366.29606906953131,289.50962590653677,0.059999999999999998,0.27682291666666659
,366.39606800078127,290.68693300982369,0.059999999999999998,0.27784016927083327
,366.49606693203123,291.49979018158365,0.059999999999999998,0.2788574218749999
,366.59606586328118,291.20797645888587,0.059999999999999998,0.27987467447916659
,366.69606479453137,290.8015567689618,0.059999999999999998,0.27987467447916659
,366.79606372578132,290.22847089734154,0.059999999999999998,0.2788574218749999
,366.89606265781254,288.64510361150707,0.059999999999999998,0.27682291666666659
,366.99606158906249,289.15546093937951,0.059999999999999998,0.27682291666666659
,367.09606052031245,289.81173316232952,0.059999999999999998,0.27784016927083327
,367.19605944921886,290.46811496173058,0.059999999999999998,0.27784016927083327
,367.29605837656254,290.59315237731033,0.059999999999999998,0.27784016927083327
,367.39605730390622,291.96882035760291,0.059999999999999998,0.27987467447916659
,367.49605623125012,292.95917058331247,0.059999999999999998,0.28089192708333327
,367.59605515937506,291.635282252509,0.059999999999999998,0.27987467447916659
,367.69605408671873,290.69735321592469,0.059999999999999998,0.27987467447916659
,367.79605301406264,290.16595743473562,0.059999999999999998,0.27987467447916659
,367.89605194140631,288.14522741414072,0.059999999999999998,0.27784016927083327
,367.99605086874999,288.94714368475849,0.059999999999999998,0.27784016927083327
,368.09604979609367,289.17629328043739,0.059999999999999998,0.27682291666666659
,368.19604872656259,289.81173316232952,0.059999999999999998,0.27682291666666659
,368.29604765703129,290.20763296685283,0.059999999999999998,0.27682291666666659
,368.3960465875,290.88492156208747,0.059999999999999998,0.27784016927083327
,368.4960455179687,291.97924386109588,0.059999999999999998,0.27784016927083327
,368.59604444843762,291.65612758652242,0.059999999999999998,0.2788574218749999
,368.69604337968758,291.20797645888587,0.059999999999999998,0.2788574218749999
,368.79604231015628,290.52021340829816,0.059999999999999998,0.27784016927083327
,368.89604124062498,288.9679749059049,0.059999999999999998,0.27682291666666659
,368.99604017109368,289.5825462146488,0.059999999999999998,0.27682291666666659
,369.09603909921884,290.53063317934578,0.059999999999999998,0.27682291666666659
,369.1960380234375,290.48895425860161,0.059999999999999998,0.27682291666666659
,369.29603694765638,291.13502631562636,0.059999999999999998,0.27682291666666659
,369.39603587187503,291.77077882694778,0.059999999999999998,0.27682291666666659
,369.49603479609368,292.84448637641231,0.059999999999999998,0.2788574218749999
,369.59603372031256,292.71937992095087,0.059999999999999998,0.2788574218749999
,369.69603264453121,292.23984003502511,0.059999999999999998,0.2788574218749999
,369.7960315687501,291.82289409062224,0.059999999999999998,0.2788574218749999
,369.89603049296875,290.31182371447846,0.059999999999999998,0.27784016927083327
,369.99602941718763,290.17637627664374,0.059999999999999998,0.27682291666666659
,370.09602834218754,290.88492156208747,0.059999999999999998,0.27784016927083327
,370.1960272679687,290.46811496173058,0.059999999999999998,0.27682291666666659
,370.29602619453135,290.90576303093269,0.059999999999999998,0.27682291666666659
,370.39602512031252,291.64570490619445,0.059999999999999998,0.27784016927083327
,370.49602404609368,292.99044863932926,0.059999999999999998,0.2788574218749999
,370.59602297187507,293.14684241593642,0.059999999999999998,0.27987467447916659
,370.69602189843749,292.35450756917675,0.059999999999999998,0.27987467447916659
,370.79602082421889,291.73950998760995,0.059999999999999998,0.2788574218749999
,370.89601975000005,289.9367498604812,0.059999999999999998,0.27682291666666659
,370.99601867656247,290.35350077954456,0.059999999999999998,0.27682291666666659
,371.09601760312512,290.67651283087247,0.059999999999999998,0.27682291666666659
,371.1960165304688,290.67651283087247,0.059999999999999998,0.2758056640624999
,371.29601545781247,291.3643026263365,0.059999999999999998,0.2758056640624999
,371.39601438515638,292.57342713472917,0.059999999999999998,0.27682291666666659
,371.49601331250005,293.4283658513782,0.059999999999999998,0.27784016927083327
,371.59601223984373,293.31366885175191,0.059999999999999998,0.27784016927083327
,371.69601116718763,293.16769535914977,0.059999999999999998,0.2788574218749999
,371.79601009453131,292.33365869000772,0.059999999999999998,0.27784016927083327
,371.89600902187499,290.79113629166545,0.059999999999999998,0.2758056640624999
,371.99600794921889,291.04123521231332,0.059999999999999998,0.2758056640624999
,372.0960068742188,291.18713342635562,0.059999999999999998,0.27478841145833327
,372.19600579843745,291.02039304136053,0.059999999999999998,0.27478841145833327
,372.29600472343759,292.18771948117165,0.059999999999999998,0.27478841145833327
,372.39600364765624,292.98002259472685,0.059999999999999998,0.2758056640624999
,372.49600257265638,293.82461571659275,0.059999999999999998,0.2758056640624999
,372.59600149765629,293.56392085739293,0.059999999999999998,0.27682291666666659
,372.69600042187494,293.01130080629639,0.059999999999999998,0.2758056640624999
,372.79599934687508,293.30324200616241,0.059999999999999998,0.27682291666666659
,372.89599827187499,291.17671195041629,0.059999999999999998,0.27478841145833327
,372.99599719687512,292.16687144406581,0.059999999999999998,0.27478841145833327
,373.09599612187503,292.99044863932926,0.059999999999999998,0.27478841145833327
,373.19599504609369,292.41705483684763,0.059999999999999998,0.27377115885416659
,373.29599397109382,292.99044863932926,0.059999999999999998,0.27478841145833327
,373.39599289531247,294.48163716908772,0.059999999999999998,0.27682291666666659
,373.49599182031261,295.24307230844005,0.059999999999999998,0.27784016927083327
,373.59599074531252,294.67980612436207,0.059999999999999998,0.27784016927083327
,373.69598966953117,294.53378601678838,0.059999999999999998,0.27784016927083327
,373.79598859453131,294.32519439584138,0.059999999999999998,0.27784016927083327
,373.89598751953122,293.05300545112277,0.059999999999999998,0.27682291666666659
,373.99598644843763,293.34494954298714,0.059999999999999998,0.27682291666666659
,374.09598537734382,293.57434834499554,0.059999999999999998,0.27682291666666659
,374.19598430703127,293.81418761597979,0.059999999999999998,0.27784016927083327
,374.29598323671871,293.98104027917611,0.059999999999999998,0.27784016927083327
,374.39598216562513,294.81540061295863,0.059999999999999998,0.2788574218749999
,374.49598109531257,296.16114146260253,0.059999999999999998,0.28089192708333327
,374.59598002500002,295.25350384562063,0.059999999999999998,0.27987467447916659
,374.69597895390621,294.69023631976881,0.059999999999999998,0.28089192708333327
,374.79597788359388,294.42948894922154,0.059999999999999998,0.28089192708333327
,374.89597681328132,292.82363504022788,0.059999999999999998,0.27987467447916659
,374.99597573984374,293.41793872286848,0.059999999999999998,0.27987467447916659
,375.09597466640639,293.98104027917611,0.059999999999999998,0.27987467447916659
,375.19597359375007,294.03318307029855,0.059999999999999998,0.27987467447916659
,375.29597252031249,294.40862983722826,0.059999999999999998,0.27987467447916659
,375.39597144765617,295.29523024118618,0.059999999999999998,0.28089192708333327
,375.49597037421881,296.15070779892216,0.059999999999999998,0.28292643229166659
,375.59596930078123,296.45329384503816,0.059999999999999998,0.28394368489583327
,375.69596822812514,295.30566190175966,0.059999999999999998,0.26563313802083327
,375.79596715468756,294.61722547722621,0.059999999999999998,0.28292643229166659
,375.89596608124998,292.99044863932926,0.059999999999999998,0.28089192708333327
,375.99596500781263,293.27196162393955,0.059999999999999998,0.28089192708333327
,376.09596393515631,294.35648249752688,0.059999999999999998,0.2819091796874999
,376.19596286171873,294.35648249752688,0.059999999999999998,0.28089192708333327
,376.29596178828137,294.54421586160595,0.059999999999999998,0.28089192708333327
,376.39596071562505,295.47257182097201,0.059999999999999998,0.2819091796874999
,376.49595964218747,297.02721931676541,0.059999999999999998,0.28394368489583327
,376.59595856875012,297.04809069104385,0.059999999999999998,0.28394368489583327
,376.6959574960938,295.98377247439862,0.059999999999999998,0.28394368489583327
,376.79595642265622,295.46213976650648,0.059999999999999998,0.2849609374999999
,376.89595534921887,294.38777082584807,0.059999999999999998,0.28394368489583327
,376.99595427578129,295.18048360416935,0.059999999999999998,0.28394368489583327
,377.09595320312496,295.74381384409293,0.059999999999999998,0.28394368489583327
,377.19595212968761,295.55602914071073,0.059999999999999998,0.28394368489583327
,377.29595105625003,295.63948802994338,0.059999999999999998,0.28394368489583327
,377.39594998281245,296.35938566175167,0.059999999999999998,0.2849609374999999
,377.4959489093751,297.24637346717179,0.059999999999999998,0.28597819010416659
,377.59594783593752,297.16288494249017,0.059999999999999998,0.28699544270833327
,377.6959467632812,296.64111604576073,0.059999999999999998,0.28699544270833327
,377.79594568984385,295.72294848572147,0.059999999999999998,0.28597819010416659
,377.89594461640627,294.14789944126858,0.059999999999999998,0.2849609374999999
,377.99594354374995,295.03444675857838,0.059999999999999998,0.28597819010416659
,378.09594247031259,296.03593909653642,0.059999999999999998,0.28597819010416659
,378.19594139765627,296.3072152912905,0.059999999999999998,0.28597819010416659
,378.29594032421869,297.6116534697959,0.059999999999999998,0.28699544270833327
,378.39593925078134,297.43422816173489,0.059999999999999998,0.2880126953124999
,378.49593817812502,297.88302288226339,0.059999999999999998,0.28902994791666659
,378.59593710468744,297.72646168304811,0.059999999999999998,0.28902994791666659
,378.69593603203134,297.26724583429615,0.059999999999999998,0.29004720052083327
,378.79593495859376,296.94373476837023,0.059999999999999998,0.29004720052083327
,378.89593388437493,295.30566190175966,0.059999999999999998,0.28902994791666659
,378.99593281015632,295.73338115269451,0.059999999999999998,0.2880126953124999
,379.09593173593748,296.59937710793218,0.059999999999999998,0.28902994791666659
,379.19593066171888,296.81851079706217,0.059999999999999998,0.28902994791666659
,379.29592958750004,296.82894599711773,0.059999999999999998,0.28902994791666659
,379.39592851328121,297.86214775332638,0.059999999999999998,0.2910644531249999
,379.49592743984385,299.21922231904824,0.059999999999999998,0.29208170572916659
,379.59592636562502,299.08349755912133,0.059999999999999998,0.29309895833333327
,379.69592529140618,297.99783775084023,0.059999999999999998,0.29309895833333327
,379.79592421875009,297.16288494249017,0.059999999999999998,0.29309895833333327
,379.89592314687502,295.62905558305835,0.059999999999999998,0.2910644531249999
,379.99592207499995,295.9420396138172,0.059999999999999998,0.2910644531249999
,380.09592100234363,296.56807315596262,0.059999999999999998,0.2910644531249999
,380.19591993046856,296.76633515424351,0.059999999999999998,0.2910644531249999
,380.29591885859395,297.94564882631875,0.059999999999999998,0.29208170572916659
,380.39591778671888,297.69515007205996,0.059999999999999998,0.29208170572916659
,380.49591671406256,298.50931973985678,0.059999999999999998,0.29309895833333327
,380.59591564218749,298.35273775607658,0.059999999999999998,0.29309895833333327
,380.69591457031242,297.87258530617879,0.059999999999999998,0.29309895833333327
,380.79591349453108,296.76633515424351,0.059999999999999998,0.29309895833333327
,380.89591241875019,295.43084375058368,0.059999999999999998,0.2910644531249999
,380.99591134375009,295.93160645943237,0.059999999999999998,0.2910644531249999
,381.09591026796875,296.76633515424351,0.059999999999999998,0.2910644531249999
,381.1959091921874,297.01678366518274,0.059999999999999998,0.2910644531249999
,381.29590811718731,297.37160908330458,0.059999999999999998,0.2910644531249999
,381.39590704140642,298.5823930947185,0.059999999999999998,0.29208170572916659
,381.49590596562507,299.35495087645893,0.059999999999999998,0.29309895833333327
,381.59590489062498,299.18790088307378,0.059999999999999998,0.2941162109374999
,381.69590381640614,298.32142197864357,0.059999999999999998,0.2941162109374999
,381.79590274531233,297.82039777435625,0.059999999999999998,0.29309895833333327
,381.89590167421898,296.17157515047148,0.059999999999999998,0.29208170572916659
,381.99590060312516,296.79764046842547,0.059999999999999998,0.29208170572916659
,382.09589953203135,297.56990572956977,0.059999999999999998,0.29208170572916659
,382.19589846093754,297.22550119438228,0.059999999999999998,0.2910644531249999
,382.29589738906247,297.70558725239846,0.059999999999999998,0.2910644531249999
,382.39589631796866,298.38405374016293,0.059999999999999998,0.29309895833333327
,382.49589524687485,299.27142516166629,0.059999999999999998,0.29309895833333327
,382.5958941757815,299.08349755912133,0.059999999999999998,0.2941162109374999
,382.69589310468768,298.30054490857435,0.059999999999999998,0.2941162109374999
,382.79589203437513,297.82039777435625,0.059999999999999998,0.2941162109374999
,382.89589096328132,296.40112239156781,0.059999999999999998,0.29208170572916659
,382.99588989296876,296.89155769740432,0.059999999999999998,0.29208170572916659
,383.09588882187495,297.26724583429615,0.059999999999999998,0.29208170572916659
,383.1958877515624,297.93521111096419,0.059999999999999998,0.29309895833333327
,383.29588668124984,298.09177927367142,0.059999999999999998,0.29208170572916659
,383.39588561015648,297.93521111096419,0.059999999999999998,0.29309895833333327
,383.49588453984393,299.19834133925167,0.059999999999999998,0.2941162109374999
,383.59588346875012,299.53244777513333,0.059999999999999998,0.29513346354166659
,383.69588239375003,298.45712517245522,0.059999999999999998,0.2941162109374999
,383.79588131953119,298.20659923199611,0.059999999999999998,0.2941162109374999
,383.8958802445311,296.91242845448528,0.059999999999999998,0.29309895833333327
,383.99587917031272,297.43422816173489,0.059999999999999998,0.29309895833333327
,384.09587809531263,297.58034262953743,0.059999999999999998,0.29309895833333327
,384.19587702109379,297.25680963894507,0.059999999999999998,0.29208170572916659
,384.2958759460937,297.84127271734167,0.059999999999999998,0.29208170572916659
,384.39587487187487,298.5197587219796,0.059999999999999998,0.29309895833333327
,384.49587379687523,299.54288897008632,0.059999999999999998,0.2941162109374999
,384.59587272187514,299.08349755912133,0.059999999999999998,0.2941162109374999
,384.69587164531254,298.77030113946114,0.059999999999999998,0.2941162109374999
,384.79587056953119,297.93521111096419,0.059999999999999998,0.29309895833333327
,384.89586949296859,296.40112239156781,0.059999999999999998,0.29208170572916659
,384.99586841718769,296.77677023512666,0.059999999999999998,0.29208170572916659
,385.09586734062509,297.31942716451539,0.059999999999999998,0.2910644531249999
,385.19586626484374,297.28811829570867,0.059999999999999998,0.29004720052083327
,385.29586518828114,297.58034262953743,0.059999999999999998,0.29004720052083327
,385.39586411250025,298.68678554185021,0.059999999999999998,0.2910644531249999
,385.4958630367189,299.69950956536758,0.059999999999999998,0.29208170572916659
,385.5958619601563,299.21922231904824,0.059999999999999998,0.29208170572916659
,385.6958608835937,298.57195397548185,0.059999999999999998,0.29208170572916659
,385.79585980781235,297.91433574985189,0.059999999999999998,0.29208170572916659
,385.8958587312502,296.38025397852601,0.059999999999999998,0.29004720052083327
,385.99585765546885,296.67242050033059,0.059999999999999998,0.29004720052083327
,386.09585657968751,297.94564882631875,0.059999999999999998,0.29004720052083327
,386.1958555031249,297.24637346717179,0.059999999999999998,0.28902994791666659
,386.29585442734356,297.84127271734167,0.059999999999999998,0.29004720052083327
,386.39585335078141,298.00827560525312,0.059999999999999998,0.29004720052083327
,386.49585227578132,298.70766430473606,0.059999999999999998,0.2910644531249999
,386.59585120390625,298.01871348282179,0.059999999999999998,0.29004720052083327
,386.69585013281244,297.52815836378107,0.059999999999999998,0.29004720052083327
,386.79584906093737,297.37160908330458,0.059999999999999998,0.28902994791666659
,386.89584798984356,295.76467930014292,0.059999999999999998,0.2880126953124999
,386.99584691796895,296.54720397445192,0.059999999999999998,0.2880126953124999
,387.09584584687514,296.66198565822862,0.059999999999999998,0.28699544270833327
,387.19584477500007,296.47416259465075,0.059999999999999998,0.28597819010416659
,387.29584370390626,296.98547685273081,0.059999999999999998,0.28597819010416659
,387.39584263203119,297.68471291505335,0.059999999999999998,0.28699544270833327
,387.49584156015612,299.14613928330277,0.059999999999999998,0.2880126953124999
,387.595840486719,298.93733669489205,0.059999999999999998,0.2880126953124999
,387.69583941250016,298.31098343211642,0.059999999999999998,0.28902994791666659
,387.79583833828133,297.5072848214179,0.059999999999999998,0.2880126953124999
,387.89583726406249,295.86900804395606,0.059999999999999998,0.28597819010416659
,387.99583619062491,296.50546589916513,0.059999999999999998,0.28597819010416659
,388.09583511640608,297.0689621601008,0.059999999999999998,0.28597819010416659
,388.1958340421877,297.16288494249017,0.059999999999999998,0.28597819010416659
,388.29583296875012,297.32986350121098,0.059999999999999998,0.28597819010416659
,388.39583189453128,297.59077955290161,0.059999999999999998,0.28597819010416659
,388.49583081796868,298.00827560525312,0.059999999999999998,0.28699544270833327
,388.59582973984357,298.27966793046892,0.059999999999999998,0.2880126953124999
,388.69582866171891,297.91433574985189,0.059999999999999998,0.2880126953124999
,388.79582758359379,297.12114124709308,0.059999999999999998,0.2880126953124999
,388.89582650546868,294.87798410642841,0.059999999999999998,0.28597819010416659
,388.99582542734356,295.20134640673319,0.059999999999999998,0.28597819010416659
,389.0958243492189,296.54720397445192,0.059999999999999998,0.28597819010416659
,389.19582327109379,296.81851079706217,0.059999999999999998,0.28597819010416659
,389.29582219296867,296.59937710793218,0.059999999999999998,0.2849609374999999
,389.39582111562481,297.15244898318065,0.059999999999999998,0.28597819010416659
,389.49582004140643,298.07090321779668,0.059999999999999998,0.28699544270833327
,389.5958189671876,297.66383867105969,0.059999999999999998,0.28699544270833327
,389.69581789375002,297.72646168304811,0.059999999999999998,0.2880126953124999
,389.79581681953118,296.80807562082947,0.059999999999999998,0.28699544270833327
,389.89581574531235,294.90927618934165,0.059999999999999998,0.2849609374999999
,389.99581467109397,294.93013770235609,0.059999999999999998,0.2849609374999999
,390.09581359765639,295.48300390000691,0.059999999999999998,0.2849609374999999
,390.19581252343755,295.66035299713951,0.059999999999999998,0.2849609374999999
,390.29581144921872,296.00463905043364,0.059999999999999998,0.28394368489583327
,390.39581037499988,296.46372820783427,0.059999999999999998,0.2849609374999999
,390.49580930000025,297.5072848214179,0.059999999999999998,0.28597819010416659
,390.5958082242189,297.27768205321934,0.059999999999999998,0.28597819010416659
,390.69580714921881,297.45510137576838,0.059999999999999998,0.28699544270833327
,390.79580607343746,297.0689621601008,0.059999999999999998,0.28699544270833327
,390.89580499843737,295.00315378094081,0.059999999999999998,0.2849609374999999
,390.99580392265648,294.77367878251641,0.059999999999999998,0.2849609374999999
,391.09580284687513,295.68121806219864,0.059999999999999998,0.2849609374999999
,391.19580177187504,295.74381384409293,0.059999999999999998,0.28394368489583327
,391.29580069609369,296.08810632512319,0.059999999999999998,0.28394368489583327
,391.3957996210936,297.13157713547628,0.059999999999999998,0.28597819010416659
,391.49579854687522,297.72646168304811,0.059999999999999998,0.28597819010416659
,391.59579747265639,297.32986350121098,0.059999999999999998,0.28699544270833327
,391.6957963976563,296.99591243315962,0.059999999999999998,0.28699544270833327
,391.79579532343746,296.81851079706217,0.059999999999999998,0.28699544270833327
,391.89579424921862,294.61722547722621,0.059999999999999998,0.2849609374999999
,391.99579317500024,294.69023631976881,0.059999999999999998,0.2849609374999999
,392.09579210078141,295.98377247439862,0.059999999999999998,0.2849609374999999
,392.19579102578132,295.59775838932455,0.059999999999999998,0.28394368489583327
,392.29578995156248,295.62905558305835,0.059999999999999998,0.2849609374999999
,392.3957888781249,296.71416010772327,0.059999999999999998,0.28597819010416659
,392.49578780546858,297.91433574985189,0.059999999999999998,0.28597819010416659
,392.59578673203146,297.34029986144355,0.059999999999999998,0.28699544270833327
,392.69578565859388,296.68285536633687,0.059999999999999998,0.28699544270833327
,392.79578458593755,295.9420396138172,0.059999999999999998,0.28597819010416659
,392.89578351249997,294.85712284229191,0.059999999999999998,0.28597819010416659
,392.9957824390624,295.03444675857838,0.059999999999999998,0.2849609374999999
,393.09578136640607,294.94056849616783,0.059999999999999998,0.28394368489583327
,393.19578029296895,294.94056849616783,0.059999999999999998,0.28394368489583327
,393.29577921875011,295.27436699404626,0.059999999999999998,0.28292643229166659
,393.39577814218751,296.16114146260253,0.059999999999999998,0.28394368489583327
,393.49577706562491,297.30899085136252,0.059999999999999998,0.2849609374999999
,393.5957759890623,297.00634803731219,0.059999999999999998,0.2849609374999999
,393.69577491328141,296.63068127540646,0.059999999999999998,0.2849609374999999
,393.79577383671881,295.76467930014292,0.059999999999999998,0.2849609374999999
,393.89577276015621,294.45034816178224,0.059999999999999998,0.28292643229166659
,393.9957716835936,294.64851568819466,0.059999999999999998,0.28292643229166659
,394.09577060703145,295.30566190175966,0.059999999999999998,0.28292643229166659
,394.19576953046885,295.29523024118618,0.059999999999999998,0.2819091796874999
,394.2957684601563,296.22374395244168,0.059999999999999998,0.28292643229166659
,394.39576739140625,296.7559000972123,0.059999999999999998,0.28292643229166659
,394.49576632343746,297.51772158088369,0.059999999999999998,0.28394368489583327
,394.59576525468742,297.71602445606317,0.059999999999999998,0.2849609374999999
,394.69576418593738,297.30899085136252,0.059999999999999998,0.2849609374999999
,394.79576311796859,295.72294848572147,0.059999999999999998,0.28394368489583327
,394.895762049219,295.00315378094081,0.059999999999999998,0.28292643229166659
,394.99576098046896,295.34738879060967,0.059999999999999998,0.28292643229166659
,395.09575991250017,295.69165063141241,0.059999999999999998,0.28292643229166659
,395.19575884375013,295.51430028447038,0.059999999999999998,0.2819091796874999
,395.29575777421883,295.95247279251208,0.059999999999999998,0.2819091796874999
,395.39575670468753,296.6932902562416,0.059999999999999998,0.28292643229166659
,395.49575563515623,298.05002725440397,0.059999999999999998,0.28394368489583327
,395.59575456484367,297.72646168304811,0.059999999999999998,0.2849609374999999
,395.69575349531237,297.39248201545615,0.059999999999999998,0.2849609374999999
,395.79575242578107,296.77677023512666,0.059999999999999998,0.28394368489583327
,395.89575135625023,294.90927618934165,0.059999999999999998,0.28292643229166659
,395.99575028671893,294.90927618934165,0.059999999999999998,0.2819091796874999
,396.09574921718763,295.775112064783,0.059999999999999998,0.28292643229166659
,396.19574814531256,296.42199090083074,0.059999999999999998,0.28292643229166659
,396.29574706874996,296.77677023512666,0.059999999999999998,0.2819091796874999
,396.39574599296861,297.08983372388963,0.059999999999999998,0.28292643229166659
,396.49574491640647,298.08134123417676,0.059999999999999998,0.28394368489583327
,396.59574383984386,297.44466475701535,0.059999999999999998,0.28394368489583327
,396.69574276406252,297.14201304750742,0.059999999999999998,0.2849609374999999
,396.79574168749991,296.0568059152377,0.059999999999999998,0.28394368489583327
,396.89574061093731,294.22090236234226,0.059999999999999998,0.2819091796874999
,396.99573953515642,295.11789579018711,0.059999999999999998,0.2819091796874999
,397.09573845859381,296.00463905043364,0.059999999999999998,0.2819091796874999
,397.19573738437498,295.52473246172531,0.059999999999999998,0.28089192708333327
,397.2957363109374,295.81684336730882,0.059999999999999998,0.28089192708333327
,397.39573523749982,296.96460576306799,0.059999999999999998,0.2819091796874999
,397.4957341640627,298.32142197864357,0.059999999999999998,0.28292643229166659
,397.59573309062512,297.6116534697959,0.059999999999999998,0.28394368489583327
,397.69573201718754,297.25680963894507,0.059999999999999998,0.28394368489583327
,397.79573094374996,296.90199306405668,0.059999999999999998,0.28292643229166659
,397.89572986953112,295.35782057443242,0.059999999999999998,0.2819091796874999
,397.995728796094,295.91074022361568,0.059999999999999998,0.2819091796874999
,398.09572772265642,296.18200886252316,0.059999999999999998,0.28089192708333327
,398.19572665156261,296.29678128949752,0.059999999999999998,0.28089192708333327
,398.2957255804688,296.71416010772327,0.059999999999999998,0.28089192708333327
,398.39572450937499,297.54903199984733,0.059999999999999998,0.2819091796874999
,398.49572343828117,298.425808706797,0.059999999999999998,0.28292643229166659
,398.59572236718736,298.17528442104987,0.059999999999999998,0.28292643229166659
,398.69572129531275,297.76821082407315,0.059999999999999998,0.28292643229166659
,398.79572022421894,297.02721931676541,0.059999999999999998,0.28292643229166659
,398.89571915312513,295.57689371599395,0.059999999999999998,0.2819091796874999
,398.99571808203132,296.046372493761,0.059999999999999998,0.28089192708333327
,399.09571701093751,296.51590038200544,0.059999999999999998,0.28089192708333327
,399.19571593828118,296.67242050033059,0.059999999999999998,0.28089192708333327
,399.29571486562486,297.19419296217808,0.059999999999999998,0.28089192708333327
,399.39571379296899,298.00827560525312,0.059999999999999998,0.2819091796874999
,399.49571272031267,299.19834133925167,0.059999999999999998,0.28292643229166659
,399.59571164765634,299.10437804372185,0.059999999999999998,0.28394368489583327
,399.69571057500002,298.20659923199611,0.059999999999999998,0.28394368489583327
,399.7957095023437,297.89346048157438,0.059999999999999998,0.28394368489583327
,399.89570842968737,296.2341777853203,0.059999999999999998,0.2819091796874999
,399.99570735703151,296.76633515424351,0.059999999999999998,0.2819091796874999
,400.09570628359393,297.62209046331429,0.059999999999999998,0.2819091796874999
,400.19570521015635,297.27768205321934,0.059999999999999998,0.28089192708333327
,400.29570413671877,297.89346048157438,0.059999999999999998,0.2819091796874999
,400.39570306328119,298.91645693313905,0.059999999999999998,0.28292643229166659
,400.49570198984361,299.92922880015425,0.059999999999999998,0.28394368489583327
,400.59570091640649,299.20878181791181,0.059999999999999998,0.28394368489583327
,400.69569984296891,298.5823930947185,0.059999999999999998,0.28394368489583327
,400.79569876953133,297.84127271734167,0.059999999999999998,0.28394368489583327
,400.89569769609375,296.47416259465075,0.059999999999999998,0.2819091796874999
,400.99569662265617,296.90199306405668,0.059999999999999998,0.2819091796874999
,401.09569554921859,297.36117265249624,0.059999999999999998,0.2819091796874999
,401.19569447578147,297.56990572956977,0.059999999999999998,0.28089192708333327
,401.29569340156263,297.987399919589,0.059999999999999998,0.28089192708333327
,401.39569232812505,299.75171754128741,0.059999999999999998,0.28292643229166659
,401.49569125468747,301.00487349633727,0.059999999999999998,0.2849609374999999
,401.59569018124989,300.1902863450498,0.059999999999999998,0.2849609374999999
,401.69568910781231,299.28186579753554,0.059999999999999998,0.28394368489583327
,401.79568803437519,299.34451008367165,0.059999999999999998,0.2849609374999999
,401.89568696015635,297.53859517010426,0.059999999999999998,0.28292643229166659
,401.99568588671877,298.02915138354047,0.059999999999999998,0.28292643229166659
,402.09568481171868,298.57195397548185,0.059999999999999998,0.28292643229166659
,402.19568373671859,298.4988807806069,0.059999999999999998,0.28292643229166659
,402.2956826609377,298.86425792510079,0.059999999999999998,0.28292643229166659
,402.39568158593761,299.92922880015425,0.059999999999999998,0.28394368489583327
,402.49568051093752,301.02576207438347,0.059999999999999998,0.2849609374999999
,402.59567943593743,300.81688016032109,0.059999999999999998,0.28597819010416659
,402.69567836093734,300.4826870525402,0.059999999999999998,0.28597819010416659
,402.7956772859377,299.45936003497081,0.059999999999999998,0.2849609374999999
,402.89567621093761,297.75777350386585,0.059999999999999998,0.28394368489583327
,402.99567513515626,298.14396981765856,0.059999999999999998,0.28394368489583327
,403.09567405937491,299.09393779015085,0.059999999999999998,0.28394368489583327
,403.19567298359357,299.11481831982849,0.059999999999999998,0.28292643229166659
,403.29567190703142,299.66818504612792,0.059999999999999998,0.28394368489583327
,403.39567083125007,300.39914224764124,0.059999999999999998,0.2849609374999999
,403.49566975546873,301.76736178675139,0.059999999999999998,0.28597819010416659
,403.59566867968738,301.29732137409934,0.059999999999999998,0.28597819010416659
,403.69566760312523,300.74377352499539,0.059999999999999998,0.28597819010416659
,403.79566652734388,300.33648455924134,0.059999999999999998,0.28597819010416659
,403.89566545156254,299.01041657357655,0.059999999999999998,0.2849609374999999
,403.99566437656244,299.81436784383169,0.059999999999999998,0.28597819010416659
,404.09566330234361,300.36781330527731,0.059999999999999998,0.28597819010416659
,404.19566222812523,299.84569329395373,0.059999999999999998,0.2849609374999999
,404.29566115390639,299.83525145512527,0.059999999999999998,0.2849609374999999
,404.39566007968756,301.61067689535145,0.059999999999999998,0.28699544270833327
,404.49565900546872,302.15387135180316,0.059999999999999998,0.2880126953124999
,404.59565793124989,300.99442923948305,0.059999999999999998,0.29004720052083327
,404.69565685703105,301.4435515773302,0.059999999999999998,0.28902994791666659
,404.79565578281267,300.99442923948305,0.059999999999999998,0.2880126953124999
,404.89565470859384,299.35495087645893,0.059999999999999998,0.28699544270833327
,404.99565363281249,299.54288897008632,0.059999999999999998,0.28699544270833327
,405.09565255703114,300.20072893237545,0.059999999999999998,0.28699544270833327
,405.19565148125025,300.34692745276249,0.059999999999999998,0.28699544270833327
,405.2956504054689,301.24509731141831,0.059999999999999998,0.2880126953124999
,405.39564932968756,302.85383924686585,0.059999999999999998,0.28902994791666659
,405.49564825390621,303.32401839599265,0.059999999999999998,0.2910644531249999
,405.59564717812486,302.48817285013013,0.059999999999999998,0.2910644531249999
,405.69564610234397,302.23744473898751,0.059999999999999998,0.29208170572916659
,405.79564502656262,301.99717483834644,0.059999999999999998,0.29208170572916659
,405.89564395000002,300.24249950071834,0.059999999999999998,0.29004720052083327
,405.99564287343742,300.37825626425905,0.059999999999999998,0.29004720052083327
,406.09564179609356,300.79599244235698,0.059999999999999998,0.29004720052083327
,406.19564071953141,300.96309659766791,0.059999999999999998,0.29004720052083327
,406.29563964218755,301.32865606710641,0.059999999999999998,0.29004720052083327
,406.39563856484369,302.45683118597287,0.059999999999999998,0.29208170572916659
,406.49563748828109,303.96143723291959,0.059999999999999998,0.29309895833333327
,406.59563641093769,303.34491619590852,0.059999999999999998,0.29309895833333327
,406.69563533437508,302.77025614620482,0.059999999999999998,0.2941162109374999
,406.79563425703122,302.71801737187951,0.059999999999999998,0.2941162109374999
,406.89563318828118,301.40177109464605,0.059999999999999998,0.29309895833333327
,406.99563212031239,301.43310642485204,0.059999999999999998,0.29309895833333327
,407.09563105234361,301.48533239912945,0.059999999999999998,0.29309895833333327
,407.19562998437482,301.77780761446218,0.059999999999999998,0.29208170572916659
,407.29562891640649,302.49862011270119,0.059999999999999998,0.29309895833333327
,407.3956278484377,303.33446728590337,0.059999999999999998,0.29513346354166659
,407.49562678046891,304.4317113695306,0.059999999999999998,0.29615071614583327
,407.59562571250012,304.21224517032329,0.059999999999999998,0.2971679687499999
,407.69562464453134,303.94053708318825,0.059999999999999998,0.2971679687499999
,407.79562357578129,302.78070396236683,0.059999999999999998,0.2971679687499999
,407.89562250312497,300.96309659766791,0.059999999999999998,0.29513346354166659
,407.99562143046865,301.4539967510031,0.059999999999999998,0.29513346354166659
,408.09562035781232,302.5613041201471,0.059999999999999998,0.29615071614583327
,408.19561928593771,302.81204753333697,0.059999999999999998,0.29513346354166659
,408.29561821328139,302.9165274282995,0.059999999999999998,0.29615071614583327
,408.39561714062506,302.93742365155293,0.059999999999999998,0.29615071614583327
,408.49561606875,304.29585032643598,0.059999999999999998,0.2971679687499999
,408.59561499609367,304.32720258238862,0.059999999999999998,0.29818522135416659
,408.69561392343735,303.39716104713659,0.059999999999999998,0.2971679687499999
,408.79561285000023,302.9583199561128,0.059999999999999998,0.2971679687499999
,408.89561177421888,301.03620639556334,0.059999999999999998,0.29513346354166659
,408.99561069921879,301.1615399195278,0.059999999999999998,0.29513346354166659
,409.09560962343744,302.16431795252436,0.059999999999999998,0.2941162109374999
,409.19560854843735,302.16431795252436,0.059999999999999998,0.2941162109374999
,409.29560747265646,303.15683889525349,0.059999999999999998,0.2941162109374999
,409.39560639765637,303.62704433937336,0.059999999999999998,0.29513346354166659
,409.49560532187502,304.57802693769634,0.059999999999999998,0.29615071614583327
,409.59560424687493,304.69299183313893,0.059999999999999998,0.29615071614583327
,409.69560317109358,304.61983208356543,0.059999999999999998,0.2971679687499999
,409.79560209921897,303.55389860641537,0.059999999999999998,0.29615071614583327
,409.8956010273439,301.6315679403761,0.059999999999999998,0.29513346354166659
,409.99559995625009,301.81959113525704,0.059999999999999998,0.2941162109374999
,410.09559888437502,302.75980835046704,0.059999999999999998,0.2941162109374999
,410.19559781328121,302.70756967835405,0.059999999999999998,0.2941162109374999
,410.29559674140614,303.12549331376357,0.059999999999999998,0.2941162109374999
,410.39559567031233,303.93008703792776,0.059999999999999998,0.29513346354166659
,410.49559459843772,305.38282994783447,0.059999999999999998,0.2971679687499999
,410.59559352734391,305.25739866443632,0.059999999999999998,0.2971679687499999
,410.69559245390633,304.32720258238862,0.059999999999999998,0.2971679687499999
,410.79559137812498,303.50165225315533,0.059999999999999998,0.2971679687499999
,410.89559030234363,301.27643168514714,0.059999999999999998,0.29513346354166659
,410.99558922656274,301.66290466604232,0.059999999999999998,0.29513346354166659
,411.09558815000014,302.25833829324966,0.059999999999999998,0.29513346354166659
,411.19558707421879,301.57934048606472,0.059999999999999998,0.2941162109374999
,411.29558599843745,301.89271310402972,0.059999999999999998,0.2941162109374999
,411.3955849226561,302.82249543113471,0.059999999999999998,0.29513346354166659
,411.49558384609395,304.4108094563075,0.059999999999999998,0.29513346354166659
,411.5955827703126,304.01368795235544,0.059999999999999998,0.29513346354166659
,411.69558169375,303.40761007757976,0.059999999999999998,0.29513346354166659
,411.79558061640614,302.74936057515947,0.059999999999999998,0.29513346354166659
,411.89557953906274,301.1615399195278,0.059999999999999998,0.29309895833333327
,411.99557846171888,301.42266129357461,0.059999999999999998,0.29309895833333327
,412.09557738437502,302.28967878004499,0.059999999999999998,0.29208170572916659
,412.19557630703116,302.15387135180316,0.059999999999999998,0.29208170572916659
,412.29557522968776,303.12549331376357,0.059999999999999998,0.29309895833333327
,412.3955741523439,303.94053708318825,0.059999999999999998,0.29309895833333327
,412.49557307421878,304.79750740069477,0.059999999999999998,0.29513346354166659
,412.59557199687492,304.51531979991756,0.059999999999999998,0.29513346354166659
,412.69557092187483,303.84648738717982,0.059999999999999998,0.29513346354166659
,412.79556984609394,302.65533151775969,0.059999999999999998,0.2941162109374999
,412.89556877031259,301.24509731141831,0.059999999999999998,0.29309895833333327
,412.99556769453125,301.6524590697444,0.059999999999999998,0.29208170572916659
,413.0955666187499,302.48817285013013,0.059999999999999998,0.29309895833333327
,413.19556554374981,302.18521121629152,0.059999999999999998,0.29208170572916659
,413.29556446796892,302.54040936874952,0.059999999999999998,0.29208170572916659
,413.39556339218757,303.02100935714276,0.059999999999999998,0.29309895833333327
,413.49556231640622,303.96143723291959,0.059999999999999998,0.2941162109374999
,413.59556124062487,303.56434793698941,0.059999999999999998,0.29309895833333327
,413.69556016562524,303.26132547885368,0.059999999999999998,0.2941162109374999
,413.79555908984389,302.28967878004499,0.059999999999999998,0.29309895833333327
,413.8955580148438,301.01531777463941,0.059999999999999998,0.2910644531249999
,413.99555693984371,301.62112240731778,0.059999999999999998,0.2910644531249999
,414.09555586484362,301.96583609859852,0.059999999999999998,0.2910644531249999
,414.19555478906273,301.31821114816825,0.059999999999999998,0.29004720052083327
,414.29555371406263,301.7464701943577,0.059999999999999998,0.29004720052083327
,414.39555263906254,302.79115179894688,0.059999999999999998,0.2910644531249999
,414.4955515632812,303.77333873185927,0.059999999999999998,0.29208170572916659
,414.59555048671859,303.41805912807456,0.059999999999999998,0.29208170572916659
,414.69554940937519,302.94787179367262,0.059999999999999998,0.29208170572916659
,414.79554833203133,301.81959113525704,0.059999999999999998,0.2910644531249999
,414.89554725390622,300.5766766216426,0.059999999999999998,0.29004720052083327
,414.99554617656236,300.99442923948305,0.059999999999999998,0.28902994791666659
,415.09554509921895,301.41221618350392,0.059999999999999998,0.28902994791666659
,415.19554402187509,301.19287378147072,0.059999999999999998,0.2880126953124999
,415.29554294453123,301.58978593471892,0.059999999999999998,0.2880126953124999
,415.39554186718738,302.92697552975983,0.059999999999999998,0.29004720052083327
,415.49554078906272,303.80468803666827,0.059999999999999998,0.2910644531249999
,415.59553971328137,303.27177424806945,0.059999999999999998,0.2910644531249999
,415.69553863828128,302.07029929473242,0.059999999999999998,0.29004720052083327
,415.79553756328119,301.37043595540956,0.059999999999999998,0.28902994791666659
,415.8955364882811,300.30515600969505,0.059999999999999998,0.2880126953124999
,415.9955354125002,300.54534656981042,0.059999999999999998,0.2880126953124999
,416.09553433750011,301.03620639556334,0.059999999999999998,0.28699544270833327
,416.19553326250002,300.67066794798353,0.059999999999999998,0.28699544270833327
,416.29553218671867,301.1615399195278,0.059999999999999998,0.28699544270833327
,416.39553111171858,302.67622672056649,0.059999999999999998,0.2880126953124999
,416.49553003671895,303.45985553044716,0.059999999999999998,0.28902994791666659
,416.59552896171886,303.34491619590852,0.059999999999999998,0.28902994791666659
,416.69552788750002,302.23744473898751,0.059999999999999998,0.28902994791666659
,416.79552681249993,301.34954596875997,0.059999999999999998,0.2880126953124999
,416.89552573749984,299.69950956536758,0.059999999999999998,0.28699544270833327
,416.99552466328146,300.32604168755239,0.059999999999999998,0.28699544270833327
,417.09552358828137,300.92132004255024,0.059999999999999998,0.28699544270833327
,417.19552251406253,300.46180072070581,0.059999999999999998,0.28597819010416659
,417.29552143906244,300.93176414910062,0.059999999999999998,0.28597819010416659
,417.39552036484361,301.75691598004789,0.059999999999999998,0.28699544270833327
,417.49551929140648,302.93742365155293,0.059999999999999998,0.2880126953124999
,417.59551821953141,302.42548970727722,0.059999999999999998,0.2880126953124999
,417.69551714765635,301.83003706791339,0.059999999999999998,0.2880126953124999
,417.79551607578128,301.05709510220669,0.059999999999999998,0.28699544270833327
,417.89551500390621,299.60553660760206,0.059999999999999998,0.28597819010416659
,417.9955139328124,299.90834479109225,0.059999999999999998,0.28597819010416659
,418.09551286093733,300.42002831820838,0.059999999999999998,0.28597819010416659
,418.19551178906272,300.40958527202969,0.059999999999999998,0.2849609374999999
,418.29551071718765,300.88998785189938,0.059999999999999998,0.28597819010416659
,418.39550964531259,301.6837959218355,0.059999999999999998,0.28597819010416659
,418.49550857265626,302.59264640132312,0.059999999999999998,0.28699544270833327
,418.59550749999994,302.58219895372861,0.059999999999999998,0.2880126953124999
,418.69550642734362,301.13020624980288,0.059999999999999998,0.28699544270833327
,418.79550535468775,300.85865585487528,0.059999999999999998,0.28699544270833327
,418.89550428281268,299.8770189430943,0.059999999999999998,0.28597819010416659
,418.99550321015636,299.98143920884957,0.059999999999999998,0.28597819010416659
,419.09550213750003,300.37825626425905,0.059999999999999998,0.2849609374999999
,419.19550106484371,300.5766766216426,0.059999999999999998,0.2849609374999999
,419.29549999218739,301.11976173597117,0.059999999999999998,0.2849609374999999
,419.39549891874981,301.6315679403761,0.059999999999999998,0.28597819010416659
,419.49549784375017,302.35236031248212,0.059999999999999998,0.28699544270833327
,419.59549676796883,301.57934048606472,0.059999999999999998,0.28699544270833327
,419.69549569296873,300.6915551475899,0.059999999999999998,0.28597819010416659
,419.79549461718739,300.148516214967,0.059999999999999998,0.28597819010416659
,419.89549354218775,298.87469768138823,0.059999999999999998,0.2849609374999999
,419.99549246718766,299.53244777513333,0.059999999999999998,0.28394368489583327
,420.09549139140631,300.02320793248168,0.059999999999999998,0.28394368489583327
,420.19549031640622,300.1902863450498,0.059999999999999998,0.28292643229166659
,420.29548924140613,300.72288610919639,0.059999999999999998,0.28394368489583327
,420.39548816796901,302.13297821271595,0.059999999999999998,0.2849609374999999
,420.49548709687519,302.62398886724878,0.059999999999999998,0.2849609374999999
,420.59548602578138,302.0807457290195,0.059999999999999998,0.2849609374999999
,420.69548495546883,301.38088098059285,0.059999999999999998,0.2849609374999999
,420.79548388437502,300.90043189394356,0.059999999999999998,0.2849609374999999
,420.89548281328121,299.51156545210921,0.059999999999999998,0.28394368489583327
,420.99548174218739,300.46180072070581,0.059999999999999998,0.28394368489583327
,421.09548067109358,300.84821189892352,0.059999999999999998,0.28394368489583327
,421.19547960078148,300.76466102718734,0.059999999999999998,0.28394368489583327
,421.29547852968767,300.74377352499539,0.059999999999999998,0.28394368489583327
,421.39547745703135,301.85092899613301,0.059999999999999998,0.2849609374999999
,421.49547638437502,302.49862011270119,0.059999999999999998,0.28597819010416659
,421.5954753117187,302.41504258895401,0.059999999999999998,0.28597819010416659
,421.69547423906238,301.67335028340801,0.059999999999999998,0.28597819010416659
,421.79547316640605,300.56623324932957,0.059999999999999998,0.2849609374999999
,421.89547209375019,299.64730214436429,0.059999999999999998,0.28394368489583327
,421.99547102109386,299.72039268918729,0.059999999999999998,0.28394368489583327
,422.09546994843754,301.11976173597117,0.059999999999999998,0.2849609374999999
,422.19546887578122,300.79599244235698,0.059999999999999998,0.28394368489583327
,422.29546780312489,300.56623324932957,0.059999999999999998,0.28394368489583327
,422.39546673203108,301.62112240731778,0.059999999999999998,0.2849609374999999
,422.49546566015647,302.80159965593896,0.059999999999999998,0.28597819010416659
,422.59546458906266,302.94787179367262,0.059999999999999998,0.28699544270833327
,422.69546351718759,301.58978593471892,0.059999999999999998,0.28699544270833327
,422.79546244531252,300.95265242666551,0.059999999999999998,0.28597819010416659
,422.89546137421871,299.42803705264356,0.059999999999999998,0.2849609374999999
,422.99546030234364,300.17984377964018,0.059999999999999998,0.2849609374999999
,423.09545923046858,300.43047138617135,0.059999999999999998,0.2849609374999999
,423.19545815937522,300.66022438063783,0.059999999999999998,0.2849609374999999
,423.29545708515639,300.52445997714045,0.059999999999999998,0.28394368489583327
,423.39545601015629,301.69424158131858,0.059999999999999998,0.2849609374999999
,423.4954549351562,302.55085673417227,0.059999999999999998,0.28597819010416659
,423.59545385937486,302.09119218413207,0.059999999999999998,0.28597819010416659
,423.69545278437522,302.01806743589185,0.059999999999999998,0.28597819010416659
,423.79545170937513,301.1615399195278,0.059999999999999998,0.2849609374999999
,423.89545063359378,300.17984377964018,0.059999999999999998,0.28394368489583327
,423.99544955859369,300.42002831820838,0.059999999999999998,0.2849609374999999
,424.0954484835936,300.88998785189938,0.059999999999999998,0.28394368489583327
,424.19544740781271,300.67066794798353,0.059999999999999998,0.28394368489583327
,424.29544633359387,301.56889505852678,0.059999999999999998,0.2849609374999999
,424.39544525937504,302.60309386944539,0.059999999999999998,0.28597819010416659
,424.49544418437495,303.21953060342435,0.059999999999999998,0.28699544270833327
,424.59544311015611,302.81204753333697,0.059999999999999998,0.28699544270833327
,424.69544203593773,302.13297821271595,0.059999999999999998,0.28699544270833327
,424.7954409617189,301.35999095146326,0.059999999999999998,0.28699544270833327
,424.89543988750006,299.53244777513333,0.059999999999999998,0.2849609374999999
,424.99543881328123,299.62641933150644,0.059999999999999998,0.28394368489583327
,425.09543773828113,300.33648455924134,0.059999999999999998,0.2849609374999999
,425.19543666406275,299.4906832183006,0.059999999999999998,0.28292643229166659
,425.29543559218769,298.99997652309293,0.059999999999999998,0.28089192708333327
,425.39543452109388,300.0023235266184,0.059999999999999998,0.28089192708333327
,425.49543344921881,301.96583609859852,0.059999999999999998,0.28292643229166659
,425.59543237734374,301.67335028340801,0.059999999999999998,0.28292643229166659
,425.69543130546867,301.35999095146326,0.059999999999999998,0.2819091796874999
,425.79543023359361,300.88998785189938,0.059999999999999998,0.28089192708333327
,425.89542916250025,299.92922880015425,0.059999999999999998,0.27987467447916659
,425.99542809062518,300.86909983235921,0.059999999999999998,0.28089192708333327
,426.09542701875012,301.61067689535145,0.059999999999999998,0.28089192708333327
,426.1954259476563,301.4435515773302,0.059999999999999998,0.28089192708333327
,426.29542487499998,301.21376312947353,0.059999999999999998,0.27987467447916659
,426.39542380234366,302.30012565039306,0.059999999999999998,0.2819091796874999
,426.49542272968733,302.59264640132312,0.059999999999999998,0.2819091796874999
,426.59542165703147,302.71801737187951,0.059999999999999998,0.28292643229166659
,426.69542058437514,302.11208515680943,0.059999999999999998,0.2819091796874999
,426.79541951171882,301.75691598004789,0.059999999999999998,0.28292643229166659
,426.8954184390625,300.81688016032109,0.059999999999999998,0.2819091796874999
,426.99541736640617,300.77510481066571,0.059999999999999998,0.28089192708333327
,427.09541629374985,301.28687651898065,0.059999999999999998,0.28089192708333327
,427.19541522265649,301.06753948765805,0.059999999999999998,0.28089192708333327
,427.29541415234394,301.60023140448317,0.059999999999999998,0.28089192708333327
,427.39541308203138,301.96583609859852,0.059999999999999998,0.28089192708333327
,427.49541201093757,303.12549331376357,0.059999999999999998,0.28292643229166659
,427.59541094062502,302.87473522590716,0.059999999999999998,0.28292643229166659
,427.69540987031246,302.42548970727722,0.059999999999999998,0.28292643229166659
,427.7954087999999,302.22699799295509,0.059999999999999998,0.28292643229166659
,427.89540772890609,300.67066794798353,0.059999999999999998,0.2819091796874999
,427.99540665859399,300.64978083493838,0.059999999999999998,0.28089192708333327
,428.09540558828144,301.24509731141831,0.059999999999999998,0.28089192708333327
,428.19540451640637,300.86909983235921,0.059999999999999998,0.27987467447916659
,428.29540344531256,301.1615399195278,0.059999999999999998,0.27987467447916659
,428.39540237343749,302.16431795252436,0.059999999999999998,0.28089192708333327
,428.49540130234368,303.72109028733433,0.059999999999999998,0.2819091796874999
,428.59540023046861,303.43895728919443,0.059999999999999998,0.28292643229166659
,428.69539915937526,302.78070396236683,0.059999999999999998,0.28292643229166659
,428.79539808750019,302.35236031248212,0.059999999999999998,0.28292643229166659
,428.89539701640638,300.71244243370933,0.059999999999999998,0.28089192708333327
,428.99539594453131,301.19287378147072,0.059999999999999998,0.28089192708333327
,429.09539487265624,302.00762112668519,0.059999999999999998,0.28089192708333327
,429.19539379999992,301.40177109464605,0.059999999999999998,0.28089192708333327
,429.2953927273436,301.95538989379219,0.059999999999999998,0.28089192708333327
,429.39539165390647,302.65533151775969,0.059999999999999998,0.2819091796874999
,429.49539058125015,303.67929188929719,0.059999999999999998,0.28292643229166659
,429.59538950859383,303.12549331376357,0.059999999999999998,0.28292643229166659
,429.6953884359375,302.01806743589185,0.059999999999999998,0.2819091796874999
,429.79538736328118,301.62112240731778,0.059999999999999998,0.2819091796874999
,429.89538629062486,299.89790281967424,0.059999999999999998,0.27987467447916659
,429.99538521796899,300.54534656981042,0.059999999999999998,0.27987467447916659
,430.0953841500002,301.95538989379219,0.059999999999999998,0.27987467447916659
,430.19538308437518,301.69424158131858,0.059999999999999998,0.2788574218749999
,430.29538201875016,302.34191333870473,0.059999999999999998,0.2788574218749999
,430.39538095312514,303.18818465852877,0.059999999999999998,0.27987467447916659
,430.49537988750012,304.24359695719227,0.059999999999999998,0.2819091796874999
,430.5953788218751,304.04503862041628,0.059999999999999998,0.2819091796874999
,430.69537775625008,303.39716104713659,0.059999999999999998,0.2819091796874999
,430.79537669062506,302.59264640132312,0.059999999999999998,0.2819091796874999
,430.89537562500004,300.94220827714105,0.059999999999999998,0.28089192708333327
,430.99537455937502,301.26598687260491,0.059999999999999998,0.27987467447916659
,431.09537348437493,301.39132602700698,0.059999999999999998,0.2788574218749999
,431.1953724101561,301.29732137409934,0.059999999999999998,0.2788574218749999
,431.29537133593772,302.11208515680943,0.059999999999999998,0.2788574218749999
,431.39537026171888,302.70756967835405,0.059999999999999998,0.27987467447916659
,431.49536918750005,303.68974145898341,0.059999999999999998,0.27987467447916659
,431.59536811328121,303.55389860641537,0.059999999999999998,0.28089192708333327
,431.69536703906238,303.15683889525349,0.059999999999999998,0.28089192708333327
,431.79536596406274,302.43593684622545,0.059999999999999998,0.27987467447916659
,431.8953648898439,300.67066794798353,0.059999999999999998,0.2788574218749999
,431.99536381562507,301.38088098059285,0.059999999999999998,0.2788574218749999
,432.09536274140623,302.09119218413207,0.059999999999999998,0.2788574218749999
,432.19536166796865,301.94494370988411,0.059999999999999998,0.27784016927083327
,432.29536059374982,302.86428722620184,0.059999999999999998,0.2788574218749999
,432.39535951953144,303.76288900325557,0.059999999999999998,0.27987467447916659
,432.49535844609386,304.95428435642901,0.059999999999999998,0.2819091796874999
,432.59535737187502,304.15999258387052,0.059999999999999998,0.2819091796874999
,432.69535629765619,303.43895728919443,0.059999999999999998,0.2819091796874999
,432.79535522421861,302.55085673417227,0.059999999999999998,0.28089192708333327
,432.89535415000023,301.3077662504972,0.059999999999999998,0.27987467447916659
,432.99535307500014,301.4539967510031,0.059999999999999998,0.27987467447916659
,433.09535200000005,302.37325432203369,0.059999999999999998,0.27987467447916659
,433.19535092578121,302.18521121629152,0.059999999999999998,0.27987467447916659
,433.29534985078112,302.58219895372861,0.059999999999999998,0.2788574218749999
,433.39534877656274,302.94787179367262,0.059999999999999998,0.27987467447916659
,433.49534770156265,304.15999258387052,0.059999999999999998,0.28089192708333327
,433.59534662734382,303.48075385178379,0.059999999999999998,0.28089192708333327
,433.69534555234372,302.9583199561128,0.059999999999999998,0.28089192708333327
,433.79534447812489,302.81204753333697,0.059999999999999998,0.28089192708333327
,433.89534340312525,301.43310642485204,0.059999999999999998,0.2788574218749999
,433.99534232734391,301.64201349452031,0.059999999999999998,0.2788574218749999
,434.09534125156256,302.64488394709008,0.059999999999999998,0.2788574218749999
,434.19534017578121,302.30012565039306,0.059999999999999998,0.2788574218749999
,434.29533910078112,302.68667435269145,0.059999999999999998,0.2788574218749999
,434.39533802500023,303.95098714818755,0.059999999999999998,0.27987467447916659
,434.49533694921888,305.23649371571025,0.059999999999999998,0.2819091796874999
,434.59533587343753,304.57802693769634,0.059999999999999998,0.2819091796874999
,434.69533479843744,303.62704433937336,0.059999999999999998,0.2819091796874999
,434.7953337226561,302.73891282028836,0.059999999999999998,0.28089192708333327
,434.89533264765646,301.55844965211094,0.059999999999999998,0.27987467447916659
,434.99533157500014,301.7464701943577,0.059999999999999998,0.2788574218749999
,435.09533050234381,302.41504258895401,0.059999999999999998,0.27987467447916659
,435.19532943046875,302.30012565039306,0.059999999999999998,0.2788574218749999
,435.29532835781242,303.3031206764789,0.059999999999999998,0.2788574218749999
,435.3953272851561,304.81841074520878,0.059999999999999998,0.28089192708333327
,435.49532621328149,305.15287468026168,0.059999999999999998,0.2819091796874999
,435.59532514062516,304.58847819513397,0.059999999999999998,0.2819091796874999
,435.69532406796884,304.0659391641874,0.059999999999999998,0.28292643229166659
,435.79532299609377,302.46727838675992,0.059999999999999998,0.2819091796874999
,435.89532192343745,300.78554861572422,0.059999999999999998,0.27987467447916659
,435.99532085156238,301.83003706791339,0.059999999999999998,0.27987467447916659
,436.09531977890606,302.21655126766325,0.059999999999999998,0.27987467447916659
,436.19531870703145,301.71513296342772,0.059999999999999998,0.27784016927083327
,436.29531763437512,302.43593684622545,0.059999999999999998,0.2788574218749999
,436.39531656250006,303.98233746155722,0.059999999999999998,0.27987467447916659
,436.49531548984373,305.42464098055518,0.059999999999999998,0.28089192708333327
,436.59531441796867,304.48396649285007,0.059999999999999998,0.28089192708333327
,436.69531334531234,303.5956960484454,0.059999999999999998,0.28089192708333327
,436.79531227343773,303.00011280895654,0.059999999999999998,0.28089192708333327
,436.8953111992189,301.58978593471892,0.059999999999999998,0.2788574218749999
,436.99531012578132,302.81204753333697,0.059999999999999998,0.27987467447916659
,437.09530905234374,302.92697552975983,0.059999999999999998,0.2788574218749999
,437.19530797890616,302.89563128640128,0.059999999999999998,0.2788574218749999
,437.29530690546858,303.37626304642941,0.059999999999999998,0.27987467447916659
,437.39530583203145,304.29585032643598,0.059999999999999998,0.28089192708333327
,437.49530475859387,305.6127943568365,0.059999999999999998,0.2819091796874999
,437.5953036851563,304.93338051304175,0.059999999999999998,0.2819091796874999
,437.69530261171872,304.14954212538464,0.059999999999999998,0.2819091796874999
,437.79530153828114,303.26132547885368,0.059999999999999998,0.2819091796874999
,437.8953004632815,301.75691598004789,0.059999999999999998,0.27987467447916659
,437.99529938906267,302.50906739585474,0.059999999999999998,0.27987467447916659
,438.09529831484383,303.07325108236262,0.059999999999999998,0.27987467447916659
,438.195297240625,302.50906739585474,0.059999999999999998,0.27987467447916659
,438.29529616640616,303.21953060342435,0.059999999999999998,0.27987467447916659
,438.39529509218733,303.89873702064091,0.059999999999999998,0.28089192708333327
,438.49529401796894,305.13197011151112,0.059999999999999998,0.2819091796874999
,438.59529294375011,304.61983208356543,0.059999999999999998,0.2819091796874999
,438.69529186953127,305.04835259844083,0.059999999999999998,0.28292643229166659
,438.79529079296867,303.70019104855572,0.059999999999999998,0.2819091796874999
,438.89528971640607,301.95538989379219,0.059999999999999998,0.27987467447916659
,438.99528863906266,302.21655126766325,0.059999999999999998,0.27987467447916659
,439.09528756250006,302.74936057515947,0.059999999999999998,0.27987467447916659
,439.19528648593746,303.54344929580714,0.059999999999999998,0.27987467447916659
,439.2952854085936,303.60614545882157,0.059999999999999998,0.27987467447916659
,439.39528433203145,303.94053708318825,0.059999999999999998,0.28089192708333327
,439.49528325468759,305.15287468026168,0.059999999999999998,0.28089192708333327
,439.59528217812499,304.95428435642901,0.059999999999999998,0.2819091796874999
,439.69528110156239,305.03790049512645,0.059999999999999998,0.28292643229166659
,439.79528002968732,303.82558767231126,0.059999999999999998,0.2819091796874999
,439.89527895781271,301.89271310402972,0.059999999999999998,0.27987467447916659
,439.99527788593764,303.08369948817273,0.059999999999999998,0.28089192708333327
,440.09527681484383,303.14639034788365,0.059999999999999998,0.27987467447916659
,440.19527574296876,302.90607934717792,0.059999999999999998,0.2788574218749999
,440.29527467187495,304.01368795235544,0.059999999999999998,0.27987467447916659
,440.39527359999988,305.10061340117016,0.059999999999999998,0.28089192708333327
,440.49527252812481,306.0622963906157,0.059999999999999998,0.2819091796874999
,440.59527145703146,305.28875622972214,0.059999999999999998,0.2819091796874999
,440.69527038593765,304.33765337340361,0.059999999999999998,0.2819091796874999
,440.79526931406258,303.63749380953675,0.059999999999999998,0.28089192708333327
,440.89526824218751,303.16728746282166,0.059999999999999998,0.28089192708333327
,440.99526717031245,303.38671203675108,0.059999999999999998,0.28089192708333327
,441.09526609843738,303.01056107290771,0.059999999999999998,0.27987467447916659
,441.19526502656231,303.05235433149016,0.059999999999999998,0.2788574218749999
,441.29526395390644,303.647943299617,0.059999999999999998,0.2788574218749999
,441.39526288203137,304.65118614604523,0.059999999999999998,0.27987467447916659
,441.49526181015631,305.99957311365222,0.059999999999999998,0.28089192708333327
,441.59526073828124,305.69642003186249,0.059999999999999998,0.2819091796874999
,441.69525966874994,304.55712448091742,0.059999999999999998,0.28089192708333327
,441.79525860078115,304.02413815535471,0.059999999999999998,0.28089192708333327
,441.89525753203111,303.0419059864401,0.059999999999999998,0.27987467447916659
,441.99525646406232,304.05548888246619,0.059999999999999998,0.27987467447916659
,442.09525539531273,304.80795906333799,0.059999999999999998,0.27987467447916659
,442.19525432734395,304.25404759194453,0.059999999999999998,0.27987467447916659
,442.2952532585939,303.9196370124123,0.059999999999999998,0.2788574218749999
,442.39525219062511,304.84976590612496,0.059999999999999998,0.27987467447916659
,442.49525112187507,306.10411227834481,0.059999999999999998,0.2819091796874999
,442.59525005390628,306.67911051187929,0.059999999999999998,0.28292643229166659
,442.69524897890619,306.43864997886124,0.059999999999999998,0.28292643229166659
,442.79524790312485,305.38282994783447,0.059999999999999998,0.28292643229166659
,442.89524682734395,303.90918700664798,0.059999999999999998,0.2819091796874999
,442.99524575156261,304.17044306196613,0.059999999999999998,0.2819091796874999
,443.09524467656252,303.93008703792776,0.059999999999999998,0.28089192708333327
,443.19524360078117,303.06280269679974,0.059999999999999998,0.27987467447916659
,443.29524252499982,303.60614545882157,0.059999999999999998,0.27987467447916659
,443.39524144921893,304.88112123986707,0.059999999999999998,0.28089192708333327
,443.49524037421884,305.85322139598026,0.059999999999999998,0.2819091796874999
,443.5952393,305.62324750065216,0.059999999999999998,0.2819091796874999
,443.69523823203122,305.27830368900891,0.059999999999999998,0.2819091796874999
,443.79523716328117,304.55712448091742,0.059999999999999998,0.28089192708333327
,443.89523609531238,303.45985553044716,0.059999999999999998,0.27987467447916659
,443.99523502656234,304.56757569962213,0.059999999999999998,0.28089192708333327
,444.09523395859355,304.49441757579524,0.059999999999999998,0.27987467447916659
,444.19523288984396,303.83603751984543,0.059999999999999998,0.2788574218749999
,444.29523182187518,304.66163753885377,0.059999999999999998,0.27987467447916659
,444.39523075312513,305.64415384451098,0.059999999999999998,0.28089192708333327
,444.49522968515635,307.31689987401188,0.059999999999999998,0.28292643229166659
,444.59522861250002,306.45955920807654,0.059999999999999998,0.2819091796874999
,444.69522753749993,305.56052891914453,0.059999999999999998,0.2819091796874999
,444.7952264632811,304.828862446301,0.059999999999999998,0.28089192708333327
,444.89522538828146,303.18818465852877,0.059999999999999998,0.27987467447916659
,444.99522431406263,304.27494892010611,0.059999999999999998,0.27987467447916659
,445.09522323906253,305.29920878937844,0.059999999999999998,0.28089192708333327
,445.1952221648437,305.04835259844083,0.059999999999999998,0.28089192708333327
,445.29522108984361,305.26785116724488,0.059999999999999998,0.27987467447916659
,445.39522001562523,305.91594311510136,0.059999999999999998,0.2819091796874999
,445.49521894062514,306.14592846141198,0.059999999999999998,0.2819091796874999
,445.59521786875007,305.7591400737532,0.059999999999999998,0.2819091796874999
,445.69521679765626,305.91594311510136,0.059999999999999998,0.2819091796874999
,445.79521572656245,305.38282994783447,0.059999999999999998,0.2819091796874999
,445.89521465468738,303.96143723291959,0.059999999999999998,0.28089192708333327
,445.99521358359357,303.90918700664798,0.059999999999999998,0.27987467447916659
,446.09521251250021,304.44216235531974,0.059999999999999998,0.27987467447916659
,446.1952114414064,304.40035852888593,0.059999999999999998,0.27987467447916659
,446.29521036953133,305.3514718715885,0.059999999999999998,0.27987467447916659
,446.39520929843752,306.70002057742994,0.059999999999999998,0.28089192708333327
,446.49520822734371,307.27507558361975,0.059999999999999998,0.2819091796874999
,446.59520715468739,306.55365164203823,0.059999999999999998,0.2819091796874999
,446.69520608203106,306.07275033483825,0.059999999999999998,0.28292643229166659
,446.7952050093752,305.71732663775447,0.059999999999999998,0.2819091796874999
,446.89520393671887,304.13909168651469,0.059999999999999998,0.28089192708333327
,446.99520286406255,304.93338051304175,0.059999999999999998,0.28089192708333327
,447.09520179140623,305.89503580104554,0.059999999999999998,0.2819091796874999
,447.1952007187499,305.04835259844083,0.059999999999999998,0.28089192708333327
,447.29519964609358,304.79750740069477,0.059999999999999998,0.28089192708333327
,447.39519857421897,305.26785116724488,0.059999999999999998,0.28089192708333327
,447.49519750312515,305.80095380837366,0.059999999999999998,0.2819091796874999
,447.59519643359386,305.10061340117016,0.059999999999999998,0.28089192708333327
,447.69519536406256,305.74868668674219,0.059999999999999998,0.28089192708333327
,447.79519429453126,305.49781101378278,0.059999999999999998,0.28089192708333327
,447.89519322499996,304.09729012731714,0.059999999999999998,0.2788574218749999
,447.99519215546866,304.38990762093249,0.059999999999999998,0.27784016927083327
,448.09519108593736,305.10061340117016,0.059999999999999998,0.27784016927083327
,448.19519001640606,305.44554661011517,0.059999999999999998,0.27784016927083327
,448.29518894687521,305.47690519581516,0.059999999999999998,0.27784016927083327
,448.39518787656266,306.93003606672022,0.059999999999999998,0.27987467447916659
,448.49518680078131,307.60967782907574,0.059999999999999998,0.28089192708333327
,448.59518572343745,307.2959876933229,0.059999999999999998,0.28089192708333327
,448.69518464687485,306.3445593519437,0.059999999999999998,0.28089192708333327
,448.79518356953145,306.13547438797906,0.059999999999999998,0.28089192708333327
,448.89518249218759,304.828862446301,0.059999999999999998,0.27987467447916659
,448.99518141562498,305.48735809538636,0.059999999999999998,0.27987467447916659
,449.09518033828112,306.21910749123793,0.059999999999999998,0.27987467447916659
,449.19517926171898,305.65460704454176,0.059999999999999998,0.27987467447916659
,449.29517818437512,306.43864997886124,0.059999999999999998,0.28089192708333327
,449.39517710859377,306.70002057742994,0.059999999999999998,0.28089192708333327
,449.49517603359368,307.99658407507934,0.059999999999999998,0.28292643229166659
,449.59517495937484,307.28553162959497,0.059999999999999998,0.28292643229166659
,449.69517388437521,306.53274208477472,0.059999999999999998,0.2819091796874999
,449.79517281015637,305.14242238637155,0.059999999999999998,0.28089192708333327
,449.89517173515628,303.96143723291959,0.059999999999999998,0.27987467447916659
,449.99517066093745,305.706873325461,0.059999999999999998,0.28089192708333327
,450.09516958671861,306.33410492933535,0.059999999999999998,0.27987467447916659
,450.19516851171898,306.25047020856834,0.059999999999999998,0.27987467447916659
,450.29516743750014,306.55365164203823,0.059999999999999998,0.27987467447916659
,450.39516636484382,307.51556912138528,0.059999999999999998,0.2819091796874999
,450.49516529296875,308.05932787188004,0.059999999999999998,0.2819091796874999
,450.59516422187494,307.839727314843,0.059999999999999998,0.28292643229166659
,450.69516315078113,307.4214618404888,0.059999999999999998,0.2819091796874999
,450.79516207968732,306.41774082268279,0.059999999999999998,0.2819091796874999
,450.89516100859396,304.60938076807469,0.059999999999999998,0.27987467447916659
,450.99515993671889,305.67551350077503,0.059999999999999998,0.28089192708333327
,451.09515886562508,306.33410492933535,0.059999999999999998,0.28089192708333327
,451.19515779453127,306.28183309124159,0.059999999999999998,0.27987467447916659
,451.29515672343746,306.40728627199792,0.059999999999999998,0.27987467447916659
,451.39515564999988,307.4946562688329,0.059999999999999998,0.28089192708333327
,451.49515457656275,309.36662980212799,0.059999999999999998,0.28292643229166659
,451.59515350234392,309.84778245560966,0.059999999999999998,0.2849609374999999
,451.69515242890634,310.07791110249622,0.059999999999999998,0.28597819010416659
,451.7951513546875,308.62404988621859,0.059999999999999998,0.2849609374999999
,451.89515028124993,306.4700138500574,0.059999999999999998,0.28394368489583327
,451.99514920703109,306.3654682521003,0.059999999999999998,0.28394368489583327
,452.09514813359397,306.51183260032349,0.059999999999999998,0.28292643229166659
,452.19514705937513,306.24001595107848,0.059999999999999998,0.28292643229166659
,452.2951459851563,306.3445593519437,0.059999999999999998,0.2819091796874999
,452.39514491093746,307.8606413235442,0.059999999999999998,0.28394368489583327
,452.49514383671863,309.00055874530568,0.059999999999999998,0.2849609374999999
,452.59514276250025,308.63450817041991,0.059999999999999998,0.2849609374999999
,452.69514168906267,307.89201246713611,0.059999999999999998,0.2849609374999999
,452.79514061484383,306.62683566513573,0.059999999999999998,0.28292643229166659
,452.895139540625,305.34101921730996,0.059999999999999998,0.2819091796874999
,452.99513846640616,305.53962287549706,0.059999999999999998,0.28089192708333327
,453.09513739218733,306.94049152334145,0.059999999999999998,0.28089192708333327
,453.1951363187502,306.94049152334145,0.059999999999999998,0.27987467447916659
,453.29513524375011,307.81881337582183,0.059999999999999998,0.28089192708333327
,453.39513416875002,308.83321878186916,0.059999999999999998,0.2819091796874999
,453.49513309374993,309.93146469592716,0.059999999999999998,0.28292643229166659
,453.59513201796858,310.25574311378654,0.059999999999999998,0.28394368489583327
,453.69513094296894,310.0569899940653,0.059999999999999998,0.2849609374999999
,453.7951298671876,308.66588312464569,0.059999999999999998,0.28394368489583327
,453.89512879218751,307.22279562025398,0.059999999999999998,0.28292643229166659
,453.99512771640616,307.75607197734172,0.059999999999999998,0.28292643229166659
,454.09512664140607,307.25416354495258,0.059999999999999998,0.2819091796874999
,454.19512556640643,307.08686979892553,0.059999999999999998,0.2819091796874999
,454.29512448828132,306.74184092571903,0.059999999999999998,0.28089192708333327
,454.3951234101562,309.18882131919355,0.059999999999999998,0.28292643229166659
,454.49512233203109,310.4858854994435,0.059999999999999998,0.28394368489583327
,454.59512125390643,309.28295462608133,0.059999999999999998,0.28394368489583327
,454.69512017578131,308.55084237169251,0.059999999999999998,0.28292643229166659
,454.7951190976562,308.05932787188004,0.059999999999999998,0.28292643229166659
,454.89511801953108,307.70378795898392,0.059999999999999998,0.2819091796874999
,454.99511694062517,307.70378795898392,0.059999999999999998,0.2819091796874999
,455.09511586250005,308.33122483232279,0.059999999999999998,0.2819091796874999
,455.19511478515619,307.87109835400912,0.059999999999999998,0.28089192708333327
,455.29511371328113,308.66588312464569,0.059999999999999998,0.28089192708333327
,455.39511264140606,309.85824267899335,0.059999999999999998,0.28292643229166659
,455.49511156953145,310.77880505420381,0.059999999999999998,0.28394368489583327
,455.59511049687512,309.84778245560966,0.059999999999999998,0.28292643229166659
,455.69510942500006,309.74318111417807,0.059999999999999998,0.28394368489583327
,455.79510835312499,309.073771326795,0.059999999999999998,0.28394368489583327
,455.89510728124992,307.39009306471263,0.059999999999999998,0.2819091796874999
,455.9951062085936,308.05932787188004,0.059999999999999998,0.2819091796874999
,456.09510513671898,308.6763414765739,0.059999999999999998,0.28089192708333327
,456.19510406328141,308.71817505338254,0.059999999999999998,0.28089192708333327
,456.29510298828131,309.0946893573967,0.059999999999999998,0.28089192708333327
,456.39510191328122,309.91054403878678,0.059999999999999998,0.28292643229166659
,456.49510083828113,311.0821989461657,0.059999999999999998,0.28394368489583327
,456.5950997632815,311.19728279639378,0.059999999999999998,0.28394368489583327
,456.6950986882814,311.27051894356043,0.059999999999999998,0.2849609374999999
,456.79509761328131,310.26620396426483,0.059999999999999998,0.2849609374999999
,456.89509653828122,308.76000890044162,0.059999999999999998,0.28394368489583327
,456.99509546328113,308.66588312464569,0.059999999999999998,0.28394368489583327
,457.0950943882815,309.29341396523193,0.059999999999999998,0.28394368489583327
,457.19509331718768,308.47763568975847,0.059999999999999998,0.28292643229166659
,457.29509224687513,308.97964101526509,0.059999999999999998,0.28292643229166659
,457.39509117578132,309.94192504873405,0.059999999999999998,0.28394368489583327
,457.49509010546876,310.70557401051735,0.059999999999999998,0.28394368489583327
,457.59508903437495,310.44404085787517,0.059999999999999998,0.28394368489583327
,457.6950879640624,310.23482146071166,0.059999999999999998,0.28394368489583327
,457.79508689296858,309.48168489260951,0.059999999999999998,0.28292643229166659
,457.89508582265648,307.90246954978562,0.059999999999999998,0.2819091796874999
,457.99508475156267,308.47763568975847,0.059999999999999998,0.2819091796874999
,458.09508368125012,309.42938687727201,0.059999999999999998,0.2819091796874999
,458.19508260859379,309.15744384891212,0.059999999999999998,0.2819091796874999
,458.29508153515621,309.27249530347973,0.059999999999999998,0.28089192708333327
,458.39508046249989,310.27666483069527,0.059999999999999998,0.2819091796874999
,458.49507938984357,311.50069457491094,0.059999999999999998,0.28292643229166659
,458.5950783171877,311.24959425329052,0.059999999999999998,0.28292643229166659
,458.69507724375012,310.85203686424114,0.059999999999999998,0.28394368489583327
,458.7950761710938,310.03606894995187,0.059999999999999998,0.28292643229166659
,458.89507509843747,308.29985151323382,0.059999999999999998,0.28089192708333327
,458.99507402578115,308.34168263960908,0.059999999999999998,0.28089192708333327
,459.09507295390608,309.13652561850586,0.059999999999999998,0.27987467447916659
,459.19507188437524,309.14698472539328,0.059999999999999998,0.2788574218749999
,459.29507081484394,309.71180102872466,0.059999999999999998,0.27987467447916659
,459.39506974531264,310.84157513025644,0.059999999999999998,0.28089192708333327
,459.4950686765626,311.97153120440083,0.059999999999999998,0.2819091796874999
,459.5950676070313,311.98199458571304,0.059999999999999998,0.28292643229166659
,459.6950665375,311.15543390775565,0.059999999999999998,0.28292643229166659
,459.7950654679687,310.42311863212865,0.059999999999999998,0.28292643229166659
,459.8950643984374,308.64496647156244,0.059999999999999998,0.28089192708333327
,459.99506332968735,309.34571090899931,0.059999999999999998,0.28089192708333327
,460.09506225468772,309.72226104092857,0.059999999999999998,0.28089192708333327
,460.19506117890637,309.16790298905596,0.059999999999999998,0.27987467447916659
,460.29506010312502,309.55490280390728,0.059999999999999998,0.27987467447916659
,460.39505902734368,310.37081334536424,0.059999999999999998,0.28089192708333327
,460.49505795156233,311.70995153413725,0.059999999999999998,0.2819091796874999
,460.59505687578144,311.63671091006938,0.059999999999999998,0.2819091796874999
,460.69505580000009,310.70557401051735,0.059999999999999998,0.2819091796874999
,460.79505472421874,310.23482146071166,0.059999999999999998,0.2819091796874999
,460.8950536484374,308.28939377448182,0.059999999999999998,0.27987467447916659
,460.9950525726565,309.45030603407037,0.059999999999999998,0.28089192708333327
,461.09505149921893,310.03606894995187,0.059999999999999998,0.27987467447916659
,461.19505042578135,309.38754876125012,0.059999999999999998,0.27987467447916659
,461.29504935234377,309.91054403878678,0.059999999999999998,0.27987467447916659
,461.39504827968744,310.75788182057005,0.059999999999999998,0.28089192708333327
,461.49504720624986,311.63671091006938,0.059999999999999998,0.28089192708333327
,461.59504613281274,311.78319289666734,0.059999999999999998,0.2819091796874999
,461.69504506015642,311.15543390775565,0.059999999999999998,0.2819091796874999
,461.79504398671884,310.16159617837712,0.059999999999999998,0.2819091796874999
,461.89504291328126,308.74955041336295,0.059999999999999998,0.28089192708333327
,461.99504184062494,308.97964101526509,0.059999999999999998,0.27987467447916659
,462.09504076874987,310.0569899940653,0.059999999999999998,0.28089192708333327
,462.195039696094,309.61766165265891,0.059999999999999998,0.27987467447916659
,462.29503862421893,310.16159617837712,0.059999999999999998,0.28089192708333327
,462.39503755234387,311.3123685081236,0.059999999999999998,0.2819091796874999
,462.4950364804688,312.20172902619561,0.059999999999999998,0.28292643229166659
,462.59503540859373,311.52161999810102,0.059999999999999998,0.28292643229166659
,462.69503433671866,309.68042108987277,0.059999999999999998,0.2819091796874999
,462.7950332648436,309.75364117521099,0.059999999999999998,0.2819091796874999
,462.89503219296898,308.82276017686553,0.059999999999999998,0.27987467447916659
,462.99503111875015,309.0214765422262,0.059999999999999998,0.27987467447916659
,463.0950300429688,309.18882131919355,0.059999999999999998,0.27987467447916659
,463.19502896796871,309.5130638990064,0.059999999999999998,0.27987467447916659
,463.29502789218736,309.61766165265891,0.059999999999999998,0.27987467447916659
,463.39502681718773,310.17205688500002,0.059999999999999998,0.27987467447916659
,463.49502574140638,312.05523867184939,0.059999999999999998,0.2819091796874999
,463.59502466640629,311.01942672459307,0.059999999999999998,0.28089192708333327
,463.69502359062494,310.13021415462867,0.059999999999999998,0.28089192708333327
,463.79502251484359,309.48168489260951,0.059999999999999998,0.27987467447916659
,463.89502143984396,308.5822169189513,0.059999999999999998,0.2788574218749999
,463.99502036718764,309.19928050917457,0.059999999999999998,0.2788574218749999
,464.09501929375006,310.08837168081487,0.059999999999999998,0.2788574218749999
,464.19501822031248,310.19297834626752,0.059999999999999998,0.2788574218749999
,464.29501714765615,310.44404085787517,0.059999999999999998,0.2788574218749999
,464.39501607421857,311.47976921251586,0.059999999999999998,0.28089192708333327
,464.49501500078145,312.23312019362589,0.059999999999999998,0.2819091796874999
,464.59501392812513,311.8355086065194,0.059999999999999998,0.28292643229166659
,464.69501285468755,310.44404085787517,0.059999999999999998,0.2819091796874999
,464.79501178203122,308.89597076491413,0.059999999999999998,0.27987467447916659
,464.89501071015616,307.57830810159533,0.059999999999999998,0.2788574218749999
,464.99500964062486,308.76000890044162,0.059999999999999998,0.2788574218749999
,465.09500857187481,309.12606652825616,0.059999999999999998,0.2788574218749999
,465.19500750234397,308.95872335215506,0.059999999999999998,0.27784016927083327
,465.29500643359393,309.52352360063304,0.059999999999999998,0.27784016927083327
,465.39500536406263,310.49634669939746,0.059999999999999998,0.2788574218749999
,465.49500429531258,311.19728279639378,0.059999999999999998,0.2788574218749999
,465.59500322578128,311.3123685081236,0.059999999999999998,0.27987467447916659
,465.69500215703124,310.56957554145401,0.059999999999999998,0.27987467447916659
,465.79500108749994,309.53398331866299,0.059999999999999998,0.2788574218749999
,465.89500001406236,308.8645946977818,0.059999999999999998,0.2788574218749999
,465.99499893906273,309.00055874530568,0.059999999999999998,0.27784016927083327
,466.09499786406263,309.43984644744421,0.059999999999999998,0.27784016927083327
,466.19499678906254,309.3980082655429,0.059999999999999998,0.27784016927083327
,466.29499571406245,310.37081334536424,0.059999999999999998,0.27784016927083327
,466.39499463906236,310.16159617837712,0.059999999999999998,0.27784016927083327
,466.49499356406272,310.88342215974046,0.059999999999999998,0.2788574218749999
,466.59499248906263,311.22866962443004,0.059999999999999998,0.27987467447916659
,466.69499141406254,310.09883227519379,0.059999999999999998,0.27987467447916659
,466.79499033984371,309.42938687727201,0.059999999999999998,0.2788574218749999
,466.89498926953115,308.05932787188004,0.059999999999999998,0.27784016927083327
,466.99498819843734,308.94826454571484,0.059999999999999998,0.27784016927083327
,467.09498712812524,309.18882131919355,0.059999999999999998,0.27682291666666659
,467.19498605781268,309.13652561850586,0.059999999999999998,0.27682291666666659
,467.29498498671887,310.51726914673492,0.059999999999999998,0.27784016927083327
,467.39498391640632,310.53819165726941,0.059999999999999998,0.27784016927083327
,467.49498284609376,311.18682055114181,0.059999999999999998,0.2788574218749999
,467.59498177578121,311.3123685081236,0.059999999999999998,0.27987467447916659
,467.6949807046874,310.66372804475748,0.059999999999999998,0.27987467447916659
,467.79497963359358,309.6072018036312,0.059999999999999998,0.2788574218749999
,467.89497856015646,308.2371053380881,0.059999999999999998,0.27784016927083327
,467.99497748671888,309.12606652825616,0.059999999999999998,0.27682291666666659
,468.0949764132813,309.83732224843249,0.059999999999999998,0.27784016927083327
,468.19497533984372,309.0214765422262,0.059999999999999998,0.2758056640624999
,468.29497426640614,309.6385813997465,0.059999999999999998,0.2758056640624999
,468.39497319296856,311.07173687056309,0.059999999999999998,0.27784016927083327
,468.49497211953144,312.25404771233946,0.059999999999999998,0.2788574218749999
,468.59497104609386,312.01338481904759,0.059999999999999998,0.27987467447916659
,468.69496997343754,310.69511249553472,0.059999999999999998,0.27987467447916659
,468.79496889999996,309.54444305308982,0.059999999999999998,0.2788574218749999
,468.89496782734363,308.28939377448182,0.059999999999999998,0.27682291666666659
,468.99496675390606,308.5822169189513,0.059999999999999998,0.27682291666666659
,469.09496568125019,309.55490280390728,0.059999999999999998,0.27784016927083327
,469.19496460859386,310.0569899940653,0.059999999999999998,0.27784016927083327
,469.29496353593754,310.28712571307148,0.059999999999999998,0.27784016927083327
,469.39496246328122,310.84157513025644,0.059999999999999998,0.27784016927083327
,469.49496138984364,311.98199458571304,0.059999999999999998,0.27987467447916659
,469.59496031718732,311.76226671786219,0.059999999999999998,0.27987467447916659
,469.69495924453145,310.64280515611199,0.059999999999999998,0.27987467447916659
,469.79495817109387,309.88962344631983,0.059999999999999998,0.2788574218749999
,469.89495709765629,308.05932787188004,0.059999999999999998,0.27784016927083327
,469.99495602421871,308.28939377448182,0.059999999999999998,0.27682291666666659
,470.09495495078113,308.57175871955053,0.059999999999999998,0.27682291666666659
,470.19495387734401,308.47763568975847,0.059999999999999998,0.2758056640624999
,470.29495280390643,309.40846778631499,0.059999999999999998,0.27682291666666659
,470.39495172968759,310.40219646980847,0.059999999999999998,0.27682291666666659
,470.49495065625001,312.42146997986077,0.059999999999999998,0.2788574218749999
,470.59494958281243,312.50518252014973,0.059999999999999998,0.27987467447916659
,470.69494851015611,311.27051894356043,0.059999999999999998,0.27987467447916659
,470.79494743750024,310.15113548777009,0.059999999999999998,0.2788574218749999
,470.89494636484392,308.71817505338254,0.059999999999999998,0.27784016927083327
,470.99494529218759,309.0214765422262,0.059999999999999998,0.27784016927083327
,471.09494421875002,309.6490412977937,0.059999999999999998,0.27784016927083327
,471.19494314609369,309.073771326795,0.059999999999999998,0.27784016927083327
,471.29494207343737,309.6072018036312,0.059999999999999998,0.27784016927083327
,471.3949410007815,311.43791867031592,0.059999999999999998,0.27987467447916659
,471.49493992812518,312.67261039732432,0.059999999999999998,0.2819091796874999
,471.59493885546885,312.02384825993704,0.059999999999999998,0.2819091796874999
,471.6949377851563,311.24959425329052,0.059999999999999998,0.28292643229166659
,471.79493671484374,310.18251760763224,0.059999999999999998,0.2819091796874999
,471.89493564531244,307.63059106853103,0.059999999999999998,0.27987467447916659
,471.99493457499989,307.59922123568231,0.059999999999999998,0.2788574218749999
,472.09493350546859,308.50900987992702,0.059999999999999998,0.2788574218749999
,472.19493243515649,307.69333120779237,0.059999999999999998,0.27682291666666659
,472.29493136562519,308.12207229104541,0.059999999999999998,0.27682291666666659
,472.39493029609389,309.34571090899931,0.059999999999999998,0.27784016927083327
,472.49492922578133,310.86249861382095,0.059999999999999998,0.2788574218749999
,472.59492815625003,311.13450955587035,0.059999999999999998,0.2788574218749999
,472.69492708124994,310.56957554145401,0.059999999999999998,0.2788574218749999
,472.79492600703111,309.68042108987277,0.059999999999999998,0.2788574218749999
,472.89492493281273,307.96521241049061,0.059999999999999998,0.27682291666666659
,472.99492385859389,307.85018431048672,0.059999999999999998,0.27682291666666659
,473.0949227835938,308.09070000375215,0.059999999999999998,0.2758056640624999
,473.19492170937497,308.00704133126868,0.059999999999999998,0.27478841145833327
,473.29492063515613,308.60313336866471,0.059999999999999998,0.27478841145833327
,473.39491956093775,309.6490412977937,0.059999999999999998,0.2758056640624999
,473.49491848671892,310.70557401051735,0.059999999999999998,0.27682291666666659
,473.59491741406259,310.46496314699709,0.059999999999999998,0.27682291666666659
,473.69491634453129,310.66372804475748,0.059999999999999998,0.27784016927083327
,473.79491527499999,310.18251760763224,0.059999999999999998,0.27682291666666659
,473.89491420546869,308.85413604233366,0.059999999999999998,0.27682291666666659
,473.99491313515614,308.92734698309545,0.059999999999999998,0.27682291666666659
,474.09491206562484,309.18882131919355,0.059999999999999998,0.27682291666666659
,474.19491099609399,308.8645946977818,0.059999999999999998,0.2758056640624999
,474.2949099265627,309.06331233650457,0.059999999999999998,0.2758056640624999
,474.3949088570314,309.88962344631983,0.059999999999999998,0.27682291666666659
,474.4949077875001,310.27666483069527,0.059999999999999998,0.27682291666666659
,474.59490671484377,309.73272106941511,0.059999999999999998,0.27682291666666659
,474.69490563906243,309.38754876125012,0.059999999999999998,0.27682291666666659
,474.79490456328108,308.36259830552893,0.059999999999999998,0.27682291666666659
,474.89490348750019,307.13914860429139,0.059999999999999998,0.27478841145833327
,474.99490241093758,307.81881337582183,0.059999999999999998,0.27478841145833327
,475.09490133515624,308.42534571361188,0.059999999999999998,0.27377115885416659
,475.19490025937489,308.47763568975847,0.059999999999999998,0.27377115885416659
,475.294899183594,308.81230158868931,0.059999999999999998,0.27478841145833327
,475.39489810781265,310.03606894995187,0.059999999999999998,0.2758056640624999
,475.4948970320313,311.89828795306454,0.059999999999999998,0.27682291666666659
,475.59489595937498,310.78926669448362,0.059999999999999998,0.27784016927083327
,475.69489488671866,309.84778245560966,0.059999999999999998,0.27682291666666659
,475.79489381484359,308.77046740438567,0.059999999999999998,0.27682291666666659
,475.89489274296898,307.19142785566828,0.059999999999999998,0.27478841145833327
,475.99489167109391,308.01749860477736,0.059999999999999998,0.27478841145833327
,476.09489059843759,308.19527489819063,0.059999999999999998,0.27478841145833327
,476.19488952656252,307.34826827803408,0.059999999999999998,0.27377115885416659
,476.29488845468745,307.99658407507934,0.059999999999999998,0.27377115885416659
,476.39488738281239,308.68679984541797,0.059999999999999998,0.27377115885416659
,476.49488631171857,309.65950121216804,0.059999999999999998,0.27478841145833327
,476.59488524687481,310.10929288562659,0.059999999999999998,0.27478841145833327
,476.6948841828123,310.00468750448823,0.059999999999999998,0.2758056640624999
,476.79488311796899,309.08423033376118,0.059999999999999998,0.27478841145833327
,476.89488205312523,307.87109835400912,0.059999999999999998,0.27377115885416659
,476.99488098828147,308.47763568975847,0.059999999999999998,0.2727539062499999
,477.0948799234377,309.23065817869076,0.059999999999999998,0.2727539062499999
,477.19487885859394,308.97964101526509,0.059999999999999998,0.2727539062499999
,477.29487779375017,308.96918217534062,0.059999999999999998,0.2727539062499999
,477.39487672890641,309.90008373446591,0.059999999999999998,0.27478841145833327
,477.49487565937511,311.06127481042148,0.059999999999999998,0.2758056640624999
,477.59487458515628,311.0821989461657,0.059999999999999998,0.27682291666666659
,477.69487351015619,310.67418951264841,0.059999999999999998,0.27682291666666659
,477.79487243593735,309.35617034731132,0.059999999999999998,0.2758056640624999
,477.89487136171897,307.93384090200271,0.059999999999999998,0.27478841145833327
,477.99487028671888,308.09070000375215,0.059999999999999998,0.27478841145833327
,478.09486921250004,308.87505337003216,0.059999999999999998,0.27478841145833327
,478.19486813828121,308.18481733121564,0.059999999999999998,0.2727539062499999
,478.29486706406237,308.44626165291248,0.059999999999999998,0.2727539062499999
,478.39486598906274,309.05285336289614,0.059999999999999998,0.27377115885416659
,478.49486491093762,310.71603554118445,0.059999999999999998,0.27478841145833327
,478.59486383281251,310.61142094108027,0.059999999999999998,0.27478841145833327
,478.69486275390614,310.00468750448823,0.059999999999999998,0.27478841145833327
,478.79486167578148,308.83321878186916,0.059999999999999998,0.27478841145833327
,478.89486059687511,307.66196105929089,0.059999999999999998,0.2727539062499999
,478.99485951874999,307.99658407507934,0.059999999999999998,0.2727539062499999
,479.09485844062488,309.33525148719843,0.059999999999999998,0.2727539062499999
,479.19485736171896,308.7809259251888,0.059999999999999998,0.2727539062499999
,479.29485628359384,309.6281215180328,0.059999999999999998,0.2727539062499999
,479.39485520624999,310.38127437096568,0.059999999999999998,0.27377115885416659
,479.49485413515617,311.37514331425939,0.059999999999999998,0.27478841145833327
,479.59485306406236,310.8101900219371,0.059999999999999998,0.2758056640624999
,479.69485199296901,310.06745054024424,0.059999999999999998,0.2758056640624999
,479.7948509218752,309.95238541769027,0.059999999999999998,0.2758056640624999
,479.89484985078138,308.01749860477736,0.059999999999999998,0.27377115885416659
,479.99484877968757,308.15344473358994,0.059999999999999998,0.2727539062499999
,480.09484770859376,308.96918217534062,0.059999999999999998,0.2727539062499999
,480.19484663749995,309.06331233650457,0.059999999999999998,0.27173665364583327
,480.29484556640614,310.28712571307148,0.059999999999999998,0.2727539062499999
,480.3948444921873,310.70557401051735,0.059999999999999998,0.27377115885416659
,480.49484341406264,311.70995153413725,0.059999999999999998,0.2758056640624999
,480.59484233671878,310.69511249553472,0.059999999999999998,0.2758056640624999
,480.69484125859367,310.11975351210702,0.059999999999999998,0.27478841145833327
,480.79484018124981,310.01514797020678,0.059999999999999998,0.27478841145833327
,480.89483910312515,308.85413604233366,0.059999999999999998,0.27478841145833327
,480.99483802578129,308.88551205907834,0.059999999999999998,0.27377115885416659
,481.09483694765618,309.50260421378937,0.059999999999999998,0.27377115885416659
,481.19483587031232,309.20973971575535,0.059999999999999998,0.2727539062499999
,481.29483479296891,309.34571090899931,0.059999999999999998,0.2727539062499999
,481.39483371953133,309.93146469592716,0.059999999999999998,0.27377115885416659
,481.49483264687501,311.77272979974867,0.059999999999999998,0.2758056640624999
,481.59483157421869,310.4858854994435,0.059999999999999998,0.27377115885416659
,481.69483050156236,310.04652946396573,0.059999999999999998,0.27478841145833327
,481.7948294289065,309.6699611428632,0.059999999999999998,0.27377115885416659
,481.89482835703143,307.96521241049061,0.059999999999999998,0.27173665364583327
,481.99482728437511,309.17836214581854,0.059999999999999998,0.2727539062499999
,482.09482621171878,310.36035233565121,0.059999999999999998,0.2727539062499999
,482.19482513906246,310.34989134183303,0.059999999999999998,0.2727539062499999
,482.29482406640614,310.27666483069527,0.059999999999999998,0.2727539062499999
,482.39482298906273,311.15543390775565,0.059999999999999998,0.27377115885416659
,482.49482191093762,311.86689821240674,0.059999999999999998,0.27478841145833327
,482.5948208328125,311.65763672717878,0.059999999999999998,0.27478841145833327
,482.69481975546864,310.50680791516339,0.059999999999999998,0.27478841145833327
,482.79481867734398,310.16159617837712,0.059999999999999998,0.27377115885416659
,482.89481760000012,308.38351403986962,0.059999999999999998,0.2727539062499999
,482.99481652187501,309.23065817869076,0.059999999999999998,0.2727539062499999
,483.09481544374989,309.6072018036312,0.059999999999999998,0.2727539062499999
,483.19481436640649,309.41892732356018,0.059999999999999998,0.27173665364583327
,483.29481329296891,310.36035233565121,0.059999999999999998,0.2727539062499999
,483.39481222421887,310.65326659257653,0.059999999999999998,0.2727539062499999
,483.49481115546882,312.40054199100194,0.059999999999999998,0.27478841145833327
,483.59481008671878,311.33329338231454,0.059999999999999998,0.27377115885416659
,483.69480901874999,310.60095956754492,0.059999999999999998,0.27478841145833327
,483.79480794999995,310.17205688500002,0.059999999999999998,0.27377115885416659
,483.89480688124991,309.27249530347973,0.059999999999999998,0.2727539062499999
,483.99480581249986,309.68042108987277,0.059999999999999998,0.2727539062499999
,484.09480474453107,309.83732224843249,0.059999999999999998,0.2727539062499999
,484.19480367578149,309.68042108987277,0.059999999999999998,0.27173665364583327
,484.29480260312516,310.16159617837712,0.059999999999999998,0.27173665364583327
,484.39480152968758,311.6262480241848,0.059999999999999998,0.27377115885416659
,484.49480045625,313.26910215194476,0.059999999999999998,0.27478841145833327
,484.59479938281243,312.21219273391182,0.059999999999999998,0.27478841145833327
,484.69479830937485,310.91480759542361,0.059999999999999998,0.27478841145833327
,484.79479723593772,310.29758661138709,0.059999999999999998,0.27478841145833327
,484.89479616171889,309.28295462608133,0.059999999999999998,0.2727539062499999
,484.99479508828131,310.17205688500002,0.059999999999999998,0.27377115885416659
,485.09479401484373,310.56957554145401,0.059999999999999998,0.27377115885416659
,485.19479294140615,310.40219646980847,0.059999999999999998,0.2727539062499999
,485.29479187031234,310.58003686772543,0.059999999999999998,0.2727539062499999
,485.39479079843773,311.45884391096718,0.059999999999999998,0.27377115885416659
,485.49478972656266,312.20172902619561,0.059999999999999998,0.27478841145833327
,485.59478865468759,312.12848348607753,0.059999999999999998,0.2758056640624999
,485.69478758281252,311.35421831771021,0.059999999999999998,0.2758056640624999
,485.79478651093746,310.04652946396573,0.059999999999999998,0.27478841145833327
,485.89478543906239,308.34168263960908,0.059999999999999998,0.2727539062499999
,485.99478436796858,309.26203599743354,0.059999999999999998,0.2727539062499999
,486.09478329609396,310.50680791516339,0.059999999999999998,0.2727539062499999
,486.19478222500015,310.82065170909806,0.059999999999999998,0.2727539062499999
,486.29478115390634,310.93573129700718,0.059999999999999998,0.2727539062499999
,486.39478008359379,311.09266103722297,0.059999999999999998,0.27377115885416659
,486.49477901328123,312.75632572762254,0.059999999999999998,0.27478841145833327
,486.59477794218742,312.0447751863444,0.059999999999999998,0.27478841145833327
,486.69477687187486,311.542545482035,0.059999999999999998,0.2758056640624999
,486.79477580156231,310.4858854994435,0.059999999999999998,0.27478841145833327
,486.89477473046895,308.85413604233366,0.059999999999999998,0.2727539062499999
,486.9947736601564,308.73909194315604,0.059999999999999998,0.27173665364583327
,487.09477258984384,310.45450199451739,0.059999999999999998,0.2727539062499999
,487.19477151796877,310.27666483069527,0.059999999999999998,0.27173665364583327
,487.29477044531245,311.09266103722297,0.059999999999999998,0.2727539062499999
,487.39476937343738,312.22265645639072,0.059999999999999998,0.27377115885416659
,487.49476830078106,312.76679020890498,0.059999999999999998,0.27478841145833327
,487.59476722890645,312.14941070928,0.059999999999999998,0.27478841145833327
,487.69476615703138,311.5634710266616,0.059999999999999998,0.27478841145833327
,487.79476508437506,310.7683434295638,0.059999999999999998,0.27377115885416659
,487.89476401249999,308.83321878186916,0.059999999999999998,0.2727539062499999
,487.99476293984367,309.76410125250754,0.059999999999999998,0.27173665364583327
,488.0947618679686,310.15113548777009,0.059999999999999998,0.27173665364583327
,488.19476080078107,310.09883227519379,0.059999999999999998,0.27071940104166659
,488.29475973281274,310.39173541244924,0.059999999999999998,0.27173665364583327
,488.3947586656252,311.15543390775565,0.059999999999999998,0.27173665364583327
,488.49475759843767,312.94468859200271,0.059999999999999998,0.27377115885416659
,488.59475653125014,312.40054199100194,0.059999999999999998,0.27377115885416659
,488.69475546406261,312.07616568743003,0.059999999999999998,0.27478841145833327
,488.79475439687508,310.82065170909806,0.059999999999999998,0.27377115885416659
,488.89475332890629,309.49214454498826,0.059999999999999998,0.2727539062499999
,488.99475226171876,310.06745054024424,0.059999999999999998,0.27173665364583327
,489.09475119296872,310.79972835039683,0.059999999999999998,0.27173665364583327
,489.19475012265616,310.24528227926669,0.059999999999999998,0.27071940104166659
,489.2947490523436,310.39173541244924,0.059999999999999998,0.27071940104166659
,489.3947479820315,311.33329338231454,0.059999999999999998,0.27173665364583327
,489.49474691171895,313.27956733232412,0.059999999999999998,0.27377115885416659
,489.59474584140639,313.0493366339125,0.059999999999999998,0.27478841145833327
,489.69474477109384,311.8355086065194,0.059999999999999998,0.27478841145833327
,489.79474370000003,311.12404740305851,0.059999999999999998,0.27377115885416659
,489.89474262968747,309.83732224843249,0.059999999999999998,0.2727539062499999
,489.99474155937492,310.15113548777009,0.059999999999999998,0.2727539062499999
,490.0947404882811,310.33943036391599,0.059999999999999998,0.27173665364583327
,490.194739417969,309.47122525665935,0.059999999999999998,0.27071940104166659
,490.29473834687519,310.22436065812792,0.059999999999999998,0.27173665364583327
,490.39473727578138,311.76226671786219,0.059999999999999998,0.2727539062499999
,490.49473620546883,312.71446794684073,0.059999999999999998,0.27377115885416659
,490.59473513437501,312.54703914048622,0.059999999999999998,0.27478841145833327
,490.69473406406246,311.63671091006938,0.059999999999999998,0.27377115885416659
,490.79473299296865,310.82065170909806,0.059999999999999998,0.27377115885416659
,490.89473192187484,309.45030603407037,0.059999999999999998,0.2727539062499999
,490.99473085156274,310.0569899940653,0.059999999999999998,0.27173665364583327
,491.09472978203144,310.74742022722882,0.059999999999999998,0.27173665364583327
,491.19472871250014,310.09883227519379,0.059999999999999998,0.27071940104166659
,491.29472764218758,310.29758661138709,0.059999999999999998,0.27071940104166659
,491.39472657265628,311.78319289666734,0.059999999999999998,0.2727539062499999
,491.49472550312498,313.07026641347642,0.059999999999999998,0.27478841145833327
,491.59472443281243,312.76679020890498,0.059999999999999998,0.27478841145833327
,491.69472336328113,311.72041454076657,0.059999999999999998,0.27478841145833327
,491.79472229374983,311.343755842365,0.059999999999999998,0.27478841145833327
,491.89472122421898,309.50260421378937,0.059999999999999998,0.2727539062499999
,491.99472015312517,310.4858854994435,0.059999999999999998,0.27377115885416659
,492.09471908203136,311.61578515342211,0.059999999999999998,0.27377115885416659
,492.19471801015629,310.39173541244924,0.059999999999999998,0.2727539062499999
,492.29471693906248,310.46496314699709,0.059999999999999998,0.27377115885416659
,492.39471586796867,311.10312314372845,0.059999999999999998,0.27377115885416659
,492.4947147960936,312.82957739923398,0.059999999999999998,0.2758056640624999
,492.59471372500025,312.24358394561096,0.059999999999999998,0.2758056640624999
,492.69471265390644,311.36468080834379,0.059999999999999998,0.2758056640624999
,492.79471158203137,310.40219646980847,0.059999999999999998,0.27478841145833327
,492.89471051093756,309.06331233650457,0.059999999999999998,0.27377115885416659
,492.99470943437495,309.90008373446591,0.059999999999999998,0.27377115885416659
,493.09470835390607,310.65326659257653,0.059999999999999998,0.2727539062499999
,493.1947072742189,310.36035233565121,0.059999999999999998,0.2727539062499999
,493.29470619375002,310.38127437096568,0.059999999999999998,0.2727539062499999
,493.39470511406239,311.15543390775565,0.059999999999999998,0.27377115885416659
,493.49470403437522,312.82957739923398,0.059999999999999998,0.27478841145833327
,493.59470295390634,312.6935391431486,0.059999999999999998,0.2758056640624999
,493.69470187421871,311.68902556609703,0.059999999999999998,0.27478841145833327
,493.79470079374983,311.19728279639378,0.059999999999999998,0.27478841145833327
,493.89469971406265,309.72226104092857,0.059999999999999998,0.27377115885416659
,493.99469863984382,309.5130638990064,0.059999999999999998,0.2727539062499999
,494.09469756640624,310.07791110249622,0.059999999999999998,0.2727539062499999
,494.1946964921874,310.88342215974046,0.059999999999999998,0.2727539062499999
,494.29469541874982,311.07173687056309,0.059999999999999998,0.2727539062499999
,494.39469434453144,311.3228309375653,0.059999999999999998,0.2727539062499999
,494.49469327109387,312.34822227529082,0.059999999999999998,0.27478841145833327
,494.59469219687503,312.62028878627331,0.059999999999999998,0.2758056640624999
,494.69469112343745,311.84597179349663,0.059999999999999998,0.27478841145833327
,494.79469004921862,311.343755842365,0.059999999999999998,0.27478841145833327
,494.89468897500024,309.69088105319042,0.059999999999999998,0.2727539062499999
,494.99468790234391,310.51726914673492,0.059999999999999998,0.27377115885416659
,495.09468682890633,310.66372804475748,0.059999999999999998,0.2727539062499999
,495.19468575546875,310.36035233565121,0.059999999999999998,0.2727539062499999
,495.29468468203117,311.17635832128053,0.059999999999999998,0.2727539062499999
,495.3946836085936,311.92967782831971,0.059999999999999998,0.27478841145833327
,495.49468253515647,313.45747755174301,0.059999999999999998,0.2758056640624999
,495.59468146250015,312.6307530794852,0.059999999999999998,0.2758056640624999
,495.69468038906257,311.75180365101431,0.059999999999999998,0.27682291666666659
,495.79467931562499,311.09266103722297,0.059999999999999998,0.2758056640624999
,495.89467824453118,309.8791631743548,0.059999999999999998,0.27478841145833327
,495.99467717421862,309.85824267899335,0.059999999999999998,0.27377115885416659
,496.09467610468732,310.37081334536424,0.059999999999999998,0.27377115885416659
,496.19467503437522,310.55911423094994,0.059999999999999998,0.27377115885416659
,496.29467396406267,310.89388395606738,0.059999999999999998,0.27377115885416659
,496.39467289453137,311.9506044865139,0.059999999999999998,0.27478841145833327
,496.49467182421881,312.77725470460928,0.059999999999999998,0.2758056640624999
,496.59467075390626,313.17491616436979,0.059999999999999998,0.2758056640624999
,496.6946696835937,312.79818373925787,0.059999999999999998,0.27682291666666659
,496.7946686140624,312.05523867184939,0.059999999999999998,0.27682291666666659
,496.89466754062482,310.28712571307148,0.059999999999999998,0.27478841145833327
,496.99466646796895,310.30804752563569,0.059999999999999998,0.27377115885416659
,497.09466539453138,310.59049820975787,0.059999999999999998,0.27377115885416659
,497.19466432187505,309.76410125250754,0.059999999999999998,0.27173665364583327
,497.29466324921873,310.16159617837712,0.059999999999999998,0.27173665364583327
,497.39466217578115,311.35421831771021,0.059999999999999998,0.2727539062499999
,497.49466110312483,313.0493366339125,0.059999999999999998,0.27377115885416659
,497.5946600296877,313.52027036127515,0.059999999999999998,0.27478841145833327
,497.69465895703138,312.75632572762254,0.059999999999999998,0.27478841145833327
,497.79465788515631,311.80411913557566,0.059999999999999998,0.27478841145833327
,497.89465681562501,309.46076563714422,0.059999999999999998,0.27173665364583327
,497.99465574531246,310.20343910089946,0.059999999999999998,0.27173665364583327
,498.09465467578116,311.30190609399585,0.059999999999999998,0.2727539062499999
,498.19465360624986,311.22866962443004,0.059999999999999998,0.27173665364583327
,498.2946525359373,311.41699349061344,0.059999999999999998,0.27173665364583327
,498.39465146640646,312.28543910092139,0.059999999999999998,0.2727539062499999
,498.4946503960939,313.02840691134048,0.059999999999999998,0.2727539062499999
,498.5946493265626,313.71911756642186,0.059999999999999998,0.27478841145833327
,498.6946482570313,313.22724157161741,0.059999999999999998,0.27478841145833327
,498.79464718437498,312.17033799168746,0.059999999999999998,0.27478841145833327
,498.8946461109374,310.44404085787517,0.059999999999999998,0.2727539062499999
,498.99464503749982,310.91480759542361,0.059999999999999998,0.27173665364583327
,499.09464396484395,311.46930655413252,0.059999999999999998,0.27173665364583327
,499.19464289140637,311.41699349061344,0.059999999999999998,0.27173665364583327
,499.2946418179688,312.45286207288945,0.059999999999999998,0.2727539062499999
,499.39464074453122,313.07026641347642,0.059999999999999998,0.27377115885416659
,499.49463967109364,313.87610573216057,0.059999999999999998,0.27478841145833327
,499.59463859765606,313.12259111138746,0.059999999999999998,0.27377115885416659
,499.69463752421893,312.68307476299975,0.059999999999999998,0.27478841145833327
,499.79463645078135,311.52161999810102,0.059999999999999998,0.2727539062499999
,499.89463537734377,310.50680791516339,0.059999999999999998,0.27173665364583327
,499.9946343039062,310.50680791516339,0.059999999999999998,0.27173665364583327
,500.09463323046862,311.57393382171858,0.059999999999999998,0.27173665364583327
,500.19463215703149,311.77272979974867,0.059999999999999998,0.27173665364583327
,500.29463108359391,312.34822227529082,0.059999999999999998,0.27173665364583327
,500.39463001015633,313.20631136625809,0.059999999999999998,0.2727539062499999
,500.49462893671875,314.4936223001128,0.059999999999999998,0.27478841145833327
,500.59462786328118,314.10636062710375,0.059999999999999998,0.27478841145833327
,500.6946267898436,313.29003252680963,0.059999999999999998,0.27478841145833327
,500.79462571328145,312.30636676690875,0.059999999999999998,0.27377115885416659
,500.89462463593759,310.69511249553472,0.059999999999999998,0.2727539062499999
,500.99462355937499,311.9506044865139,0.059999999999999998,0.27377115885416659
,501.09462248281238,312.23312019362589,0.059999999999999998,0.2727539062499999
,501.19462140625023,311.53208273247822,0.059999999999999998,0.27173665364583327
,501.29462032968763,312.00292139304281,0.059999999999999998,0.27173665364583327
,501.39461925234377,312.74586126076849,0.059999999999999998,0.2727539062499999
,501.49461817578117,314.47268876630119,0.059999999999999998,0.27478841145833327
,501.59461709921857,313.97030011669682,0.059999999999999998,0.27478841145833327
,501.69461602421893,313.35282398958952,0.059999999999999998,0.27478841145833327
,501.79461495078135,312.22265645639072,0.059999999999999998,0.27478841145833327
,501.89461387812503,311.23913193118091,0.059999999999999998,0.2727539062499999
,501.99461280468745,311.21820733304429,0.059999999999999998,0.2727539062499999
,502.09461173203113,312.32729449171569,0.059999999999999998,0.2727539062499999
,502.194610658594,312.09709276239545,0.059999999999999998,0.27173665364583327
,502.29460958593768,312.31683062196299,0.059999999999999998,0.2727539062499999
,502.3946085125001,312.86097118865962,0.059999999999999998,0.2727539062499999
,502.49460743984378,313.99123235279222,0.059999999999999998,0.27377115885416659
,502.5946063664062,314.12729321761009,0.059999999999999998,0.27478841145833327
,502.69460529531239,314.45175528596519,0.059999999999999998,0.2758056640624999
,502.79460422578109,313.11212614337376,0.059999999999999998,0.27478841145833327
,502.89460315546899,311.06127481042148,0.059999999999999998,0.2727539062499999
,502.99460208593769,311.38560583545052,0.059999999999999998,0.2727539062499999
,503.09460101562513,312.41100597811106,0.059999999999999998,0.2727539062499999
,503.19459994531258,312.52611080117816,0.059999999999999998,0.2727539062499999
,503.29459887578128,312.60982450757336,0.059999999999999998,0.27173665364583327
,503.39459780546872,313.56213251353574,0.059999999999999998,0.27377115885416659
,503.49459673593742,314.47268876630119,0.059999999999999998,0.27478841145833327
,503.59459566562487,313.7295833475348,0.059999999999999998,0.27478841145833327
,503.69459459531231,313.41561595856336,0.059999999999999998,0.27478841145833327
,503.79459352421895,313.15398610061987,0.059999999999999998,0.27478841145833327
,503.8945924539064,312.33775837616042,0.059999999999999998,0.27377115885416659
,503.99459138359384,312.25404771233946,0.059999999999999998,0.2727539062499999
,504.09459031328129,311.92967782831971,0.059999999999999998,0.2727539062499999
,504.19458924218748,311.47976921251586,0.059999999999999998,0.27173665364583327
,504.29458817187492,312.89236510736077,0.059999999999999998,0.2727539062499999
,504.39458710156237,314.53548952795524,0.059999999999999998,0.27377115885416659
,504.49458603124981,315.4356858272443,0.059999999999999998,0.27478841145833327
,504.59458496250022,314.46222201944551,0.059999999999999998,0.27478841145833327
,504.6945838968752,313.41561595856336,0.059999999999999998,0.27478841145833327
,504.79458283125018,313.09119624998073,0.059999999999999998,0.27478841145833327
,504.89458176562516,312.21219273391182,0.059999999999999998,0.27377115885416659
,504.99458070000014,313.01794207144258,0.059999999999999998,0.27377115885416659
,505.09457963437512,312.73539680834921,0.059999999999999998,0.27377115885416659
,505.1945785687501,312.40054199100194,0.059999999999999998,0.2727539062499999
,505.29457750312508,312.32729449171569,0.059999999999999998,0.27173665364583327
,505.39457643750006,314.15869220522325,0.059999999999999998,0.27377115885416659
,505.49457537187504,315.38334620694945,0.059999999999999998,0.27478841145833327
,505.59457429921872,314.55642322188231,0.059999999999999998,0.27478841145833327
,505.69457322343737,313.7295833475348,0.059999999999999998,0.27478841145833327
,505.79457214843774,312.84004198133454,0.059999999999999998,0.27478841145833327
,505.89457107343765,311.77272979974867,0.059999999999999998,0.2727539062499999
,505.9945699976563,312.82957739923398,0.059999999999999998,0.27377115885416659
,506.09456892265621,312.91329445822873,0.059999999999999998,0.2727539062499999
,506.19456784765612,312.52611080117816,0.059999999999999998,0.27173665364583327
,506.29456677265648,312.90282977562566,0.059999999999999998,0.27173665364583327
,506.39456569687513,313.98076622790791,0.059999999999999998,0.2727539062499999
,506.49456462187504,315.9800366545573,0.059999999999999998,0.2758056640624999
,506.59456354453118,315.16352330667337,0.059999999999999998,0.2758056640624999
,506.69456246718732,314.85996774358938,0.059999999999999998,0.27682291666666659
,506.79456138984392,314.04356318208619,0.059999999999999998,0.2758056640624999
,506.89456031250006,312.43193399624471,0.059999999999999998,0.27478841145833327
,506.9945592351562,313.0493366339125,0.059999999999999998,0.27478841145833327
,507.09455815781234,313.57259808644659,0.059999999999999998,0.27478841145833327
,507.19455707968768,312.68307476299975,0.059999999999999998,0.27377115885416659
,507.29455600234382,312.95515333189411,0.059999999999999998,0.27377115885416659
,507.39455492499997,313.60399488870547,0.059999999999999998,0.27478841145833327
,507.49455384843736,315.32053908519947,0.059999999999999998,0.27682291666666659
,507.59455277343773,314.91230412632058,0.059999999999999998,0.2758056640624999
,507.69455169921889,314.23195698406471,0.059999999999999998,0.2758056640624999
,507.7945506242188,314.23195698406471,0.059999999999999998,0.27682291666666659
,507.89454954921871,312.32729449171569,0.059999999999999998,0.27478841145833327
,507.99454847421862,311.76226671786219,0.059999999999999998,0.27377115885416659
,508.09454739921898,313.24817183353014,0.059999999999999998,0.27478841145833327
,508.19454632421889,313.57259808644659,0.059999999999999998,0.27377115885416659
,508.2945452492188,313.99123235279222,0.059999999999999998,0.27377115885416659
,508.39454417421871,314.34708868823287,0.059999999999999998,0.27478841145833327
,508.49454309921862,315.54036602488259,0.059999999999999998,0.2758056640624999
,508.59454202500024,315.36241044841404,0.059999999999999998,0.27682291666666659
,508.69454095000015,314.68202650225913,0.059999999999999998,0.2758056640624999
,508.79453987500005,314.4936223001128,0.059999999999999998,0.27682291666666659
,508.89453880078122,312.73539680834921,0.059999999999999998,0.27478841145833327
,508.99453772578113,312.8714358138713,0.059999999999999998,0.27478841145833327
,509.09453665078149,313.64585748637086,0.059999999999999998,0.27478841145833327
,509.1945355757814,313.29003252680963,0.059999999999999998,0.27377115885416659
,509.29453450156257,313.86563975803779,0.059999999999999998,0.27377115885416659
,509.39453342656248,314.95417346828015,0.059999999999999998,0.27478841145833327
,509.49453235468741,315.96956804944267,0.059999999999999998,0.2758056640624999
,509.59453128281234,315.67645218045038,0.059999999999999998,0.27682291666666659
,509.69453021093773,314.54595636825701,0.059999999999999998,0.2758056640624999
,509.7945291382814,313.89703772161357,0.059999999999999998,0.2758056640624999
,509.89452806640634,312.32729449171569,0.059999999999999998,0.27377115885416659
,509.99452699453127,312.91329445822873,0.059999999999999998,0.2727539062499999
,510.0945259226562,313.77144661020617,0.059999999999999998,0.2727539062499999
,510.19452485078114,313.71911756642186,0.059999999999999998,0.27173665364583327
,510.29452377812481,314.42035516584116,0.059999999999999998,0.2727539062499999
,510.3945227062502,315.52989794783247,0.059999999999999998,0.27377115885416659
,510.49452163281262,316.50348262647481,0.059999999999999998,0.27478841145833327
,510.59452055937504,316.29410055999898,0.059999999999999998,0.27478841145833327
,510.69451948593746,315.11118535977471,0.059999999999999998,0.27478841145833327
,510.79451841328114,313.50980485808799,0.059999999999999998,0.27377115885416659
,510.89451733984356,312.264511493805,0.059999999999999998,0.2727539062499999
,510.99451626640644,313.29003252680963,0.059999999999999998,0.2727539062499999
,511.09451519296886,314.48315552652582,0.059999999999999998,0.2727539062499999
,511.19451411953128,314.61922462306467,0.059999999999999998,0.27173665364583327
,511.29451304687495,314.85996774358938,0.059999999999999998,0.2727539062499999
,511.39451197421863,315.95909945676749,0.059999999999999998,0.27377115885416659
,511.49451090312482,316.94320066671645,0.059999999999999998,0.27478841145833327
,511.59450983203146,316.60817547899126,0.059999999999999998,0.2758056640624999
,511.69450876093765,315.34147474114673,0.059999999999999998,0.27478841145833327
,511.79450768984384,314.77623021425893,0.059999999999999998,0.27478841145833327
,511.89450661875003,313.32142819483823,0.059999999999999998,0.27377115885416659
,511.99450554687496,313.76098077381829,0.059999999999999998,0.2727539062499999
,512.09450447578115,314.67155948925756,0.059999999999999998,0.2727539062499999
,512.19450340468734,314.44128856586667,0.059999999999999998,0.27173665364583327
,512.29450233281273,314.51455588734808,0.059999999999999998,0.27173665364583327
,512.39450125703138,315.6973887017615,0.059999999999999998,0.27377115885416659
,512.49450018125003,317.01648904908399,0.059999999999999998,0.27478841145833327
,512.59449910546869,316.92226123529036,0.059999999999999998,0.27478841145833327
,512.69449803046859,316.30456954750241,0.059999999999999998,0.27478841145833327
,512.7944969546877,315.83347731731305,0.059999999999999998,0.27478841145833327
,512.89449587890635,314.16915856156271,0.059999999999999998,0.2727539062499999
,512.99449480312501,314.76576308233808,0.059999999999999998,0.2727539062499999
,513.09449372734366,315.10071780928803,0.059999999999999998,0.2727539062499999
,513.19449265234357,315.31007127648718,0.059999999999999998,0.2727539062499999
,513.29449157812519,315.63457928934213,0.059999999999999998,0.2727539062499999
,513.39449050781263,316.30456954750241,0.059999999999999998,0.27478841145833327
,513.49448943671882,317.43529081722437,0.059999999999999998,0.27478841145833327
,513.59448836640627,317.49811268311078,0.059999999999999998,0.2758056640624999
,513.69448729609371,316.63958356985199,0.059999999999999998,0.27682291666666659
,513.79448622578116,316.46160582409203,0.059999999999999998,0.27682291666666659
,513.89448515468735,314.75529596360457,0.059999999999999998,0.27478841145833327
,513.99448408437524,314.97510821770862,0.059999999999999998,0.27478841145833327
,514.09448301406269,315.4356858272443,0.059999999999999998,0.27478841145833327
,514.19448194296888,315.68692043479825,0.059999999999999998,0.27478841145833327
,514.29448087187507,316.17894250655814,0.059999999999999998,0.27478841145833327
,514.39447980078126,316.61864483057872,0.059999999999999998,0.2758056640624999
,514.49447872890619,317.51905339702716,0.059999999999999998,0.27682291666666659
,514.59447765781238,316.901321851246,0.059999999999999998,0.27682291666666659
,514.69447658593731,316.68146119260871,0.059999999999999998,0.27682291666666659
,514.79447551484395,316.03237986649378,0.059999999999999998,0.27682291666666659
,514.89447444296889,314.26335637789481,0.059999999999999998,0.27478841145833327
,514.99447337187507,314.3261555298389,0.059999999999999998,0.27377115885416659
,515.09447230078126,315.28913569761761,0.059999999999999998,0.27478841145833327
,515.1944712289062,315.23679697565188,0.059999999999999998,0.27377115885416659
,515.2944701593749,316.31503854723661,0.059999999999999998,0.27478841145833327
,515.39446908906234,317.00601924476223,0.059999999999999998,0.27478841145833327
,515.49446801875024,317.77034552843691,0.059999999999999998,0.2758056640624999
,515.59446694843768,317.15259757546585,0.059999999999999998,0.2758056640624999
,515.69446587812513,316.72333900729734,0.059999999999999998,0.2758056640624999
,515.79446480781257,317.02695886519228,0.059999999999999998,0.27682291666666659
,515.89446373828127,315.21586157708532,0.059999999999999998,0.27478841145833327
,515.99446266796872,314.79716451763647,0.059999999999999998,0.27377115885416659
,516.09446159765616,315.37287832127646,0.059999999999999998,0.27377115885416659
,516.19446052499984,315.50896183187751,0.059999999999999998,0.27377115885416659
,516.29445944609392,316.00097390207878,0.059999999999999998,0.27377115885416659
,516.39445836718755,317.19447752056516,0.059999999999999998,0.27478841145833327
,516.49445728906244,318.16823802973556,0.059999999999999998,0.2758056640624999
,516.59445621015607,317.46670169839422,0.059999999999999998,0.2758056640624999
,516.69445513125015,317.19447752056516,0.059999999999999998,0.2758056640624999
,516.79445405312504,316.75474749401764,0.059999999999999998,0.2758056640624999
,516.89445297421867,315.37287832127646,0.059999999999999998,0.27478841145833327
,516.99445189531275,315.79160367104458,0.059999999999999998,0.27478841145833327
,517.09445081718764,315.81254046910448,0.059999999999999998,0.27478841145833327
,517.19444974140629,316.03237986649378,0.059999999999999998,0.27377115885416659
,517.29444866796871,316.76521701349986,0.059999999999999998,0.27478841145833327
,517.39444759453113,318.12635384981564,0.059999999999999998,0.2758056640624999
,517.49444652031275,319.44578858440434,0.059999999999999998,0.27682291666666659
,517.59444544687517,318.34624776459106,0.059999999999999998,0.27682291666666659
,517.69444437265633,317.0374286930807,0.059999999999999998,0.27682291666666659
,517.79444329921876,316.68146119260871,0.059999999999999998,0.27682291666666659
,517.89444222578118,315.54036602488259,0.059999999999999998,0.2758056640624999
,517.99444115156234,316.33597658337118,0.059999999999999998,0.2758056640624999
,518.09444007812522,316.53489035540576,0.059999999999999998,0.2758056640624999
,518.19443900312513,316.00097390207878,0.059999999999999998,0.27478841145833327
,518.29443792812503,316.36738372914073,0.059999999999999998,0.27478841145833327
,518.39443685312494,317.7389336537243,0.059999999999999998,0.27682291666666659
,518.49443577890611,318.79652173985278,0.059999999999999998,0.27784016927083327
,518.59443470390647,318.57661799853855,0.059999999999999998,0.27784016927083327
,518.69443362890638,317.80175750498609,0.059999999999999998,0.27784016927083327
,518.79443255468755,316.74427798648549,0.059999999999999998,0.27682291666666659
,518.89443147968746,314.74482885806481,0.059999999999999998,0.27478841145833327
,518.99443040468736,316.04284854610808,0.059999999999999998,0.27478841145833327
,519.0944293320315,317.33058863009893,0.059999999999999998,0.2758056640624999
,519.19442826093768,317.02695886519228,0.059999999999999998,0.2758056640624999
,519.29442718984387,316.901321851246,0.059999999999999998,0.27478841145833327
,519.39442611953132,317.52952377119726,0.059999999999999998,0.2758056640624999
,519.49442504843751,318.90123946501603,0.059999999999999998,0.27682291666666659
,519.59442397812495,319.48767813955419,0.059999999999999998,0.27784016927083327
,519.69442290703114,318.37766157676253,0.059999999999999998,0.27784016927083327
,519.79442183671858,317.52952377119726,0.059999999999999998,0.27784016927083327
,519.89442076562523,315.37287832127646,0.059999999999999998,0.2758056640624999
,519.99441969453142,316.10566088383598,0.059999999999999998,0.2758056640624999
,520.09441862109384,317.28870807941075,0.059999999999999998,0.27682291666666659
,520.19441754453123,316.46160582409203,0.059999999999999998,0.2758056640624999
,520.29441646796863,316.93273094508396,0.059999999999999998,0.2758056640624999
,520.39441539140648,317.16306754420469,0.059999999999999998,0.2758056640624999
,520.49441431562514,318.96407060962696,0.059999999999999998,0.27784016927083327
,520.59441323906253,318.92218313753216,0.059999999999999998,0.2788574218749999
,520.69441216249993,318.28342043619313,0.059999999999999998,0.27784016927083327
,520.79441108671858,317.29917819967443,0.059999999999999998,0.27784016927083327
,520.89441001015643,315.15305569138656,0.059999999999999998,0.2758056640624999
,520.99440893359383,316.08472338843836,0.059999999999999998,0.27682291666666659
,521.09440786250002,317.51905339702716,0.059999999999999998,0.27682291666666659
,521.19440679296872,317.04789853274258,0.059999999999999998,0.2758056640624999
,521.29440572265617,317.28870807941075,0.059999999999999998,0.2758056640624999
,521.39440465234361,317.75987489220876,0.059999999999999998,0.27682291666666659
,521.49440358281231,319.21539897784572,0.059999999999999998,0.27784016927083327
,521.59440251250021,318.61850405978225,0.059999999999999998,0.2788574218749999
,521.69440144218765,318.03211509452933,0.059999999999999998,0.2788574218749999
,521.79440037265636,317.66563967642065,0.059999999999999998,0.27784016927083327
,521.8943993023438,315.99050527210483,0.059999999999999998,0.27682291666666659
,521.99439823046873,316.58723681194726,0.059999999999999998,0.27682291666666659
,522.09439715312487,317.81222818643562,0.059999999999999998,0.27784016927083327
,522.19439607578147,317.23635765247064,0.059999999999999998,0.27682291666666659
,522.29439499843761,317.57140538247114,0.059999999999999998,0.27682291666666659
,522.39439392109375,318.44048949616399,0.059999999999999998,0.27784016927083327
,522.49439284374989,319.73901889550348,0.059999999999999998,0.27987467447916659
,522.59439176640649,319.50862297858055,0.059999999999999998,0.27987467447916659
,522.69439068906263,318.34624776459106,0.059999999999999998,0.27987467447916659
,522.79438961171877,317.19447752056516,0.059999999999999998,0.2788574218749999
,522.89438853437491,316.24175580617185,0.059999999999999998,0.27784016927083327
,522.99438745937482,316.73380849090989,0.059999999999999998,0.27682291666666659
,523.09438638671895,318.29389163014667,0.059999999999999998,0.27784016927083327
,523.19438531328137,317.81222818643562,0.059999999999999998,0.27784016927083327
,523.29438423984379,318.5033178077947,0.059999999999999998,0.27784016927083327
,523.39438316640621,319.04784606059354,0.059999999999999998,0.2788574218749999
,523.49438209374989,320.51402237567208,0.059999999999999998,0.28089192708333327
,523.59438102031231,319.54004031378628,0.059999999999999998,0.28089192708333327
,523.69437994687519,319.05831803934643,0.059999999999999998,0.28089192708333327
,523.79437887343761,318.09494083132086,0.059999999999999998,0.27987467447916659
,523.89437780078129,316.48254420104377,0.059999999999999998,0.2788574218749999
,523.99437672578119,317.57140538247114,0.059999999999999998,0.2788574218749999
,524.09437564999985,317.62375765390749,0.059999999999999998,0.2788574218749999
,524.19437457421895,318.64991871896552,0.059999999999999998,0.27987467447916659
,524.29437349921886,318.73369161658229,0.059999999999999998,0.27987467447916659
,524.39437242343752,318.96407060962696,0.059999999999999998,0.27987467447916659
,524.49437134765617,319.70760098164084,0.059999999999999998,0.2819091796874999
,524.59437027265608,319.72854624746105,0.059999999999999998,0.2819091796874999
,524.69436919687519,319.46673334147789,0.059999999999999998,0.2819091796874999
,524.79436812109384,318.30436283508743,0.059999999999999998,0.28089192708333327
,524.89436704765626,316.05331723811628,0.059999999999999998,0.2788574218749999
,524.99436597968747,317.81222818643562,0.059999999999999998,0.27987467447916659
,525.09436491093743,318.24153577038197,0.059999999999999998,0.27987467447916659
,525.19436384296864,318.21012238671074,0.059999999999999998,0.2788574218749999
,525.29436277499985,318.57661799853855,0.059999999999999998,0.2788574218749999
,525.39436170624981,319.3829545597273,0.059999999999999998,0.27987467447916659
,525.49436063828148,319.69712836387612,0.059999999999999998,0.28089192708333327
,525.59435957031269,320.25219086760723,0.059999999999999998,0.2819091796874999
,525.69435850156265,320.14745996594456,0.059999999999999998,0.2819091796874999
,525.79435743359386,319.57145774083324,0.059999999999999998,0.2819091796874999
,525.89435636250005,317.68658075598779,0.059999999999999998,0.28089192708333327
,525.99435529062498,317.7179924605793,0.059999999999999998,0.27987467447916659
,526.09435421796866,318.01117327140548,0.059999999999999998,0.27987467447916659
,526.19435314531233,318.28342043619313,0.059999999999999998,0.27987467447916659
,526.29435207343772,318.91171129597433,0.059999999999999998,0.27987467447916659
,526.3943510007814,319.79138228677442,0.059999999999999998,0.28089192708333327
,526.49434992890633,321.07959875486353,0.059999999999999998,0.2819091796874999
,526.59434885625001,320.95391275134028,0.059999999999999998,0.28292643229166659
,526.69434778359368,320.25219086760723,0.059999999999999998,0.28292643229166659
,526.79434671171862,319.00595825078773,0.059999999999999998,0.2819091796874999
,526.8943456328127,317.40388003977802,0.059999999999999998,0.28089192708333327
,526.99434455390633,317.53999415683325,0.059999999999999998,0.28089192708333327
,527.09434347499996,318.59756100756698,0.059999999999999998,0.28089192708333327
,527.19434239687484,317.46670169839422,0.059999999999999998,0.2788574218749999
,527.29434131796893,318.4614322231966,0.059999999999999998,0.27987467447916659
,527.39434023906256,319.60287525954362,0.059999999999999998,0.28089192708333327
,527.49433916015619,321.39381955631291,0.059999999999999998,0.2819091796874999
,527.59433808124982,321.44619048535412,0.059999999999999998,0.28292643229166659
,527.6943370023439,320.7339654792375,0.059999999999999998,0.28292643229166659
,527.79433592421879,319.81232771365399,0.059999999999999998,0.28292643229166659
,527.89433484999995,317.86458176288664,0.059999999999999998,0.2819091796874999
,527.99433377578112,318.33577651576718,0.059999999999999998,0.2819091796874999
,528.09433270078148,318.78605002592309,0.059999999999999998,0.28089192708333327
,528.19433162656264,318.90123946501603,0.059999999999999998,0.28089192708333327
,528.29433055234381,319.44578858440434,0.059999999999999998,0.28089192708333327
,528.39432947734372,320.06367595149663,0.059999999999999998,0.2819091796874999
,528.49432840312488,320.95391275134028,0.059999999999999998,0.28292643229166659
,528.5943273289065,320.59780972922772,0.059999999999999998,0.28292643229166659
,528.69432625468767,320.21029838949795,0.059999999999999998,0.28292643229166659
,528.79432517968758,319.33059315577896,0.059999999999999998,0.28292643229166659
,528.89432410390623,317.7075218810254,0.059999999999999998,0.28089192708333327
,528.99432302734363,317.65516915370489,0.059999999999999998,0.28089192708333327
,529.09432195156273,318.58708949765111,0.059999999999999998,0.28089192708333327
,529.19432087578139,319.01643018744517,0.059999999999999998,0.28089192708333327
,529.29431980000004,319.37248225830456,0.059999999999999998,0.28089192708333327
,529.39431872421869,320.00083835522531,0.059999999999999998,0.28089192708333327
,529.49431764843735,320.85964912821652,0.059999999999999998,0.2819091796874999
,529.59431657265645,320.23124460901374,0.059999999999999998,0.2819091796874999
,529.69431549687511,320.01131126318927,0.059999999999999998,0.28292643229166659
,529.79431441874999,319.59240274313299,0.059999999999999998,0.2819091796874999
,529.89431334140613,318.2624780812738,0.059999999999999998,0.28089192708333327
,529.99431226406273,318.91171129597433,0.059999999999999998,0.28089192708333327
,530.09431118671887,319.37248225830456,0.059999999999999998,0.28089192708333327
,530.19431010937501,319.74949155362526,0.059999999999999998,0.28089192708333327
,530.2943090312499,320.04273004650258,0.059999999999999998,0.2819091796874999
,530.39430795390649,320.76538626431989,0.059999999999999998,0.2819091796874999
,530.49430687656263,321.03770327204194,0.059999999999999998,0.28292643229166659
,530.59430579921877,320.34644951344865,0.059999999999999998,0.28292643229166659
,530.69430472109366,320.41976233681584,0.059999999999999998,0.28292643229166659
,530.79430364218774,319.28870421863422,0.059999999999999998,0.28292643229166659
,530.89430256406263,318.01117327140548,0.059999999999999998,0.28089192708333327
,530.99430148515626,317.90646482669808,0.059999999999999998,0.28089192708333327
,531.09430040624989,319.02690213463632,0.059999999999999998,0.28089192708333327
,531.19429932812523,318.83840870222417,0.059999999999999998,0.27987467447916659
,531.29429824921885,319.54004031378628,0.059999999999999998,0.28089192708333327
,531.39429717109374,319.55051277927282,0.059999999999999998,0.28089192708333327
,531.49429609218737,321.5195101639452,0.059999999999999998,0.2819091796874999
,531.59429501406271,320.78633350154911,0.059999999999999998,0.2819091796874999
,531.69429393828136,320.23124460901374,0.059999999999999998,0.2819091796874999
,531.79429286484378,319.4562609578125,0.059999999999999998,0.2819091796874999
,531.89429179218746,318.18918018611748,0.059999999999999998,0.28089192708333327
,531.99429071874988,318.84888046944735,0.059999999999999998,0.28089192708333327
,532.09428964531276,319.10020605936649,0.059999999999999998,0.27987467447916659
,532.19428857265643,318.76510663010549,0.059999999999999998,0.2788574218749999
,532.29428749921885,319.42484386838629,0.059999999999999998,0.27987467447916659
,532.39428642578127,320.76538626431989,0.059999999999999998,0.28089192708333327
,532.4942853523437,322.1479823193178,0.059999999999999998,0.2819091796874999
,532.59428427968737,321.54045872425041,0.059999999999999998,0.28292643229166659
,532.69428320625025,320.38834249733708,0.059999999999999998,0.2819091796874999
,532.79428213359392,319.78090958840102,0.059999999999999998,0.2819091796874999
,532.89428106015635,318.44048949616399,0.059999999999999998,0.28089192708333327
,532.99427998750002,319.07926202836796,0.059999999999999998,0.28089192708333327
,533.09427891406244,319.23634328041192,0.059999999999999998,0.28089192708333327
,533.19427784140612,318.93265498968287,0.059999999999999998,0.27987467447916659
,533.294276767969,319.47720573539397,0.059999999999999998,0.27987467447916659
,533.39427569531267,321.27860430874699,0.059999999999999998,0.2819091796874999
,533.49427462187509,321.92801348673157,0.059999999999999998,0.28292643229166659
,533.59427355000003,321.18433810739629,0.059999999999999998,0.28292643229166659
,533.69427248046873,320.90154397838177,0.059999999999999998,0.28394368489583327
,533.79427141015617,319.46673334147789,0.059999999999999998,0.2819091796874999
,533.89427034062487,317.39340980370952,0.059999999999999998,0.27987467447916659
,533.99426927109357,319.28870421863422,0.059999999999999998,0.28089192708333327
,534.09426820156273,319.33059315577896,0.059999999999999998,0.28089192708333327
,534.19426713203143,318.36719029509527,0.059999999999999998,0.27987467447916659
,534.29426606250013,319.37248225830456,0.059999999999999998,0.27987467447916659
,534.39426499296883,320.32550307965897,0.059999999999999998,0.28089192708333327
,534.49426392265627,321.72899737042917,0.059999999999999998,0.2819091796874999
,534.59426285234372,321.48808739067766,0.059999999999999998,0.2819091796874999
,534.69426178046865,320.53496915664596,0.059999999999999998,0.2819091796874999
,534.79426070859358,320.17887913361039,0.059999999999999998,0.2819091796874999
,534.89425963593771,318.70227669946064,0.059999999999999998,0.28089192708333327
,534.99425856406265,318.99548632467065,0.059999999999999998,0.28089192708333327
,535.09425749218758,320.31502987732586,0.059999999999999998,0.28089192708333327
,535.19425641953126,320.31502987732586,0.059999999999999998,0.28089192708333327
,535.29425534765619,320.26266401154163,0.059999999999999998,0.28089192708333327
,535.39425427578112,320.1160408866786,0.059999999999999998,0.2819091796874999
,535.49425320312525,321.16339016333234,0.059999999999999998,0.28292643229166659
,535.59425212656265,320.98533412693257,0.059999999999999998,0.28292643229166659
,535.69425104921879,320.57686283347658,0.059999999999999998,0.28292643229166659
,535.79424997109368,319.9065826304963,0.059999999999999998,0.2819091796874999
,535.89424889296856,318.41954681271244,0.059999999999999998,0.27987467447916659
,535.99424781562516,318.58708949765111,0.059999999999999998,0.27987467447916659
,536.09424673750004,319.78090958840102,0.059999999999999998,0.27987467447916659
,536.19424565937493,318.92218313753216,0.059999999999999998,0.2788574218749999
,536.29424458203107,319.40389919347638,0.059999999999999998,0.27987467447916659
,536.39424350390641,320.22077149436785,0.059999999999999998,0.27987467447916659
,536.49424242656255,320.70254477922731,0.059999999999999998,0.27987467447916659
,536.59424135234372,320.87012282671458,0.059999999999999998,0.28089192708333327
,536.69424027812488,320.52449576136672,0.059999999999999998,0.28089192708333327
,536.7942392039065,320.07414891880944,0.059999999999999998,0.28089192708333327
,536.89423812968766,318.05305696225815,0.059999999999999998,0.2788574218749999
,536.99423705546883,318.5242606652551,0.059999999999999998,0.27784016927083327
,537.09423598124999,319.72854624746105,0.059999999999999998,0.2788574218749999
,537.19423490703116,319.48767813955419,0.059999999999999998,0.27784016927083327
,537.29423383281232,320.10556787993181,0.059999999999999998,0.2788574218749999
,537.39423275859394,320.57686283347658,0.059999999999999998,0.27987467447916659
,537.49423168437511,321.82326776805917,0.059999999999999998,0.28089192708333327
,537.59423060859376,321.84421684188965,0.059999999999999998,0.28089192708333327
,537.69422953359367,321.62425332267213,0.059999999999999998,0.2819091796874999
,537.79422845781232,320.22077149436785,0.059999999999999998,0.27987467447916659
,537.89422738203143,318.57661799853855,0.059999999999999998,0.2788574218749999
,537.99422630703134,319.17351049767058,0.059999999999999998,0.2788574218749999
,538.09422523124999,319.97989256904771,0.059999999999999998,0.2788574218749999
,538.1942241562499,320.67112416446781,0.059999999999999998,0.27987467447916659
,538.29422308046856,320.99580793739318,0.059999999999999998,0.27987467447916659
,538.39422200546892,321.20528608813311,0.059999999999999998,0.28089192708333327
,538.49422093359385,322.29463030847796,0.059999999999999998,0.2819091796874999
,538.59421986250004,322.25273071288194,0.059999999999999998,0.28292643229166659
,538.69421879140623,321.50903589722407,0.059999999999999998,0.28292643229166659
,538.79421772031242,320.16840606791055,0.059999999999999998,0.2819091796874999
,538.89421664843735,318.17870910239685,0.059999999999999998,0.27987467447916659
,538.99421557734399,318.93265498968287,0.059999999999999998,0.27987467447916659
,539.09421450625018,319.65523799394083,0.059999999999999998,0.27987467447916659
,539.19421343515637,319.28870421863422,0.059999999999999998,0.2788574218749999
,539.29421236406256,319.08973403862336,0.059999999999999998,0.27784016927083327
,539.39421129218749,320.1893522091126,0.059999999999999998,0.2788574218749999
,539.49421021953117,321.26813024985177,0.059999999999999998,0.27987467447916659
,539.59420914687485,321.48808739067766,0.059999999999999998,0.28089192708333327
,539.69420807421898,321.20528608813311,0.059999999999999998,0.28089192708333327
,539.7942070007814,320.15793301201973,0.059999999999999998,0.27987467447916659
,539.89420592812507,318.82793694564657,0.059999999999999998,0.2788574218749999
,539.99420485546875,318.79652173985278,0.059999999999999998,0.27784016927083327
,540.09420378203117,319.30964866650766,0.059999999999999998,0.27784016927083327
,540.19420270937485,319.07926202836796,0.059999999999999998,0.27682291666666659
,540.29420163671898,320.37786923684286,0.059999999999999998,0.27784016927083327
,540.3942005632814,320.51402237567208,0.059999999999999998,0.27784016927083327
,540.49419948984382,321.12149438543474,0.059999999999999998,0.2788574218749999
,540.59419841640624,321.10054655170688,0.059999999999999998,0.2788574218749999
,540.69419734296866,320.77585987822147,0.059999999999999998,0.2788574218749999
,540.79419626953108,319.82280044214696,0.059999999999999998,0.27784016927083327
,540.8941951953127,317.66563967642065,0.059999999999999998,0.2758056640624999
,540.99419412187513,318.33577651576718,0.059999999999999998,0.2758056640624999
,541.09419304843755,319.48767813955419,0.059999999999999998,0.2758056640624999
,541.19419197499997,319.35153768639549,0.059999999999999998,0.27478841145833327
,541.29419090156239,319.59240274313299,0.059999999999999998,0.2758056640624999
,541.39418982968732,320.19982529441069,0.059999999999999998,0.2758056640624999
,541.49418875937522,320.88059653457924,0.059999999999999998,0.2758056640624999
,541.59418768828141,320.7339654792375,0.059999999999999998,0.27682291666666659
,541.69418661796885,320.29408350181609,0.059999999999999998,0.2758056640624999
,541.7941855476563,319.97989256904771,0.059999999999999998,0.2758056640624999
,541.89418447734374,318.2310646314628,0.059999999999999998,0.27478841145833327
,541.99418340624993,318.93265498968287,0.059999999999999998,0.27478841145833327
,542.09418233593738,319.2677598122113,0.059999999999999998,0.27478841145833327
,542.19418126562482,319.17351049767058,0.059999999999999998,0.27377115885416659
,542.29418019531272,320.03225710883453,0.059999999999999998,0.27478841145833327
,542.39417912578142,320.68159769323768,0.059999999999999998,0.27478841145833327
,542.49417805703138,321.48808739067766,0.059999999999999998,0.2758056640624999
,542.59417698750008,321.0167555861695,0.059999999999999998,0.2758056640624999
,542.69417591875003,320.08462189599067,0.059999999999999998,0.2758056640624999
,542.79417484921873,319.42484386838629,0.059999999999999998,0.2758056640624999
,542.89417378046869,317.89599404388389,0.059999999999999998,0.27377115885416659
,542.99417271171865,318.75463494823077,0.059999999999999998,0.2727539062499999
,543.09417164218735,319.05831803934643,0.059999999999999998,0.2727539062499999
,543.1941705734373,319.14209424708412,0.059999999999999998,0.2727539062499999
,543.29416950078144,319.27823201023813,0.059999999999999998,0.2727539062499999
,543.39416842265632,319.82280044214696,0.059999999999999998,0.27377115885416659
,543.49416734453121,321.78136972562504,0.059999999999999998,0.27478841145833327
,543.59416626640609,321.37287124790151,0.059999999999999998,0.2758056640624999
,543.69416518828143,320.62923014437547,0.059999999999999998,0.2758056640624999
,543.79416411015632,320.69207123149306,0.059999999999999998,0.2758056640624999
,543.8941630320312,318.45096085423592,0.059999999999999998,0.27377115885416659
,543.99416195390609,318.76510663010549,0.059999999999999998,0.2697021484374999
,544.09416087656268,318.48237499375767,0.059999999999999998,0.26563313802083327
,544.19415979843757,318.41954681271244,0.059999999999999998,0.27173665364583327
,544.29415872421873,319.01643018744517,0.059999999999999998,0.27173665364583327
,544.39415765156241,319.52956785850432,0.059999999999999998,0.2727539062499999
,544.49415657890609,320.70254477922731,0.059999999999999998,0.27377115885416659
,544.59415550546896,320.53496915664596,0.059999999999999998,0.27377115885416659
,544.69415443281264,320.01131126318927,0.059999999999999998,0.27377115885416659
,544.79415335937506,318.89076764466381,0.059999999999999998,0.2727539062499999
,544.89415228671874,317.23635765247064,0.059999999999999998,0.27071940104166659
,544.99415121406241,318.16823802973556,0.059999999999999998,0.27071940104166659
,545.09415014062483,319.18398260207829,0.059999999999999998,0.27071940104166659
,545.19414906718771,319.30964866650766,0.059999999999999998,0.27071940104166659
,545.29414798984385,319.20492684217243,0.059999999999999998,0.2697021484374999
,545.39414691328125,319.88563702343362,0.059999999999999998,0.27071940104166659
,545.49414583593739,320.88059653457924,0.059999999999999998,0.27173665364583327
,545.59414475859398,320.32550307965897,0.059999999999999998,0.27173665364583327
,545.69414368125013,320.06367595149663,0.059999999999999998,0.2727539062499999
,545.79414260390627,318.670861878918,0.059999999999999998,0.27071940104166659
,545.89414152656241,316.9955494522336,0.059999999999999998,0.2697021484374999
,545.994140449219,317.57140538247114,0.059999999999999998,0.2697021484374999
,546.09413937187514,318.57661799853855,0.059999999999999998,0.2697021484374999
,546.19413829765631,319.07926202836796,0.059999999999999998,0.2697021484374999
,546.2941372265625,318.63944715513179,0.059999999999999998,0.26868489583333327
,546.39413615546869,319.54004031378628,0.059999999999999998,0.27071940104166659
,546.49413508437488,320.43023563595216,0.059999999999999998,0.27071940104166659
,546.59413401328106,320.27313716522559,0.059999999999999998,0.27071940104166659
,546.69413294218771,319.61334778611928,0.059999999999999998,0.27071940104166659
,546.7941318710939,318.88029583492425,0.059999999999999998,0.27071940104166659
,546.89413080000008,317.1735375246385,0.059999999999999998,0.26868489583333327
,546.99412972890627,317.60281671106628,0.059999999999999998,0.26868489583333327
,547.09412865781246,318.29389163014667,0.059999999999999998,0.26868489583333327
,547.19412758281237,318.33577651576718,0.059999999999999998,0.26766764322916659
,547.29412650625022,318.75463494823077,0.059999999999999998,0.26766764322916659
,547.39412542968762,319.84374592920619,0.059999999999999998,0.26868489583333327
,547.49412435312502,320.69207123149306,0.059999999999999998,0.2697021484374999
,547.59412327656241,320.43023563595216,0.059999999999999998,0.27071940104166659
,547.69412220078107,319.82280044214696,0.059999999999999998,0.27071940104166659
,547.79412112421892,319.15256632016695,0.059999999999999998,0.2697021484374999
,547.89412004765632,317.68658075598779,0.059999999999999998,0.26868489583333327
,547.99411897109371,317.82269887917414,0.059999999999999998,0.26868489583333327
,548.09411789453111,318.3148340510088,0.059999999999999998,0.26766764322916659
,548.1941168226565,318.38813286936443,0.059999999999999998,0.26766764322916659
,548.29411575000017,319.29917643739293,0.059999999999999998,0.26766764322916659
,548.39411467812511,319.96941969084719,0.059999999999999998,0.26868489583333327
,548.49411360546878,321.11102046396354,0.059999999999999998,0.2697021484374999
,548.59411253359372,320.66065064519006,0.059999999999999998,0.27071940104166659
,548.69411146093739,319.87516423487966,0.059999999999999998,0.27071940104166659
,548.79411038906233,319.30964866650766,0.059999999999999998,0.27071940104166659
,548.89410931718771,317.34105879676309,0.059999999999999998,0.26868489583333327
,548.99410824453139,318.25200692032115,0.059999999999999998,0.26868489583333327
,549.09410717343758,319.14209424708412,0.059999999999999998,0.2697021484374999
,549.19410610234377,318.40907548734594,0.059999999999999998,0.26868489583333327
,549.29410503203121,319.07926202836796,0.059999999999999998,0.26868489583333327
,549.3941039609374,319.75996422181981,0.059999999999999998,0.2697021484374999
,549.49410288984359,321.05865099495759,0.059999999999999998,0.27071940104166659
,549.59410181953149,320.09509488303365,0.059999999999999998,0.27071940104166659
,549.69410074843768,319.30964866650766,0.059999999999999998,0.27071940104166659
,549.79409967812512,319.14209424708412,0.059999999999999998,0.27071940104166659
,549.89409860703131,317.32011847502508,0.059999999999999998,0.26868489583333327
,549.9940975359375,317.40388003977802,0.059999999999999998,0.26868489583333327
,550.0940964664062,317.9692897591828,0.059999999999999998,0.26766764322916659
,550.19409539609364,318.5033178077947,0.059999999999999998,0.26766764322916659
,550.29409432656234,318.63944715513179,0.059999999999999998,0.26766764322916659
,550.3940932570315,319.49815055395192,0.059999999999999998,0.26868489583333327
,550.4940921875002,320.63970363513727,0.059999999999999998,0.2697021484374999
,550.5940911179689,320.26266401154163,0.059999999999999998,0.2697021484374999
,550.6940900484376,319.60287525954362,0.059999999999999998,0.2697021484374999
,550.79408897812505,318.36719029509527,0.059999999999999998,0.26868489583333327
,550.89408790859375,316.39879098463484,0.059999999999999998,0.2666503906249999
,550.99408683906245,317.2782379707636,0.059999999999999998,0.2666503906249999
,551.09408576562487,317.94834807018884,0.059999999999999998,0.26563313802083327
,551.19408469218774,318.12635384981564,0.059999999999999998,0.26563313802083327
,551.29408361875016,318.29389163014667,0.059999999999999998,0.26563313802083327
,551.39408254531259,319.19445471691444,0.059999999999999998,0.2666503906249999
,551.49408147265626,320.40928904733016,0.059999999999999998,0.26766764322916659
,551.59408039921868,320.24171773342908,0.059999999999999998,0.26766764322916659
,551.6940793257811,320.05320299405884,0.059999999999999998,0.26766764322916659
,551.79407825234398,318.94312685241999,0.059999999999999998,0.26766764322916659
,551.8940771789064,317.05836838417144,0.059999999999999998,0.26563313802083327
,551.99407610546882,317.49811268311078,0.059999999999999998,0.26563313802083327
,552.09407502968747,318.39860417289441,0.059999999999999998,0.26563313802083327
,552.19407395390613,318.5556750327496,0.059999999999999998,0.26563313802083327
,552.29407287890649,318.51378923110025,0.059999999999999998,0.26563313802083327
,552.39407180312514,318.99548632467065,0.059999999999999998,0.2666503906249999
,552.4940707273438,319.73901889550348,0.059999999999999998,0.2666503906249999
,552.59406965156245,319.61334778611928,0.059999999999999998,0.26766764322916659
,552.6940685757811,318.95359872573687,0.059999999999999998,0.2666503906249999
,552.79406750078147,318.44048949616399,0.059999999999999998,0.2666503906249999
,552.89406642500012,317.20494753604481,0.059999999999999998,0.26461588541666659
,552.9940653523438,317.53999415683325,0.059999999999999998,0.26461588541666659
,553.09406428046873,317.91693562074227,0.059999999999999998,0.26461588541666659
,553.19406320859366,317.39340980370952,0.059999999999999998,0.2635986328124999
,553.29406213671859,318.12635384981564,0.059999999999999998,0.2635986328124999
,553.39406106562524,319.39342687145347,0.059999999999999998,0.26461588541666659
,553.49405999375017,320.67112416446781,0.059999999999999998,0.26563313802083327
,553.5940589218751,320.79680713429616,0.059999999999999998,0.26563313802083327
,553.69405785000004,320.12651390326738,0.059999999999999998,0.2666503906249999
,553.79405677812497,318.91171129597433,0.059999999999999998,0.26563313802083327
,553.89405570703116,317.08977800899447,0.059999999999999998,0.2635986328124999
,553.99405463281232,317.29917819967443,0.059999999999999998,0.2635986328124999
,554.09405355859394,318.44048949616399,0.059999999999999998,0.2635986328124999
,554.19405248437511,318.73369161658229,0.059999999999999998,0.26461588541666659
,554.29405140937502,319.15256632016695,0.059999999999999998,0.26461588541666659
,554.39405033515618,319.36200996719174,0.059999999999999998,0.26461588541666659
,554.49404926093735,320.44070894473242,0.059999999999999998,0.2666503906249999
,554.59404818671896,320.23124460901374,0.059999999999999998,0.2666503906249999
,554.69404711250013,319.35153768639549,0.059999999999999998,0.2666503906249999
,554.79404603828129,318.71274832777897,0.059999999999999998,0.2666503906249999
,554.89404496484372,316.69193062830357,0.059999999999999998,0.2635986328124999
,554.99404389609367,317.23635765247064,0.059999999999999998,0.2635986328124999
,555.09404282734363,317.49811268311078,0.059999999999999998,0.2635986328124999
,555.19404175859358,317.56093496247678,0.059999999999999998,0.2635986328124999
,555.294040689844,318.12635384981564,0.059999999999999998,0.2635986328124999
,555.39403962109395,318.80699346445431,0.059999999999999998,0.2635986328124999
,555.49403855234391,319.67618315867065,0.059999999999999998,0.26461588541666659
,555.59403748359387,319.47720573539397,0.059999999999999998,0.26461588541666659
,555.69403641484382,319.71807360950464,0.059999999999999998,0.26563313802083327
,555.79403534609378,318.76510663010549,0.059999999999999998,0.26461588541666659
,555.89403427499997,316.30456954750241,0.059999999999999998,0.26258138020833327
,555.99403320234364,316.9117915373422,0.059999999999999998,0.26258138020833327
,556.09403213046858,318.04258602282135,0.059999999999999998,0.26258138020833327
,556.19403105781271,318.78605002592309,0.059999999999999998,0.2635986328124999
,556.29402998515639,318.79652173985278,0.059999999999999998,0.2635986328124999
,556.39402891250006,319.87516423487966,0.059999999999999998,0.26461588541666659
,556.49402783984374,321.38334539758597,0.059999999999999998,0.2666503906249999
,556.59402676718742,320.75491265985096,0.059999999999999998,0.2666503906249999
,556.69402569453109,320.07414891880944,0.059999999999999998,0.2666503906249999
,556.79402462187522,318.492846395345,0.059999999999999998,0.26563313802083327
,556.89402354687513,316.09519212995656,0.059999999999999998,0.2635986328124999
,556.9940224726563,317.77034552843691,0.059999999999999998,0.2635986328124999
,557.09402139843746,317.8750525119716,0.059999999999999998,0.2635986328124999
,557.19402032343737,318.15776696814027,0.059999999999999998,0.2635986328124999
,557.29401924921899,318.19965128089098,0.059999999999999998,0.26258138020833327
,557.39401817500016,319.42484386838629,0.059999999999999998,0.26461588541666659
,557.49401710000006,320.3673959860256,0.059999999999999998,0.26563313802083327
,557.59401602578123,319.79138228677442,0.059999999999999998,0.26563313802083327
,557.69401495156239,319.46673334147789,0.059999999999999998,0.26563313802083327
,557.7940138765623,318.54520356608634,0.059999999999999998,0.26461588541666659
,557.89401280156267,316.93273094508396,0.059999999999999998,0.2635986328124999
,557.99401172656258,317.86458176288664,0.059999999999999998,0.2635986328124999
,558.09401065156248,318.51378923110025,0.059999999999999998,0.2635986328124999
,558.19400957656239,318.29389163014667,0.059999999999999998,0.2635986328124999
,558.2940085015623,318.21012238671074,0.059999999999999998,0.2635986328124999
,558.39400742656267,319.2677598122113,0.059999999999999998,0.26461588541666659
,558.49400635156258,320.82822808898783,0.059999999999999998,0.26563313802083327
,558.59400527656248,320.15793301201973,0.059999999999999998,0.26563313802083327
,558.69400420156239,318.82793694564657,0.059999999999999998,0.26563313802083327
,558.79400312812481,318.5242606652551,0.059999999999999998,0.26563313802083327
,558.89400205781271,317.36199916483622,0.059999999999999998,0.2635986328124999
,558.9940009867189,317.53999415683325,0.059999999999999998,0.2635986328124999
,559.09399991640635,318.06352791283302,0.059999999999999998,0.2635986328124999
,559.19399884531254,318.30436283508743,0.059999999999999998,0.2635986328124999
,559.29399777499998,318.57661799853855,0.059999999999999998,0.2635986328124999
,559.39399670390617,319.7704369000806,0.059999999999999998,0.26461588541666659
,559.49399563359361,321.03770327204194,0.059999999999999998,0.26563313802083327
,559.5939945624998,320.51402237567208,0.059999999999999998,0.26563313802083327
,559.6939934921877,319.5609852549573,0.059999999999999998,0.26563313802083327
,559.79399242109389,318.95359872573687,0.059999999999999998,0.26563313802083327
,559.89399135078133,317.25729778834489,0.059999999999999998,0.26461588541666659
,559.99399028046878,317.60281671106628,0.059999999999999998,0.2635986328124999
,560.09398921015622,318.91171129597433,0.059999999999999998,0.26461588541666659
,560.19398813984367,319.07926202836796,0.059999999999999998,0.26461588541666659
,560.29398706953111,318.77557832267178,0.059999999999999998,0.2635986328124999
,560.39398599921856,319.55051277927282,0.059999999999999998,0.26461588541666659
,560.49398492890646,320.85964912821652,0.059999999999999998,0.2666503906249999
,560.5939838585939,320.46165559119862,0.059999999999999998,0.2666503906249999
,560.69398278750009,319.83327318066654,0.059999999999999998,0.2666503906249999
,560.7939817125,319.13162218445609,0.059999999999999998,0.2666503906249999
,560.89398063749991,318.05305696225815,0.059999999999999998,0.26563313802083327
,560.99397956249982,318.30436283508743,0.059999999999999998,0.26563313802083327
,561.09397848750018,319.05831803934643,0.059999999999999998,0.26563313802083327
,561.19397741328135,319.12115013228942,0.059999999999999998,0.26563313802083327
,561.29397633828125,319.41437152578953,0.059999999999999998,0.26563313802083327
,561.39397526328116,320.35692274489202,0.059999999999999998,0.26766764322916659
,561.49397418828107,321.06912487029007,0.059999999999999998,0.26868489583333327
,561.59397311328144,320.96438653389947,0.059999999999999998,0.26868489583333327
,561.69397203984386,320.30455668470933,0.059999999999999998,0.26868489583333327
,561.79397096640628,319.42484386838629,0.059999999999999998,0.26868489583333327
,561.8939698929687,318.04258602282135,0.059999999999999998,0.26766764322916659
,561.99396881953112,318.25200692032115,0.059999999999999998,0.26766764322916659
,562.09396774609399,318.60803252827952,0.059999999999999998,0.26766764322916659
,562.19396667265642,319.04784606059354,0.059999999999999998,0.26766764322916659
,562.29396559921884,319.24681544729157,0.059999999999999998,0.26766764322916659
,562.39396452578126,319.93800111587819,0.059999999999999998,0.2697021484374999
,562.49396345234368,320.77585987822147,0.059999999999999998,0.2697021484374999
,562.5939623789061,320.35692274489202,0.059999999999999998,0.2697021484374999
,562.69396130156269,319.63429286973951,0.059999999999999998,0.2697021484374999
,562.79396022421884,319.54004031378628,0.059999999999999998,0.27071940104166659
,562.89395914687498,318.0007023765869,0.059999999999999998,0.26868489583333327
,562.99395806953112,318.02164417738851,0.059999999999999998,0.26868489583333327
,563.09395699140646,318.60803252827952,0.059999999999999998,0.26868489583333327
,563.1939559140626,318.41954681271244,0.059999999999999998,0.26766764322916659
,563.29395483671874,319.13162218445609,0.059999999999999998,0.26766764322916659
,563.39395375937488,319.4562609578125,0.059999999999999998,0.26868489583333327
,563.49395268125022,320.57686283347658,0.059999999999999998,0.2697021484374999
,563.59395160546887,320.61875666313222,0.059999999999999998,0.2697021484374999
,563.69395053593757,320.70254477922731,0.059999999999999998,0.27071940104166659
,563.79394946640627,319.91705544899185,0.059999999999999998,0.27071940104166659
,563.89394839609372,317.7389336537243,0.059999999999999998,0.26868489583333327
,563.99394732656242,318.44048949616399,0.059999999999999998,0.26868489583333327
,564.09394625703112,319.3829545597273,0.059999999999999998,0.26868489583333327
,564.19394518749982,319.40389919347638,0.059999999999999998,0.26868489583333327
,564.29394411796898,319.73901889550348,0.059999999999999998,0.26868489583333327
,564.39394304843768,320.41976233681584,0.059999999999999998,0.2697021484374999
,564.49394197890638,321.52998443962287,0.059999999999999998,0.27173665364583327
,564.5939409054688,321.42524208668289,0.059999999999999998,0.27173665364583327
,564.69393982968745,320.26266401154163,0.059999999999999998,0.27173665364583327
,564.7939387539061,319.17351049767058,0.059999999999999998,0.27071940104166659
,564.89393767812521,317.59234625677249,0.059999999999999998,0.2697021484374999
,564.99393660234387,318.63944715513179,0.059999999999999998,0.2697021484374999
,565.09393552656252,319.2677598122113,0.059999999999999998,0.2697021484374999
,565.19393445078117,318.78605002592309,0.059999999999999998,0.26868489583333327
,565.29393337499982,319.16303840369795,0.059999999999999998,0.26868489583333327
,565.39393229921893,320.14745996594456,0.059999999999999998,0.2697021484374999
,565.49393122265633,320.82822808898783,0.059999999999999998,0.27071940104166659
,565.59393014843749,320.50354899956858,0.059999999999999998,0.27071940104166659
,565.69392907421866,319.49815055395192,0.059999999999999998,0.2697021484374999
,565.79392799999982,318.80699346445431,0.059999999999999998,0.2697021484374999
,565.89392692500019,318.4300181489873,0.059999999999999998,0.26868489583333327
,565.99392585078135,318.58708949765111,0.059999999999999998,0.26766764322916659
,566.09392477656252,318.70227669946064,0.059999999999999998,0.2666503906249999
,566.19392370234368,318.3148340510088,0.059999999999999998,0.2666503906249999
,566.29392262734359,319.47720573539397,0.059999999999999998,0.2666503906249999
,566.39392155312521,320.35692274489202,0.059999999999999998,0.26766764322916659
,566.49392047890638,321.77089523697742,0.059999999999999998,0.2697021484374999
,566.59391940234377,321.26813024985177,0.059999999999999998,0.26868489583333327
,566.69391832499991,320.26266401154163,0.059999999999999998,0.26868489583333327
,566.79391724843731,319.2677598122113,0.059999999999999998,0.26868489583333327
,566.89391617187516,318.13682487817374,0.059999999999999998,0.26766764322916659
,566.99391509531256,318.54520356608634,0.059999999999999998,0.2666503906249999
,567.0939140179687,319.20492684217243,0.059999999999999998,0.2666503906249999
,567.1939129414061,319.41437152578953,0.059999999999999998,0.2666503906249999
,567.29391186484395,320.14745996594456,0.059999999999999998,0.26766764322916659
,567.39391078828135,320.68159769323768,0.059999999999999998,0.26766764322916659
,567.4939097125,321.48808739067766,0.059999999999999998,0.26868489583333327
,567.59390863749991,321.00628175714104,0.059999999999999998,0.2697021484374999
,567.69390756171856,320.48260227616163,0.059999999999999998,0.2697021484374999
,567.79390648671892,319.35153768639549,0.059999999999999998,0.26766764322916659
,567.89390541171883,317.67611021051715,0.059999999999999998,0.2666503906249999
,567.99390433593749,318.54520356608634,0.059999999999999998,0.2666503906249999
,568.0939032609374,319.16303840369795,0.059999999999999998,0.2666503906249999
,568.1939021859373,318.66039029356313,0.059999999999999998,0.26461588541666659
,568.29390111015641,319.11067809059068,0.059999999999999998,0.26563313802083327
,568.39390003515632,320.10556787993181,0.059999999999999998,0.2666503906249999
,568.49389895781246,321.71852292583583,0.059999999999999998,0.26766764322916659
,568.59389787968735,321.40429372407584,0.059999999999999998,0.26766764322916659
,568.69389680234394,320.02178418106121,0.059999999999999998,0.26766764322916659
,568.79389572500008,319.10020605936649,0.059999999999999998,0.26766764322916659
,568.89389464765623,317.93787724249415,0.059999999999999998,0.26563313802083327
,568.99389356953111,318.71274832777897,0.059999999999999998,0.26563313802083327
,569.09389249218771,319.20492684217243,0.059999999999999998,0.26563313802083327
,569.19389141484385,319.18398260207829,0.059999999999999998,0.26461588541666659
,569.29389033671873,319.47720573539397,0.059999999999999998,0.26461588541666659
,569.39388926015613,320.75491265985096,0.059999999999999998,0.2666503906249999
,569.49388818515649,321.79184422306366,0.059999999999999998,0.26766764322916659
,569.59388711093766,321.80231872928664,0.059999999999999998,0.26868489583333327
,569.69388603671882,320.65017713541101,0.059999999999999998,0.26766764322916659
,569.79388496249999,320.14745996594456,0.059999999999999998,0.26766764322916659
,569.8938838874999,318.38813286936443,0.059999999999999998,0.26563313802083327
,569.99388281328106,318.4614322231966,0.059999999999999998,0.26563313802083327
,570.09388173906268,318.88029583492425,0.059999999999999998,0.26563313802083327
,570.19388066406259,319.10020605936649,0.059999999999999998,0.26461588541666659
,570.29387958984375,319.54004031378628,0.059999999999999998,0.26461588541666659
,570.39387851562492,320.3673959860256,0.059999999999999998,0.26563313802083327
,570.49387744140608,321.71852292583583,0.059999999999999998,0.2666503906249999
,570.59387636796896,321.10054655170688,0.059999999999999998,0.26766764322916659
,570.69387529453138,320.56638939992507,0.059999999999999998,0.2666503906249999
,570.79387422031255,319.68665575621719,0.059999999999999998,0.2666503906249999
,570.89387314687497,318.29389163014667,0.059999999999999998,0.26563313802083327
,570.99387207343739,318.73369161658229,0.059999999999999998,0.26563313802083327
,571.09387099921855,319.87516423487966,0.059999999999999998,0.26563313802083327
,571.19386992578143,320.22077149436785,0.059999999999999998,0.26563313802083327
,571.29386885156259,320.91201771430644,0.059999999999999998,0.2666503906249999
,571.39386778125004,321.42524208668289,0.059999999999999998,0.26766764322916659
,571.49386671171874,321.69757406314784,0.059999999999999998,0.26868489583333327
,571.59386564218744,321.70804849007317,0.059999999999999998,0.26868489583333327
,571.69386457265614,320.98533412693257,0.059999999999999998,0.26868489583333327
,571.79386350234358,319.50862297858055,0.059999999999999998,0.26766764322916659
,571.89386243281274,318.11588283254974,0.059999999999999998,0.26563313802083327
,571.99386136328144,318.28342043619313,0.059999999999999998,0.26563313802083327
,572.09386029375014,319.52956785850432,0.059999999999999998,0.26563313802083327
,572.19385922343758,319.4562609578125,0.059999999999999998,0.26563313802083327
,572.29385815390629,319.9065826304963,0.059999999999999998,0.26563313802083327
,572.39385707890619,320.6082831914141,0.059999999999999998,0.2666503906249999
,572.49385600468736,321.47761315086575,0.059999999999999998,0.26766764322916659
,572.59385493046898,320.90154397838177,0.059999999999999998,0.26766764322916659
,572.69385385625014,319.88563702343362,0.059999999999999998,0.26766764322916659
,572.79385278203131,318.97454250408367,0.059999999999999998,0.2666503906249999
,572.89385170781247,318.17870910239685,0.059999999999999998,0.26563313802083327
,572.99385063359364,318.33577651576718,0.059999999999999998,0.26461588541666659
,573.0938495593748,319.59240274313299,0.059999999999999998,0.26563313802083327
,573.19384848515642,319.39342687145347,0.059999999999999998,0.26461588541666659
,573.29384741015633,319.78090958840102,0.059999999999999998,0.26461588541666659
,573.3938463359375,320.13698692969155,0.059999999999999998,0.26461588541666659
,573.49384526093741,320.99580793739318,0.059999999999999998,0.26563313802083327
,573.59384418671857,320.88059653457924,0.059999999999999998,0.26563313802083327
,573.69384311171893,320.38834249733708,0.059999999999999998,0.26563313802083327
,573.7938420375001,319.71807360950464,0.059999999999999998,0.26563313802083327
,573.89384096328126,317.91693562074227,0.059999999999999998,0.2635986328124999
,573.99383988828117,319.21539897784572,0.059999999999999998,0.2635986328124999
,574.09383881406234,319.85421868775933,0.059999999999999998,0.2635986328124999
,574.19383773984396,319.99036545717593,0.059999999999999998,0.26461588541666659
,574.29383666718763,319.91705544899185,0.059999999999999998,0.2635986328124999
,574.39383559531257,321.20528608813311,0.059999999999999998,0.26563313802083327
,574.49383452265624,321.79184422306366,0.059999999999999998,0.26563313802083327
,574.59383344999992,321.45666469819736,0.059999999999999998,0.2666503906249999
,574.69383237812485,320.99580793739318,0.059999999999999998,0.2666503906249999
,574.79383130546898,320.27313716522559,0.059999999999999998,0.2666503906249999
,574.89383023281266,318.98501440910042,0.059999999999999998,0.26461588541666659
,574.99382916093759,319.29917643739293,0.059999999999999998,0.26461588541666659
,575.09382808828127,319.99036545717593,0.059999999999999998,0.26461588541666659
,575.19382701484369,320.10556787993181,0.059999999999999998,0.26461588541666659
,575.29382594140611,320.53496915664596,0.059999999999999998,0.26563313802083327
,575.39382486718773,320.98533412693257,0.059999999999999998,0.26563313802083327
,575.49382379375015,322.05370949672488,0.059999999999999998,0.26766764322916659
,575.59382271953132,321.19481209318388,0.059999999999999998,0.26766764322916659
,575.69382164531248,320.7339654792375,0.059999999999999998,0.26766764322916659
,575.7938205718749,319.99036545717593,0.059999999999999998,0.2666503906249999
,575.89381949765607,318.28342043619313,0.059999999999999998,0.26563313802083327
,575.99381842421894,318.74416327705421,0.059999999999999998,0.26461588541666659
,576.09381735000011,318.86982403580396,0.059999999999999998,0.26461588541666659
,576.19381627734379,319.25728762456026,0.059999999999999998,0.26461588541666659
,576.29381520624997,319.79138228677442,0.059999999999999998,0.26461588541666659
,576.39381413515616,320.32550307965897,0.059999999999999998,0.26461588541666659
,576.4938130632811,321.57188163176613,0.059999999999999998,0.2666503906249999
,576.59381199218774,321.45666469819736,0.059999999999999998,0.2666503906249999
,576.69381092109393,321.23670812788424,0.059999999999999998,0.2666503906249999
,576.79380984921886,320.49307563306292,0.059999999999999998,0.2666503906249999
,576.89380877812505,318.48237499375767,0.059999999999999998,0.26461588541666659
,576.99380770703124,318.77557832267178,0.059999999999999998,0.26461588541666659
,577.09380663515617,319.47720573539397,0.059999999999999998,0.26461588541666659
,577.19380556484361,319.74949155362526,0.059999999999999998,0.26461588541666659
,577.29380449453106,320.01131126318927,0.059999999999999998,0.26461588541666659
,577.39380342421896,320.31502987732586,0.059999999999999998,0.26563313802083327
,577.4938023539064,321.44619048535412,0.059999999999999998,0.2666503906249999
,577.59380128359385,321.48808739067766,0.059999999999999998,0.26766764322916659
,577.69380021406255,321.45666469819736,0.059999999999999998,0.26766764322916659
,577.79379914374999,320.25219086760723,0.059999999999999998,0.2666503906249999
,577.89379807343744,318.09494083132086,0.059999999999999998,0.26461588541666659
,577.99379700312488,318.98501440910042,0.059999999999999998,0.26461588541666659
,578.09379593281233,319.97989256904771,0.059999999999999998,0.26563313802083327
,578.19379486015646,319.82280044214696,0.059999999999999998,0.26461588541666659
,578.29379378750014,320.13698692969155,0.059999999999999998,0.26563313802083327
,578.39379271484381,320.35692274489202,0.059999999999999998,0.26563313802083327
,578.49379164218749,321.60330461959245,0.059999999999999998,0.2666503906249999
,578.59379056953117,321.55093301782125,0.059999999999999998,0.26766764322916659
,578.69378949687484,320.88059653457924,0.059999999999999998,0.2666503906249999
,578.79378842421897,320.13698692969155,0.059999999999999998,0.2666503906249999
,578.89378735156265,317.82269887917414,0.059999999999999998,0.26461588541666659
,578.99378627968758,318.28342043619313,0.059999999999999998,0.26461588541666659
,579.09378520703126,319.55051277927282,0.059999999999999998,0.26461588541666659
,579.19378413593745,319.51909541343355,0.059999999999999998,0.26461588541666659
,579.29378306406238,319.84374592920619,0.059999999999999998,0.26461588541666659
,579.39378199296857,320.54544256150314,0.059999999999999998,0.26461588541666659
,579.49378092109396,321.8965896794968,0.059999999999999998,0.2666503906249999
,579.59377985000015,321.84421684188965,0.059999999999999998,0.2666503906249999
,579.69377877812508,320.84917543909165,0.059999999999999998,0.2666503906249999
,579.79377770703127,320.02178418106121,0.059999999999999998,0.26563313802083327
,579.8937766351562,318.22059350357023,0.059999999999999998,0.26461588541666659
,579.99377556406239,319.16303840369795,0.059999999999999998,0.26461588541666659
,580.09377448984355,319.69712836387612,0.059999999999999998,0.26461588541666659
,580.19377341562517,319.61334778611928,0.059999999999999998,0.26461588541666659
,580.29377234062508,319.49815055395192,0.059999999999999998,0.26461588541666659
,580.39377126562499,319.91705544899185,0.059999999999999998,0.26461588541666659
,580.4937701906249,321.32050063534882,0.059999999999999998,0.26563313802083327
,580.59376911562481,321.55093301782125,0.059999999999999998,0.2666503906249999
,580.69376804062517,320.98533412693257,0.059999999999999998,0.2666503906249999
,580.79376696562508,320.13698692969155,0.059999999999999998,0.26563313802083327
,580.89376589062499,318.57661799853855,0.059999999999999998,0.26461588541666659
,580.99376481640616,318.81746519972108,0.059999999999999998,0.26461588541666659
,581.09376374062481,319.74949155362526,0.059999999999999998,0.26461588541666659
,581.19376266562517,319.55051277927282,0.059999999999999998,0.2635986328124999
,581.29376159062508,319.75996422181981,0.059999999999999998,0.2635986328124999
,581.39376051484373,320.66065064519006,0.059999999999999998,0.26563313802083327
,581.49375943984364,321.94896273505708,0.059999999999999998,0.2666503906249999
,581.59375836484355,321.66615083546208,0.059999999999999998,0.2666503906249999
,581.69375728906266,320.62923014437547,0.059999999999999998,0.2666503906249999
,581.79375621406257,319.7704369000806,0.059999999999999998,0.2666503906249999
,581.89375513906248,318.32530527790425,0.059999999999999998,0.26461588541666659
,581.99375406406239,318.85935224730946,0.059999999999999998,0.26461588541666659
,582.09375298906275,319.67618315867065,0.059999999999999998,0.26563313802083327
,582.19375191484392,319.28870421863422,0.059999999999999998,0.26461588541666659
,582.29375083984382,319.65523799394083,0.059999999999999998,0.26461588541666659
,582.39374976562499,320.01131126318927,0.059999999999999998,0.26461588541666659
,582.49374869140615,321.64520206131294,0.059999999999999998,0.2666503906249999
,582.59374761640606,321.498561639466,0.059999999999999998,0.2666503906249999
,582.69374654218768,321.20528608813311,0.059999999999999998,0.2666503906249999
,582.79374546796885,320.21029838949795,0.059999999999999998,0.26563313802083327
,582.89374439296876,318.82793694564657,0.059999999999999998,0.26461588541666659
,582.99374332031243,319.63429286973951,0.059999999999999998,0.26563313802083327
,583.09374224765611,320.24171773342908,0.059999999999999998,0.26563313802083327
,583.19374117421899,320.31502987732586,0.059999999999999998,0.26563313802083327
,583.29374010156266,320.1160408866786,0.059999999999999998,0.26461588541666659
,583.39373902812508,320.49307563306292,0.059999999999999998,0.26563313802083327
,583.49373795546876,321.85469139193509,0.059999999999999998,0.26766764322916659
,583.59373688281244,321.47761315086575,0.059999999999999998,0.26766764322916659
,583.69373580937486,321.0167555861695,0.059999999999999998,0.26766764322916659
,583.79373473671899,320.15793301201973,0.059999999999999998,0.2666503906249999
,583.89373366328141,318.0007023765869,0.059999999999999998,0.26461588541666659
,583.99373258906257,318.84888046944735,0.059999999999999998,0.26461588541666659
,584.09373151406248,319.06879002860677,0.059999999999999998,0.26461588541666659
,584.19373043906239,319.47720573539397,0.059999999999999998,0.26461588541666659
,584.29372936484356,319.73901889550348,0.059999999999999998,0.2635986328124999
,584.39372828984392,320.51402237567208,0.059999999999999998,0.26461588541666659
,584.49372721484383,322.04323478166441,0.059999999999999998,0.2666503906249999
,584.59372614062499,321.62425332267213,0.059999999999999998,0.2666503906249999
,584.6937250656249,320.88059653457924,0.059999999999999998,0.2666503906249999
,584.79372399062481,320.09509488303365,0.059999999999999998,0.26563313802083327
,584.8937229187502,318.73369161658229,0.059999999999999998,0.26461588541666659
,584.99372184843764,319.3410654159224,0.059999999999999998,0.26461588541666659
,585.09372077890635,319.75996422181981,0.059999999999999998,0.26461588541666659
,585.19371970937505,320.27313716522559,0.059999999999999998,0.2635986328124999
,585.29371863984375,320.44070894473242,0.059999999999999998,0.2635986328124999
,585.39371756953119,321.32050063534882,0.059999999999999998,0.26563313802083327
,585.49371649999989,322.49365523020447,0.059999999999999998,0.2666503906249999
,585.59371543046859,321.72899737042917,0.059999999999999998,0.2666503906249999
,585.69371436093775,320.9748603257658,0.059999999999999998,0.2666503906249999
,585.79371329140645,319.99036545717593,0.059999999999999998,0.26563313802083327
,585.89371222187515,318.75463494823077,0.059999999999999998,0.26461588541666659
,585.99371115234385,319.13162218445609,0.059999999999999998,0.26461588541666659
,586.09371008281255,319.84374592920619,0.059999999999999998,0.26461588541666659
,586.19370901328125,319.91705544899185,0.059999999999999998,0.2635986328124999
,586.29370794374995,320.68159769323768,0.059999999999999998,0.2635986328124999
,586.39370687499991,321.32050063534882,0.059999999999999998,0.26461588541666659
,586.49370580546861,322.50413030988591,0.059999999999999998,0.2666503906249999
,586.59370473593731,321.96991201812261,0.059999999999999998,0.2666503906249999
,586.69370366640646,321.96991201812261,0.059999999999999998,0.2666503906249999
,586.79370259609391,321.0167555861695,0.059999999999999998,0.2666503906249999
,586.89370152421884,318.91171129597433,0.059999999999999998,0.26461588541666659
,586.99370045156252,319.59240274313299,0.059999999999999998,0.26461588541666659
,587.09369937890619,319.85421868775933,0.059999999999999998,0.2635986328124999
,587.19369830624987,319.69712836387612,0.059999999999999998,0.2635986328124999
,587.2936972343748,320.30455668470933,0.059999999999999998,0.2635986328124999
,587.39369616171894,321.15291620506923,0.059999999999999998,0.26461588541666659
,587.49369508906261,322.37842990562859,0.059999999999999998,0.26563313802083327
,587.59369401718754,322.10608320117603,0.059999999999999998,0.26563313802083327
,587.69369294453122,322.01181068826173,0.059999999999999998,0.2666503906249999
,587.7936918718749,321.10054655170688,0.059999999999999998,0.26563313802083327
,587.89369079843732,319.51909541343355,0.059999999999999998,0.26461588541666659
,587.99368972421894,319.64476542677079,0.059999999999999998,0.2635986328124999
,588.0936886500001,320.16840606791055,0.059999999999999998,0.2635986328124999
,588.19368757656252,319.84374592920619,0.059999999999999998,0.26258138020833327
,588.29368650234369,320.51402237567208,0.059999999999999998,0.2635986328124999
,588.39368542890611,321.42524208668289,0.059999999999999998,0.26461588541666659
,588.49368435468773,322.62983191419511,0.059999999999999998,0.26563313802083327
,588.59368328046889,322.44127995703451,0.059999999999999998,0.26563313802083327
,588.69368220703132,322.36795492646866,0.059999999999999998,0.2666503906249999
,588.79368113281248,321.13196831611378,0.059999999999999998,0.26563313802083327
,588.89368005781239,319.84374592920619,0.059999999999999998,0.26461588541666659
,588.99367898359355,319.82280044214696,0.059999999999999998,0.2635986328124999
,589.09367790937517,320.30455668470933,0.059999999999999998,0.2635986328124999
,589.19367683437508,320.55591597593173,0.059999999999999998,0.2635986328124999
,589.29367576015625,321.35192297568665,0.059999999999999998,0.2635986328124999
,589.39367468593741,322.80791121887592,0.059999999999999998,0.26461588541666659
,589.49367361093732,323.88691143721735,0.059999999999999998,0.26563313802083327
,589.59367253671894,323.48882409147456,0.059999999999999998,0.2666503906249999
,589.69367146250011,323.14312567856894,0.059999999999999998,0.26766764322916659
,589.79367038828127,321.77089523697742,0.059999999999999998,0.2666503906249999
,589.89366931406244,320.19982529441069,0.059999999999999998,0.26563313802083327
,589.9936682398436,319.86469145631935,0.059999999999999998,0.26461588541666659
,590.09366716640648,320.35692274489202,0.059999999999999998,0.26461588541666659
,590.19366609218764,320.80728077645603,0.059999999999999998,0.26461588541666659
,590.29366501796881,321.81279324428732,0.059999999999999998,0.26461588541666659
,590.39366394453123,322.87076330160386,0.059999999999999998,0.26563313802083327
,590.49366287031239,323.21645493147196,0.059999999999999998,0.26563313802083327
,590.59366179609356,323.50977578268055,0.059999999999999998,0.26766764322916659
,590.69366072343769,322.68220793411427,0.059999999999999998,0.26766764322916659
,590.79365965156262,321.87564051825319,0.059999999999999998,0.2666503906249999
,590.89365858046881,320.39881576750173,0.059999999999999998,0.26563313802083327
,590.993657509375,320.39881576750173,0.059999999999999998,0.26461588541666659
,591.09365643828119,321.37287124790151,0.059999999999999998,0.26461588541666659
,591.19365536640612,321.41476790086801,0.059999999999999998,0.26461588541666659
,591.29365429531231,322.02228537742621,0.059999999999999998,0.26461588541666659
,591.39365322421895,323.12217453471419,0.059999999999999998,0.26563313802083327
,591.49365215234388,323.98119687303648,0.059999999999999998,0.2666503906249999
,591.59365108125007,323.46787243110731,0.059999999999999998,0.2666503906249999
,591.69365001015626,323.0802723423638,0.059999999999999998,0.2666503906249999
,591.79364893906245,321.87564051825319,0.059999999999999998,0.2666503906249999
,591.89364786718738,320.65017713541101,0.059999999999999998,0.26461588541666659
,591.99364679609357,321.18433810739629,0.059999999999999998,0.26563313802083327
,592.09364572421896,321.96991201812261,0.059999999999999998,0.26461588541666659
,592.19364465312515,321.83374230059547,0.059999999999999998,0.26461588541666659
,592.29364358203134,322.38890489320175,0.059999999999999998,0.26461588541666659
,592.39364251015627,323.03837027751308,0.059999999999999998,0.26563313802083327
,592.49364143906246,323.99167306964705,0.059999999999999998,0.2666503906249999
,592.59364036796865,324.04405416342667,0.059999999999999998,0.2666503906249999
,592.6936392914065,323.59358285482938,0.059999999999999998,0.2666503906249999
,592.79363821406264,322.8183865456827,0.059999999999999998,0.2666503906249999
,592.89363713750004,321.06912487029007,0.059999999999999998,0.26461588541666659
,592.99363606093743,321.74994628608164,0.059999999999999998,0.26461588541666659
,593.09363498437483,322.78696058969291,0.059999999999999998,0.26461588541666659
,593.19363390781268,322.66125750143738,0.059999999999999998,0.26461588541666659
,593.29363283125008,322.78696058969291,0.059999999999999998,0.26461588541666659
,593.39363175468748,323.77167450309963,0.059999999999999998,0.26563313802083327
,593.49363067812487,325.17552929002159,0.059999999999999998,0.26766764322916659
,593.59362960312524,324.56787508044829,0.059999999999999998,0.26766764322916659
,593.69362853359394,324.26405675618571,0.059999999999999998,0.26766764322916659
,593.79362746328138,323.27930888431746,0.059999999999999998,0.26766764322916659
,593.89362639296883,321.82326776805917,0.059999999999999998,0.26563313802083327
,593.99362532265627,322.56698096275034,0.059999999999999998,0.2666503906249999
,594.09362425312497,322.86028793419013,0.059999999999999998,0.2666503906249999
,594.19362318281242,322.84981257488448,0.059999999999999998,0.26563313802083327
,594.29362211249986,323.01741929303284,0.059999999999999998,0.26563313802083327
,594.39362104296856,323.81357873782042,0.059999999999999998,0.2666503906249999
,594.49361997265646,325.36411623242617,0.059999999999999998,0.26766764322916659
,594.59361889843763,325.11266745194337,0.059999999999999998,0.26868489583333327
,594.69361782187502,324.68311806801705,0.059999999999999998,0.2697021484374999
,594.79361674531242,324.03357792992932,0.059999999999999998,0.26868489583333327
,594.89361566874982,322.59840640123974,0.059999999999999998,0.26766764322916659
,594.99361459218767,323.20597930021404,0.059999999999999998,0.27173665364583327
,595.09361351562507,323.72977038886302,0.059999999999999998,0.27173665364583327
,595.19361243906246,323.68786639553599,0.059999999999999998,0.27987467447916659
,595.29361136249986,324.32691522715999,0.059999999999999998,0.26868489583333327
,595.39361028593771,325.65747788207659,0.059999999999999998,0.27071940104166659
,595.49360920937511,326.08705207055431,0.059999999999999998,0.27173665364583327
,595.59360813593753,325.23839136708744,0.059999999999999998,0.27173665364583327
,595.69360706328121,324.49453907581335,0.059999999999999998,0.27173665364583327
,595.79360598984363,323.97072068382317,0.059999999999999998,0.27173665364583327
,595.8936049164065,322.90218945242754,0.059999999999999998,0.27071940104166659
,595.99360384375018,323.1012234226281,0.059999999999999998,0.2697021484374999
,596.0936027703126,324.07548290803635,0.059999999999999998,0.27071940104166659
,596.19360169687502,324.38977395653495,0.059999999999999998,0.27071940104166659
,596.29360062343744,324.25358036957988,0.059999999999999998,0.27071940104166659
,596.39359955078112,324.7878851504953,0.059999999999999998,0.27173665364583327
,596.49359847656274,326.33851488732836,0.059999999999999998,0.2727539062499999
,596.59359740078139,326.33851488732836,0.059999999999999998,0.27377115885416659
,596.6935963257813,325.26982249479107,0.059999999999999998,0.2727539062499999
,596.79359524999995,324.71454812007244,0.059999999999999998,0.2727539062499999
,596.89359417499986,323.43644499849552,0.059999999999999998,0.27173665364583327
,596.99359309921897,323.28978457061277,0.059999999999999998,0.27173665364583327
,597.09359202421888,324.47358599517406,0.059999999999999998,0.27173665364583327
,597.19359094843753,323.94976832761506,0.059999999999999998,0.27173665364583327
,597.29358987343744,324.49453907581335,0.059999999999999998,0.27173665364583327
,597.39358879765609,325.0393289448254,0.059999999999999998,0.2727539062499999
,597.49358772500022,326.13943987265827,0.059999999999999998,0.27377115885416659
,597.59358665390641,325.8984572431047,0.059999999999999998,0.27478841145833327
,597.69358558203135,325.62604603672338,0.059999999999999998,0.27478841145833327
,597.79358451093754,324.93456022114515,0.059999999999999998,0.27478841145833327
,597.89358343906247,323.36311459371336,0.059999999999999998,0.2727539062499999
,597.99358236796866,323.63548657455448,0.059999999999999998,0.2727539062499999
,598.09358129609359,324.13834059518706,0.059999999999999998,0.2727539062499999
,598.19358022500023,324.22215125313511,0.059999999999999998,0.27173665364583327
,598.29357915312517,324.74597823451177,0.059999999999999998,0.2727539062499999
,598.39357808203135,325.59461424853833,0.059999999999999998,0.27377115885416659
,598.49357700546875,326.56902545630197,0.059999999999999998,0.27478841145833327
,598.59357592890615,326.30708184753524,0.059999999999999998,0.27478841145833327
,598.69357485312526,325.688909784418,0.059999999999999998,0.27478841145833327
,598.79357377656265,325.51079642756895,0.059999999999999998,0.27478841145833327
,598.89357270000005,323.67739041614624,0.059999999999999998,0.2727539062499999
,598.99357162343745,324.19072220188923,0.059999999999999998,0.27377115885416659
,599.0935705476561,324.8926529214686,0.059999999999999998,0.27377115885416659
,599.19356947109395,324.92408338602178,0.059999999999999998,0.27377115885416659
,599.29356839453135,325.06028277047619,0.059999999999999998,0.2727539062499999
,599.39356731796875,326.08705207055431,0.059999999999999998,0.27377115885416659
,599.49356624062489,327.19770458588681,0.059999999999999998,0.2758056640624999
,599.59356516328148,327.17674829652208,0.059999999999999998,0.27682291666666659
,599.69356408671888,326.53759203138543,0.059999999999999998,0.27682291666666659
,599.79356300937502,325.59461424853833,0.059999999999999998,0.27682291666666659
,599.89356193203116,323.96024450201384,0.059999999999999998,0.27478841145833327
,599.9935608546873,324.49453907581335,0.059999999999999998,0.27478841145833327
,600.0935597773439,324.66216473472667,0.059999999999999998,0.27478841145833327
,600.19355870000004,324.85074573088599,0.059999999999999998,0.27377115885416659
,600.29355762265618,325.0393289448254,0.059999999999999998,0.27478841145833327
,600.39355654999986,325.79368320149325,0.059999999999999998,0.27478841145833327
,600.49355548046856,326.88336252288019,0.059999999999999998,0.27682291666666659
,600.59355441093771,327.0090987586039,0.059999999999999998,0.27682291666666659
,600.69355334062516,326.30708184753524,0.059999999999999998,0.27682291666666659
,600.79355227109386,325.60509150490356,0.059999999999999998,0.27682291666666659
,600.8935512007813,323.79262660542611,0.059999999999999998,0.27478841145833327
,600.99355013125,324.01262548503348,0.059999999999999998,0.27478841145833327
,601.0935490617187,325.25934544563574,0.059999999999999998,0.27478841145833327
,601.19354799140615,325.20696029877098,0.059999999999999998,0.27478841145833327
,601.29354692187485,325.82511534870372,0.059999999999999998,0.27478841145833327
,601.39354584687521,326.60045893298468,0.059999999999999998,0.2758056640624999
,601.49354477187512,328.06740883527738,0.059999999999999998,0.27784016927083327
,601.59354369765629,327.21866089665679,0.059999999999999998,0.27784016927083327
,601.6935426226562,326.56902545630197,0.059999999999999998,0.27784016927083327
,601.7935415476561,325.70986441755014,0.059999999999999998,0.27784016927083327
,601.89354047265647,324.31643879734764,0.059999999999999998,0.27682291666666659
,601.99353939843763,324.28500955104391,0.059999999999999998,0.2758056640624999
,602.09353832343754,325.06028277047619,0.059999999999999998,0.27682291666666659
,602.19353724843745,325.09171355927435,0.059999999999999998,0.2758056640624999
,602.29353617421862,325.59461424853833,0.059999999999999998,0.2758056640624999
,602.393535102344,326.6214146127765,0.059999999999999998,0.27784016927083327
,602.49353403046894,327.48061656556814,0.059999999999999998,0.2788574218749999
,602.59353295859387,326.74714917000796,0.059999999999999998,0.2788574218749999
,602.6935318867188,326.28612651725496,0.059999999999999998,0.2788574218749999
,602.79353081484373,325.81463796006597,0.059999999999999998,0.2788574218749999
,602.89352974296867,323.81357873782042,0.059999999999999998,0.27682291666666659
,602.9935286710936,324.62025815177725,0.059999999999999998,0.27682291666666659
,603.09352759921899,325.38507046822099,0.059999999999999998,0.27682291666666659
,603.19352652734392,325.14409834101912,0.059999999999999998,0.27682291666666659
,603.29352545546885,325.64700059395125,0.059999999999999998,0.27682291666666659
,603.39352438437504,326.38042568960157,0.059999999999999998,0.27682291666666659
,603.49352331328123,327.92070931171764,0.059999999999999998,0.2788574218749999
,603.59352224218742,327.64826989633883,0.059999999999999998,0.2788574218749999
,603.69352117109361,326.50615865841536,0.059999999999999998,0.2788574218749999
,603.79352010000025,325.55270528686424,0.059999999999999998,0.27784016927083327
,603.8935190296877,324.25358036957988,0.059999999999999998,0.27682291666666659
,603.99351795859388,325.59461424853833,0.059999999999999998,0.27784016927083327
,604.09351688750007,326.61093677001804,0.059999999999999998,0.27784016927083327
,604.19351581640626,325.78320583157159,0.059999999999999998,0.27784016927083327
,604.29351473749989,326.04514193788702,0.059999999999999998,0.27784016927083327
,604.39351365859397,327.07196717264719,0.059999999999999998,0.2788574218749999
,604.4935125796876,327.97310188961939,0.059999999999999998,0.27987467447916659
,604.59351150156249,328.06740883527738,0.059999999999999998,0.28089192708333327
,604.69351042265612,326.73667125906866,0.059999999999999998,0.27987467447916659
,604.7935093437502,325.78320583157159,0.059999999999999998,0.27987467447916659
,604.89350826562509,324.20119854504912,0.059999999999999998,0.2788574218749999
,604.99350718671872,325.26982249479107,0.059999999999999998,0.2788574218749999
,605.09350610781235,326.13943987265827,0.059999999999999998,0.2788574218749999
,605.19350503203145,326.06609699207667,0.059999999999999998,0.2788574218749999
,605.29350395937513,326.51663644362242,0.059999999999999998,0.27987467447916659
,605.39350288750006,328.03597314331165,0.059999999999999998,0.28089192708333327
,605.49350181484374,327.96262336429817,0.059999999999999998,0.2819091796874999
,605.59350074296867,327.76353231492521,0.059999999999999998,0.28292643229166659
,605.69349967031235,326.93575252460749,0.059999999999999998,0.2819091796874999
,605.79349859843774,325.74129641447195,0.059999999999999998,0.28089192708333327
,605.89349752578141,324.30596237471974,0.059999999999999998,0.27987467447916659
,605.99349645390635,324.64121142929565,0.059999999999999998,0.2788574218749999
,606.09349538125002,325.36411623242617,0.059999999999999998,0.2788574218749999
,606.19349430781244,325.70986441755014,0.059999999999999998,0.2788574218749999
,606.29349323359361,326.25469356634079,0.059999999999999998,0.2788574218749999
,606.39349215937523,326.71571545413178,0.059999999999999998,0.27987467447916659
,606.49349108515639,327.84735990824254,0.059999999999999998,0.28089192708333327
,606.5934900101563,327.97310188961939,0.059999999999999998,0.2819091796874999
,606.69348893593747,327.32344276971645,0.059999999999999998,0.2819091796874999
,606.79348786171863,326.00323190258513,0.059999999999999998,0.28089192708333327
,606.89348678750025,324.20119854504912,0.059999999999999998,0.27987467447916659
,606.99348571328142,324.67264139789279,0.059999999999999998,0.2788574218749999
,607.09348463828132,325.73081907587709,0.059999999999999998,0.2788574218749999
,607.19348356484375,325.87750238513951,0.059999999999999998,0.2788574218749999
,607.29348249140617,326.01370940225922,0.059999999999999998,0.2788574218749999
,607.39348141796859,326.76810500879498,0.059999999999999998,0.27987467447916659
,607.49348034375021,328.1512375577617,0.059999999999999998,0.28089192708333327
,607.59347927031263,327.73209704959385,0.059999999999999998,0.2819091796874999
,607.69347819687505,327.22913906005209,0.059999999999999998,0.2819091796874999
,607.79347712343747,326.44329206903484,0.059999999999999998,0.28089192708333327
,607.89347604999989,324.72502481796289,0.059999999999999998,0.27987467447916659
,607.99347497656231,325.1964832892271,0.059999999999999998,0.2788574218749999
,608.09347390390644,325.79368320149325,0.059999999999999998,0.2788574218749999
,608.19347283437514,325.47936485054015,0.059999999999999998,0.2788574218749999
,608.29347176484384,325.46888767107902,0.059999999999999998,0.2788574218749999
,608.39347069531254,326.72619335377436,0.059999999999999998,0.27987467447916659
,608.49346962578124,328.02549458894816,0.059999999999999998,0.27987467447916659
,608.59346855624995,327.61683479724326,0.059999999999999998,0.28089192708333327
,608.69346748593739,326.61093677001804,0.059999999999999998,0.27987467447916659
,608.79346641640609,325.69938709783139,0.059999999999999998,0.2788574218749999
,608.89346534687525,324.25358036957988,0.059999999999999998,0.27784016927083327
,608.99346427734395,325.08123662297425,0.059999999999999998,0.27784016927083327
,609.09346320625014,325.92988957637596,0.059999999999999998,0.27784016927083327
,609.19346213437507,326.06609699207667,0.059999999999999998,0.27784016927083327
,609.2934610625,326.45376981939086,0.059999999999999998,0.27784016927083327
,609.39345999062493,327.30248635272125,0.059999999999999998,0.2788574218749999
,609.49345891874987,328.18267340714476,0.059999999999999998,0.27987467447916659
,609.59345784687525,327.99405895482641,0.059999999999999998,0.28089192708333327
,609.69345677500019,327.33392098612416,0.059999999999999998,0.28089192708333327
,609.79345570312512,326.47472533757173,0.059999999999999998,0.27987467447916659
,609.89345463125005,324.86122251828078,0.059999999999999998,0.2788574218749999
,609.99345355937498,325.24886840306561,0.059999999999999998,0.27784016927083327
,610.09345248046861,326.11848473369406,0.059999999999999998,0.27784016927083327
,610.19345140078144,326.38042568960157,0.059999999999999998,0.27784016927083327
,610.29345032187507,326.11848473369406,0.059999999999999998,0.27784016927083327
,610.39344924218744,326.84145062138697,0.059999999999999998,0.2788574218749999
,610.49344816328107,328.14075895077877,0.059999999999999998,0.27987467447916659
,610.5934470835939,327.79496762517272,0.059999999999999998,0.27987467447916659
,610.69344600390627,327.21866089665679,0.059999999999999998,0.27987467447916659
,610.7934449249999,326.40138112599624,0.059999999999999998,0.27987467447916659
,610.89344384531273,324.69359474509287,0.059999999999999998,0.27784016927083327
,610.99344276796887,325.33268492764034,0.059999999999999998,0.2788574218749999
,611.09344169531255,326.19182782539508,0.059999999999999998,0.2788574218749999
,611.19344062343748,325.70986441755014,0.059999999999999998,0.27784016927083327
,611.29343955156241,326.60045893298468,0.059999999999999998,0.27784016927083327
,611.39343847890609,327.18722643852544,0.059999999999999998,0.2788574218749999
,611.49343740703148,328.04645170249211,0.059999999999999998,0.27987467447916659
,611.59343633437516,327.50157316008114,0.059999999999999998,0.27987467447916659
,611.69343526250009,326.99862070870796,0.059999999999999998,0.27987467447916659
,611.79343419062502,326.21278304848028,0.059999999999999998,0.2788574218749999
,611.8934331179687,324.96599076723902,0.059999999999999998,0.27784016927083327
,611.99343204531237,325.52127363277145,0.059999999999999998,0.27784016927083327
,612.09343097265651,325.9613219650754,0.059999999999999998,0.27784016927083327
,612.19342990000018,325.76225111049104,0.059999999999999998,0.27682291666666659
,612.2934288265626,326.47472533757173,0.059999999999999998,0.27784016927083327
,612.39342775390628,327.27105176687934,0.059999999999999998,0.27784016927083327
,612.4934266804687,327.84735990824254,0.059999999999999998,0.2788574218749999
,612.59342560781238,327.52252977522477,0.059999999999999998,0.2788574218749999
,612.69342453515605,326.42233658582512,0.059999999999999998,0.27784016927083327
,612.79342346171893,325.01837514607513,0.059999999999999998,0.27682291666666659
,612.89342238906261,324.34786810831145,0.059999999999999998,0.2758056640624999
,612.9934213179688,324.63073478704405,0.059999999999999998,0.2758056640624999
,613.09342024765624,325.23839136708744,0.059999999999999998,0.2758056640624999
,613.19341917656243,324.9974213742787,0.059999999999999998,0.27377115885416659
,613.29341810624987,325.1545753173703,0.059999999999999998,0.27377115885416659
,613.39341703593732,325.78320583157159,0.059999999999999998,0.27377115885416659
,613.49341596484396,326.90431850696302,0.059999999999999998,0.27478841145833327
,613.59341489453141,326.6633260409281,0.059999999999999998,0.27478841145833327
,613.69341382421885,326.31755952155657,0.059999999999999998,0.27478841145833327
,613.79341275312504,325.46888767107902,0.059999999999999998,0.27377115885416659
,613.89341168124997,324.42120341767355,0.059999999999999998,0.27173665364583327
,613.99341060703114,325.13362137132646,0.059999999999999998,0.2727539062499999
,614.0934095328123,325.34316202270588,0.059999999999999998,0.2727539062499999
,614.19340845859392,325.32220783911339,0.059999999999999998,0.27173665364583327
,614.29340738437509,325.51079642756895,0.059999999999999998,0.27173665364583327
,614.39340631015625,326.05561946194251,0.059999999999999998,0.27173665364583327
,614.49340523593742,327.28152995686429,0.059999999999999998,0.2727539062499999
,614.59340416171858,326.82049470408339,0.059999999999999998,0.27377115885416659
,614.6934030875002,326.12896230016014,0.059999999999999998,0.27478841145833327
,614.79340201328137,325.18600628630838,0.059999999999999998,0.26461588541666659
,614.89340093750002,324.06500665248677,0.059999999999999998,0.27682291666666659
,614.99339986015616,324.50501562674327,0.059999999999999998,0.27071940104166659
,615.09339878281276,324.59930490222467,0.059999999999999998,0.2697021484374999
,615.1933977054689,324.09643544114107,0.059999999999999998,0.26868489583333327
,615.29339662812504,324.87169931251395,0.059999999999999998,0.26868489583333327
,615.39339555078118,325.36411623242617,0.059999999999999998,0.2697021484374999
,615.49339447343732,326.64237031544212,0.059999999999999998,0.27071940104166659
,615.59339339609392,327.04053294109394,0.059999999999999998,0.27071940104166659
,615.69339231875006,325.82511534870372,0.059999999999999998,0.27071940104166659
,615.7933912414062,324.88217611357874,0.059999999999999998,0.2697021484374999
,615.89339016796862,323.66691444434656,0.059999999999999998,0.26868489583333327
,615.99338909531275,324.36882101812085,0.059999999999999998,0.26868489583333327
,616.09338802187517,325.0393289448254,0.059999999999999998,0.26868489583333327
,616.19338694921885,324.85074573088599,0.059999999999999998,0.26766764322916659
,616.29338587656252,325.21743731493348,0.059999999999999998,0.26868489583333327
,616.39338480312495,325.87750238513951,0.059999999999999998,0.2697021484374999
,616.49338373046862,326.87288453916278,0.059999999999999998,0.2697021484374999
,616.59338265781275,326.69475967182848,0.059999999999999998,0.27071940104166659
,616.69338158437517,325.90893468135863,0.059999999999999998,0.27071940104166659
,616.79338051171885,324.62025815177725,0.059999999999999998,0.2697021484374999
,616.89337943828127,323.36311459371336,0.059999999999999998,0.26868489583333327
,616.99337836484369,323.79262660542611,0.059999999999999998,0.26766764322916659
,617.09337729140611,324.28500955104391,0.059999999999999998,0.26868489583333327
,617.19337621875025,324.49453907581335,0.059999999999999998,0.26766764322916659
,617.29337514531267,324.95551391176042,0.059999999999999998,0.26766764322916659
,617.39337407187509,325.63652331216463,0.059999999999999998,0.26868489583333327
,617.49337299843751,326.40138112599624,0.059999999999999998,0.2697021484374999
,617.59337192499993,326.12896230016014,0.059999999999999998,0.2697021484374999
,617.69337085234361,324.82979217663808,0.059999999999999998,0.2697021484374999
,617.79336977812522,324.20119854504912,0.059999999999999998,0.26868489583333327
,617.89336870390639,323.20597930021404,0.059999999999999998,0.26868489583333327
,617.99336763046881,323.68786639553599,0.059999999999999998,0.26766764322916659
,618.09336655624998,324.70407142911353,0.059999999999999998,0.26868489583333327
,618.19336548203114,324.56787508044829,0.059999999999999998,0.26868489583333327
,618.29336440781231,324.49453907581335,0.059999999999999998,0.26868489583333327
,618.39336333359392,325.0393289448254,0.059999999999999998,0.2697021484374999
,618.49336225937509,325.97179944026146,0.059999999999999998,0.27071940104166659
,618.59336118515625,325.62604603672338,0.059999999999999998,0.27071940104166659
,618.69336011093742,324.88217611357874,0.059999999999999998,0.27173665364583327
,618.79335903749984,323.97072068382317,0.059999999999999998,0.27071940104166659
,618.89335796484397,322.30510522855928,0.059999999999999998,0.2697021484374999
,618.99335689140639,322.49365523020447,0.059999999999999998,0.26868489583333327
,619.09335581796881,323.63548657455448,0.059999999999999998,0.2697021484374999
,619.19335474453123,323.5516792573963,0.059999999999999998,0.26868489583333327
,619.29335367187491,323.6250106331816,0.059999999999999998,0.26868489583333327
,619.39335259843733,324.04405416342667,0.059999999999999998,0.2697021484374999
,619.49335152500021,324.36882101812085,0.059999999999999998,0.2697021484374999
,619.59335045234388,323.7507224308942,0.059999999999999998,0.2697021484374999
,619.69334937812505,323.82405481527644,0.059999999999999998,0.2697021484374999
,619.79334829921868,323.1012234226281,0.059999999999999998,0.26868489583333327
,619.89334722031231,321.99086133587514,0.059999999999999998,0.26766764322916659
,619.99334614140639,322.80791121887592,0.059999999999999998,0.26766764322916659
,620.09334506250002,323.47834825743274,0.059999999999999998,0.26766764322916659
,620.19334398359365,323.28978457061277,0.059999999999999998,0.26766764322916659
,620.29334290468773,323.88691143721735,0.059999999999999998,0.26766764322916659
,620.39334182578136,324.7878851504953,0.059999999999999998,0.2697021484374999
,620.49334074765625,325.63652331216463,0.059999999999999998,0.27071940104166659

trace_size,204
trace_types,5,4
trace_names,,Value
trace_units,,
devices,Platform,Platform
raster,OnChange,OnChange
description,,
displayidentifier,,
path,,Model Root/PumpFlow
flags,,2
min,,-1.797693135e+308
max,,1.797693135e+308
minWeak,,-1.797693135e+308
maxWeak,,1.797693135e+308
trace_values,-0.94918070468747828,0.040000000000000001
,2.069916195312544,0.040000000000000001
,5.1278663953125942,0.040000000000000001
,8.1958622953125086,0.040000000000000001
,11.256815695312525,0.040000000000000001
,14.31584269531254,0.040000000000000001
,17.381839195312523,0.040000000000000001
,20.443925795312452,0.040000000000000001
,23.50517389531251,0.040000000000000001
,26.566823695312451,0.040000000000000001
,28.567810595312494,0.059999999999999998
,31.600836595312558,0.059999999999999998
,34.657822995312472,0.059999999999999998
,37.725822695312445,0.059999999999999998
,40.784318895312481,0.059999999999999998
,43.846830495312588,0.059999999999999998
,46.908843595312419,0.059999999999999998
,49.978570895312487,0.059999999999999998
,53.033859195312516,0.059999999999999998
,56.097818095312505,0.059999999999999998
,59.157800495312586,0.059999999999999998
,62.221829795312487,0.059999999999999998
,65.286514395312452,0.059999999999999998
,68.352810995312439,0.059999999999999998
,71.408828495312491,0.059999999999999998
,74.47487229531248,0.059999999999999998
,77.533875095312624,0.059999999999999998
,80.597846295312593,0.059999999999999998
,83.632853795312485,0.059999999999999998
,86.690856195312563,0.059999999999999998
,89.757829495312535,0.059999999999999998
,92.773902395312462,0.059999999999999998
,95.831843595312421,0.059999999999999998
,98.850800195312559,0.059999999999999998
,101.91284189531257,0.059999999999999998
,104.97386379531258,0.059999999999999998
,108.03984599531259,0.059999999999999998
,111.05184109531251,0.059999999999999998
,114.11232119531246,0.059999999999999998
,117.19286239531243,0.059999999999999998
,120.19582509531256,0.059999999999999998
,123.25381329531251,0.059999999999999998
,126.31985759531244,0.059999999999999998
,129.38287489531263,0.059999999999999998
,133.45678769531264,0.059999999999999998
,136.51786769531259,0.059999999999999998
,139.58680409531257,0.059999999999999998
,142.64681539531261,0.059999999999999998
,145.7048580953126,0.059999999999999998
,148.77285659531253,0.059999999999999998
,151.83483879531263,0.059999999999999998
,154.89383259531246,0.059999999999999998
,157.95986299531251,0.059999999999999998
,161.02383449531249,0.059999999999999998
,164.08086609531256,0.059999999999999998
,167.14385749531243,0.059999999999999998
,170.20785759531259,0.059999999999999998
,173.26895779531242,0.059999999999999998
,176.33584259531244,0.059999999999999998
,179.39775789531245,0.059999999999999998
,182.45784529531261,0.059999999999999998
,185.52281289531243,0.059999999999999998
,188.58383959531261,0.059999999999999998
,191.64383739531263,0.059999999999999998
,194.71181879531264,0.059999999999999998
,197.7728156953126,0.059999999999999998
,200.83287319531246,0.059999999999999998
,203.89586109531251,0.059999999999999998
,206.95895589531256,0.059999999999999998
,210.01890079531245,0.059999999999999998
,213.08681389531262,0.059999999999999998
,216.14378729531245,0.059999999999999998
,219.20781489531259,0.059999999999999998
,222.27282169531259,0.059999999999999998
,225.33678959531244,0.059999999999999998
,228.39281379531258,0.059999999999999998
,231.4608483953125,0.059999999999999998
,234.51984699531249,0.059999999999999998
,237.58286839531252,0.059999999999999998
,240.64585139531255,0.059999999999999998
,243.70893819531261,0.059999999999999998
,246.76886299531247,0.059999999999999998
,249.83579229531256,0.059999999999999998
,252.89379389531246,0.059999999999999998
,255.95590749531243,0.059999999999999998
,259.02283889531259,0.059999999999999998
,262.0849142953125,0.059999999999999998
,265.14382099531258,0.059999999999999998
,268.20582329531248,0.059999999999999998
,271.27284809531261,0.059999999999999998
,274.33084109531251,0.059999999999999998
,277.39469479531249,0.059999999999999998
,280.45983569531245,0.059999999999999998
,283.51979039531261,0.059999999999999998
,286.58487119531242,0.059999999999999998
,289.6478255953125,0.059999999999999998
,292.70581189531254,0.059999999999999998
,295.77382069531245,0.059999999999999998
,298.83484049531262,0.059999999999999998
,301.89385519531243,0.059999999999999998
,304.95991529531261,0.059999999999999998
,308.02282139531258,0.059999999999999998
,311.08282399531254,0.059999999999999998
,314.15003299531259,0.059999999999999998
,317.21081489531252,0.059999999999999998
,320.26883159531258,0.059999999999999998
,323.33481229531253,0.059999999999999998
,326.40250239531247,0.059999999999999998
,329.45779919531242,0.059999999999999998
,332.52283249531251,0.059999999999999998
,335.58093189531246,0.059999999999999998
,338.64284599531243,0.059999999999999998
,341.70489949531247,0.059999999999999998
,344.77182799531261,0.059999999999999998
,347.83186219531262,0.059999999999999998
,350.89882509531253,0.059999999999999998
,353.96086879531254,0.059999999999999998
,357.01890959531261,0.059999999999999998
,360.08485189531257,0.059999999999999998
,363.14882199531257,0.059999999999999998
,366.20684759531264,0.059999999999999998
,369.26890259531251,0.059999999999999998
,372.3328515953126,0.059999999999999998
,375.39508609531254,0.059999999999999998
,378.45896589531253,0.059999999999999998
,381.52491429531233,0.059999999999999998
,384.58084849531247,0.059999999999999998
,387.64876969531247,0.059999999999999998
,390.70891729531263,0.059999999999999998
,393.76979539531271,0.059999999999999998
,396.83769599531274,0.059999999999999998
,399.89888749531269,0.059999999999999998
,402.95484609531263,0.059999999999999998
,406.02285619531244,0.059999999999999998
,409.08490969531272,0.059999999999999998
,412.14289089531235,0.059999999999999998
,415.21090709531268,0.059999999999999998
,418.27280359531255,0.059999999999999998
,421.33284039531259,0.059999999999999998
,424.39881089531241,0.059999999999999998
,427.45888399531236,0.059999999999999998
,430.51882189531239,0.059999999999999998
,433.58580179531259,0.059999999999999998
,436.64486059531259,0.059999999999999998
,439.70485339531274,0.059999999999999998
,442.77282569531258,0.059999999999999998
,445.83499089531256,0.059999999999999998
,448.89282139531247,0.059999999999999998
,451.95878489531265,0.059999999999999998
,455.02283389531271,0.059999999999999998
,458.08147979531236,0.059999999999999998
,461.14685749531259,0.059999999999999998
,464.21080529531241,0.059999999999999998
,467.2688436953124,0.059999999999999998
,470.33280849531252,0.059999999999999998
,473.33611179531249,0.059999999999999998
,476.39893109531272,0.059999999999999998
,479.45676309531268,0.059999999999999998
,482.52787659531236,0.059999999999999998
,485.5866447953124,0.059999999999999998
,488.64569389531266,0.059999999999999998
,491.72381619531257,0.059999999999999998
,494.79015309531246,0.059999999999999998
,497.82989669531275,0.059999999999999998
,500.89791429531238,0.059999999999999998
,503.95882119531257,0.059999999999999998
,507.05388859531263,0.059999999999999998
,510.11384949531271,0.059999999999999998
,513.17983989531263,0.059999999999999998
,516.19790819531249,0.059999999999999998
,519.20858259531246,0.059999999999999998
,522.27391809531241,0.059999999999999998
,525.28578649531232,0.059999999999999998
,528.34785669531243,0.059999999999999998
,531.4078414953126,0.059999999999999998
,534.47582539531254,0.059999999999999998
,537.53583029531251,0.059999999999999998
,540.60086409531255,0.059999999999999998
,543.66082589531266,0.059999999999999998
,546.72279639531257,0.059999999999999998
,549.78286569531269,0.059999999999999998
,552.8498014953127,0.059999999999999998
,555.90998439531245,0.059999999999999998
,558.97583529531244,0.059999999999999998
,562.0398455953125,0.059999999999999998
,565.09781179531251,0.059999999999999998
,568.15894099531238,0.059999999999999998
,571.2258171953124,0.059999999999999998
,574.28286129531239,0.059999999999999998
,577.35082839531265,0.059999999999999998
,580.40784479531271,0.059999999999999998
,583.47384049531252,0.059999999999999998
,586.53889709531245,0.059999999999999998
,589.5998341953125,0.059999999999999998
,592.65882859531234,0.059999999999999998
,595.72483209531242,0.059999999999999998
,598.79080859531246,0.059999999999999998
,601.84686659531258,0.059999999999999998
,604.90897389531233,0.059999999999999998
,607.97683989531265,0.059999999999999998
,611.03480769531257,0.059999999999999998
,614.10089369531238,0.059999999999999998
,617.15783419531249,0.059999999999999998
,620.22189029531251,0.059999999999999998

