descriptions,General,User,Visitor
,General,DateTime,05/04/2025 21:21:10
,General,Origin,"Software revision: rl_tts1_top_hostpc_6e8x0_openloop.sdf, rl_tts1_top_hostpc_6e8x0_openloop.ppc\nVariable description: rl_tts1_top_hostpc_6e8x0_openloop.sdf\n    Platform / Device: Platform [DS1104 R&D Controller Board, assigned to 'ds1104']\nControlDesk version: 7.3"
,General,Description,
,Recording,StartCondition,None (Immediate Recording)
,Recording,StopCondition,None
,Measurement,XAxisOffset,0
,Measurement,Length,381.495906
,Measurement,StartTimestamp,847.1909084
,Measurement,StopTimestamp,1228.686814
,MDF,Department,
,MDF,Project,
,MDF,MeasurementObject,

trace_size,3816
trace_types,5,4,4,4
trace_names,,In1,In1,In1
trace_units,,,,
devices,Platform,Platform,Platform,Platform
raster,HostService,HostService,HostService,HostService
description,,,,
displayidentifier,,,,
path,,Model Root/Height_T1\n,Model Root/TTS dSPACE RTI1104/PumpLeft,Model Root/TTS dSPACE RTI1104/ValvePos_LD
flags,,2,2,2
min,,-1.797693135e+308,-1.797693135e+308,-1.797693135e+308
max,,1.797693135e+308,1.797693135e+308,1.797693135e+308
minWeak,,-1.797693135e+308,-1.797693135e+308,-1.797693135e+308
maxWeak,,1.797693135e+308,1.797693135e+308,1.797693135e+308
trace_values,0,5.0223246001956152,0.029999999999999999,0.090665690104166585
,0.099998919531230968,6.1697083752447721,0.029999999999999999,0.090665690104166585
,0.19999783984371788,6.9191303168001337,0.029999999999999999,0.091682942708333215
,0.2999967601562048,8.1118178928705102,0.029999999999999999,0.092700195312499956
,0.39999568046869172,7.7846145673183056,0.029999999999999999,0.093717447916666585
,0.49999460078117863,7.4439555667487998,0.029999999999999999,0.093717447916666585
,0.59999352109366555,6.4986265522923308,0.029999999999999999,0.092700195312499956
,0.69999244140626615,4.8769474956309136,0.029999999999999999,0.091682942708333215
,0.79999136093749712,5.7481797548015674,0.029999999999999999,0.091682942708333215
,0.89999028671866199,6.7483698045806673,0.029999999999999999,0.091682942708333215
,0.9999892132811965,6.1433797416041873,0.029999999999999999,0.090665690104166585
,1.099988139843731,7.1291674680477097,0.029999999999999999,0.091682942708333215
,1.1999870664062655,8.6346252176693401,0.029999999999999999,0.092700195312499956
,1.2999859929686863,10.19778506670117,0.029999999999999999,0.093717447916666585
,1.3999849195312208,9.5474233795150472,0.029999999999999999,0.093717447916666585
,1.4999838460937553,9.1174385124353083,0.029999999999999999,0.093717447916666585
,1.5999827718749202,8.3733318129954863,0.029999999999999999,0.093717447916666585
,1.6999816984374547,7.4701734365709012,0.029999999999999999,0.092700195312499956
,1.7999806257812452,8.281827052303667,0.029999999999999999,0.092700195312499956
,1.8999795531249219,9.2217319198749994,0.029999999999999999,0.092700195312499956
,1.9999784804687124,9.0522373432250642,0.029999999999999999,0.091682942708333215
,2.0999774078125029,9.6645888319226412,0.029999999999999999,0.092700195312499956
,2.1999763351561796,10.730070432799222,0.029999999999999999,0.093717447916666585
,2.2999752624999701,12.063287252678977,0.029999999999999999,0.094734700520833215
,2.3999741898437605,11.998698979737211,0.029999999999999999,0.094734700520833215
,2.4999731171874373,10.84679210005695,0.029999999999999999,0.094734700520833215
,2.5999720445312278,9.7166482035084538,0.029999999999999999,0.094734700520833215
,2.6999709718749045,8.5431975757990717,0.029999999999999999,0.092700195312499956
,2.7999698999999509,9.3390201671572246,0.029999999999999999,0.091682942708333215
,2.8999688281249973,9.7166482035084538,0.029999999999999999,0.091682942708333215
,2.9999677562499301,10.600328473124575,0.029999999999999999,0.091682942708333215
,3.0999666851562324,11.377972889822045,0.029999999999999999,0.091682942708333215
,3.1999656132811651,12.205334625749684,0.029999999999999999,0.091682942708333215
,3.2999645414062115,14.020458459560762,0.029999999999999999,0.093717447916666585
,3.3999634695312579,13.917752278408321,0.029999999999999999,0.094734700520833215
,3.4999623976561907,13.40371884715948,0.029999999999999999,0.093717447916666585
,3.5999613257812371,11.972859942868643,0.029999999999999999,0.093717447916666585
,3.6999602546874257,10.353669983484883,0.029999999999999999,0.092700195312499956
,3.7999591820312162,11.416804359495332,0.029999999999999999,0.091682942708333215
,3.8999581093750066,12.901726917998188,0.029999999999999999,0.091682942708333215
,3.9999570367186834,13.082021338498775,0.029999999999999999,0.092700195312499956
,4.0999559648437298,13.455159949072888,0.029999999999999999,0.091682942708333215
,4.1999548921874066,14.507856956035214,0.029999999999999999,0.092700195312499956
,4.299953819531197,15.211973832202238,0.029999999999999999,0.094734700520833215
,4.3999527468749875,15.109654127665019,0.029999999999999999,0.094734700520833215
,4.4999516749999202,14.687235443448715,0.029999999999999999,0.094734700520833215
,4.5999506023437107,13.647989284744151,0.029999999999999999,0.092700195312499956
,4.6999495304687571,12.282787897242455,0.029999999999999999,0.091682942708333215
,4.7999484601562017,12.914608520501519,0.029999999999999999,0.091682942708333215
,4.89994738984376,13.892070506796317,0.029999999999999999,0.091682942708333215
,4.9999463195312046,14.495040310931712,0.029999999999999999,0.091682942708333215
,5.0999452492187629,14.635994831591246,0.029999999999999999,0.090665690104166585
,5.1999441789062075,15.684773285639634,0.029999999999999999,0.091682942708333215
,5.2999431085937658,17.353107904726478,0.029999999999999999,0.093717447916666585
,5.3999420382812104,16.691914147583375,0.029999999999999999,0.092700195312499956
,5.4999409679686551,16.118617468053614,0.029999999999999999,0.093717447916666585
,5.5999398968749574,15.352609493944216,0.029999999999999999,0.092700195312499956
,5.6999388265625157,14.264251747187734,0.029999999999999999,0.090665690104166585
,5.7999377554687044,14.648805763037158,0.029999999999999999,0.090665690104166585
,5.8999366851562627,14.610371411344305,0.029999999999999999,0.089648437499999956
,5.9999356140624514,15.020097261530493,0.029999999999999999,0.089648437499999956
,6.0999345437500097,15.442072436575055,0.029999999999999999,0.088631184895833215
,6.1999334726561983,17.035397382526746,0.029999999999999999,0.089648437499999956
,6.2999324023437566,18.494258131480734,0.029999999999999999,0.090665690104166585
,6.3999313312499453,17.886151157290634,0.029999999999999999,0.090665690104166585
,6.4999302609375036,16.793725557148299,0.029999999999999999,0.090665690104166585
,6.5999291906249482,16.539135986410152,0.029999999999999999,0.089648437499999956
,6.6999281171874827,15.390953846437734,0.029999999999999999,0.088631184895833215
,6.7999270445311595,16.093113616472444,0.029999999999999999,0.087613932291666585
,6.8999259718749499,16.793725557148299,0.029999999999999999,0.087613932291666585
,6.9999248992187404,16.475456775622916,0.029999999999999999,0.086596679687499956
,7.0999238265624172,16.8827838630394,0.029999999999999999,0.086596679687499956
,7.1999227546874636,18.355002190510589,0.029999999999999999,0.088631184895833215
,7.299921682031254,19.845698094860282,0.029999999999999999,0.088631184895833215
,7.3999206093749308,19.379019734899309,0.029999999999999999,0.088631184895833215
,7.4999195367187212,18.595497211467155,0.029999999999999999,0.088631184895833215
,7.5999184632812558,18.203017585489114,0.029999999999999999,0.088631184895833215
,7.6999173890624206,16.844619064963254,0.029999999999999999,0.086596679687499956
,7.7999163148436992,17.683191857473304,0.029999999999999999,0.086596679687499956
,7.8999152414062337,18.392987082539356,0.029999999999999999,0.085579427083333215
,7.9999141671875122,18.241020495735391,0.029999999999999999,0.085579427083333215
,8.0999130929686771,18.279018898835837,0.029999999999999999,0.084562174479166585
,8.1999120187499557,19.921312023356315,0.029999999999999999,0.086596679687499956
,8.2999109445312342,21.693166622920337,0.029999999999999999,0.086596679687499956
,8.3999098703125128,21.103625036692151,0.029999999999999999,0.087613932291666585
,8.4999087960936777,19.820489511072438,0.029999999999999999,0.086596679687499956
,8.5999077242187241,18.405647713077741,0.029999999999999999,0.085579427083333215
,8.6999066531249127,17.886151157290634,0.029999999999999999,0.084562174479166585
,8.7999055820312151,19.51783259725628,0.029999999999999999,0.085579427083333215
,8.8999045109374038,20.273942898018149,0.029999999999999999,0.085579427083333215
,8.9999034398437061,20.009505873500963,0.029999999999999999,0.085579427083333215
,9.0999023687500085,20.160639268578699,0.029999999999999999,0.084562174479166585
,9.1999012976561971,21.580358548615166,0.029999999999999999,0.085579427083333215
,9.2999002265624995,22.881539213712955,0.029999999999999999,0.086596679687499956
,9.3998991554686881,22.694189307842919,0.029999999999999999,0.087613932291666585
,9.4998980835937346,21.668101547618704,0.029999999999999999,0.086596679687499956
,9.5998970085937572,20.46269400397054,0.029999999999999999,0.085579427083333215
,9.6998959328124101,18.671405561508315,0.029999999999999999,0.084562174479166585
,9.7998948578124327,19.505215719173719,0.029999999999999999,0.083544921874999956
,9.8998937820311994,21.178945353763297,0.029999999999999999,0.083544921874999956
,9.9998927062499661,21.229149177437741,0.029999999999999999,0.082527669270833215
,10.099891630468733,21.617965593788078,0.029999999999999999,0.083544921874999956
,10.199890554687499,21.968754934710027,0.029999999999999999,0.083544921874999956
,10.299889478906266,23.20602466522417,0.029999999999999999,0.084562174479166585
,10.399888403124919,23.530188420578916,0.029999999999999999,0.085579427083333215
,10.499887328906198,23.268388799036728,0.029999999999999999,0.085579427083333215
,10.599886255468732,21.617965593788078,0.029999999999999999,0.084562174479166585
,10.699885182031267,20.261355568906026,0.029999999999999999,0.082527669270833215
,10.799884108593687,20.777034484224409,0.029999999999999999,0.082527669270833215
,10.899883035156222,22.356688064066205,0.029999999999999999,0.082527669270833215
,10.999881961718756,22.506731754446427,0.029999999999999999,0.081510416666666585
,11.099880888281177,22.656706415698117,0.029999999999999999,0.081510416666666585
,11.199879814843712,23.343210066452485,0.029999999999999999,0.082527669270833215
,11.299878741406246,24.277036825775482,0.029999999999999999,0.083544921874999956
,11.399877667968667,24.451057215333542,0.029999999999999999,0.083544921874999956
,11.499876595312458,24.17755520521667,0.029999999999999999,0.083544921874999956
,11.59987552421876,23.841581980302621,0.029999999999999999,0.082527669270833215
,11.699874452343693,22.444221945266833,0.029999999999999999,0.081510416666666585
,11.799873380468739,22.769142176114407,0.029999999999999999,0.080493164062499956
,11.899872308593672,23.567571279480958,0.029999999999999999,0.081510416666666585
,11.999871236718718,23.854031570910358,0.029999999999999999,0.081510416666666585
,12.099870165624907,24.239734748924491,0.029999999999999999,0.081510416666666585
,12.199869093749953,25.220614670950063,0.029999999999999999,0.082527669270833215
,12.299868021875,25.951272307176978,0.029999999999999999,0.083544921874999956
,12.399866949999932,25.530412631958193,0.029999999999999999,0.083544921874999956
,12.499865879687491,25.43130890559425,0.029999999999999999,0.083544921874999956
,12.599864809374935,24.798821985351296,0.029999999999999999,0.082527669270833215
,12.699863739062494,23.343210066452485,0.029999999999999999,0.081510416666666585
,12.799862668749938,23.642324198758821,0.029999999999999999,0.080493164062499956
,12.899861598437496,24.624985545476719,0.029999999999999999,0.080493164062499956
,12.999860528906197,24.724331895004454,0.029999999999999999,0.079475911458333215
,13.099859458593755,25.877041851244698,0.029999999999999999,0.079475911458333215
,13.1998583882812,27.863162302468353,0.029999999999999999,0.081510416666666585
,13.299857317968758,28.784350621663357,0.029999999999999999,0.082527669270833215
,13.399856246874947,27.94924726383379,0.029999999999999999,0.082527669270833215
,13.49985517187497,26.581560615539864,0.029999999999999999,0.082527669270833215
,13.599854096874992,26.000750031738818,0.029999999999999999,0.081510416666666585
,13.699853022656157,25.15862016873173,0.029999999999999999,0.080493164062499956
,13.79985194765618,26.297461277908887,0.029999999999999999,0.080493164062499956
,13.899850872656202,26.90242394761097,0.029999999999999999,0.080493164062499956
,13.999849797656225,26.124412010447408,0.029999999999999999,0.079475911458333215
,14.099848722656247,26.791390929509078,0.029999999999999999,0.080493164062499956
,14.199847647656156,28.821145531093848,0.029999999999999999,0.081510416666666585
,14.299846573437435,30.130872168317396,0.029999999999999999,0.082527669270833215
,14.399845499218713,29.703017078869216,0.029999999999999999,0.082527669270833215
,14.499844428125016,28.637130618126506,0.029999999999999999,0.082527669270833215
,14.599843356249949,27.296908151182549,0.029999999999999999,0.081510416666666585
,14.699842285156251,26.532169503669707,0.029999999999999999,0.080493164062499956
,14.799841213281184,27.518600355439837,0.029999999999999999,0.079475911458333215
,14.899840142187486,28.170506847696714,0.029999999999999999,0.079475911458333215
,14.999839070312419,27.863162302468353,0.029999999999999999,0.078458658854166585
,15.099837999218721,28.059895356897194,0.029999999999999999,0.079475911458333215
,15.19983692812491,29.531722949839555,0.029999999999999999,0.080493164062499956
,15.299835856249956,31.192058767877953,0.029999999999999999,0.081510416666666585
,15.399834781249979,30.936214312208278,0.029999999999999999,0.081510416666666585
,15.499833704687489,29.984240085298453,0.029999999999999999,0.081510416666666585
,15.599832628125,29.066341931302865,0.029999999999999999,0.079475911458333215
,15.699831551562511,27.99842871569745,0.029999999999999999,0.078458658854166585
,15.799830474218766,28.845673229870428,0.029999999999999999,0.079475911458333215
,15.899829397656163,29.788631511038311,0.029999999999999999,0.079475911458333215
,15.999828321093673,29.470525361664706,0.029999999999999999,0.078458658854166585
,16.099827244531184,30.521580342702237,0.029999999999999999,0.078458658854166585
,16.199826167968695,31.545051365692338,0.029999999999999999,0.080493164062499956
,16.299825092187461,32.892794488598994,0.029999999999999999,0.081510416666666585
,16.39982401796874,32.674602191391692,0.029999999999999999,0.081510416666666585
,16.499822944531161,32.140656838646208,0.029999999999999999,0.081510416666666585
,16.599821870312439,31.338169120037691,0.029999999999999999,0.080493164062499956
,16.699820796874974,29.629615970955712,0.029999999999999999,0.079475911458333215
,16.799819723437508,30.984961458968613,0.029999999999999999,0.079475911458333215
,16.899818649218673,31.73964925524561,0.029999999999999999,0.079475911458333215
,16.999817575781208,31.399029902720912,0.029999999999999999,0.079475911458333215
,17.099816502343742,32.262081313565389,0.029999999999999999,0.079475911458333215
,17.199815428124907,33.32876306494947,0.029999999999999999,0.080493164062499956
,17.299814354687442,33.909195650114043,0.029999999999999999,0.081510416666666585
,17.399813282812488,33.800439050628576,0.029999999999999999,0.081510416666666585
,17.499812210937421,33.570728955404995,0.029999999999999999,0.081510416666666585
,17.599811139062467,32.892794488598994,0.029999999999999999,0.081510416666666585
,17.699810067187514,31.654526361645772,0.029999999999999999,0.080493164062499956
,17.799808995312446,32.164945187660742,0.029999999999999999,0.079475911458333215
,17.899807923437493,33.195609179480023,0.029999999999999999,0.079475911458333215
,17.999806851562425,33.256140071578315,0.029999999999999999,0.079475911458333215
,18.099805779687472,34.355946216364138,0.029999999999999999,0.080493164062499956
,18.199804707812405,35.668707937980038,0.029999999999999999,0.081510416666666585
,18.299803632812427,36.748919869786796,0.029999999999999999,0.082527669270833215
,18.39980255781245,36.365227026493095,0.029999999999999999,0.082527669270833215
,18.499801482031216,35.464291718425422,0.029999999999999999,0.083544921874999956
,18.599800407031239,34.53689683523249,0.029999999999999999,0.082527669270833215
,18.699799331250006,33.183501720619269,0.029999999999999999,0.080493164062499956
,18.799798256249915,33.981680991710988,0.029999999999999999,0.080493164062499956
,18.899797180468681,34.910561895244236,0.029999999999999999,0.081510416666666585
,18.999796105468704,35.031013106109313,0.029999999999999999,0.080493164062499956
,19.099795029687471,35.945080203816183,0.029999999999999999,0.080493164062499956
,19.199793953906237,37.192041650689788,0.029999999999999999,0.081510416666666585
,19.299792877343748,38.064674547655251,0.029999999999999999,0.082527669270833215
,19.399791801562515,37.62265135185757,0.029999999999999999,0.082527669270833215
,19.499790724999912,37.120222061687713,0.029999999999999999,0.082527669270833215
,19.599789648437422,36.245236645871316,0.029999999999999999,0.081510416666666585
,19.699788572656189,34.826221141661954,0.029999999999999999,0.080493164062499956
,19.7997874960937,35.885017916878311,0.029999999999999999,0.080493164062499956
,19.89978641953121,36.485176238005991,0.029999999999999999,0.080493164062499956
,19.999785342968721,36.197228953455252,0.029999999999999999,0.079475911458333215
,20.099784267187488,37.263846560518473,0.029999999999999999,0.079475911458333215
,20.199783192968766,38.720715768782362,0.029999999999999999,0.081510416666666585
,20.299782120312443,40.14788585436343,0.029999999999999999,0.082527669270833215
,20.39978104843749,39.649026288589447,0.029999999999999999,0.082527669270833215
,20.499779975781166,38.684963026929132,0.029999999999999999,0.082527669270833215
,20.599778903124957,38.398811144488761,0.029999999999999999,0.081510416666666585
,20.699777831250003,37.574831843365033,0.029999999999999999,0.080493164062499956
,20.79977675859368,38.279512892844402,0.029999999999999999,0.080493164062499956
,20.89977568593747,38.97088411850271,0.029999999999999999,0.080493164062499956
,20.999774614062517,38.923246597349333,0.029999999999999999,0.079475911458333215
,21.099773541406194,38.816038795439866,0.029999999999999999,0.079475911458333215
,21.19977246562496,40.574926738537052,0.029999999999999999,0.081510416666666585
,21.299771389062471,42.089200076098408,0.029999999999999999,0.082527669270833215
,21.399770311718726,41.640313230822144,0.029999999999999999,0.082527669270833215
,21.499769235156236,40.646050785052346,0.029999999999999999,0.082527669270833215
,21.599768158593747,39.292270447937767,0.029999999999999999,0.081510416666666585
,21.699767081250002,37.969148882461205,0.029999999999999999,0.079475911458333215
,21.799766004687513,39.197075152277314,0.029999999999999999,0.079475911458333215
,21.89976492812491,40.444496013332916,0.029999999999999999,0.079475911458333215
,21.999763850781164,40.53935942702541,0.029999999999999999,0.078458658854166585
,22.099762774999931,41.096176327439501,0.029999999999999999,0.078458658854166585
,22.199761703124977,42.124614812983815,0.029999999999999999,0.080493164062499956
,22.299760630468654,42.855746726255752,0.029999999999999999,0.080493164062499956
,22.399759558593701,43.067735840427645,0.029999999999999999,0.081510416666666585
,22.499758486718747,42.749705882342738,0.029999999999999999,0.081510416666666585
,22.59975741484368,42.053781876958915,0.029999999999999999,0.080493164062499956
,22.699756342968726,40.136016334618866,0.029999999999999999,0.078458658854166585
,22.799755271093659,40.906718481989394,0.029999999999999999,0.078458658854166585
,22.899754199218705,42.112810285291843,0.029999999999999999,0.078458658854166585
,22.999753127343752,42.513948834767511,0.029999999999999999,0.078458658854166585
,23.099752053906172,42.914644964249668,0.029999999999999999,0.077441406249999956
,23.199750978906195,43.785229331127198,0.029999999999999999,0.078458658854166585
,23.299749903124962,44.806116819682892,0.029999999999999999,0.079475911458333215
,23.399748828124984,44.501320695637553,0.029999999999999999,0.079475911458333215
,23.499747753125007,44.372292536776222,0.029999999999999999,0.080493164062499956
,23.59974667734366,43.303134860967063,0.029999999999999999,0.078458658854166585
,23.699745602343683,42.431397723938701,0.029999999999999999,0.077441406249999956
,23.799744526562449,43.385488675768336,0.029999999999999999,0.077441406249999956
,23.899743451562472,44.39575556678885,0.029999999999999999,0.077441406249999956
,23.999742375781238,44.430947307024248,0.029999999999999999,0.077441406249999956
,24.099741301562403,44.817834718162231,0.029999999999999999,0.077441406249999956
,24.199740227343682,45.987754743682146,0.029999999999999999,0.078458658854166585
,24.29973915312496,46.373021083651935,0.029999999999999999,0.079475911458333215
,24.399738079687495,46.664624871340393,0.029999999999999999,0.079475911458333215
,24.49973700546866,46.338013320036794,0.029999999999999999,0.079475911458333215
,24.599735931249938,45.47344483429881,0.029999999999999999,0.078458658854166585
,24.699734857031217,44.419217100844669,0.029999999999999999,0.077441406249999956
,24.799733782812496,44.911564517049406,0.029999999999999999,0.076424153645833215
,24.89973270859366,45.707310356119493,0.029999999999999999,0.077441406249999956
,24.999731634374939,45.859243993644334,0.029999999999999999,0.077441406249999956
,25.099730561718729,46.629644430705483,0.029999999999999999,0.077441406249999956
,25.199729489062406,47.351910406389592,0.029999999999999999,0.078458658854166585
,25.299728415624941,48.246990774859285,0.029999999999999999,0.079475911458333215
,25.399727342968731,47.619494798609082,0.029999999999999999,0.079475911458333215
,25.499726269531266,47.944993304950408,0.029999999999999999,0.078458658854166585
,25.599725196874942,47.456640013265925,0.029999999999999999,0.078458658854166585
,25.699724123437477,45.824187898025627,0.029999999999999999,0.076424153645833215
,25.799723050781154,46.722918335260573,0.029999999999999999,0.077441406249999956
,25.899721977343688,46.862785605521772,0.029999999999999999,0.076424153645833215
,25.999720905468735,47.456640013265925,0.029999999999999999,0.076424153645833215
,26.099719834374923,48.339864567257251,0.029999999999999999,0.076424153645833215
,26.199718763281226,49.811202744333869,0.029999999999999999,0.078458658854166585
,26.29971769296867,50.712060048966066,0.029999999999999999,0.079475911458333215
,26.399716621874973,50.388918305653036,0.029999999999999999,0.079475911458333215
,26.499715551562417,50.1810408815617,0.029999999999999999,0.079475911458333215
,26.59971448046872,49.45258100911326,0.029999999999999999,0.079475911458333215
,26.699713409374908,48.305039565984288,0.029999999999999999,0.077441406249999956
,26.799712339062467,48.722728475580453,0.029999999999999999,0.077441406249999956
,26.899711267968655,49.56830220757314,0.029999999999999999,0.077441406249999956
,26.999710195312446,49.244194394155613,0.029999999999999999,0.076424153645833215
,27.09970912187498,49.556731665211515,0.029999999999999999,0.076424153645833215
,27.199708049218657,51.265388291635063,0.029999999999999999,0.077441406249999956
,27.299706975781191,52.174357739575086,0.029999999999999999,0.079475911458333215
,27.399705903124982,51.898439803207808,0.029999999999999999,0.079475911458333215
,27.499704829687516,51.760407462369017,0.029999999999999999,0.079475911458333215
,27.599703757031193,50.677450684744542,0.029999999999999999,0.078458658854166585
,27.699702683593728,49.336824722330284,0.029999999999999999,0.077441406249999956
,27.799701610937404,50.100169263012383,0.029999999999999999,0.076424153645833215
,27.899700537499939,51.196265561973192,0.029999999999999999,0.076424153645833215
,27.999699465624985,51.725891719144414,0.029999999999999999,0.076424153645833215
,28.099698392968662,51.645343059284698,0.029999999999999999,0.075406901041666585
,28.199697321093709,53.000943964436246,0.029999999999999999,0.077441406249999956
,28.299696248437499,54.306161548887161,0.029999999999999999,0.078458658854166585
,28.399695176562432,54.111797084654512,0.029999999999999999,0.078458658854166585
,28.499694103906222,53.528130378717719,0.029999999999999999,0.079475911458333215
,28.599693032031155,52.369681545820455,0.029999999999999999,0.077441406249999956
,28.699691960156201,51.564777689198266,0.029999999999999999,0.076424153645833215
,28.799690887499992,52.151372038549979,0.029999999999999999,0.076424153645833215
,28.89968981640618,53.218780514287118,0.029999999999999999,0.076424153645833215
,28.999688746093739,53.000943964436246,0.029999999999999999,0.075406901041666585
,29.099687674999927,53.299005671560664,0.029999999999999999,0.075406901041666585
,29.199686604687486,55.185330520029879,0.029999999999999999,0.077441406249999956
,29.29968553437493,56.483422207981803,0.029999999999999999,0.079475911458333215
,29.399684464062489,56.085330598810017,0.029999999999999999,0.079475911458333215
,29.499683393749933,55.413369607241762,0.029999999999999999,0.079475911458333215
,29.599682322656236,54.728861555770195,0.029999999999999999,0.078458658854166585
,29.69968125234368,52.805935083980486,0.029999999999999999,0.076424153645833215
,29.799680182031238,53.768568126647523,0.029999999999999999,0.076424153645833215
,29.899679109374915,54.900098619475585,0.029999999999999999,0.076424153645833215
,29.999678036718706,55.504548895714422,0.029999999999999999,0.076424153645833215
,30.09967696328124,55.698236082447281,0.029999999999999999,0.076424153645833215
,30.199675890624917,56.733450674230468,0.029999999999999999,0.077441406249999956
,30.299674817187451,57.811355446871787,0.029999999999999999,0.078458658854166585
,30.399673744531242,57.890667448361626,0.029999999999999999,0.079475911458333215
,30.499672671093663,57.92465360256314,0.029999999999999999,0.079475911458333215
,30.599671598437453,56.75617288186568,0.029999999999999999,0.078458658854166585
,30.699670524999988,55.436166374285577,0.029999999999999999,0.077441406249999956
,30.799669452343664,56.005665103240773,0.029999999999999999,0.076424153645833215
,30.899668382812479,56.98332496630114,0.029999999999999999,0.077441406249999956
,30.999667313281179,57.25573988781494,0.029999999999999999,0.077441406249999956
,31.099666243749994,57.947309471820518,0.029999999999999999,0.078458658854166585
,31.199665174218694,58.976832115307985,0.029999999999999999,0.079475911458333215
,31.299664104687508,59.541412994766546,0.029999999999999999,0.080493164062499956
,31.399663034374953,59.642956034046037,0.029999999999999999,0.080493164062499956
,31.499661964843654,59.428558288347446,0.029999999999999999,0.081510416666666585
,31.599660895312468,58.931632374367027,0.029999999999999999,0.080493164062499956
,31.699659825781168,57.788692051099844,0.029999999999999999,0.079475911458333215
,31.799658757031239,57.913325197920486,0.029999999999999999,0.078458658854166585
,31.899657687499939,58.366217448648726,0.029999999999999999,0.078458658854166585
,31.999656617187497,58.829914875842874,0.029999999999999999,0.078458658854166585
,32.099655547656198,59.800862629762804,0.029999999999999999,0.079475911458333215
,32.199654478125012,61.0282422127963,0.029999999999999999,0.081510416666666585
,32.299653408593713,61.949239240817391,0.029999999999999999,0.081510416666666585
,32.399652339062413,61.455294916754653,0.029999999999999999,0.082527669270833215
,32.499651269531228,61.129425326939952,0.029999999999999999,0.082527669270833215
,32.599650199999928,60.217899541034811,0.029999999999999999,0.081510416666666585
,32.699649130468742,59.22534245512108,0.029999999999999999,0.079475911458333215
,32.799648060937443,60.060150781924534,0.029999999999999999,0.080493164062499956
,32.899646992968655,60.758301677892888,0.029999999999999999,0.079475911458333215
,32.999645924999982,61.06197261583192,0.029999999999999999,0.079475911458333215
,33.099644856249938,61.837029647493608,0.029999999999999999,0.080493164062499956
,33.199643788281264,62.845854077457943,0.029999999999999999,0.081510416666666585
,33.299642720312477,63.438829736031238,0.029999999999999999,0.082527669270833215
,33.399641652343689,63.125661447122837,0.029999999999999999,0.082527669270833215
,33.499640584375015,62.756277172707215,0.029999999999999999,0.083544921874999956
,33.599639516406228,62.285690560408923,0.029999999999999999,0.083544921874999956
,33.699638447656184,61.241822551338984,0.029999999999999999,0.081510416666666585
,33.799637374999975,62.162355936155436,0.029999999999999999,0.082527669270833215
,33.899636300781253,62.532252911529596,0.029999999999999999,0.081510416666666585
,33.999635227343674,62.733880020814624,0.029999999999999999,0.081510416666666585
,34.099634153124953,63.315826488983092,0.029999999999999999,0.082527669270833215
,34.199633079687487,64.588894545005246,0.029999999999999999,0.083544921874999956
,34.299632005468766,66.102803867746687,0.029999999999999999,0.084562174479166585
,34.399630932031187,65.92496663996458,0.029999999999999999,0.085579427083333215
,34.499629857812465,65.368763451758099,0.029999999999999999,0.085579427083333215
,34.599628784375,64.432753720697818,0.029999999999999999,0.085579427083333215
,34.699627711718676,63.002568663207398,0.029999999999999999,0.084562174479166585
,34.799626642968747,63.87465004524276,0.029999999999999999,0.083544921874999956
,34.899625573437447,64.499678063998587,0.029999999999999999,0.084562174479166585
,34.999624504687404,64.48852472037882,0.029999999999999999,0.083544921874999956
,35.099623435937474,65.546824817122555,0.029999999999999999,0.084562174479166585
,35.19962236718743,66.691381215871971,0.029999999999999999,0.085579427083333215
,35.299621297656245,67.821937446627373,0.029999999999999999,0.086596679687499956
,35.399620228906201,67.223762679200476,0.029999999999999999,0.087613932291666585
,35.499619160156158,66.580388478577959,0.029999999999999999,0.087613932291666585
,35.599618091406228,66.280569761693897,0.029999999999999999,0.087613932291666585
,35.699617018749905,65.457803136965012,0.029999999999999999,0.085579427083333215
,35.799615945312439,65.880496164965578,0.029999999999999999,0.085579427083333215
,35.899614871093718,66.469368074396854,0.029999999999999999,0.086596679687499956
,35.999613796874996,65.9694326447881,0.029999999999999999,0.085579427083333215
,36.099612722656161,66.902191358856967,0.029999999999999999,0.085579427083333215
,36.19961164843744,68.032217657869552,0.029999999999999999,0.087613932291666585
,36.299610574218718,69.567630880083172,0.029999999999999999,0.088631184895833215
,36.399609499999997,69.69994325398541,0.029999999999999999,0.089648437499999956
,36.499608426562418,68.850275169489123,0.029999999999999999,0.089648437499999956
,36.599607352343696,67.987956270761416,0.029999999999999999,0.088631184895833215
,36.699606279687487,66.835630487854971,0.029999999999999999,0.087613932291666585
,36.799605207031163,67.434322318492192,0.029999999999999999,0.087613932291666585
,36.89960413515621,68.397209114977855,0.029999999999999999,0.087613932291666585
,36.9996030625,68.153914149498192,0.029999999999999999,0.086596679687499956
,37.099601989843677,68.452485237611953,0.029999999999999999,0.086596679687499956
,37.199600917968723,69.854259669849114,0.029999999999999999,0.088631184895833215
,37.299599845312514,71.493454806039608,0.029999999999999999,0.090665690104166585
,37.399598772656191,70.977015334556881,0.029999999999999999,0.090665690104166585
,37.499597700781237,69.733015407184155,0.029999999999999999,0.089648437499999956
,37.599596627343658,68.938625806425847,0.029999999999999999,0.089648437499999956
,37.699595551562425,68.198159310377719,0.029999999999999999,0.088631184895833215
,37.799594475781191,69.21461152380202,0.029999999999999999,0.088631184895833215
,37.899593399999958,70.327909433387788,0.029999999999999999,0.088631184895833215
,37.999592324218725,70.129696443042334,0.029999999999999999,0.088631184895833215
,38.099591248437491,70.80107599348554,0.029999999999999999,0.088631184895833215
,38.199590172656258,71.72402084880882,0.029999999999999999,0.089648437499999956
,38.299589096874911,73.105063249577981,0.029999999999999999,0.091682942708333215
,38.399588021093678,72.765654743382626,0.029999999999999999,0.092700195312499956
,38.499586945312444,72.393122252917152,0.029999999999999999,0.092700195312499956
,38.599585867968699,71.05396795941796,0.029999999999999999,0.091682942708333215
,38.699584788281186,69.766085186690759,0.029999999999999999,0.090665690104166585
,38.799583709374929,70.878057616205666,0.029999999999999999,0.090665690104166585
,38.899582630468672,71.614241583964542,0.029999999999999999,0.090665690104166585
,38.999581551562414,71.526399731671432,0.029999999999999999,0.089648437499999956
,39.099580472656157,72.283498284583203,0.029999999999999999,0.090665690104166585
,39.199579393750014,73.203556111656908,0.029999999999999999,0.092700195312499956
,39.299578314843757,74.54761076367744,0.029999999999999999,0.093717447916666585
,39.399577235156244,74.056316746797279,0.029999999999999999,0.093717447916666585
,39.499576156249987,73.673854397907562,0.029999999999999999,0.093717447916666585
,39.599575085156175,72.940863429947498,0.029999999999999999,0.093717447916666585
,39.699574014843733,71.515418346352092,0.029999999999999999,0.091682942708333215
,39.799572944531178,72.261570450743946,0.029999999999999999,0.091682942708333215
,39.899571874999992,73.487977501386283,0.029999999999999999,0.091682942708333215
,39.999570804687437,73.553589306939244,0.029999999999999999,0.091682942708333215
,40.099569734374995,73.826875679106223,0.029999999999999999,0.091682942708333215
,40.19956866406244,74.885769524045799,0.029999999999999999,0.092700195312499956
,40.299567593749998,76.268703871642884,0.029999999999999999,0.094734700520833215
,40.399566523437443,75.822668065397551,0.029999999999999999,0.093717447916666585
,40.499565453125001,75.365335915354635,0.029999999999999999,0.094734700520833215
,40.599564380468678,74.394816971127284,0.029999999999999999,0.093717447916666585
,40.699563307812468,73.105063249577981,0.029999999999999999,0.091682942708333215
,40.799562235156259,73.728510427712507,0.029999999999999999,0.091682942708333215
,40.899561162499936,74.514873274568757,0.029999999999999999,0.091682942708333215
,40.999560089843726,74.274731013251611,0.029999999999999999,0.091682942708333215
,41.099559017187516,75.191002370624474,0.029999999999999999,0.091682942708333215
,41.199557944531193,76.159951610350632,0.029999999999999999,0.092700195312499956
,41.299556871874984,77.452570779399849,0.029999999999999999,0.093717447916666585
,41.39955579921866,77.127014421765878,0.029999999999999999,0.094734700520833215
,41.499554724999939,76.681746016495097,0.029999999999999999,0.094734700520833215
,41.599553649999962,75.800899947748889,0.029999999999999999,0.093717447916666585
,41.699552574218728,74.569434533968163,0.029999999999999999,0.092700195312499956
,41.799551499218751,75.147409313506571,0.029999999999999999,0.091682942708333215
,41.89955042421866,75.964137497008593,0.029999999999999999,0.092700195312499956
,41.999549348437426,75.811784126329414,0.029999999999999999,0.091682942708333215
,42.099548273437449,76.627417895809188,0.029999999999999999,0.091682942708333215
,42.199547198437472,77.658647878014634,0.029999999999999999,0.092700195312499956
,42.299546122656238,78.059715472844786,0.029999999999999999,0.092700195312499956
,42.399545047656261,77.907997437946108,0.029999999999999999,0.093717447916666585
,42.499543970312516,77.842961547296326,0.029999999999999999,0.093717447916666585
,42.599542892187515,76.86641750382924,0.029999999999999999,0.092700195312499956
,42.699541814062513,75.877084169541021,0.029999999999999999,0.091682942708333215
,42.799540735156256,76.170827907467171,0.029999999999999999,0.091682942708333215
,42.899539657031255,77.029306430280101,0.029999999999999999,0.091682942708333215
,42.999538578906254,76.768658733509724,0.029999999999999999,0.090665690104166585
,43.099537500781253,77.452570779399849,0.029999999999999999,0.090665690104166585
,43.199536422656251,78.341357614509036,0.029999999999999999,0.090665690104166585
,43.29953534453125,79.325887070317165,0.029999999999999999,0.091682942708333215
,43.399534267187505,79.477186300233669,0.029999999999999999,0.092700195312499956
,43.499533193749926,79.487991696589248,0.029999999999999999,0.093717447916666585
,43.599532121093716,78.828448635164037,0.029999999999999999,0.092700195312499956
,43.699531047656251,77.647803808461063,0.029999999999999999,0.091682942708333215
,43.799529974218672,77.777917318189807,0.029999999999999999,0.090665690104166585
,43.899528901562462,78.298038179575769,0.029999999999999999,0.090665690104166585
,43.999527828124997,78.676958823776758,0.029999999999999999,0.090665690104166585
,44.099526754687417,79.14210703297455,0.029999999999999999,0.090665690104166585
,44.199525682031208,79.768853037538534,0.029999999999999999,0.091682942708333215
,44.299524608593742,80.923117761267591,0.029999999999999999,0.092700195312499956
,44.399523533593765,80.869236611347702,0.029999999999999999,0.092700195312499956
,44.499522457031162,80.286968562521736,0.029999999999999999,0.092700195312499956
,44.599521380468673,79.282650590327108,0.029999999999999999,0.091682942708333215
,44.699520304687439,78.56872441242156,0.029999999999999999,0.090665690104166585
,44.79951922812495,78.752709318532538,0.029999999999999999,0.089648437499999956
,44.899518152343717,79.876836227082421,0.029999999999999999,0.089648437499999956
,44.999517075781228,79.812049001962123,0.029999999999999999,0.088631184895833215
,45.099515999218738,80.416417248425546,0.029999999999999999,0.089648437499999956
,45.199514923437505,81.558501607193136,0.029999999999999999,0.090665690104166585
,45.299513846875016,82.751839538596258,0.029999999999999999,0.091682942708333215
,45.399512774218692,82.193128436776945,0.029999999999999999,0.092700195312499956
,45.499511701562483,81.85977431486458,0.029999999999999999,0.092700195312499956
,45.59951062890616,80.933893331494701,0.029999999999999999,0.091682942708333215
,45.699509557031206,79.69325146488336,0.029999999999999999,0.089648437499999956
,45.799508484374996,80.470344771090438,0.029999999999999999,0.089648437499999956
,45.899507411718673,80.70756013098142,0.029999999999999999,0.089648437499999956
,45.99950633984372,80.901565961178591,0.029999999999999999,0.089648437499999956
,46.09950526718751,81.332435236704796,0.029999999999999999,0.088631184895833215
,46.199504194531187,82.558505006371675,0.029999999999999999,0.090665690104166585
,46.299503122656233,83.663879658998013,0.029999999999999999,0.091682942708333215
,46.399502052343678,83.095375122377789,0.029999999999999999,0.091682942708333215
,46.49950098124998,82.526275858399615,0.029999999999999999,0.091682942708333215
,46.599499910937425,80.69677993504267,0.029999999999999999,0.089648437499999956
,46.699498839843727,80.017180916840502,0.029999999999999999,0.088631184895833215
,46.799497769531172,80.427203196359173,0.029999999999999999,0.087613932291666585
,46.89949669921873,81.536975614496001,0.029999999999999999,0.087613932291666585
,46.999495628124919,81.612312783922377,0.029999999999999999,0.086596679687499956
,47.099494557812477,82.279121704974983,0.029999999999999999,0.086596679687499956
,47.199493486718666,83.438693903322601,0.029999999999999999,0.087613932291666585
,47.2994924132812,84.199664841795993,0.029999999999999999,0.088631184895833215
,47.399491338281223,83.696041498100385,0.029999999999999999,0.088631184895833215
,47.499490263281245,83.374338086005579,0.029999999999999999,0.088631184895833215
,47.599489187500012,82.891427100975122,0.029999999999999999,0.087613932291666585
,47.699488112499921,81.547738719599693,0.029999999999999999,0.085579427083333215
,47.799487037499944,82.375847703078236,0.029999999999999999,0.085579427083333215
,47.89948596171871,82.676662100559156,0.029999999999999999,0.085579427083333215
,47.999484886718733,82.676662100559156,0.029999999999999999,0.084562174479166585
,48.0994838109375,82.97730928540102,0.029999999999999999,0.085579427083333215
,48.199482735937409,84.038984014773547,0.029999999999999999,0.086596679687499956
,48.299481663281199,85.494126596551567,0.029999999999999999,0.086596679687499956
,48.399480590624989,84.80982706293068,0.029999999999999999,0.087613932291666585
,48.499479518749922,83.878256337623782,0.029999999999999999,0.086596679687499956
,48.599478446874969,82.762578320278166,0.029999999999999999,0.085579427083333215
,48.699477374218759,82.268373298555602,0.029999999999999999,0.084562174479166585
,48.799476302343692,83.374338086005579,0.029999999999999999,0.083544921874999956
,48.899475229687482,83.674600481589792,0.029999999999999999,0.083544921874999956
,48.999474157812415,83.556659897942126,0.029999999999999999,0.083544921874999956
,49.099473085156205,84.060410829023368,0.029999999999999999,0.083544921874999956
,49.199472012499996,85.387259831093544,0.029999999999999999,0.084562174479166585
,49.299470940624929,86.359003104057166,0.029999999999999999,0.085579427083333215
,49.399469868749975,85.953423001840605,0.029999999999999999,0.085579427083333215
,49.499468796874908,84.767030516829578,0.029999999999999999,0.085579427083333215
,49.59946772578121,84.178243433620921,0.029999999999999999,0.084562174479166585
,49.699466653906256,83.642437384942951,0.029999999999999999,0.083544921874999956
,49.799465582031189,84.39242018001984,0.029999999999999999,0.083544921874999956
,49.899464510156236,84.542294637101492,0.029999999999999999,0.082527669270833215
,49.999463438281168,84.124686277593995,0.029999999999999999,0.081510416666666585
,50.099462366406215,84.745631010698162,0.029999999999999999,0.081510416666666585
,50.199461296093659,86.305653824110337,0.029999999999999999,0.083544921874999956
,50.299460225781218,87.435596067434986,0.029999999999999999,0.084562174479166585
,50.399459156249918,86.742970819817216,0.029999999999999999,0.084562174479166585
,50.499458085937476,85.953423001840605,0.029999999999999999,0.083544921874999956
,50.599457015624921,85.387259831093544,0.029999999999999999,0.083544921874999956
,50.699455946093735,84.178243433620921,0.029999999999999999,0.081510416666666585
,50.79945487578118,84.948893156029271,0.029999999999999999,0.081510416666666585
,50.899453805468738,85.472754867705149,0.029999999999999999,0.081510416666666585
,50.999452735937439,85.237612202131473,0.029999999999999999,0.080493164062499956
,51.099451665624997,85.707799304203576,0.029999999999999999,0.080493164062499956
,51.199450596093698,86.806940400872847,0.029999999999999999,0.081510416666666585
,51.299449525781256,87.701769511060562,0.029999999999999999,0.082527669270833215
,51.399448455468701,87.60596113318185,0.029999999999999999,0.082527669270833215
,51.499447385937515,87.201262214128008,0.029999999999999999,0.081510416666666585
,51.599446315624959,86.540353336757619,0.029999999999999999,0.081510416666666585
,51.699445245312404,85.098617922616555,0.029999999999999999,0.079475911458333215
,51.799444174999962,85.600973074572394,0.029999999999999999,0.079475911458333215
,51.899443105468663,86.51902100490237,0.029999999999999999,0.079475911458333215
,51.999442035156221,86.625674704709425,0.029999999999999999,0.079475911458333215
,52.099440964843666,87.009463732324505,0.029999999999999999,0.078458658854166585
,52.199439890624944,88.138030576532742,0.029999999999999999,0.080493164062499956
,52.299438816406223,89.317504385834596,0.029999999999999999,0.081510416666666585
,52.399437741406246,89.179489261991407,0.029999999999999999,0.081510416666666585
,52.49943666718741,88.425146833362192,0.029999999999999999,0.081510416666666585
,52.599435592968689,86.89222208356901,0.029999999999999999,0.080493164062499956
,52.699434518749968,85.932068651407221,0.029999999999999999,0.079475911458333215
,52.799433444531246,86.89222208356901,0.029999999999999999,0.079475911458333215
,52.899432369531155,87.701769511060562,0.029999999999999999,0.079475911458333215
,52.999431295312434,87.861415078208978,0.029999999999999999,0.079475911458333215
,53.099430221874968,87.776276224204949,0.029999999999999999,0.078458658854166585
,53.199429149218759,88.87149379067948,0.029999999999999999,0.079475911458333215
,53.299428077343691,90.29331826211839,0.029999999999999999,0.081510416666666585
,53.399427005468738,90.091921186094424,0.029999999999999999,0.081510416666666585
,53.499425932812414,89.275041601420384,0.029999999999999999,0.081510416666666585
,53.599424860937461,88.26565515445661,0.029999999999999999,0.080493164062499956
,53.699423788281251,87.254528251935398,0.029999999999999999,0.078458658854166585
,53.799422716406184,88.159303270768035,0.029999999999999999,0.078458658854166585
,53.89942164453123,89.083921566223083,0.029999999999999999,0.079475911458333215
,53.999420571874907,88.828999092574037,0.029999999999999999,0.078458658854166585
,54.099419503124977,88.648362532721293,0.029999999999999999,0.077441406249999956
,54.19941843515619,90.166127921970897,0.029999999999999999,0.078458658854166585
,54.299417367968658,91.764674704631332,0.029999999999999999,0.080493164062499956
,54.399416299999984,91.7858196147222,0.029999999999999999,0.081510416666666585
,54.499415232031197,91.16174014712297,0.029999999999999999,0.080493164062499956
,54.599414164843665,89.943480307870303,0.029999999999999999,0.079475911458333215
,54.699413096874991,88.47830110625867,0.029999999999999999,0.078458658854166585
,54.79941202968746,89.604049165741813,0.029999999999999999,0.078458658854166585
,54.899410961718672,90.367500277960659,0.029999999999999999,0.078458658854166585
,54.999409893749998,90.886520764926999,0.029999999999999999,0.079475911458333215
,55.099408823437443,90.66413763351278,0.029999999999999999,0.078458658854166585
,55.199407753906257,91.880962784115269,0.029999999999999999,0.080493164062499956
,55.299406683593702,92.810487105333038,0.029999999999999999,0.081510416666666585
,55.399405614062516,92.303645210516777,0.029999999999999999,0.080493164062499956
,55.499404543749961,91.658939319290283,0.029999999999999999,0.080493164062499956
,55.599403474218661,90.77004448004493,0.029999999999999999,0.079475911458333215
,55.69940240390622,89.635878997601594,0.029999999999999999,0.077441406249999956
,55.79940133437492,90.515837071709257,0.029999999999999999,0.078458658854166585
,55.899400264062479,91.584913791062334,0.029999999999999999,0.078458658854166585
,55.999399192187411,91.954952941227873,0.029999999999999999,0.077441406249999956
,56.099398117187434,92.483198569383447,0.029999999999999999,0.077441406249999956
,56.199397041406201,93.127056114035724,0.029999999999999999,0.079475911458333215
,56.299395966406223,94.328584031800489,0.029999999999999999,0.080493164062499956
,56.39939489062499,94.170616846366173,0.029999999999999999,0.080493164062499956
,56.499393815625012,93.601613336333656,0.029999999999999999,0.080493164062499956
,56.599392739843665,92.419832678475984,0.029999999999999999,0.079475911458333215
,56.699391664062432,91.013560474214984,0.029999999999999999,0.077441406249999956
,56.799390589062455,92.314208599915617,0.029999999999999999,0.078458658854166585
,56.899389513281221,93.369651842486732,0.029999999999999999,0.078458658854166585
,56.99938844218741,93.369651842486732,0.029999999999999999,0.077441406249999956
,57.099387371874968,93.801875880258521,0.029999999999999999,0.078458658854166585
,57.199386301562413,94.686500199365298,0.029999999999999999,0.079475911458333215
,57.299385231249971,95.412255377060177,0.029999999999999999,0.079475911458333215
,57.399384160937416,95.664503924700483,0.029999999999999999,0.081510416666666585
,57.499383090624974,95.517370667321387,0.029999999999999999,0.081510416666666585
,57.599382020312419,94.497039799347334,0.029999999999999999,0.080493164062499956
,57.699380949218721,93.221995925866608,0.029999999999999999,0.079475911458333215
,57.799379878906166,94.04421521086563,0.029999999999999999,0.078458658854166585
,57.899378808593724,94.728595004675796,0.029999999999999999,0.079475911458333215
,57.999377739843681,94.823298358970405,0.029999999999999999,0.079475911458333215
,58.099376670312495,95.464815119422411,0.029999999999999999,0.079475911458333215
,58.199375601562451,95.958672279710271,0.029999999999999999,0.080493164062499956
,58.299374532812408,96.871867880324189,0.029999999999999999,0.081510416666666585
,58.399373463281222,96.72500078607024,0.029999999999999999,0.081510416666666585
,58.499372394531179,96.305203565705284,0.029999999999999999,0.081510416666666585
,58.599371325781249,95.580431794363705,0.029999999999999999,0.080493164062499956
,58.699370256249949,94.244339679854718,0.029999999999999999,0.079475911458333215
,58.799369187499906,94.844341678402799,0.029999999999999999,0.078458658854166585
,58.899368116406208,95.748565360396597,0.029999999999999999,0.079475911458333215
,58.999367042968743,96.473153997319869,0.029999999999999999,0.078458658854166585
,59.099365969531164,97.15502139919073,0.029999999999999999,0.078458658854166585
,59.199364896093698,98.06660455267496,0.029999999999999999,0.080493164062499956
,59.299363822656233,99.039724615826117,0.029999999999999999,0.081510416666666585
,59.399362749218653,98.778266838906063,0.029999999999999999,0.081510416666666585
,59.499361676562444,98.30739563361179,0.029999999999999999,0.081510416666666585
,59.599360603124978,97.794304586807485,0.029999999999999999,0.080493164062499956
,59.699359529687513,96.252710402930276,0.029999999999999999,0.079475911458333215
,59.799358456249934,96.840399053693531,0.029999999999999999,0.079475911458333215
,59.8993573804687,97.731450797618677,0.029999999999999999,0.078458658854166585
,59.999356303124955,97.888574474520169,0.029999999999999999,0.078458658854166585
,60.099355226562466,98.673656331000146,0.029999999999999999,0.079475911458333215
,60.199354149218721,99.719060256982445,0.029999999999999999,0.080493164062499956
,60.299353071874975,100.51253781972568,0.029999999999999999,0.080493164062499956
,60.399351995312486,100.2411839110125,0.029999999999999999,0.081510416666666585
,60.499350917968741,100.19942805395314,0.029999999999999999,0.081510416666666585
,60.599349841406251,99.771289837322612,0.029999999999999999,0.081510416666666585
,60.699348764062506,98.391129405078985,0.029999999999999999,0.079475911458333215
,60.799347687500017,98.820106651787356,0.029999999999999999,0.079475911458333215
,60.899346616406206,99.69816734956602,0.029999999999999999,0.079475911458333215
,60.999345545312508,100.12634944764082,0.029999999999999999,0.078458658854166585
,61.099344474218697,100.58557716841148,0.029999999999999999,0.079475911458333215
,61.199343403124999,101.76362638227047,0.029999999999999999,0.080493164062499956
,61.299342332031188,102.73176069341112,0.029999999999999999,0.081510416666666585
,61.39934126093749,102.28428505839133,0.029999999999999999,0.081510416666666585
,61.499340189843679,101.99276124043253,0.029999999999999999,0.082527669270833215
,61.599339118749981,101.21132675844021,0.029999999999999999,0.081510416666666585
,61.69933804765617,100.15766976358357,0.029999999999999999,0.080493164062499956
,61.79933697499996,100.42905521372164,0.029999999999999999,0.080493164062499956
,61.899335900781239,101.74279241709954,0.029999999999999999,0.080493164062499956
,61.999334826562404,101.72195786351888,0.029999999999999999,0.080493164062499956
,62.099333752343682,102.00317477609944,0.029999999999999999,0.080493164062499956
,62.199332678124961,102.9085961059737,0.029999999999999999,0.082527669270833215
,62.299331603124983,104.3737077700289,0.029999999999999999,0.082527669270833215
,62.399330528906262,103.89603573518089,0.029999999999999999,0.082527669270833215
,62.499329454687427,103.69864998152543,0.029999999999999999,0.083544921874999956
,62.599328380468705,103.30372566583824,0.029999999999999999,0.083544921874999956
,62.699327306249984,102.35714817638718,0.029999999999999999,0.082527669270833215
,62.799326229687495,102.92939754468546,0.029999999999999999,0.083544921874999956
,62.899325153125005,103.07499157857015,0.029999999999999999,0.083544921874999956
,62.999324076562516,103.26214277710132,0.029999999999999999,0.090665690104166585
,63.099322999999913,103.87526067588585,0.029999999999999999,0.083544921874999956
,63.199321922656168,104.93407875250395,0.029999999999999999,0.084562174479166585
,63.299320846093678,105.7117100268045,0.029999999999999999,0.085579427083333215
,63.399319769531189,105.48368393570399,0.029999999999999999,0.086596679687499956
,63.4993186929687,105.12078003818419,0.029999999999999999,0.086596679687499956
,63.599317615624955,104.85108616420925,0.029999999999999999,0.086596679687499956
,63.699316539062465,103.74020909620606,0.029999999999999999,0.084562174479166585
,63.799315464062488,104.18682777110969,0.029999999999999999,0.084562174479166585
,63.899314388281255,105.10003763738717,0.029999999999999999,0.084562174479166585
,63.999313313281164,105.08966623224607,0.029999999999999999,0.084562174479166585
,64.09931223749993,105.60806990068789,0.029999999999999999,0.084562174479166585
,64.199311162499953,106.86121867268595,0.029999999999999999,0.086596679687499956
,64.29931008671872,108.04011442474514,0.029999999999999999,0.088631184895833215
,64.399309011718742,107.21299530815348,0.029999999999999999,0.087613932291666585
,64.499307935937509,106.95435071248271,0.029999999999999999,0.088631184895833215
,64.599306860937418,106.29184687996644,0.029999999999999999,0.087613932291666585
,64.699305786718696,105.69098307948616,0.029999999999999999,0.087613932291666585
,64.799304715624999,106.33326922168581,0.029999999999999999,0.087613932291666585
,64.899303643749931,106.43681579182018,0.029999999999999999,0.086596679687499956
,64.999302572656234,106.05362711126035,0.029999999999999999,0.086596679687499956
,65.099301500781166,107.3474583560985,0.029999999999999999,0.087613932291666585
,65.199300429687469,108.65991741510494,0.029999999999999999,0.089648437499999956
,65.299299358593657,109.63003536893551,0.029999999999999999,0.090665690104166585
,65.399298286718704,109.11415180086337,0.029999999999999999,0.090665690104166585
,65.499297215625006,108.53599321148957,0.029999999999999999,0.090665690104166585
,65.599296144531195,107.81273868684985,0.029999999999999999,0.090665690104166585
,65.699295069531217,106.95435071248271,0.029999999999999999,0.088631184895833215
,65.799293993749984,107.8540843348212,0.029999999999999999,0.088631184895833215
,65.899292917968751,108.05044821688514,0.029999999999999999,0.088631184895833215
,65.999291841406261,108.28809032015791,0.029999999999999999,0.088631184895833215
,66.099290765624914,109.01093793222913,0.029999999999999999,0.088631184895833215
,66.199289689843681,109.89817333234764,0.029999999999999999,0.089648437499999956
,66.299288614062448,110.90811083593562,0.029999999999999999,0.090665690104166585
,66.399287538281214,110.62997796489294,0.029999999999999999,0.091682942708333215
,66.499286461718725,110.0322113726359,0.029999999999999999,0.091682942708333215
,66.599285386718748,109.36181444574842,0.029999999999999999,0.090665690104166585
,66.699284314062425,108.58763049818153,0.029999999999999999,0.090665690104166585
,66.799283241406215,109.2483112576426,0.029999999999999999,0.090665690104166585
,66.899282168750005,109.60940594242601,0.029999999999999999,0.090665690104166585
,66.999281096874938,109.22767270537234,0.029999999999999999,0.089648437499999956
,67.099280024218729,109.75380162799394,0.029999999999999999,0.089648437499999956
,67.199278951562405,110.80510880311726,0.029999999999999999,0.091682942708333215
,67.299277878906196,111.75228160006394,0.029999999999999999,0.092700195312499956
,67.399276806249986,111.63908502521468,0.029999999999999999,0.092700195312499956
,67.499275733593663,111.2479333211509,0.029999999999999999,0.092700195312499956
,67.599274662499965,110.66088591761134,0.029999999999999999,0.092700195312499956
,67.699273590625012,109.39276726501936,0.029999999999999999,0.091682942708333215
,67.7992725195312,110.39298112565149,0.029999999999999999,0.090665690104166585
,67.899271448437503,110.72269859284708,0.029999999999999999,0.090665690104166585
,67.999270377343692,110.86691145177997,0.029999999999999999,0.090665690104166585
,68.099269305468738,111.8654640823147,0.029999999999999999,0.090665690104166585
,68.199268234374927,113.00679859384344,0.029999999999999999,0.092700195312499956
,68.299267163281229,113.92091649506266,0.029999999999999999,0.093717447916666585
,68.399266091406162,113.02735030769236,0.029999999999999999,0.093717447916666585
,68.499265020312464,112.9862464286645,0.029999999999999999,0.094734700520833215
,68.599263945312487,112.28720257767795,0.029999999999999999,0.093717447916666585
,68.699262868749997,110.87721147633431,0.029999999999999999,0.092700195312499956
,68.799261792187508,111.51558173314336,0.029999999999999999,0.092700195312499956
,68.899260716406161,112.06092802056975,0.029999999999999999,0.092700195312499956
,68.999259639843672,112.08150074145328,0.029999999999999999,0.091682942708333215
,69.099258563281182,112.89375609380143,0.029999999999999999,0.092700195312499956
,69.199257486718693,113.6436930267222,0.029999999999999999,0.093717447916666585
,69.299256410156204,114.70081971657615,0.029999999999999999,0.094734700520833215
,69.399255333593715,114.28016075421783,0.029999999999999999,0.094734700520833215
,69.499254257031225,113.93118248439613,0.029999999999999999,0.094734700520833215
,69.599253185156158,113.55126724974727,0.029999999999999999,0.094734700520833215
,69.699252113281204,112.26663446641255,0.029999999999999999,0.092700195312499956
,69.799251041406251,113.23284267507492,0.029999999999999999,0.092700195312499956
,69.899249969531184,113.95171413254282,0.029999999999999999,0.093717447916666585
,69.99924889765623,113.49991570282815,0.029999999999999999,0.092700195312499956
,70.099247825781163,113.97224534019098,0.029999999999999999,0.092700195312499956
,70.199246753906209,115.62358358561062,0.029999999999999999,0.094734700520833215
,70.299245682031255,116.79119489911926,0.029999999999999999,0.094734700520833215
,70.399244610156188,115.84901743311937,0.029999999999999999,0.095751953124999956
,70.499243537499979,115.05977511787648,0.029999999999999999,0.094734700520833215
,70.599242464062513,114.72133500586884,0.029999999999999999,0.094734700520833215
,70.699241389843678,113.900384185729,0.029999999999999999,0.093717447916666585
,70.799240315624957,114.67004597259196,0.029999999999999999,0.093717447916666585
,70.899239241406235,115.11104373374525,0.029999999999999999,0.093717447916666585
,70.999238167187514,114.7623642894269,0.029999999999999999,0.093717447916666585
,71.099237093749935,115.13155043202596,0.029999999999999999,0.092700195312499956
,71.199236019531213,117.29265254490352,0.029999999999999999,0.095751953124999956
,71.299234945312492,118.72406689246591,0.029999999999999999,0.097786458333333215
,71.399233871093656,117.45634126095595,0.029999999999999999,0.097786458333333215
,71.499232799218703,116.699063872539,0.029999999999999999,0.098803710937499956
,71.599231728906261,115.5518439508906,0.029999999999999999,0.096769205729166585
,71.69923065781245,113.74637778997462,0.029999999999999999,0.094734700520833215
,71.799229586718752,114.6290128006425,0.029999999999999999,0.094734700520833215
,71.899228515624941,115.45959967321866,0.029999999999999999,0.094734700520833215
,71.999227444531243,115.53134596244544,0.029999999999999999,0.093717447916666585
,72.099226373437432,116.27925059287145,0.029999999999999999,0.093717447916666585
,72.199225302343734,117.64046037790803,0.029999999999999999,0.094734700520833215
,72.299224231249923,118.51969712475199,0.029999999999999999,0.095751953124999956
,72.399223160937481,118.14151017925528,0.029999999999999999,0.096769205729166585
,72.499222090624926,117.35403882998872,0.029999999999999999,0.095751953124999956
,72.59922102109374,116.56597107455337,0.029999999999999999,0.094734700520833215
,72.699219950781185,115.96171532277279,0.029999999999999999,0.093717447916666585
,72.799218881249999,116.80143116875337,0.029999999999999999,0.094734700520833215
,72.899217810937444,117.19033400605267,0.029999999999999999,0.093717447916666585
,72.999216741406258,116.699063872539,0.029999999999999999,0.092700195312499956
,73.099215671093702,117.29265254490352,0.029999999999999999,0.092700195312499956
,73.199214601562517,118.39705657742641,0.029999999999999999,0.094734700520833215
,73.299213532031217,119.43905746805177,0.029999999999999999,0.094734700520833215
,73.399212460937406,118.99990467134609,0.029999999999999999,0.094734700520833215
,73.499211386718684,118.52991653659632,0.029999999999999999,0.094734700520833215
,73.599210313281219,117.79386826730314,0.029999999999999999,0.093717447916666585
,73.699209239062498,116.90378825342037,0.029999999999999999,0.092700195312499956
,73.799208165624918,117.94725379579674,0.029999999999999999,0.092700195312499956
,73.899207091406197,118.83645373835787,0.029999999999999999,0.092700195312499956
,73.999206017187475,118.57079321052379,0.029999999999999999,0.092700195312499956
,74.09920494375001,118.7445017349751,0.029999999999999999,0.091682942708333215
,74.199203869531175,119.51053079060028,0.029999999999999999,0.093717447916666585
,74.299202795312453,121.14295988825069,0.029999999999999999,0.094734700520833215
,74.399201722656244,120.46986953810065,0.029999999999999999,0.094734700520833215
,74.499200649218665,119.83720701625703,0.029999999999999999,0.094734700520833215
,74.599199576562455,118.71384932595694,0.029999999999999999,0.093717447916666585
,74.699198503906246,117.99837735254161,0.029999999999999999,0.092700195312499956
,74.799197431249922,118.52991653659632,0.029999999999999999,0.091682942708333215
,74.899196358593713,119.68408955525683,0.029999999999999999,0.091682942708333215
,74.999195285937503,119.50032060033286,0.029999999999999999,0.091682942708333215
,75.09919421328118,119.71471474107742,0.029999999999999999,0.091682942708333215
,75.199193139843715,120.72487481153607,0.029999999999999999,0.092700195312499956
,75.299192067187505,122.24353488114812,0.029999999999999999,0.093717447916666585
,75.399190993749926,121.89716920449447,0.029999999999999999,0.094734700520833215
,75.499189919531204,121.13276450617795,0.029999999999999999,0.094734700520833215
,75.599188845312483,120.09235590830949,0.029999999999999999,0.092700195312499956
,75.699187771093762,118.75471901103069,0.029999999999999999,0.091682942708333215
,75.799186696874926,119.24503497896831,0.029999999999999999,0.091682942708333215
,75.899185622656205,120.65347911615214,0.029999999999999999,0.091682942708333215
,75.999184548437483,120.56167804945466,0.029999999999999999,0.090665690104166585
,76.099183474218762,120.78606755396052,0.029999999999999999,0.090665690104166585
,76.199182399999927,122.02961514702781,0.029999999999999999,0.091682942708333215
,76.299181325781205,123.37361843650294,0.029999999999999999,0.093717447916666585
,76.399180249999972,122.84434181301629,0.029999999999999999,0.093717447916666585
,76.499179174218739,122.65089452352012,0.029999999999999999,0.093717447916666585
,76.599178098437505,121.92773497639166,0.029999999999999999,0.093717447916666585
,76.699177022656158,120.62287958654986,0.029999999999999999,0.092700195312499956
,76.799175947656181,121.16335038131797,0.029999999999999999,0.092700195312499956
,76.899174871874948,121.67299585853397,0.029999999999999999,0.092700195312499956
,76.999173796093714,122.04999012385926,0.029999999999999999,0.091682942708333215
,77.099172720312481,122.09073902193262,0.029999999999999999,0.091682942708333215
,77.199171645312504,122.4981509518629,0.029999999999999999,0.092700195312499956
,77.299170567968758,123.62799674797174,0.029999999999999999,0.092700195312499956
,77.399169490625013,124.16710586739029,0.029999999999999999,0.093717447916666585
,77.49916841406241,123.48555137940969,0.029999999999999999,0.093717447916666585
,77.599167336718665,122.91560403918777,0.029999999999999999,0.093717447916666585
,77.69916625937492,121.12256903370994,0.029999999999999999,0.090665690104166585
,77.799165182031174,121.98886413670911,0.029999999999999999,0.090665690104166585
,77.899164105468685,122.86470287824295,0.029999999999999999,0.090665690104166585
,77.99916302812494,122.64071222464906,0.029999999999999999,0.090665690104166585
,78.099161950781195,123.05811589826101,0.029999999999999999,0.090665690104166585
,78.199160874218705,123.70938671435943,0.029999999999999999,0.090665690104166585
,78.299159799218728,125.18366477858467,0.029999999999999999,0.092700195312499956
,78.399158725781263,124.64498974262466,0.029999999999999999,0.092700195312499956
,78.499157651562427,124.55349404805625,0.029999999999999999,0.092700195312499956
,78.599156577343706,123.77042567374761,0.029999999999999999,0.092700195312499956
,78.69915550390624,122.4981509518629,0.029999999999999999,0.090665690104166585
,78.799154429687405,122.56943371065731,0.029999999999999999,0.089648437499999956
,78.89915335624994,123.76025272281677,0.029999999999999999,0.089648437499999956
,78.999152282031218,123.63817078711674,0.029999999999999999,0.089648437499999956
,79.099151207812497,124.15693615466017,0.029999999999999999,0.088631184895833215
,79.199150133593662,124.92960098946966,0.029999999999999999,0.089648437499999956
,79.299149057812429,125.70180043634778,0.029999999999999999,0.090665690104166585
,79.399147982031195,125.59006310011804,0.029999999999999999,0.091682942708333215
,79.499146906249962,125.08204528006411,0.029999999999999999,0.091682942708333215
,79.599145829687473,124.85845412182735,0.029999999999999999,0.090665690104166585
,79.699144753906239,123.39397064056303,0.029999999999999999,0.089648437499999956
,79.799143678125006,123.94335308138943,0.029999999999999999,0.088631184895833215
,79.899142602343659,124.78730329736644,0.029999999999999999,0.088631184895833215
,79.99914152578117,125.42751901290114,0.029999999999999999,0.088631184895833215
,80.099140449999936,125.45799757271882,0.029999999999999999,0.089648437499999956
,80.199139374218703,126.25019183200376,0.029999999999999999,0.089648437499999956
,80.29913829843747,126.7882087557862,0.029999999999999999,0.090665690104166585
,80.399137222656236,126.42278675693814,0.029999999999999999,0.090665690104166585
,80.499136146875003,126.341568388989,0.029999999999999999,0.090665690104166585
,80.599135071093656,125.96586911030636,0.029999999999999999,0.090665690104166585
,80.699133994531167,124.67548684327633,0.029999999999999999,0.088631184895833215
,80.799132918749933,124.74664390345663,0.029999999999999999,0.088631184895833215
,80.8991318429687,125.21414906836233,0.029999999999999999,0.088631184895833215
,80.999130767187467,125.23447152891222,0.029999999999999999,0.087613932291666585
,81.099129691406233,125.75258698761448,0.029999999999999999,0.087613932291666585
,81.199128616406256,127.112945677927,0.029999999999999999,0.088631184895833215
,81.299127541406165,128.13739595531609,0.029999999999999999,0.089648437499999956
,81.399126465624931,127.5593335257409,0.029999999999999999,0.089648437499999956
,81.499125390624954,126.74761119151978,0.029999999999999999,0.089648437499999956
,81.599124315624977,126.29080440653684,0.029999999999999999,0.088631184895833215
,81.699123240624999,125.51895255363945,0.029999999999999999,0.086596679687499956
,81.799122165624908,126.37202585396048,0.029999999999999999,0.086596679687499956
,81.899121090624931,126.50400020824264,0.029999999999999999,0.086596679687499956
,81.999120015624953,126.65626222254889,0.029999999999999999,0.085579427083333215
,82.099118941406232,127.27528524467587,0.029999999999999999,0.086596679687499956
,82.199117870312421,127.88388911212201,0.029999999999999999,0.087613932291666585
,82.299116798437467,128.54291268738112,0.029999999999999999,0.087613932291666585
,82.399115727343656,128.33003078945887,0.029999999999999999,0.087613932291666585
,82.499114655468702,127.46803864692131,0.029999999999999999,0.087613932291666585
,82.599113584375004,126.81865613179002,0.029999999999999999,0.086596679687499956
,82.699112512499937,125.96586911030636,0.029999999999999999,0.085579427083333215
,82.799111441406239,126.55475612432008,0.029999999999999999,0.084562174479166585
,82.899110369531172,127.10279881761875,0.029999999999999999,0.084562174479166585
,82.999109298437475,126.60551012803811,0.029999999999999999,0.083544921874999956
,83.099108225781265,127.43760568527904,0.029999999999999999,0.083544921874999956
,83.19910715156243,128.9280474299789,0.029999999999999999,0.084562174479166585
,83.299106078124964,129.93094884122945,0.029999999999999999,0.086596679687499956
,83.399105003906243,129.61698206998676,0.029999999999999999,0.086596679687499956
,83.499103930468664,128.77603282468385,0.029999999999999999,0.085579427083333215
,83.599102857031198,127.77233162700782,0.029999999999999999,0.084562174479166585
,83.699101782812477,127.50861488990893,0.029999999999999999,0.084562174479166585
,83.799100709375011,127.98529731900192,0.029999999999999999,0.084562174479166585
,83.899099635156176,128.24892456904715,0.029999999999999999,0.083544921874999956
,83.999098561718711,127.68105070836668,0.029999999999999999,0.082527669270833215
,84.099097487499989,127.52890256647916,0.029999999999999999,0.082527669270833215
,84.199096412500012,128.87737766592957,0.029999999999999999,0.083544921874999956
,84.299095338281177,130.30559755124213,0.029999999999999999,0.083544921874999956
,84.399094263281199,130.28534863880483,0.029999999999999999,0.084562174479166585
,84.499093189062478,129.78916556349736,0.029999999999999999,0.084562174479166585
,84.599092114062501,128.95844844006879,0.029999999999999999,0.083544921874999956
,84.699091039843665,127.32601243211928,0.029999999999999999,0.081510416666666585
,84.799089964843688,128.0055780839534,0.029999999999999999,0.081510416666666585
,84.899088890624967,128.73549290026341,0.029999999999999999,0.081510416666666585
,84.999087816406245,128.82670613185238,0.029999999999999999,0.081510416666666585
,85.099086745312434,130.03221441474861,0.029999999999999999,0.082527669270833215
,85.19908567343748,129.72839718895227,0.029999999999999999,0.082527669270833215
,85.299084602343669,130.71051945820886,0.029999999999999999,0.083544921874999956
,85.399083531249971,130.77124854107834,0.029999999999999999,0.083544921874999956
,85.499082459374904,130.68015402045307,0.029999999999999999,0.084562174479166585
,85.599081388281206,129.69801207382469,0.029999999999999999,0.083544921874999956
,85.699080316406253,128.78616762811197,0.029999999999999999,0.081510416666666585
,85.799079245312441,129.29281775678376,0.029999999999999999,0.081510416666666585
,85.899078174218744,130.19422519246982,0.029999999999999999,0.081510416666666585
,85.999077103906188,129.88031349584966,0.029999999999999999,0.081510416666666585
,86.099076035156259,130.42708537285765,0.029999999999999999,0.081510416666666585
,86.199074967187471,131.2367592928228,0.029999999999999999,0.082527669270833215
,86.299073898437427,132.42015960580454,0.029999999999999999,0.083544921874999956
,86.399072829687498,132.03590287954879,0.029999999999999999,0.083544921874999956
,86.499071760937454,131.66167034068144,0.029999999999999999,0.083544921874999956
,86.599070692187411,130.80161218748381,0.029999999999999999,0.083544921874999956
,86.699069623437481,129.53594764880296,0.029999999999999999,0.081510416666666585
,86.799068554687437,130.0119618450461,0.029999999999999999,0.081510416666666585
,86.899067485937508,130.58905411414489,0.029999999999999999,0.081510416666666585
,86.999066415624952,130.69027589949633,0.029999999999999999,0.081510416666666585
,87.099065344531255,131.19628560528352,0.029999999999999999,0.081510416666666585
,87.199064274218699,132.59203467360982,0.029999999999999999,0.082527669270833215
,87.299063203125002,133.19851006441766,0.029999999999999999,0.083544921874999956
,87.399062132812446,132.68302009288416,0.029999999999999999,0.084562174479166585
,87.499061061718749,132.5212647641244,0.029999999999999999,0.083544921874999956
,87.599059991406193,132.23815457577342,0.029999999999999999,0.083544921874999956
,87.699058920312496,131.12545413816676,0.029999999999999999,0.082527669270833215
,87.79905784999994,131.0444999631884,0.029999999999999999,0.081510416666666585
,87.899056778124987,131.2367592928228,0.029999999999999999,0.081510416666666585
,87.999055704687407,131.14569202704047,0.029999999999999999,0.080493164062499956
,88.099054631249942,131.88419749887495,0.029999999999999999,0.080493164062499956
,88.199053557812476,133.0064833754605,0.029999999999999999,0.082527669270833215
,88.299052484375011,134.50169956719699,0.029999999999999999,0.083544921874999956
,88.399051410937432,133.6734297587935,0.029999999999999999,0.083544921874999956
,88.499050337499966,132.89529996363305,0.029999999999999999,0.083544921874999956
,88.599049264062501,132.3797157960858,0.029999999999999999,0.082527669270833215
,88.699048190624922,131.34805656096097,0.029999999999999999,0.081510416666666585
,88.7990471164062,131.89431163568025,0.029999999999999999,0.080493164062499956
,88.899046042968735,133.05701884545059,0.029999999999999999,0.081510416666666585
,88.999044970312411,132.96605390042976,0.029999999999999999,0.080493164062499956
,89.099043897656202,133.24903975964548,0.029999999999999999,0.080493164062499956
,89.199042824218736,134.14821793013812,0.029999999999999999,0.081510416666666585
,89.299041751562413,135.50116836889538,0.029999999999999999,0.082527669270833215
,89.399040678906204,135.23873509972498,0.029999999999999999,0.083544921874999956
,89.499039606249994,134.37041468545573,0.029999999999999999,0.082527669270833215
,89.599038532812415,133.82497207394474,0.029999999999999999,0.082527669270833215
,89.699037460156205,132.46060241683685,0.029999999999999999,0.080493164062499956
,89.799036387499996,133.07723260663872,0.029999999999999999,0.080493164062499956
,89.899035322656232,133.70373929104133,0.029999999999999999,0.080493164062499956
,89.999034260156236,133.51176985502678,0.029999999999999999,0.080493164062499956
,90.099033196874984,134.23912000887233,0.029999999999999999,0.080493164062499956
,90.199032134374988,135.25892361339532,0.029999999999999999,0.081510416666666585
,90.299031071874992,136.10664127300601,0.029999999999999999,0.082527669270833215
,90.399030008593741,135.78374692506887,0.029999999999999999,0.082527669270833215
,90.499028946093745,135.17816821382627,0.029999999999999999,0.082527669270833215
,90.599027883593749,134.49160107674564,0.029999999999999999,0.081510416666666585
,90.699026821093753,132.99637609835904,0.029999999999999999,0.079475911458333215
,90.799025757031245,133.25914551707189,0.029999999999999999,0.078458658854166585
,90.899024685937434,133.94619633290364,0.029999999999999999,0.078458658854166585
,90.99902361406248,134.35021614323185,0.029999999999999999,0.078458658854166585
,91.099022542968669,135.05702837378564,0.029999999999999999,0.078458658854166585
,91.199021471874971,136.0763722916372,0.029999999999999999,0.079475911458333215
,91.29902040078116,136.9438921991935,0.029999999999999999,0.080493164062499956
,91.399019328906206,136.6816601290864,0.029999999999999999,0.080493164062499956
,91.499018257812509,136.38912837613861,0.029999999999999999,0.080493164062499956
,91.599017186718697,135.75347271463568,0.029999999999999999,0.079475911458333215
,91.699016114843744,134.73394897912488,0.029999999999999999,0.078458658854166585
,91.799015043749932,135.35986282764435,0.029999999999999999,0.077441406249999956
,91.899013972656235,135.52135398660383,0.029999999999999999,0.077441406249999956
,91.999012900781167,135.62227875613902,0.029999999999999999,0.076424153645833215
,92.09901182968747,136.45974358452204,0.029999999999999999,0.076424153645833215
,92.199010758593658,137.87150936188723,0.029999999999999999,0.077441406249999956
,92.299009686718705,138.84908043106327,0.029999999999999999,0.079475911458333215
,92.399008615625007,138.77854946070823,0.029999999999999999,0.080493164062499956
,92.499007544531196,138.04286984249003,0.029999999999999999,0.079475911458333215
,92.599006472656242,136.89346570946395,0.029999999999999999,0.078458658854166585
,92.699005401562431,136.10664127300601,0.029999999999999999,0.077441406249999956
,92.799004330468733,137.25650739253649,0.040000000000000001,0.077441406249999956
,92.899003259374922,137.03465659149094,0.040000000000000001,0.078458658854166585
,92.99900218906248,136.93380700581403,0.040000000000000001,0.077441406249999956
,93.099001117968669,137.48841564366703,0.040000000000000001,0.077441406249999956
,93.199000047656227,138.03279021410088,0.040000000000000001,0.078458658854166585
,93.298998976562416,139.53411681387198,0.040000000000000001,0.079475911458333215
,93.398997906249974,139.57440628505682,0.040000000000000001,0.079475911458333215
,93.498996835156163,138.98006026784952,0.040000000000000001,0.079475911458333215
,93.598995764843721,138.30492274499741,0.040000000000000001,0.078458658854166585
,93.698994692968654,137.43800311306595,0.040000000000000001,0.077441406249999956
,93.798993616406165,138.36539174589646,0.040000000000000001,0.076424153645833215
,93.898992539843675,138.84908043106327,0.040000000000000001,0.076424153645833215
,93.99899146249993,139.11103201818406,0.040000000000000001,0.076424153645833215
,94.098990385937441,139.68519849126946,0.040000000000000001,0.077441406249999956
,94.198989308593696,140.91361503617918,0.040000000000000001,0.078458658854166585
,94.298988232031206,141.63827390858992,0.040000000000000001,0.079475911458333215
,94.398987155468717,141.17532318612956,0.040000000000000001,0.079475911458333215
,94.498986078124972,140.75254917725138,0.040000000000000001,0.079475911458333215
,94.598985001562482,140.81295019344196,0.040000000000000001,0.078458658854166585
,94.698983926562505,139.62476707593302,0.040000000000000001,0.077441406249999956
,94.798982853906182,139.8966953331101,0.040000000000000001,0.077441406249999956
,94.898981782031228,140.95387974601798,0.040000000000000001,0.077441406249999956
,94.998980709374905,140.83308351330189,0.040000000000000001,0.077441406249999956
,95.098979636718695,140.98407781941719,0.040000000000000001,0.077441406249999956
,95.198978564062486,142.24198848452073,0.040000000000000001,0.078458658854166585
,95.298977492187419,143.36853025616921,0.040000000000000001,0.079475911458333215
,95.398976419531209,143.37858643112494,0.040000000000000001,0.080493164062499956
,95.498975346875,142.67455940935545,0.040000000000000001,0.080493164062499956
,95.598974274999932,141.85965336352174,0.040000000000000001,0.079475911458333215
,95.698973202343723,140.98407781941719,0.040000000000000001,0.077441406249999956
,95.798972129687513,141.70871503606099,0.040000000000000001,0.077441406249999956
,95.898971057812446,142.80532196476176,0.040000000000000001,0.077441406249999956
,95.998969985156236,143.13722748630298,0.040000000000000001,0.077441406249999956
,96.098968913281169,143.15734159136781,0.040000000000000001,0.077441406249999956
,96.19896784062496,144.21311572615394,0.040000000000000001,0.079475911458333215
,96.29896676796875,145.43931244885258,0.040000000000000001,0.080493164062499956
,96.398965696093683,145.22828359040636,0.040000000000000001,0.080493164062499956
,96.498964623437473,144.53479306285959,0.040000000000000001,0.081510416666666585
,96.598963551562406,143.62997825826173,0.040000000000000001,0.079475911458333215
,96.698962474218661,142.34259308949498,0.040000000000000001,0.078458658854166585
,96.798961396093659,142.67455940935545,0.040000000000000001,0.077441406249999956
,96.898960318749914,143.53947997187598,0.040000000000000001,0.077441406249999956
,96.998959241406169,143.92156283801211,0.040000000000000001,0.076424153645833215
,97.098958164062424,144.5750000908202,0.040000000000000001,0.077441406249999956
,97.198957085937423,145.82113541936553,0.040000000000000001,0.078458658854166585
,97.298956008593677,146.8457891425459,0.040000000000000001,0.079475911458333215
,97.398954931249932,146.55450077553454,0.040000000000000001,0.080493164062499956
,97.498953853906187,146.39377826542176,0.040000000000000001,0.080493164062499956
,97.598952778124954,145.68046956028317,0.040000000000000001,0.079475911458333215
,97.698951703906232,144.67551511617236,0.040000000000000001,0.078458658854166585
,97.798950629687511,145.22828359040636,0.040000000000000001,0.078458658854166585
,97.898949556249931,145.70056509252831,0.040000000000000001,0.077441406249999956
,97.99894848203121,145.52974869330089,0.040000000000000001,0.077441406249999956
,98.098947408593745,146.36364186079095,0.040000000000000001,0.077441406249999956
,98.198946334374909,147.49857983013831,0.040000000000000001,0.078458658854166585
,98.298945260156188,148.5226991209818,0.040000000000000001,0.079475911458333215
,98.398944186718722,148.43234801112635,0.040000000000000001,0.079475911458333215
,98.498943112500001,147.86006919956853,0.040000000000000001,0.080493164062499956
,98.598942035937512,146.76543643801494,0.040000000000000001,0.079475911458333215
,98.698940958593766,145.74075574687677,0.040000000000000001,0.077441406249999956
,98.798939881249908,146.80561304681734,0.040000000000000001,0.077441406249999956
,98.898938803906162,147.48853789393422,0.040000000000000001,0.077441406249999956
,98.998937726562417,147.86006919956853,0.040000000000000001,0.077441406249999956
,99.098936649218672,148.51266022435854,0.040000000000000001,0.077441406249999956
,99.198935572656183,149.22535129749343,0.040000000000000001,0.079475911458333215
,99.298934495312437,150.19880477874193,0.040000000000000001,0.079475911458333215
,99.398933417968692,150.16870168741755,0.040000000000000001,0.080493164062499956
,99.498932341406203,149.91783351271826,0.040000000000000001,0.080493164062499956
,99.598931269531249,149.28557225914153,0.040000000000000001,0.079475911458333215
,99.698930197656182,148.14120060852289,0.040000000000000001,0.078458658854166585
,99.798929126562484,148.49258234453683,0.040000000000000001,0.078458658854166585
,99.898928054687417,149.31568236950613,0.040000000000000001,0.078458658854166585
,99.998926982812463,149.50637403585367,0.040000000000000001,0.077441406249999956
,100.09892591093751,149.77734018249245,0.040000000000000001,0.077441406249999956
,100.1989248398437,150.63025718832475,0.040000000000000001,0.078458658854166585
,100.29892376796874,151.13188806482873,0.040000000000000001,0.079475911458333215
,100.39892269609368,151.07169558190159,0.040000000000000001,0.079475911458333215
,100.49892162421872,151.20211153307656,0.040000000000000001,0.079475911458333215
,100.59892055078126,150.89111289401967,0.040000000000000001,0.079475911458333215
,100.69891947734368,149.91783351271826,0.040000000000000001,0.077441406249999956
,100.79891840390621,150.71052226590876,0.040000000000000001,0.077441406249999956
,100.89891733046875,151.40274356819702,0.040000000000000001,0.077441406249999956
,100.99891625703117,151.37264936802859,0.040000000000000001,0.077441406249999956
,101.0989151835937,152.06476310382268,0.040000000000000001,0.077441406249999956
,101.19891411015624,153.01749985004201,0.040000000000000001,0.079475911458333215
,101.29891303671866,154.05025588916519,0.040000000000000001,0.080493164062499956
,101.39891196328119,153.79960616331888,0.040000000000000001,0.080493164062499956
,101.49891088828122,153.19799682916172,0.040000000000000001,0.080493164062499956
,101.59890981328124,152.86708056865558,0.040000000000000001,0.079475911458333215
,101.69890873750001,151.60336616633202,0.040000000000000001,0.078458658854166585
,101.79890766249991,152.29544367466798,0.040000000000000001,0.077441406249999956
,101.89890658671868,153.5589710205318,0.040000000000000001,0.078458658854166585
,101.9989055117187,153.5589710205318,0.040000000000000001,0.078458658854166585
,102.09890443671873,154.02017855350172,0.040000000000000001,0.077441406249999956
,102.19890336093749,155.29330843719006,0.040000000000000001,0.079475911458333215
,102.29890228593752,155.88466779904564,0.040000000000000001,0.080493164062499956
,102.39890121093742,155.74435037049028,0.040000000000000001,0.081510416666666585
,102.49890013437494,155.65414464381661,0.040000000000000001,0.081510416666666585
,102.59889905781245,154.88232941391053,0.040000000000000001,0.080493164062499956
,102.69889798203121,153.82968476544531,0.040000000000000001,0.079475911458333215
,102.79889690546872,154.50139569018009,0.040000000000000001,0.079475911458333215
,102.89889582968749,154.64174270292639,0.040000000000000001,0.079475911458333215
,102.998894753125,154.8121593452361,0.040000000000000001,0.078458658854166585
,103.09889367656251,155.81450947683072,0.040000000000000001,0.079475911458333215
,103.19889260078116,156.97703622802078,0.040000000000000001,0.080493164062499956
,103.29889152421867,157.82876590095839,0.040000000000000001,0.081510416666666585
,103.39889044999995,157.5782671517824,0.040000000000000001,0.081510416666666585
,103.49888937890626,156.82672070890524,0.040000000000000001,0.081510416666666585
,103.59888830703119,156.62629498985092,0.040000000000000001,0.081510416666666585
,103.69888723593749,155.35344930230303,0.040000000000000001,0.079475911458333215
,103.79888616484368,155.95482534284113,0.040000000000000001,0.079475911458333215
,103.89888509296873,156.7064659739535,0.040000000000000001,0.079475911458333215
,103.99888402187491,156.60625209752183,0.040000000000000001,0.078458658854166585
,104.09888295078122,157.20751388568138,0.040000000000000001,0.079475911458333215
,104.19888187890626,158.43995001161426,0.040000000000000001,0.080493164062499956
,104.29888080781245,159.7122793595567,0.040000000000000001,0.081510416666666585
,104.39887973671875,159.29152797312636,0.040000000000000001,0.082527669270833215
,104.49887866484369,158.6002532219523,0.040000000000000001,0.082527669270833215
,104.59887759374999,157.66844763258439,0.040000000000000001,0.081510416666666585
,104.69887652187492,156.64633782352723,0.040000000000000001,0.079475911458333215
,104.79887545078122,157.72856736876201,0.040000000000000001,0.079475911458333215
,104.89887437890616,158.59023435808015,0.040000000000000001,0.079475911458333215
,104.99887330781246,158.52010198820702,0.040000000000000001,0.078458658854166585
,105.09887223593751,159.29152797312636,0.040000000000000001,0.079475911458333215
,105.19887116484369,160.29328900552261,0.040000000000000001,0.080493164062499956
,105.29887009296874,160.66391737740986,0.040000000000000001,0.080493164062499956
,105.39886901874991,160.33335750659791,0.040000000000000001,0.080493164062499956
,105.49886794453118,160.10296167881515,0.040000000000000001,0.080493164062499956
,105.59886687031246,159.94268348443507,0.040000000000000001,0.080493164062499956
,105.69886579609374,159.35163640899762,0.040000000000000001,0.079475911458333215
,105.79886472109376,159.85252594961588,0.040000000000000001,0.079475911458333215
,105.89886364687493,160.30330614400029,0.040000000000000001,0.079475911458333215
,105.99886257265621,160.50364708267333,0.040000000000000001,0.079475911458333215
,106.09886149843749,161.09463348896688,0.040000000000000001,0.078458658854166585
,106.19886042421876,162.13630970435335,0.040000000000000001,0.080493164062499956
,106.29885934999993,162.74726141204496,0.040000000000000001,0.081510416666666585
,106.39885827578121,162.9275384472875,0.040000000000000001,0.081510416666666585
,106.49885720234374,162.05618329742751,0.040000000000000001,0.080493164062499956
,106.59885612812491,161.94600884320818,0.040000000000000001,0.080493164062499956
,106.69885505468744,160.69396782030915,0.040000000000000001,0.078458658854166585
,106.79885398046872,162.14632547790634,0.040000000000000001,0.080493164062499956
,106.89885290703126,162.37668663845008,0.040000000000000001,0.080493164062499956
,106.99885183281242,162.24648288482356,0.040000000000000001,0.079475911458333215
,107.0988507585937,162.47684271751604,0.040000000000000001,0.079475911458333215
,107.19884968515623,163.32814856762135,0.040000000000000001,0.080493164062499956
,107.29884861093751,164.92051531780217,0.040000000000000001,0.081510416666666585
,107.39884753749993,164.83038322709825,0.040000000000000001,0.082527669270833215
,107.49884646328121,164.10931948744488,0.040000000000000001,0.082527669270833215
,107.59884538906249,163.5584962307266,0.040000000000000001,0.081510416666666585
,107.69884431484365,162.36667099956944,0.040000000000000001,0.080493164062499956
,107.79884324062493,162.75727684567471,0.040000000000000001,0.080493164062499956
,107.89884216640621,163.37822433269466,0.040000000000000001,0.079475911458333215
,107.99884109218749,163.81888674270195,0.040000000000000001,0.080493164062499956
,108.09884001796866,164.32964599698226,0.040000000000000001,0.080493164062499956
,108.19883894374993,164.52994163489535,0.040000000000000001,0.080493164062499956
,108.29883786484368,165.29105678807744,0.040000000000000001,0.081510416666666585
,108.39883678437491,165.33111519358818,0.040000000000000001,0.081510416666666585
,108.49883570468751,165.48133402282141,0.040000000000000001,0.081510416666666585
,108.59883462499999,164.79032446600854,0.040000000000000001,0.080493164062499956
,108.69883354531248,163.70872183445226,0.040000000000000001,0.078458658854166585
,108.79883246484371,164.66013324883554,0.040000000000000001,0.078458658854166585
,108.8988313851562,165.32110059433856,0.040000000000000001,0.079475911458333215
,108.99883030546869,165.20092528937445,0.040000000000000001,0.077441406249999956
,109.09882922499992,165.74171272351185,0.040000000000000001,0.078458658854166585
,109.19882814687492,166.47277383368825,0.040000000000000001,0.079475911458333215
,109.2988270726562,167.86480167740211,0.040000000000000001,0.080493164062499956
,109.39882599921873,167.70456688217669,0.040000000000000001,0.081510416666666585
,109.49882492500001,167.37408407648948,0.040000000000000001,0.081510416666666585
,109.59882385156243,166.90339902042126,0.040000000000000001,0.080493164062499956
,109.69882277734371,165.69163994701671,0.040000000000000001,0.079475911458333215
,109.79882170312499,166.40267212294506,0.040000000000000001,0.079475911458333215
,109.89882062968741,167.0235737055076,0.040000000000000001,0.079475911458333215
,109.99881955546869,167.0235737055076,0.040000000000000001,0.079475911458333215
,110.09881848203122,167.72459620409697,0.040000000000000001,0.078458658854166585
,110.19881740937501,168.70604444269486,0.040000000000000001,0.079475911458333215
,110.29881633906245,169.77766143143532,0.040000000000000001,0.081510416666666585
,110.39881526796876,169.847768888361,0.040000000000000001,0.081510416666666585
,110.49881419687495,169.52727947654816,0.040000000000000001,0.082527669270833215
,110.59881312578125,168.74610412650517,0.040000000000000001,0.082527669270833215
,110.69881205468744,167.42415711642144,0.040000000000000001,0.079475911458333215
,110.79881098359374,168.02503700971673,0.040000000000000001,0.079475911458333215
,110.89880991249993,168.36553912577187,0.040000000000000001,0.079475911458333215
,110.99880884140623,168.59588057546682,0.040000000000000001,0.078458658854166585
,111.09880777109368,169.3169607205983,0.040000000000000001,0.078458658854166585
,111.1988066960937,170.5488569070771,0.040000000000000001,0.080493164062499956
,111.29880562109372,172.06130343279526,0.040000000000000001,0.081510416666666585
,111.398804546875,171.53042738252159,0.040000000000000001,0.081510416666666585
,111.49880347187491,171.02961862937195,0.040000000000000001,0.081510416666666585
,111.59880239687493,170.73915679474348,0.040000000000000001,0.081510416666666585
,111.69880132187495,169.82773816298354,0.040000000000000001,0.081510416666666585
,111.79880024687498,170.67906186880492,0.040000000000000001,0.080493164062499956
,111.898799171875,171.06968273514215,0.040000000000000001,0.080493164062499956
,111.99879809687491,171.1097469414658,0.040000000000000001,0.080493164062499956
,112.09879702265619,171.56047643781645,0.040000000000000001,0.080493164062499956
,112.19879594765621,172.53209793894791,0.040000000000000001,0.082527669270833215
,112.29879487265623,173.4637240644048,0.040000000000000001,0.082527669270833215
,112.39879379765625,173.37356335883823,0.040000000000000001,0.083544921874999956
,112.49879272265616,172.86266641251478,0.040000000000000001,0.084562174479166585
,112.59879164765618,172.3017069792792,0.040000000000000001,0.083544921874999956
,112.69879057265621,170.85934728276231,0.040000000000000001,0.081510416666666585
,112.79878949765623,171.05966669930442,0.040000000000000001,0.081510416666666585
,112.89878842265625,172.16147104034104,0.040000000000000001,0.081510416666666585
,112.99878734843742,172.40187644421883,0.040000000000000001,0.081510416666666585
,113.09878627499995,173.26336794504388,0.040000000000000001,0.082527669270833215
,113.19878520234374,174.55573242307526,0.040000000000000001,0.083544921874999956
,113.29878413046868,175.17692972198262,0.040000000000000001,0.084562174479166585
,113.39878305781247,174.91642251166689,0.040000000000000001,0.085579427083333215
,113.49878198593751,174.74609489783811,0.040000000000000001,0.085579427083333215
,113.59878091328119,174.43550545893871,0.040000000000000001,0.085579427083333215
,113.69877984140624,173.62401161791016,0.040000000000000001,0.084562174479166585
,113.79877876874991,174.17501881705971,0.040000000000000001,0.084562174479166585
,113.89877769687496,174.36537375658173,0.040000000000000001,0.084562174479166585
,113.99877662421875,174.22511186543178,0.040000000000000001,0.084562174479166585
,114.09877554999991,174.83626794893027,0.040000000000000001,0.085579427083333215
,114.19877447578119,175.65788629162358,0.040000000000000001,0.086596679687499956
,114.29877340078122,177.06083667395859,0.040000000000000001,0.085579427083333215
,114.39877232578124,176.77020493150746,0.040000000000000001,0.089648437499999956
,114.49877125156252,176.54973304506714,0.040000000000000001,0.089648437499999956
,114.59877017656243,175.83825196687627,0.040000000000000001,0.088631184895833215
,114.6987691023437,174.59580841435471,0.040000000000000001,0.087613932291666585
,114.79876802734373,175.05669469000139,0.040000000000000001,0.087613932291666585
,114.89876695234375,175.79817037085385,0.040000000000000001,0.087613932291666585
,114.99876587968743,176.28918337346047,0.040000000000000001,0.087613932291666585
,115.09876480937498,176.9105085176547,0.040000000000000001,0.088631184895833215
,115.19876373984368,177.45170411788715,0.040000000000000001,0.089648437499999956
,115.2987626703125,178.23350293921447,0.040000000000000001,0.090665690104166585
,115.39876159999994,178.30366867627586,0.040000000000000001,0.090665690104166585
,115.49876053046876,177.9628703946305,0.040000000000000001,0.091682942708333215
,115.59875946093746,177.77243159033702,0.040000000000000001,0.091682942708333215
,115.69875839062502,177.01072695461363,0.040000000000000001,0.090665690104166585
,115.79875732109372,177.17107924044947,0.040000000000000001,0.090665690104166585
,115.89875625078116,177.73233986726342,0.040000000000000001,0.090665690104166585
,115.99875517890621,177.60204333030222,0.040000000000000001,0.089648437499999956
,116.09875410468749,178.13326742299625,0.040000000000000001,0.089648437499999956
,116.19875302968751,179.21589063347179,0.040000000000000001,0.091682942708333215
,116.29875195546867,180.36888663043294,0.040000000000000001,0.091682942708333215
,116.3987508804687,180.05805753644148,0.040000000000000001,0.092700195312499956
,116.49874980624998,179.64698556421794,0.040000000000000001,0.092700195312499956
,116.59874873203125,179.00536656373561,0.040000000000000001,0.091682942708333215
,116.69874765703116,177.71229409084057,0.040000000000000001,0.089648437499999956
,116.79874658281244,178.77480045476548,0.040000000000000001,0.090665690104166585
,116.89874550859372,179.31614263192071,0.040000000000000001,0.090665690104166585
,116.99874443749991,179.54672827905668,0.040000000000000001,0.089648437499999956
,117.09874336640621,179.68708893266745,0.040000000000000001,0.090665690104166585
,117.19874229609366,180.57945754186744,0.040000000000000001,0.091682942708333215
,117.29874122578121,181.85307552115236,0.040000000000000001,0.092700195312499956
,117.39874015546866,181.9433430079618,0.040000000000000001,0.093717447916666585
,117.49873908515622,181.60234035403266,0.040000000000000001,0.093717447916666585
,117.59873801484366,180.9705380338942,0.040000000000000001,0.092700195312499956
,117.69873694453122,179.39634537479347,0.040000000000000001,0.090665690104166585
,117.79873587421866,180.47918473773294,0.040000000000000001,0.090665690104166585
,117.89873480390622,181.29144459209732,0.040000000000000001,0.091682942708333215
,117.99873373281241,181.09087585944997,0.040000000000000001,0.090665690104166585
,118.09873266171871,181.55219469634034,0.040000000000000001,0.090665690104166585
,118.19873159062502,182.95644994468611,0.040000000000000001,0.092700195312499956
,118.2987305195312,183.97979085030903,0.040000000000000001,0.093717447916666585
,118.39872944843751,183.48815976397796,0.040000000000000001,0.093717447916666585
,118.4987283773437,182.76585049124847,0.040000000000000001,0.093717447916666585
,118.59872730625,182.08376209902201,0.040000000000000001,0.092700195312499956
,118.69872623515619,181.35161660898146,0.040000000000000001,0.091682942708333215
,118.79872516406249,181.78286851384576,0.040000000000000001,0.091682942708333215
,118.89872409296868,182.3345196396499,0.040000000000000001,0.091682942708333215
,118.99872302187498,182.29439763874149,0.040000000000000001,0.090665690104166585
,119.09872195156242,182.71569390944643,0.040000000000000001,0.091682942708333215
,119.19872088046873,183.91958848833636,0.040000000000000001,0.092700195312499956
,119.29871980937492,185.36465422382491,0.040000000000000001,0.093717447916666585
,119.39871873906247,184.88291651417313,0.040000000000000001,0.093717447916666585
,119.49871766796866,184.44136710617346,0.040000000000000001,0.093717447916666585
,119.59871659687497,183.7791191854632,0.040000000000000001,0.093717447916666585
,119.69871552578115,182.45488747001073,0.040000000000000001,0.091682942708333215
,119.79871445546871,183.56842272968566,0.040000000000000001,0.091682942708333215
,119.89871338203125,184.35105523096561,0.040000000000000001,0.091682942708333215
,119.99871230859367,184.24067635659742,0.040000000000000001,0.090665690104166585
,120.09871123437495,184.65210146078485,0.040000000000000001,0.091682942708333215
,120.19871016093748,185.5352817232309,0.040000000000000001,0.092700195312499956
,120.29870908671876,186.72985545009846,0.040000000000000001,0.093717447916666585
,120.39870801328118,186.82021451695215,0.040000000000000001,0.094734700520833215
,120.49870693906246,186.38851585807922,0.040000000000000001,0.094734700520833215
,120.59870586562499,185.45498563717086,0.040000000000000001,0.093717447916666585
,120.69870479140616,184.03999395458854,0.040000000000000001,0.091682942708333215
,120.79870371718744,185.14385156516482,0.040000000000000001,0.091682942708333215
,120.89870264296871,185.56539311962609,0.040000000000000001,0.091682942708333215
,120.99870156874999,185.08363448694769,0.040000000000000001,0.091682942708333215
,121.09870049453116,186.20781738489163,0.040000000000000001,0.091682942708333215
,121.19869942031244,186.81017452774867,0.040000000000000001,0.092700195312499956
,121.29869834609372,188.25617670970396,0.040000000000000001,0.093717447916666585
,121.39869727187499,188.40683072063214,0.040000000000000001,0.093717447916666585
,121.49869619765616,187.97497062362953,0.040000000000000001,0.094734700520833215
,121.59869512343744,187.13146575949744,0.040000000000000001,0.093717447916666585
,121.69869404921872,186.07731750903241,0.040000000000000001,0.092700195312499956
,121.79869297343748,186.62945868785039,0.040000000000000001,0.092700195312499956
,121.89869189609374,187.37244997867617,0.040000000000000001,0.092700195312499956
,121.99869081953125,187.59336419010862,0.040000000000000001,0.092700195312499956
,122.0986897421875,187.97497062362953,0.040000000000000001,0.092700195312499956
,122.19868866484376,189.32091828844847,0.040000000000000001,0.094734700520833215
,122.29868758828115,190.15482989051787,0.040000000000000001,0.095751953124999956
,122.39868651093741,190.1347335390401,0.040000000000000001,0.096769205729166585
,122.49868543359366,189.54193784534732,0.040000000000000001,0.096769205729166585
,122.59868435703117,188.31643765058081,0.040000000000000001,0.095751953124999956
,122.69868327968743,187.52307205246032,0.040000000000000001,0.093717447916666585
,122.79868220312494,188.12561436269422,0.040000000000000001,0.094734700520833215
,122.89868112734371,188.26622013851639,0.040000000000000001,0.094734700520833215
,122.99868005156247,188.16578695244931,0.040000000000000001,0.093717447916666585
,123.09867897578124,188.81864672627628,0.040000000000000001,0.093717447916666585
,123.19867789921875,189.82325339790759,0.040000000000000001,0.094734700520833215
,123.2986768234374,190.99897177791573,0.040000000000000001,0.095751953124999956
,123.39867574765617,190.84821842628986,0.040000000000000001,0.095751953124999956
,123.49867467109368,190.1950229068793,0.040000000000000001,0.094734700520833215
,123.59867359531245,189.46156566824337,0.040000000000000001,0.094734700520833215
,123.69867251953121,188.6579330746894,0.040000000000000001,0.092700195312499956
,123.79867144687501,189.52184464761308,0.040000000000000001,0.092700195312499956
,123.89867037421868,190.14478170172728,0.040000000000000001,0.093717447916666585
,123.99866930156247,190.44623875744887,0.040000000000000001,0.092700195312499956
,124.09866822890626,190.99897177791573,0.040000000000000001,0.093717447916666585
,124.19866715624994,191.64225415262143,0.040000000000000001,0.094734700520833215
,124.29866608359373,192.7682686988208,0.040000000000000001,0.094734700520833215
,124.39866501093741,192.55711437035313,0.040000000000000001,0.095751953124999956
,124.4986639382812,192.00414951023919,0.040000000000000001,0.095751953124999956
,124.59866286562499,191.56183778140192,0.040000000000000001,0.095751953124999956
,124.69866179218741,190.235216341555,0.040000000000000001,0.093717447916666585
,124.79866071874994,190.35579916073658,0.040000000000000001,0.092700195312499956
,124.89865964531248,191.15978199929793,0.040000000000000001,0.092700195312499956
,124.99865857187501,191.29044537816608,0.040000000000000001,0.092700195312499956
,125.09865749843743,192.20521791521983,0.040000000000000001,0.092700195312499956
,125.19865642499997,193.1302765032186,0.040000000000000001,0.093717447916666585
,125.2986553515625,194.38753666510493,0.040000000000000001,0.094734700520833215
,125.39865427812492,194.00528165395124,0.040000000000000001,0.094734700520833215
,125.49865320468746,193.35152162885115,0.040000000000000001,0.094734700520833215
,125.59865213124999,193.31129421420275,0.040000000000000001,0.094734700520833215
,125.69865105781241,191.93377817924397,0.040000000000000001,0.092700195312499956
,125.79864998359369,192.56716905759293,0.040000000000000001,0.092700195312499956
,125.89864890937497,193.3816924903833,0.040000000000000001,0.092700195312499956
,125.9986478359375,193.28112395349743,0.040000000000000001,0.092700195312499956
,126.09864676171867,193.51243587243144,0.040000000000000001,0.091682942708333215
,126.19864568749995,194.25676045776339,0.040000000000000001,0.092700195312499956
,126.29864461328123,195.10186402540086,0.040000000000000001,0.093717447916666585
,126.3986435390625,195.33329805411032,0.040000000000000001,0.093717447916666585
,126.49864246562493,195.04149253669064,0.040000000000000001,0.093717447916666585
,126.5986413914062,193.79405352516889,0.040000000000000001,0.092700195312499956
,126.69864031718748,192.53700507993062,0.040000000000000001,0.091682942708333215
,126.79863924296876,193.34146473226903,0.040000000000000001,0.090665690104166585
,126.89863816874993,194.55855920341529,0.040000000000000001,0.090665690104166585
,126.99863709531246,194.65916467923253,0.040000000000000001,0.090665690104166585
,127.09863602109374,195.09180203588215,0.040000000000000001,0.090665690104166585
,127.1986349468749,196.07802025924812,0.040000000000000001,0.091682942708333215
,127.29863387343744,197.08466834049858,0.040000000000000001,0.092700195312499956
,127.39863279921872,196.66183843264,0.040000000000000001,0.092700195312499956
,127.498631725,196.20886705844106,0.040000000000000001,0.092700195312499956
,127.59863065156242,195.42386352180282,0.040000000000000001,0.091682942708333215
,127.69862958046872,194.76983412073278,0.040000000000000001,0.090665690104166585
,127.79862850859377,195.53455796485119,0.040000000000000001,0.090665690104166585
,127.8986274367187,196.04782557897497,0.040000000000000001,0.090665690104166585
,127.99862636484374,195.96730777648045,0.040000000000000001,0.090665690104166585
,128.09862529374993,196.15854075349387,0.040000000000000001,0.090665690104166585
,128.19862422187498,197.24576089071113,0.040000000000000001,0.091682942708333215
,128.29862314999991,198.35349120157812,0.040000000000000001,0.092700195312499956
,128.39862207890621,198.57508363082258,0.040000000000000001,0.092700195312499956
,128.49862100703126,198.14198566152405,0.040000000000000001,0.092700195312499956
,128.59861993671871,197.26589802404752,0.040000000000000001,0.091682942708333215
,128.69861886718741,195.95724318858913,0.040000000000000001,0.090665690104166585
,128.79861779765622,197.10480447067843,0.040000000000000001,0.090665690104166585
,128.89861672812492,197.58810928082477,0.040000000000000001,0.090665690104166585
,128.99861565781248,197.60824855732596,0.040000000000000001,0.089648437499999956
,129.09861458828118,197.92042355877564,0.040000000000000001,0.090665690104166585
,129.19861351874999,199.08883535717629,0.040000000000000001,0.090665690104166585
,129.29861244921869,199.68328142209018,0.040000000000000001,0.091682942708333215
,129.39861137890625,199.09890976519847,0.040000000000000001,0.091682942708333215
,129.4986103085937,199.03846380590059,0.040000000000000001,0.091682942708333215
,129.59860923359372,198.65566656471296,0.040000000000000001,0.091682942708333215
,129.69860815781249,197.71901684161651,0.040000000000000001,0.089648437499999956
,129.79860708281251,198.43406846402772,0.040000000000000001,0.089648437499999956
,129.89860600703116,198.46428546821426,0.040000000000000001,0.089648437499999956
,129.99860493203118,198.56501090936737,0.040000000000000001,0.088631184895833215
,130.09860385624995,199.48176148762909,0.040000000000000001,0.089648437499999956
,130.19860278124997,200.32823408183597,0.040000000000000001,0.090665690104166585
,130.29860170625,201.93113327133119,0.040000000000000001,0.091682942708333215
,130.39860063046876,201.62863377913365,0.040000000000000001,0.091682942708333215
,130.49859955703118,200.9027600580545,0.040000000000000001,0.091682942708333215
,130.59859848515623,200.07628327201235,0.040000000000000001,0.090665690104166585
,130.69859741328116,198.53479293855432,0.040000000000000001,0.089648437499999956
,130.79859634140621,199.46161021759724,0.040000000000000001,0.089648437499999956
,130.89859526953126,200.16698316719234,0.040000000000000001,0.089648437499999956
,130.99859419765619,199.75381651227809,0.040000000000000001,0.088631184895833215
,131.09859312578124,200.4189414734652,0.040000000000000001,0.088631184895833215
,131.19859205468742,201.56813757293949,0.040000000000000001,0.089648437499999956
,131.29859098281247,202.74803660734429,0.040000000000000001,0.090665690104166585
,131.39858991093752,202.67743105797558,0.040000000000000001,0.091682942708333215
,131.49858883671868,202.38494046616574,0.040000000000000001,0.091682942708333215
,131.59858776249996,201.52780745099565,0.040000000000000001,0.090665690104166585
,131.69858668906249,200.64068205884186,0.040000000000000001,0.089648437499999956
,131.79858561484366,201.26567493338752,0.040000000000000001,0.090665690104166585
,131.89858454062494,201.95130100051097,0.040000000000000001,0.089648437499999956
,131.99858346640622,201.61855099278401,0.040000000000000001,0.089648437499999956
,132.0985823921875,202.31434365058797,0.040000000000000001,0.090665690104166585
,132.19858131796866,203.50463197572921,0.040000000000000001,0.091682942708333215
,132.29858024374994,204.77615906710031,0.040000000000000001,0.093717447916666585
,132.39857917031247,204.55410565870352,0.040000000000000001,0.093717447916666585
,132.49857809765626,203.72660406898382,0.040000000000000001,0.093717447916666585
,132.59857702421868,202.74803660734429,0.040000000000000001,0.092700195312499956
,132.69857595156247,202.0521417069846,0.040000000000000001,0.091682942708333215
,132.79857487890627,202.79847018589237,0.040000000000000001,0.092700195312499956
,132.89857380546869,203.61561588922038,0.040000000000000001,0.093717447916666585
,132.99857273281248,203.26250002853345,0.040000000000000001,0.092700195312499956
,133.09857166015615,203.54498926929557,0.040000000000000001,0.092700195312499956
,133.19857058671869,204.07977674383923,0.040000000000000001,0.093717447916666585
,133.29856951406248,205.21022273448563,0.040000000000000001,0.094734700520833215
,133.39856844140616,205.56357962781405,0.040000000000000001,0.095751953124999956
,133.4985673695312,205.31117732472597,0.040000000000000001,0.095751953124999956
,133.59856629765625,204.42290041992467,0.040000000000000001,0.094734700520833215
,133.69856522578118,203.2423232790251,0.040000000000000001,0.092700195312499956
,133.79856415390623,203.64588496938407,0.040000000000000001,0.093717447916666585
,133.89856308203116,203.92841171329758,0.040000000000000001,0.092700195312499956
,133.99856200937495,204.16050802574657,0.040000000000000001,0.092700195312499956
,134.0985609375,204.63485034716859,0.040000000000000001,0.091682942708333215
,134.19855986562493,205.96747050917108,0.040000000000000001,0.093717447916666585
,134.29855879374998,207.32093208049955,0.040000000000000001,0.094734700520833215
,134.39855772265616,206.83603397733046,0.040000000000000001,0.094734700520833215
,134.49855665156247,206.2603278799497,0.040000000000000001,0.094734700520833215
,134.59855558124991,205.88668767351226,0.040000000000000001,0.094734700520833215
,134.69855451015621,204.25133343771876,0.040000000000000001,0.092700195312499956
,134.79855343984366,205.11936668995003,0.040000000000000001,0.092700195312499956
,134.89855236874996,206.05835399030255,0.040000000000000001,0.092700195312499956
,134.99855129843741,205.62415955154617,0.040000000000000001,0.092700195312499956
,135.09855022734371,206.19973417652864,0.040000000000000001,0.091682942708333215
,135.19854915703127,206.84613515196796,0.040000000000000001,0.092700195312499956
,135.29854808671871,208.14949790489712,0.040000000000000001,0.093717447916666585
,135.39854701640616,208.31119862307528,0.040000000000000001,0.094734700520833215
,135.49854594687497,207.67455752715819,0.040000000000000001,0.094734700520833215
,135.59854487656241,206.89664157893503,0.040000000000000001,0.093717447916666585
,135.69854380624997,205.60396609844901,0.040000000000000001,0.091682942708333215
,135.79854273671867,205.99776467436104,0.040000000000000001,0.091682942708333215
,135.89854166640623,206.91684440824295,0.040000000000000001,0.091682942708333215
,135.99854059687493,207.04816640272193,0.040000000000000001,0.091682942708333215
,136.09853952656249,207.75539260968776,0.040000000000000001,0.091682942708333215
,136.19853845624993,208.6851684286392,0.040000000000000001,0.092700195312499956
,136.29853738281247,209.86806289036272,0.040000000000000001,0.093717447916666585
,136.39853630468747,209.70626877070794,0.040000000000000001,0.093717447916666585
,136.49853522656247,208.82668398688324,0.040000000000000001,0.093717447916666585
,136.59853414843747,208.37183887275867,0.040000000000000001,0.093717447916666585
,136.69853307031246,207.47248026071676,0.040000000000000001,0.091682942708333215
,136.79853199140621,208.09896840131307,0.040000000000000001,0.091682942708333215
,136.89853091328121,208.62452117029093,0.040000000000000001,0.091682942708333215
,136.99852983515621,208.45269464612181,0.040000000000000001,0.090665690104166585
,137.0985287570312,208.79635860066256,0.040000000000000001,0.091682942708333215
,137.1985276789062,209.88828784399828,0.040000000000000001,0.092700195312499956
,137.29852660468748,211.12230091118886,0.040000000000000001,0.093717447916666585
,137.39852553203116,210.84915016266163,0.040000000000000001,0.093717447916666585
,137.4985244601562,210.50522266240984,0.040000000000000001,0.093717447916666585
,137.59852338749999,209.66582176992745,0.040000000000000001,0.093717447916666585
,137.69852231562493,208.57398282616407,0.040000000000000001,0.091682942708333215
,137.79852124296872,209.27149549524486,0.040000000000000001,0.090665690104166585
,137.89852017031251,210.27259110135321,0.040000000000000001,0.091682942708333215
,137.99851909843744,210.12088582738525,0.040000000000000001,0.090665690104166585
,138.09851802578123,210.82891789681503,0.040000000000000001,0.091682942708333215
,138.19851695312491,211.61809123319151,0.040000000000000001,0.092700195312499956
,138.29851587968744,212.76180210715776,0.040000000000000001,0.093717447916666585
,138.39851480624998,212.41762400561987,0.040000000000000001,0.093717447916666585
,138.49851373359365,212.04312886724554,0.040000000000000001,0.094734700520833215
,138.59851266015619,211.73952352532243,0.040000000000000001,0.094734700520833215
,138.69851158671872,210.26247714742814,0.040000000000000001,0.092700195312499956
,138.79851051328126,210.77833790901667,0.040000000000000001,0.092700195312499956
,138.89850943984368,211.29429922118499,0.040000000000000001,0.092700195312499956
,138.99850836640621,211.42583491857116,0.040000000000000001,0.091682942708333215
,139.09850729296875,212.39737965131218,0.040000000000000001,0.091682942708333215
,139.19850621874991,213.03515247626311,0.040000000000000001,0.093717447916666585
,139.29850514453119,214.09845631380455,0.040000000000000001,0.093717447916666585
,139.39850407031247,214.18961705957679,0.040000000000000001,0.094734700520833215
,139.49850299609375,213.59206652670863,0.040000000000000001,0.094734700520833215
,139.59850192187491,213.11615070954127,0.040000000000000001,0.094734700520833215
,139.69850084765619,211.95204356884156,0.040000000000000001,0.092700195312499956
,139.79849977343747,212.43786851713946,0.040000000000000001,0.092700195312499956
,139.89849869921875,213.50092692763394,0.040000000000000001,0.092700195312499956
,139.99849762578117,213.64270102785139,0.040000000000000001,0.092700195312499956
,140.09849655156245,213.96678538794581,0.040000000000000001,0.092700195312499956
,140.19849547656247,215.25339882719234,0.040000000000000001,0.094734700520833215
,140.29849440156249,216.33790023431402,0.040000000000000001,0.095751953124999956
,140.39849332656252,216.12501758037769,0.040000000000000001,0.095751953124999956
,140.49849225156242,215.87160918208474,0.040000000000000001,0.096769205729166585
,140.59849117656245,214.87849189371579,0.040000000000000001,0.095751953124999956
,140.69849010156247,214.05794146469245,0.040000000000000001,0.094734700520833215
,140.79848902578124,214.66573135762613,0.040000000000000001,0.094734700520833215
,140.89848795078126,215.15206719503178,0.040000000000000001,0.094734700520833215
,140.99848687578117,214.83796471217843,0.040000000000000001,0.093717447916666585
,141.09848580078119,215.26353221202334,0.040000000000000001,0.094734700520833215
,141.1984847242187,216.8144168882481,0.040000000000000001,0.095751953124999956
,141.29848364765621,218.26479963663337,0.040000000000000001,0.097786458333333215
,141.39848257109372,218.01117566749681,0.040000000000000001,0.097786458333333215
,141.49848149531249,217.40258296741047,0.040000000000000001,0.097786458333333215
,141.59848041875,216.23652530806146,0.040000000000000001,0.097786458333333215
,141.69847934218751,215.49661119454646,0.040000000000000001,0.096769205729166585
,141.79847826562491,216.30748732976778,0.040000000000000001,0.096769205729166585
,141.89847718906242,216.61163284813261,0.040000000000000001,0.096769205729166585
,141.99847611328119,216.48997024633067,0.040000000000000001,0.095751953124999956
,142.0984750367187,217.32144843114011,0.040000000000000001,0.096769205729166585
,142.19847396171872,217.98074252002542,0.040000000000000001,0.096769205729166585
,142.29847288593749,219.27955351985986,0.040000000000000001,0.098803710937499956
,142.39847181093751,219.13746306420558,0.040000000000000001,0.098803710937499956
,142.49847073515616,218.73153507108776,0.040000000000000001,0.098803710937499956
,142.59846966015618,218.35611056870334,0.040000000000000001,0.098803710937499956
,142.69846858515621,216.73330131545404,0.040000000000000001,0.096769205729166585
,142.79846750937497,217.00707684018613,0.040000000000000001,0.096769205729166585
,142.898466434375,217.8691574793007,0.040000000000000001,0.096769205729166585
,142.99846535859376,218.08218778502322,0.040000000000000001,0.096769205729166585
,143.09846428671869,218.94463900935619,0.040000000000000001,0.096769205729166585
,143.19846321484374,219.74647944547868,0.040000000000000001,0.097786458333333215
,143.29846214374993,220.5790441474679,0.040000000000000001,0.098803710937499956
,143.39846107265623,220.19318661298419,0.040000000000000001,0.099820963541666585
,143.49846000078117,219.99012790213638,0.040000000000000001,0.099820963541666585
,143.59845892968747,219.2288059955504,0.040000000000000001,0.098803710937499956
,143.69845785781251,218.11262216704455,0.040000000000000001,0.096769205729166585
,143.7984567867187,218.96493557423867,0.040000000000000001,0.096769205729166585
,143.898455715625,220.16272674316127,0.040000000000000001,0.096769205729166585
,143.99845464453119,220.13226724868827,0.040000000000000001,0.096769205729166585
,144.0984535679687,220.37595371800242,0.040000000000000001,0.096769205729166585
,144.19845249218747,221.2899924631819,0.040000000000000001,0.097786458333333215
,144.29845141562498,222.41777527502984,0.040000000000000001,0.098803710937499956
,144.39845033984375,222.27550379552173,0.040000000000000001,0.098803710937499956
,144.49844926328126,221.86905939289821,0.040000000000000001,0.099820963541666585
,144.59844818749991,221.18841584561287,0.040000000000000001,0.098803710937499956
,144.69844711093742,219.77693419136173,0.040000000000000001,0.096769205729166585
,144.79844603437493,220.17287999139339,0.040000000000000001,0.096769205729166585
,144.8984449585937,220.95480554031218,0.040000000000000001,0.096769205729166585
,144.99844388281247,221.36109859256231,0.040000000000000001,0.096769205729166585
,145.09844280781249,221.94018229712421,0.040000000000000001,0.096769205729166585
,145.19844173281251,223.19025068118205,0.040000000000000001,0.097786458333333215
,145.29844065781242,224.21720868941614,0.040000000000000001,0.098803710937499956
,145.39843958281244,223.80027250484613,0.040000000000000001,0.099820963541666585
,145.49843850781247,223.19025068118205,0.040000000000000001,0.098803710937499956
,145.59843743281249,222.74299830673772,0.040000000000000001,0.098803710937499956
,145.69843635781251,221.76745882212967,0.040000000000000001,0.096769205729166585
,145.79843528281242,222.25517997353168,0.040000000000000001,0.096769205729166585
,145.89843420781244,222.71250680937297,0.040000000000000001,0.096769205729166585
,145.99843313359372,222.94628468294252,0.040000000000000001,0.095751953124999956
,146.098432059375,223.19025068118205,0.040000000000000001,0.096769205729166585
,146.19843098515616,224.31891128970815,0.040000000000000001,0.097786458333333215
,146.29842991093744,225.6617853162515,0.040000000000000001,0.098803710937499956
,146.39842883671872,225.336171760083,0.040000000000000001,0.099820963541666585
,146.4984277625,225.20390375996098,0.040000000000000001,0.098803710937499956
,146.59842668828117,224.4206181477893,0.040000000000000001,0.098803710937499956
,146.69842561406244,223.06826463322918,0.040000000000000001,0.096769205729166585
,146.79842453984372,223.45457471976579,0.040000000000000001,0.096769205729166585
,146.898423465625,223.92229520965938,0.040000000000000001,0.096769205729166585
,146.99842238828126,224.02398547260665,0.040000000000000001,0.096769205729166585
,147.09842131171877,224.49181548278693,0.040000000000000001,0.095751953124999956
,147.19842023437491,225.4480964798318,0.040000000000000001,0.096769205729166585
,147.29841915703116,226.46583154658259,0.040000000000000001,0.097786458333333215
,147.39841808046867,226.09939755686187,0.040000000000000001,0.097786458333333215
,147.49841700312493,225.77372509582196,0.040000000000000001,0.097786458333333215
,147.59841592656244,225.62108122598173,0.040000000000000001,0.097786458333333215
,147.69841484921869,224.50198670106215,0.040000000000000001,0.096769205729166585
,147.79841377187495,224.69524794617573,0.040000000000000001,0.096769205729166585
,147.89841269609371,224.95973565119087,0.040000000000000001,0.095751953124999956
,147.99841162187499,225.07164298081361,0.040000000000000001,0.094734700520833215
,148.09841054765616,225.56002637436504,0.040000000000000001,0.095751953124999956
,148.19840947421869,226.48619062078123,0.040000000000000001,0.095751953124999956
,148.29840839999997,227.60620441715514,0.040000000000000001,0.096769205729166585
,148.39840732656251,227.50436347129917,0.040000000000000001,0.096769205729166585
,148.49840625234367,227.02576868233393,0.040000000000000001,0.096769205729166585
,148.59840517812495,226.03833062832106,0.040000000000000001,0.095751953124999956
,148.69840410468748,225.3056477343352,0.040000000000000001,0.094734700520833215
,148.79840303046876,226.04850834259173,0.040000000000000001,0.094734700520833215
,148.89840195624993,226.86286447430334,0.040000000000000001,0.094734700520833215
,148.99840088124995,226.93413371126388,0.040000000000000001,0.094734700520833215
,149.09839980703123,226.92395226275443,0.040000000000000001,0.093717447916666585
,149.19839873281251,227.6265731231525,0.040000000000000001,0.094734700520833215
,149.29839765781242,228.63503962098517,0.040000000000000001,0.095751953124999956
,149.39839658359369,228.33958645234145,0.040000000000000001,0.095751953124999956
,149.49839550937497,228.08491457862186,0.040000000000000001,0.094734700520833215
,149.598394434375,227.8506402630822,0.040000000000000001,0.094734700520833215
,149.69839336015616,226.55744873262026,0.040000000000000001,0.092700195312499956
,149.79839228593744,226.89340817512169,0.040000000000000001,0.092700195312499956
,149.89839121171872,227.6265731231525,0.040000000000000001,0.092700195312499956
,149.99839013828125,227.33124374479382,0.040000000000000001,0.091682942708333215
,150.09838906406242,227.72841923782849,0.040000000000000001,0.090665690104166585
,150.1983879898437,228.63503962098517,0.040000000000000001,0.091682942708333215
,150.29838691562497,229.52161718089732,0.040000000000000001,0.092700195312499956
,150.39838584218751,228.9916694093786,0.040000000000000001,0.092700195312499956
,150.49838476796867,228.63503962098517,0.040000000000000001,0.091682942708333215
,150.59838369374995,228.00342527310767,0.040000000000000001,0.091682942708333215
,150.69838261953123,226.99522330505147,0.040000000000000001,0.089648437499999956
,150.79838154765616,227.61638874861708,0.040000000000000001,0.088631184895833215
,150.89838047578121,228.441462753743,0.040000000000000001,0.089648437499999956
,150.99837940468751,228.4924025232894,0.040000000000000001,0.088631184895833215
,151.0983783335937,228.87958005734589,0.040000000000000001,0.088631184895833215
,151.1983772625,229.93954312827759,0.040000000000000001,0.089648437499999956
,151.29837619140619,230.82660289204048,0.040000000000000001,0.090665690104166585
,151.39837512031249,222.00114642884355,0.040000000000000001,0.078458658854166585
,151.49837404921868,221.96050350588831,0.040000000000000001,0.076424153645833215
,151.59837297812498,224.95973565119087,0.040000000000000001,0.075406901041666585
,151.69837190703117,226.02815295690795,0.040000000000000001,0.073372395833333215
,151.79837083437496,227.50436347129917,0.040000000000000001,0.073372395833333215
,151.89836976250001,228.70636134429157,0.040000000000000001,0.072355143229166585
,151.9983686914062,229.01204985352084,0.040000000000000001,0.072355143229166585
,152.09836761953125,229.53180963075363,0.040000000000000001,0.072355143229166585
,152.19836654765618,230.53087983510542,0.040000000000000001,0.073372395833333215
,152.29836547578122,231.5303665735353,0.040000000000000001,0.073372395833333215
,152.39836440390616,231.38755722353625,0.040000000000000001,0.074389648437499956
,152.4983633320312,230.92858482105629,0.040000000000000001,0.073372395833333215
,152.59836226015625,230.01090361512036,0.040000000000000001,0.073372395833333215
,152.69836118828118,228.4924025232894,0.040000000000000001,0.071337890624999956
,152.79836011640623,229.34835215487681,0.040000000000000001,0.070320638020833215
,152.89835904296876,230.41871856334043,0.040000000000000001,0.070320638020833215
,152.99835797031244,230.29636679637804,0.040000000000000001,0.070320638020833215
,153.09835689687498,231.02037226810265,0.040000000000000001,0.070320638020833215
,153.19835582421877,232.34658340891187,0.040000000000000001,0.072355143229166585
,153.29835475078119,233.07120898696829,0.040000000000000001,0.073372395833333215
,153.39835367812498,232.99975728077678,0.040000000000000001,0.073372395833333215
,153.49835260468751,232.40781088932133,0.040000000000000001,0.072355143229166585
,153.59835153203119,231.39775760903916,0.040000000000000001,0.072355143229166585
,153.69835045937498,230.07207143648947,0.040000000000000001,0.070320638020833215
,153.79834938828117,230.4798967883327,0.040000000000000001,0.070320638020833215
,153.89834831718747,231.01017348924623,0.040000000000000001,0.069303385416666585
,153.99834724687491,230.98977606175967,0.040000000000000001,0.068286132812499956
,154.09834617578122,231.57117080890978,0.040000000000000001,0.069303385416666585
,154.19834510468741,232.43842521673128,0.040000000000000001,0.070320638020833215
,154.29834403359371,233.75521181835938,0.040000000000000001,0.071337890624999956
,154.39834296328127,233.64289943394186,0.040000000000000001,0.071337890624999956
,154.49834189218745,233.03037917940827,0.040000000000000001,0.071337890624999956
,154.59834082109376,232.5098601698387,0.040000000000000001,0.071337890624999956
,154.69833974687492,231.52016562330635,0.040000000000000001,0.069303385416666585
,154.79833867031243,231.79560653068648,0.040000000000000001,0.069303385416666585
,154.8983375945312,232.46903993563078,0.040000000000000001,0.069303385416666585
,154.99833651796871,232.64253073821789,0.040000000000000001,0.069303385416666585
,155.09833544140622,233.27536847230834,0.040000000000000001,0.069303385416666585
,155.19833436484373,234.02069840514821,0.040000000000000001,0.070320638020833215
,155.29833328828124,234.97056459620285,0.040000000000000001,0.071337890624999956
,155.39833221171875,234.52111856310441,0.040000000000000001,0.072355143229166585
,155.49833113515626,234.48026401645703,0.040000000000000001,0.072355143229166585
,155.59833005859366,233.63268947849249,0.040000000000000001,0.071337890624999956
,155.69832898828122,232.58129725457064,0.040000000000000001,0.070320638020833215
,155.79832791874992,233.06100146978574,0.040000000000000001,0.069303385416666585
,155.89832684843748,233.65310943294267,0.040000000000000001,0.069303385416666585
,155.99832577812492,233.76542229644957,0.040000000000000001,0.068286132812499956
,156.09832470859374,233.77563281809543,0.040000000000000001,0.068286132812499956
,156.19832363828118,234.9501334005939,0.040000000000000001,0.069303385416666585
,156.29832256796874,235.66532898730736,0.040000000000000001,0.070320638020833215
,156.39832149843744,235.42009501006257,0.040000000000000001,0.070320638020833215
,156.498320428125,235.08293928843844,0.040000000000000001,0.070320638020833215
,156.59831935703119,234.00027531455243,0.040000000000000001,0.069303385416666585
,156.69831828124995,232.73438390059576,0.040000000000000001,0.067268880208333215
,156.79831720624998,233.34682840631149,0.040000000000000001,0.066251627604166585
,156.89831613125,233.64289943394186,0.040000000000000001,0.065234374999999956
,156.99831505624991,233.83689686265788,0.040000000000000001,0.065234374999999956
,157.09831398046867,234.93991786816699,0.040000000000000001,0.065234374999999956
,157.1983129054687,236.03322703387349,0.040000000000000001,0.066251627604166585
,157.29831183046872,237.03501350874782,0.040000000000000001,0.067268880208333215
,157.39831075468749,236.70785352395242,0.040000000000000001,0.067268880208333215
,157.49830967968751,236.25808143104723,0.040000000000000001,0.067268880208333215
,157.59830860468742,235.48140115040343,0.040000000000000001,0.065234374999999956
,157.69830752890618,234.67432932282642,0.040000000000000001,0.064217122395833215
,157.79830645312495,235.25661964113195,0.040000000000000001,0.064217122395833215
,157.89830537734372,236.2683025868005,0.040000000000000001,0.064217122395833215
,157.99830430234374,236.30918764575694,0.040000000000000001,0.064217122395833215
,158.09830322656251,236.90209938151099,0.040000000000000001,0.063199869791666585
,158.19830215078116,237.76105909896171,0.040000000000000001,0.065234374999999956
,158.29830107578118,238.63055750332813,0.040000000000000001,0.065234374999999956
,158.39829999999995,238.3236397739997,0.040000000000000001,0.066251627604166585
,158.49829892421872,237.98607555335934,0.040000000000000001,0.065234374999999956
,158.59829785234376,237.07591164530839,0.040000000000000001,0.065234374999999956
,158.69829678124995,235.43031259114096,0.040000000000000001,0.062182617187499956
,158.79829571015625,236.37051654201855,0.040000000000000001,0.062182617187499956
,158.89829463906244,237.43380008803649,0.040000000000000001,0.062182617187499956
,158.99829356796874,237.64855878059495,0.040000000000000001,0.062182617187499956
,159.09829249687493,238.12927882239424,0.040000000000000001,0.062182617187499956
,159.19829142578124,239.64366404592178,0.040000000000000001,0.063199869791666585
,159.29829035468742,240.15549611417362,0.040000000000000001,0.064217122395833215
,159.39828928359373,239.93027660754058,0.040000000000000001,0.064217122395833215
,159.49828821093752,239.61295758014288,0.040000000000000001,0.065234374999999956
,159.59828713593743,238.8454232358319,0.040000000000000001,0.064217122395833215
,159.69828606093745,237.87356468998988,0.040000000000000001,0.062182617187499956
,159.79828498593747,238.88635221928214,0.040000000000000001,0.062182617187499956
,159.89828391093749,239.60272217856991,0.040000000000000001,0.062182617187499956
,159.99828283515626,239.82791106329339,0.040000000000000001,0.062182617187499956
,160.09828176015617,240.26811375991574,0.040000000000000001,0.062182617187499956
,160.19828068515619,241.09755109054052,0.040000000000000001,0.063199869791666585
,160.29827961015621,242.87001895101542,0.040000000000000001,0.065234374999999956
,160.39827853515624,242.27563659518216,0.040000000000000001,0.066251627604166585
,160.49827746171866,241.45603810959284,0.040000000000000001,0.066251627604166585
,160.59827639062496,240.79031884061624,0.040000000000000001,0.065234374999999956
,160.69827531953126,239.32638278474946,0.040000000000000001,0.063199869791666585
,160.79827424843745,239.87909329170304,0.040000000000000001,0.063199869791666585
,160.89827317734375,240.57527952927575,0.040000000000000001,0.063199869791666585
,160.99827210624994,240.63671737715387,0.040000000000000001,0.063199869791666585
,161.09827103515624,241.48676804259165,0.040000000000000001,0.063199869791666585
,161.19826996328118,242.78802651688051,0.040000000000000001,0.064217122395833215
,161.29826889218748,243.59782313961165,0.040000000000000001,0.065234374999999956
,161.39826782109367,243.44404352884339,0.040000000000000001,0.066251627604166585
,161.49826674921871,243.03401212945255,0.040000000000000001,0.066251627604166585
,161.5982656781249,242.34736466460862,0.040000000000000001,0.065234374999999956
,161.69826460624995,240.51384324589065,0.040000000000000001,0.063199869791666585
,161.79826353515625,241.19997052635981,0.040000000000000001,0.063199869791666585
,161.89826246406244,242.03997360529192,0.040000000000000001,0.063199869791666585
,161.99826139218749,242.05021934540807,0.040000000000000001,0.062182617187499956
,162.09826032109368,242.61380179447161,0.040000000000000001,0.063199869791666585
,162.19825924921872,243.94642625027075,0.040000000000000001,0.064217122395833215
,162.29825817812491,244.94124461405426,0.040000000000000001,0.065234374999999956
,162.39825710703121,244.78738020803127,0.040000000000000001,0.066251627604166585
,162.49825603515626,244.39763377771288,0.040000000000000001,0.065234374999999956
,162.59825496328119,243.85414409684137,0.040000000000000001,0.065234374999999956
,162.69825389218749,242.63429817111211,0.040000000000000001,0.063199869791666585
,162.79825282031243,243.13651349126809,0.040000000000000001,0.063199869791666585
,162.89825174921873,244.0182036766019,0.040000000000000001,0.063199869791666585
,162.99825067734366,244.08998321837475,0.040000000000000001,0.063199869791666585
,163.09824960546871,244.45916854874594,0.040000000000000001,0.063199869791666585
,163.19824853437501,245.50549698106249,0.040000000000000001,0.064217122395833215
,163.29824746249994,246.51121435144995,0.040000000000000001,0.065234374999999956
,163.39824639140625,246.44962797302668,0.040000000000000001,0.065234374999999956
,163.49824532031244,245.79280271287371,0.040000000000000001,0.065234374999999956
,163.59824424921874,244.99253490308757,0.040000000000000001,0.064217122395833215
,163.69824317890618,244.14125561460395,0.040000000000000001,0.063199869791666585
,163.79824210781248,244.63352549673277,0.040000000000000001,0.063199869791666585
,163.89824103749993,244.95150258572596,0.040000000000000001,0.063199869791666585
,163.99823996640623,245.20796587169997,0.040000000000000001,0.062182617187499956
,164.09823889531242,245.8748962531601,0.040000000000000001,0.062182617187499956
,164.19823782499998,247.02449416240182,0.040000000000000001,0.064217122395833215
,164.29823675390617,248.0411036758606,0.040000000000000001,0.064217122395833215
,164.39823568203121,247.75353529458403,0.040000000000000001,0.065234374999999956
,164.49823461015626,247.38385370529733,0.040000000000000001,0.065234374999999956
,164.59823353828119,246.77810648850328,0.040000000000000001,0.064217122395833215
,164.69823246640624,245.43367581475906,0.040000000000000001,0.063199869791666585
,164.79823139374992,246.10066766220353,0.040000000000000001,0.063199869791666585
,164.89823032187496,246.86023297271083,0.040000000000000001,0.063199869791666585
,164.99822925000001,246.90129724261288,0.040000000000000001,0.062182617187499956
,165.09822817812494,247.54814979843735,0.040000000000000001,0.063199869791666585
,165.19822710624999,248.5547017842955,0.040000000000000001,0.064217122395833215
,165.29822603437492,249.80832736020096,0.040000000000000001,0.065234374999999956
,165.39822496249997,249.56166258026263,0.040000000000000001,0.065234374999999956
,165.49822389062501,249.18143556776175,0.040000000000000001,0.065234374999999956
,165.59822281874995,248.24653013586982,0.040000000000000001,0.064217122395833215
,165.69822174687499,247.65084041110225,0.040000000000000001,0.063199869791666585
,165.79822067499992,248.38006647695306,0.040000000000000001,0.063199869791666585
,165.89821960312497,248.8834604352104,0.040000000000000001,0.064217122395833215
,165.9982185312499,248.80126668897151,0.040000000000000001,0.063199869791666585
,166.09821745937495,249.41778606868689,0.040000000000000001,0.063199869791666585
,166.1982163875,250.2914498696415,0.040000000000000001,0.064217122395833215
,166.29821531718744,251.40195719980164,0.040000000000000001,0.065234374999999956
,166.39821424843751,251.17570287262453,0.040000000000000001,0.066251627604166585
,166.49821317968747,250.80551248675408,0.040000000000000001,0.066251627604166585
,166.59821211171868,250.09613377065097,0.040000000000000001,0.065234374999999956
,166.69821104296875,248.48279163800169,0.040000000000000001,0.064217122395833215
,166.79820997421871,248.93483290837378,0.040000000000000001,0.063199869791666585
,166.89820890546866,249.91111155390172,0.040000000000000001,0.064217122395833215
,166.99820783671873,250.24004941623764,0.040000000000000001,0.063199869791666585
,167.09820676796869,250.77466575396244,0.040000000000000001,0.064217122395833215
,167.19820569921876,251.62823188492348,0.040000000000000001,0.064217122395833215
,167.29820462890621,253.19213871007469,0.040000000000000001,0.066251627604166585
,167.39820355781251,252.74961965667632,0.040000000000000001,0.066251627604166585
,167.49820248593744,252.32775484427185,0.040000000000000001,0.066251627604166585
,167.59820141484374,251.73109073864424,0.040000000000000001,0.065234374999999956
,167.69820034374993,250.075575069482,0.040000000000000001,0.063199869791666585
,167.79819927265623,250.9289032132109,0.040000000000000001,0.063199869791666585
,167.89819820078117,251.83395379210333,0.040000000000000001,0.063199869791666585
,167.99819712968747,251.7105186318559,0.040000000000000001,0.063199869791666585
,168.09819605859366,252.61585003020616,0.040000000000000001,0.063199869791666585
,168.19819498749996,253.95386352952136,0.040000000000000001,0.065234374999999956
,168.29819391328124,254.61283598869437,0.040000000000000001,0.066251627604166585
,168.3981928390624,254.64372948623935,0.040000000000000001,0.066251627604166585
,168.49819176484368,254.07740792669057,0.040000000000000001,0.066251627604166585
,168.59819069062496,253.10980374118407,0.040000000000000001,0.065234374999999956
,168.69818961640624,252.29688944939539,0.040000000000000001,0.064217122395833215
,168.7981885421874,252.92455982390157,0.040000000000000001,0.064217122395833215
,168.89818746796868,253.33623132615264,0.040000000000000001,0.063199869791666585
,168.99818639374996,253.31564616658966,0.040000000000000001,0.063199869791666585
,169.09818531953124,253.98474906831996,0.040000000000000001,0.063199869791666585
,169.19818424687492,254.94238581673454,0.040000000000000001,0.064217122395833215
,169.29818317656247,256.1064464879384,0.040000000000000001,0.065234374999999956
,169.39818210624992,256.52893448783595,0.040000000000000001,0.065234374999999956
,169.49818103593748,255.84886568768627,0.040000000000000001,0.065234374999999956
,169.59817996484367,255.23077661410082,0.040000000000000001,0.065234374999999956
,169.69817889453122,253.5935598768873,0.040000000000000001,0.063199869791666585
,169.79817782421867,254.34510795049164,0.040000000000000001,0.063199869791666585
,169.89817675312497,255.50889835837779,0.040000000000000001,0.064217122395833215
,169.99817568281242,255.61191403077953,0.040000000000000001,0.063199869791666585
,170.09817461249997,256.12705406014038,0.040000000000000001,0.063199869791666585
,170.19817353671874,256.89995628088542,0.040000000000000001,0.064217122395833215
,170.298172459375,258.06489557890978,0.040000000000000001,0.065234374999999956
,170.39817138281251,257.52875281366784,0.040000000000000001,0.066251627604166585
,170.49817030546876,257.03394938213262,0.040000000000000001,0.066251627604166585
,170.59816922812502,256.84842230954638,0.040000000000000001,0.065234374999999956
,170.69816815156241,255.59131056706082,0.040000000000000001,0.064217122395833215
,170.79816707421867,256.47740787472799,0.040000000000000001,0.064217122395833215
,170.89816599687492,257.42566102957079,0.040000000000000001,0.064217122395833215
,170.99816492031243,257.167949377105,0.040000000000000001,0.064217122395833215
,171.09816384374994,258.16801253040524,0.040000000000000001,0.065234374999999956
,171.19816277265625,259.39541428423041,0.040000000000000001,0.066251627604166585
,171.29816170156244,260.24151814188087,0.040000000000000001,0.067268880208333215
,171.39816063046874,259.68429751880717,0.040000000000000001,0.067268880208333215
,171.49815955937493,259.34383130346447,0.040000000000000001,0.067268880208333215
,171.59815848828123,258.27113353129533,0.040000000000000001,0.067268880208333215
,171.69815741718742,257.17825735439828,0.040000000000000001,0.065234374999999956
,171.79815634609372,258.01333862254774,0.040000000000000001,0.066251627604166585
,171.89815527499991,258.81774232762677,0.040000000000000001,0.066251627604166585
,171.99815420312495,258.60114791373547,0.040000000000000001,0.065234374999999956
,172.09815313203126,259.33351482781438,0.040000000000000001,0.066251627604166585
,172.19815205937493,260.44792571308511,0.040000000000000001,0.067268880208333215
,172.29815098671872,261.72800754706014,0.040000000000000001,0.069303385416666585
,172.39814991406251,261.8725711580737,0.040000000000000001,0.071337890624999956
,172.49814884140619,261.36663238790726,0.040000000000000001,0.070320638020833215
,172.59814776953124,260.9743371222869,0.040000000000000001,0.070320638020833215
,172.69814669687491,259.8906619263488,0.040000000000000001,0.069303385416666585
,172.79814562421871,260.6027418549869,0.040000000000000001,0.069303385416666585
,172.8981445515625,261.54215141711359,0.040000000000000001,0.070320638020833215
,172.99814347890617,261.19112479847519,0.040000000000000001,0.070320638020833215
,173.09814240468745,261.57312654981376,0.040000000000000001,0.070320638020833215
,173.19814132890622,262.53353166682217,0.040000000000000001,0.071337890624999956
,173.29814025312498,263.78359847603434,0.040000000000000001,0.072355143229166585
,173.39813917812501,263.52527342122625,0.040000000000000001,0.073372395833333215
,173.49813810234366,262.95704398053437,0.040000000000000001,0.073372395833333215
,173.59813702656243,262.22368637160065,0.040000000000000001,0.073372395833333215
,173.69813595156245,260.561456674223,0.040000000000000001,0.071337890624999956
,173.79813487578122,261.26339124300131,0.040000000000000001,0.071337890624999956
,173.89813379999998,262.20303127595963,0.040000000000000001,0.072355143229166585
,173.99813272421875,262.54386045182321,0.040000000000000001,0.071337890624999956
,174.09813165078117,263.35995814612329,0.040000000000000001,0.072355143229166585
,174.19813057656245,264.51737378471756,0.040000000000000001,0.073372395833333215
,174.29812950312498,265.53050970006592,0.040000000000000001,0.074389648437499956
,174.3981284296874,265.16863310489208,0.040000000000000001,0.075406901041666585
,174.49812735546868,264.45535706188554,0.040000000000000001,0.075406901041666585
,174.59812628203122,263.45294676182772,0.040000000000000001,0.074389648437499956
,174.6981252078125,262.39926103259921,0.040000000000000001,0.073372395833333215
,174.79812413437492,263.90760312558746,0.040000000000000001,0.074389648437499956
,174.89812306015619,264.51737378471756,0.040000000000000001,0.074389648437499956
,174.99812198437496,264.49670138938251,0.040000000000000001,0.073372395833333215
,175.09812090703122,264.85849057221469,0.040000000000000001,0.073372395833333215
,175.19811982968747,265.76833984082094,0.040000000000000001,0.074389648437499956
,175.29811875234373,267.14401306679741,0.040000000000000001,0.076424153645833215
,175.39811767499998,266.60607602391963,0.040000000000000001,0.076424153645833215
,175.49811659765624,266.04755750484361,0.040000000000000001,0.076424153645833215
,175.59811551953123,265.08592504898115,0.040000000000000001,0.075406901041666585
,175.69811444218749,263.97994175098177,0.040000000000000001,0.074389648437499956
,175.79811336484374,264.48636524960654,0.040000000000000001,0.074389648437499956
,175.8981122875,265.42711159951693,0.040000000000000001,0.074389648437499956
,175.99811121484368,265.79936265297005,0.040000000000000001,0.073372395833333215
,176.09811014296872,266.34748887061858,0.040000000000000001,0.074389648437499956
,176.19810907109365,267.2267816696658,0.040000000000000001,0.074389648437499956
,176.29810799999996,268.46859885972833,0.040000000000000001,0.076424153645833215
,176.398106928125,268.41684573411681,0.040000000000000001,0.076424153645833215
,176.49810585624994,268.14774449441791,0.040000000000000001,0.077441406249999956
,176.59810478437498,267.01986468554185,0.040000000000000001,0.076424153645833215
,176.69810371328117,265.82004471852503,0.040000000000000001,0.075406901041666585
,176.79810264140622,266.8129627938838,0.040000000000000001,0.075406901041666585
,176.89810156953126,267.95110954161623,0.040000000000000001,0.076424153645833215
,176.99810049609368,267.93041191043341,0.040000000000000001,0.076424153645833215
,177.09809942265611,268.39614474444011,0.040000000000000001,0.076424153645833215
,177.19809834921875,269.18288677941621,0.040000000000000001,0.077441406249999956
,177.29809727578117,270.15625744998084,0.040000000000000001,0.079475911458333215
,177.39809620234382,269.7109518399277,0.040000000000000001,0.079475911458333215
,177.49809512812499,268.93441879298098,0.040000000000000001,0.078458658854166585
,177.59809405468741,268.53070383831061,0.040000000000000001,0.078458658854166585
,177.69809298125006,267.42336675721782,0.040000000000000001,0.076424153645833215
,177.79809190781248,268.25124198876176,0.040000000000000001,0.076424153645833215
,177.8980908343749,269.15182711626937,0.040000000000000001,0.076424153645833215
,177.99808976015629,269.43137604579607,0.040000000000000001,0.077441406249999956
,178.09808868593746,270.06304834347384,0.040000000000000001,0.077441406249999956
,178.19808761171862,270.68449826463927,0.040000000000000001,0.078458658854166585
,178.29808653750001,271.87597588253232,0.040000000000000001,0.079475911458333215
,178.39808546328118,271.65836608512694,0.040000000000000001,0.079475911458333215
,178.49808438906257,270.93311494640227,0.040000000000000001,0.079475911458333215
,178.59808331484373,269.77308343474635,0.040000000000000001,0.078458658854166585
,178.6980822406249,268.623863815981,0.040000000000000001,0.076424153645833215
,178.79808116640629,269.29677505487876,0.040000000000000001,0.076424153645833215
,178.89808009374997,270.09411771627254,0.040000000000000001,0.076424153645833215
,178.99807902109364,270.67413969052518,0.040000000000000001,0.076424153645833215
,179.09807794843755,270.89167738016141,0.040000000000000001,0.076424153645833215
,179.19807687578123,271.69981434770943,0.040000000000000001,0.077441406249999956
,179.2980758031249,273.06792837060482,0.040000000000000001,0.078458658854166585
,179.39807473046881,272.74657304433248,0.040000000000000001,0.079475911458333215
,179.49807365781248,272.61182129627025,0.040000000000000001,0.079475911458333215
,179.59807258515616,271.61691839844889,0.040000000000000001,0.078458658854166585
,179.69807151250006,270.40482954396202,0.040000000000000001,0.076424153645833215
,179.79807043984374,271.20247326380769,0.040000000000000001,0.076424153645833215
,179.89806936953119,272.07287458339857,0.040000000000000001,0.076424153645833215
,179.99806829921863,272.38379359275655,0.040000000000000001,0.076424153645833215
,180.0980672289063,272.85023232502346,0.040000000000000001,0.077441406249999956
,180.198066159375,274.50926098866046,0.040000000000000001,0.078458658854166585
,180.29806508906245,274.91378507990771,0.040000000000000001,0.079475911458333215
,180.39806401874989,274.32257541739841,0.040000000000000001,0.079475911458333215
,180.49806294843756,274.53000452710086,0.040000000000000001,0.080493164062499956
,180.59806187812501,273.7936944802621,0.040000000000000001,0.079475911458333215
,180.69806080781245,272.09360151535378,0.040000000000000001,0.078458658854166585
,180.7980597374999,272.9020632975591,0.040000000000000001,0.077441406249999956
,180.89805866562506,273.72111009836152,0.040000000000000001,0.078458658854166585
,180.99805759296873,273.30637529900173,0.040000000000000001,0.076424153645833215
,181.09805652109367,273.84554152141288,0.040000000000000001,0.077441406249999956
,181.1980554492186,275.13162760096998,0.040000000000000001,0.078458658854166585
,181.29805437734376,276.75036092744836,0.040000000000000001,0.080493164062499956
,181.39805330468744,276.3871112315183,0.040000000000000001,0.080493164062499956
,181.49805223281237,275.44285764225452,0.040000000000000001,0.080493164062499956
,181.59805116093753,274.34331770048345,0.040000000000000001,0.079475911458333215
,181.69805008906246,273.25453741846673,0.040000000000000001,0.077441406249999956
,181.79804901328112,274.16701274820184,0.040000000000000001,0.078458658854166585
,181.89804793671874,274.7374475678771,0.040000000000000001,0.078458658854166585
,181.99804685937488,274.66484092111551,0.040000000000000001,0.077441406249999956
,182.09804578281251,275.19387112362006,0.040000000000000001,0.077441406249999956
,182.1980447062499,276.59467739291694,0.040000000000000001,0.079475911458333215
,182.29804362890627,277.85074096805607,0.040000000000000001,0.080493164062499956
,182.39804255234367,277.12403248403922,0.040000000000000001,0.080493164062499956
,182.49804147578129,276.65694989096755,0.040000000000000001,0.080493164062499956
,182.59804039843743,276.23144554360897,0.040000000000000001,0.080493164062499956
,182.69803932265631,274.59223597814844,0.040000000000000001,0.078458658854166585
,182.79803824921873,274.70633022501841,0.040000000000000001,0.078458658854166585
,182.89803717656241,275.74374281613223,0.040000000000000001,0.078458658854166585
,182.99803610390632,275.86825547365675,0.040000000000000001,0.078458658854166585
,183.09803503046874,276.48051432138988,0.040000000000000001,0.078458658854166585
,183.19803395781241,277.63271116805493,0.040000000000000001,0.078458658854166585
,183.29803288515632,278.72300702503895,0.040000000000000001,0.079475911458333215
,183.39803181249999,278.55684306841744,0.040000000000000001,0.080493164062499956
,183.49803073906241,278.42184108895793,0.040000000000000001,0.080493164062499956
,183.59802966640632,277.32126565886347,0.040000000000000001,0.079475911458333215
,183.69802859453125,275.65036156533137,0.040000000000000001,0.078458658854166585
,183.7980275242187,276.42862337571506,0.040000000000000001,0.077441406249999956
,183.89802645390614,277.29012277067005,0.040000000000000001,0.077441406249999956
,183.99802538359381,277.78844523471656,0.040000000000000001,0.077441406249999956
,184.09802431328126,278.17262138865942,0.040000000000000001,0.077441406249999956
,184.19802324218745,279.14884068881963,0.040000000000000001,0.078458658854166585
,184.29802217187489,280.36432677378809,0.040000000000000001,0.080493164062499956
,184.39802110156256,280.44745315059242,0.040000000000000001,0.080493164062499956
,184.49802003125001,279.87600108774177,0.040000000000000001,0.080493164062499956
,184.59801896093745,278.7853206883633,0.040000000000000001,0.079475911458333215
,184.69801788593736,277.35240884974047,0.040000000000000001,0.078458658854166585
,184.79801680937499,277.59118335575829,0.040000000000000001,0.077441406249999956
,184.89801573281238,278.51530340184297,0.040000000000000001,0.077441406249999956
,184.99801465703126,278.46337956344979,0.040000000000000001,0.077441406249999956
,185.09801358046866,278.97226879808932,0.040000000000000001,0.077441406249999956
,185.19801250390628,280.08379050970524,0.040000000000000001,0.077441406249999956
,185.29801142734368,281.25804302217182,0.040000000000000001,0.078458658854166585
,185.39801035078131,280.88390040531453,0.040000000000000001,0.079475911458333215
,185.49800927499996,280.64488655607795,0.040000000000000001,0.079475911458333215
,185.5980081976561,279.74094492919897,0.040000000000000001,0.078458658854166585
,185.69800712578126,278.50491856794213,0.040000000000000001,0.076424153645833215
,185.79800605390619,279.60589427112694,0.040000000000000001,0.076424153645833215
,185.89800498203113,280.56175528545663,0.040000000000000001,0.077441406249999956
,185.99800391015629,280.26042170655637,0.040000000000000001,0.076424153645833215
,186.09800283828122,280.8735081461777,0.040000000000000001,0.076424153645833215
,186.19800176640615,281.93368268177733,0.040000000000000001,0.078458658854166585
,186.29800069453131,282.66144355443981,0.040000000000000001,0.078458658854166585
,186.39799962265624,282.49508467982736,0.040000000000000001,0.079475911458333215
,186.49799855078118,281.73617417424134,0.040000000000000001,0.078458658854166585
,186.59799747890611,280.76958731698903,0.040000000000000001,0.078458658854166585
,186.69799640703127,279.87600108774177,0.040000000000000001,0.076424153645833215
,186.79799533437495,280.67606131285896,0.040000000000000001,0.076424153645833215
,186.89799426249988,281.5178885798839,0.040000000000000001,0.076424153645833215
,186.99799319062504,281.24764961335359,0.040000000000000001,0.075406901041666585
,187.09799211874997,281.99605615564229,0.040000000000000001,0.075406901041666585
,187.19799104609365,283.06697671411041,0.040000000000000001,0.077441406249999956
,187.29798997421881,284.24224811864508,0.040000000000000001,0.078458658854166585
,187.39798890234374,283.83657920884775,0.040000000000000001,0.078458658854166585
,187.49798783046867,283.13976971489166,0.040000000000000001,0.078458658854166585
,187.59798675468755,282.35992398619317,0.040000000000000001,0.077441406249999956
,187.69798567812495,280.74880353587793,0.040000000000000001,0.075406901041666585
,187.79798460078132,281.60104334958186,0.040000000000000001,0.075406901041666585
,187.89798352343746,282.64064825813603,0.040000000000000001,0.075406901041666585
,187.99798244687486,282.61985308660354,0.040000000000000001,0.075406901041666585
,188.09798136953123,283.00458392194145,0.040000000000000001,0.075406901041666585
,188.19798029218737,283.76377176118166,0.040000000000000001,0.076424153645833215
,188.29797921562499,284.77280799928212,0.040000000000000001,0.076424153645833215
,188.39797813828113,284.294260305786,0.040000000000000001,0.076424153645833215
,188.49797706171876,284.01340353859484,0.040000000000000001,0.076424153645833215
,188.59797598593741,283.55575876430663,0.040000000000000001,0.076424153645833215
,188.69797491015629,281.95447371367118,0.040000000000000001,0.074389648437499956
,188.79797383437494,282.1623909602049,0.040000000000000001,0.074389648437499956
,188.89797275859382,283.32695867740676,0.040000000000000001,0.074389648437499956
,188.99797168281248,283.06697671411041,0.040000000000000001,0.073372395833333215
,189.09797060624987,283.57655951109439,0.040000000000000001,0.073372395833333215
,189.19796953046875,284.7311926157272,0.040000000000000001,0.073372395833333215
,189.29796845468741,285.51156105584187,0.040000000000000001,0.075406901041666585
,189.39796737890629,285.16817816506079,0.040000000000000001,0.075406901041666585
,189.4979663039062,284.98089214909015,0.040000000000000001,0.075406901041666585
,189.59796522968736,284.05501054649437,0.040000000000000001,0.074389648437499956
,189.69796415625001,282.1831833767522,0.040000000000000001,0.072355143229166585
,189.79796308203117,283.38935722188603,0.040000000000000001,0.072355143229166585
,189.89796200859382,284.45030142391488,0.040000000000000001,0.072355143229166585
,189.99796093437499,283.82617805300231,0.040000000000000001,0.070320638020833215
,190.09795986093741,284.80401985365387,0.040000000000000001,0.071337890624999956
,190.1979587867188,286.10475327931277,0.040000000000000001,0.072355143229166585
,190.29795771328122,286.56272164949712,0.040000000000000001,0.072355143229166585
,190.39795663906239,286.08393788891266,0.040000000000000001,0.072355143229166585
,190.49795556484378,285.77172122169304,0.040000000000000001,0.072355143229166585
,190.59795449062494,284.82482790730398,0.040000000000000001,0.071337890624999956
,190.69795341640611,283.57655951109439,0.040000000000000001,0.069303385416666585
,190.79795234296876,284.24224811864508,0.040000000000000001,0.069303385416666585
,190.89795126874992,284.99129667253447,0.040000000000000001,0.069303385416666585
,190.99795019453131,285.04331974045317,0.040000000000000001,0.068286132812499956
,191.09794912031248,285.5635916017801,0.040000000000000001,0.068286132812499956
,191.19794804609364,286.92705516098653,0.040000000000000001,0.070320638020833215
,191.29794697187504,287.71830174829455,0.040000000000000001,0.070320638020833215
,191.3979458976562,287.1873152128357,0.040000000000000001,0.070320638020833215
,191.49794482499988,286.94787529719014,0.040000000000000001,0.070320638020833215
,191.59794375234378,286.34413874001694,0.040000000000000001,0.070320638020833215
,191.69794267968746,284.86644437618548,0.040000000000000001,0.068286132812499956
,191.79794160624988,285.40750219932988,0.040000000000000001,0.069303385416666585
,191.89794053359378,286.09434556935958,0.040000000000000001,0.068286132812499956
,191.9979394601562,285.75090772501136,0.040000000000000001,0.068286132812499956
,192.09793838749988,286.55231264642129,0.040000000000000001,0.068286132812499956
,192.19793731406253,287.68706517386261,0.040000000000000001,0.069303385416666585
,192.29793624140621,288.77008284056319,0.040000000000000001,0.070320638020833215
,192.39793516640611,288.22853557455068,0.040000000000000001,0.070320638020833215
,192.49793408984374,287.77036327935627,0.040000000000000001,0.070320638020833215
,192.59793301328114,286.9895159184897,0.040000000000000001,0.070320638020833215
,192.6979319359375,285.51156105584187,0.040000000000000001,0.068286132812499956
,192.7979308593749,286.26087246583296,0.040000000000000001,0.068286132812499956
,192.89792978203127,286.78131746780866,0.040000000000000001,0.068286132812499956
,192.99792870546867,286.75008870526364,0.040000000000000001,0.067268880208333215
,193.09792762890629,287.36430239069671,0.040000000000000001,0.068286132812499956
,193.19792655156243,288.32225942951607,0.040000000000000001,0.068286132812499956
,193.29792547500006,289.45754080502974,0.040000000000000001,0.069303385416666585
,193.39792439843745,289.36378937370728,0.040000000000000001,0.070320638020833215
,193.49792332265611,288.9679749059049,0.040000000000000001,0.070320638020833215
,193.59792224765624,287.82242552693725,0.040000000000000001,0.069303385416666585
,193.6979211718749,286.77090785112483,0.040000000000000001,0.068286132812499956
,193.79792009609378,287.45800486396615,0.040000000000000001,0.068286132812499956
,193.89791902031243,288.28060409884711,0.040000000000000001,0.068286132812499956
,193.99791794453131,288.22853557455068,0.040000000000000001,0.067268880208333215
,194.09791686874996,288.71800766866107,0.040000000000000001,0.067268880208333215
,194.19791579296862,289.55129448755508,0.040000000000000001,0.068286132812499956
,194.2979147171875,290.88492156208747,0.040000000000000001,0.070320638020833215
,194.39791364453117,290.39517828180954,0.040000000000000001,0.070320638020833215
,194.49791257265611,290.05135198487739,0.040000000000000001,0.070320638020833215
,194.59791150078127,289.03046924228204,0.040000000000000001,0.069303385416666585
,194.69791042812494,288.03068166917848,0.040000000000000001,0.067268880208333215
,194.79790935624987,288.31184555426756,0.040000000000000001,0.067268880208333215
,194.89790828437503,289.21795829777193,0.040000000000000001,0.067268880208333215
,194.99790721171871,289.2387909739623,0.040000000000000001,0.067268880208333215
,195.09790613984364,289.57212894454938,0.040000000000000001,0.066251627604166585
,195.19790506718755,290.79113629166545,0.040000000000000001,0.067268880208333215
,195.29790399296871,291.781201826553,0.040000000000000001,0.069303385416666585
,195.39790291562485,291.10376237210414,0.040000000000000001,0.068286132812499956
,195.49790183749997,290.59315237731033,0.040000000000000001,0.068286132812499956
,195.59790076015611,290.05135198487739,0.040000000000000001,0.067268880208333215
,195.69789968281248,288.82215871617467,0.040000000000000001,0.066251627604166585
,195.79789860468736,289.47837476229256,0.040000000000000001,0.066251627604166585
,195.89789752734373,290.54105297762533,0.040000000000000001,0.066251627604166585
,195.99789644921862,290.9474462929918,0.040000000000000001,0.066251627604166585
,196.09789537187498,291.37472458537439,0.040000000000000001,0.066251627604166585
,196.19789429374987,292.39620564264141,0.040000000000000001,0.067268880208333215
,196.29789322031252,293.17812186949988,0.040000000000000001,0.068286132812499956
,196.39789214843745,293.00087470985432,0.040000000000000001,0.069303385416666585
,196.49789107656238,292.21899173446781,0.040000000000000001,0.068286132812499956
,196.59789000468754,291.51021248841289,0.040000000000000001,0.068286132812499956
,196.69788893281248,290.59315237731033,0.040000000000000001,0.066251627604166585
,196.79788786093741,290.9787090231855,0.040000000000000001,0.066251627604166585
,196.89788678906257,291.55190198281923,0.040000000000000001,0.066251627604166585
,196.99788571796876,292.00009094747077,0.040000000000000001,0.066251627604166585
,197.09788464609369,292.02093813966053,0.040000000000000001,0.065234374999999956
,197.19788357421862,293.19897496765873,0.040000000000000001,0.067268880208333215
,197.29788250546881,294.65894580856929,0.040000000000000001,0.068286132812499956
,197.39788143750002,294.16875729232601,0.040000000000000001,0.068286132812499956
,197.49788036953123,293.73076372872458,0.040000000000000001,0.068286132812499956
,197.59787930156244,292.69852920973841,0.040000000000000001,0.067268880208333215
,197.69787823359366,291.84374038196819,0.040000000000000001,0.066251627604166585
,197.79787716562487,292.46917828130381,0.040000000000000001,0.066251627604166585
,197.89787609765631,293.30324200616241,0.040000000000000001,0.066251627604166585
,197.99787502968752,292.91746687180267,0.040000000000000001,0.066251627604166585
,198.09787396171873,293.15726887462677,0.040000000000000001,0.065234374999999956
,198.19787289218743,294.55464573150266,0.040000000000000001,0.067268880208333215
,198.2978718179686,295.5873260404062,0.040000000000000001,0.067268880208333215
,198.39787074453125,295.60819076274316,0.040000000000000001,0.068286132812499956
,198.49786967109367,295.25350384562063,0.040000000000000001,0.068286132812499956
,198.59786859765632,294.18961524451993,0.040000000000000001,0.067268880208333215
,198.69786752421874,293.10513683961454,0.040000000000000001,0.066251627604166585
,198.79786645078116,294.15832835415239,0.040000000000000001,0.066251627604166585
,198.89786537734381,294.89884547015038,0.040000000000000001,0.066251627604166585
,198.99786430390623,294.65894580856929,0.040000000000000001,0.066251627604166585
,199.09786323046865,295.37868421597017,0.040000000000000001,0.066251627604166585
,199.19786215468753,296.45329384503816,0.040000000000000001,0.068286132812499956
,199.29786107734367,297.19419296217808,0.040000000000000001,0.068286132812499956
,199.39785999921878,296.83938122099022,0.040000000000000001,0.069303385416666585
,199.49785892187492,296.28634731181768,0.040000000000000001,0.069303385416666585
,199.59785784453129,295.67078551743907,0.040000000000000001,0.068286132812499956
,199.69785676718743,294.5129264024136,0.040000000000000001,0.066251627604166585
,199.79785568906254,295.03444675857838,0.040000000000000001,0.066251627604166585
,199.89785461171869,295.6499205013057,0.040000000000000001,0.066251627604166585
,199.99785353437505,295.775112064783,0.040000000000000001,0.065234374999999956
,200.09785245624994,296.18200886252316,0.040000000000000001,0.066251627604166585
,200.19785138281236,297.74733620695531,0.040000000000000001,0.067268880208333215
,200.29785030859375,298.54063675482064,0.040000000000000001,0.068286132812499956
,200.39784923515617,298.59283223678682,0.040000000000000001,0.069303385416666585
,200.49784816093756,298.09177927367142,0.040000000000000001,0.069303385416666585
,200.59784708749999,297.31942716451539,0.040000000000000001,0.068286132812499956
,200.69784601406241,295.85857505990271,0.040000000000000001,0.066251627604166585
,200.7978449398438,296.24461164234691,0.040000000000000001,0.066251627604166585
,200.89784386640622,297.16288494249017,0.040000000000000001,0.066251627604166585
,200.99784279218738,297.42379158993288,0.040000000000000001,0.066251627604166585
,201.09784171796878,297.35073624520726,0.040000000000000001,0.066251627604166585
,201.19784064296869,298.43624750577072,0.040000000000000001,0.066251627604166585
,201.29783956718757,299.36539169163933,0.040000000000000001,0.067268880208333215
,201.39783849140622,299.28186579753554,0.040000000000000001,0.068286132812499956
,201.49783741640613,299.04173686053753,0.040000000000000001,0.067268880208333215
,201.59783634062501,298.32142197864357,0.040000000000000001,0.066251627604166585
,201.69783526484366,296.84981646867396,0.040000000000000001,0.065234374999999956
,201.7978341898438,297.83083523422113,0.040000000000000001,0.065234374999999956
,201.89783311406245,298.66590687005447,0.040000000000000001,0.065234374999999956
,201.9978320382811,298.95821654716701,0.040000000000000001,0.064217122395833215
,202.09783096328124,299.63686072681912,0.040000000000000001,0.064217122395833215
,202.19782988828115,300.72288610919639,0.040000000000000001,0.065234374999999956
,202.29782881328128,301.43310642485204,0.040000000000000001,0.066251627604166585
,202.39782773828119,301.29732137409934,0.040000000000000001,0.067268880208333215
,202.49782666249985,300.77510481066571,0.040000000000000001,0.067268880208333215
,202.59782558749998,299.8248096384159,0.040000000000000001,0.066251627604166585
,202.69782451249989,298.87469768138823,0.040000000000000001,0.065234374999999956
,202.79782343750003,299.34451008367165,0.040000000000000001,0.064217122395833215
,202.89782236171868,299.8248096384159,0.040000000000000001,0.064217122395833215
,202.99782128671882,299.9709970830155,0.040000000000000001,0.063199869791666585
,203.09782021171873,300.03365016843378,0.040000000000000001,0.063199869791666585
,203.19781913749989,301.6315679403761,0.040000000000000001,0.065234374999999956
,203.29781806328128,302.82249543113471,0.040000000000000001,0.066251627604166585
,203.39781698828119,302.9583199561128,0.040000000000000001,0.067268880208333215
,203.49781591406236,302.28967878004499,0.040000000000000001,0.066251627604166585
,203.59781483984375,301.42266129357461,0.040000000000000001,0.066251627604166585
,203.69781376562491,300.21117154161112,0.040000000000000001,0.065234374999999956
,203.79781269062505,301.13020624980288,0.040000000000000001,0.064217122395833215
,203.89781161640622,301.72557868604156,0.040000000000000001,0.064217122395833215
,203.99781054218738,301.77780761446218,0.040000000000000001,0.064217122395833215
,204.09780946875003,301.87182100818791,0.040000000000000001,0.064217122395833215
,204.19780839531245,303.15683889525349,0.040000000000000001,0.065234374999999956
,204.29780732187487,303.9196370124123,0.040000000000000001,0.066251627604166585
,204.39780624765626,303.70019104855572,0.040000000000000001,0.066251627604166585
,204.49780517421868,303.36581407617768,0.040000000000000001,0.066251627604166585
,204.5978041007811,302.45683118597287,0.040000000000000001,0.066251627604166585
,204.69780302734375,301.24509731141831,0.040000000000000001,0.064217122395833215
,204.79780195390617,301.97628232429702,0.040000000000000001,0.064217122395833215
,204.89780088046882,302.71801737187951,0.040000000000000001,0.064217122395833215
,204.9977998078125,302.77025614620482,0.040000000000000001,0.064217122395833215
,205.09779873671869,303.77333873185927,0.040000000000000001,0.064217122395833215
,205.19779766562488,304.84976590612496,0.040000000000000001,0.065234374999999956
,205.29779659453129,305.71732663775447,0.040000000000000001,0.066251627604166585
,205.39779552343748,305.37237723685695,0.040000000000000001,0.066251627604166585
,205.49779445234367,304.83931416660846,0.040000000000000001,0.067268880208333215
,205.59779338124986,304.37945673245338,0.040000000000000001,0.066251627604166585
,205.69779231015627,302.73891282028836,0.040000000000000001,0.064217122395833215
,205.79779123906246,303.71064065800806,0.040000000000000001,0.064217122395833215
,205.89779016796865,304.60938076807469,0.040000000000000001,0.064217122395833215
,205.99778909843735,304.94383242516176,0.040000000000000001,0.064217122395833215
,206.09778802968754,305.40373542644511,0.040000000000000001,0.065234374999999956
,206.19778696093749,306.21910749123793,0.040000000000000001,0.066251627604166585
,206.29778589140619,307.01368022220214,0.040000000000000001,0.067268880208333215
,206.39778482265615,306.49092318873443,0.040000000000000001,0.067268880208333215
,206.49778375312485,305.76959347942807,0.040000000000000001,0.067268880208333215
,206.59778268437503,305.03790049512645,0.040000000000000001,0.066251627604166585
,206.69778161562499,304.0763894655737,0.040000000000000001,0.065234374999999956
,206.79778054609369,304.84976590612496,0.040000000000000001,0.065234374999999956
,206.89777947656239,305.706873325461,0.040000000000000001,0.065234374999999956
,206.99777840468755,305.60234123177167,0.040000000000000001,0.064217122395833215
,207.09777733359374,306.19819910495789,0.040000000000000001,0.064217122395833215
,207.19777626171867,307.30644377479729,0.040000000000000001,0.066251627604166585
,207.29777519062486,308.19527489819063,0.040000000000000001,0.067268880208333215
,207.39777411953128,307.74561513870441,0.040000000000000001,0.067268880208333215
,207.49777304765621,307.97566961468402,0.040000000000000001,0.068286132812499956
,207.5977719765624,307.33781212563656,0.040000000000000001,0.066251627604166585
,207.69777090468756,305.71732663775447,0.040000000000000001,0.065234374999999956
,207.79776983359375,306.51183260032349,0.040000000000000001,0.065234374999999956
,207.89776876015617,307.01368022220214,0.040000000000000001,0.065234374999999956
,207.9977676851563,306.89866980467525,0.040000000000000001,0.065234374999999956
,208.09776661015621,307.50511268629856,0.040000000000000001,0.065234374999999956
,208.19776553515612,308.48809373612056,0.040000000000000001,0.065234374999999956
,208.29776446015626,309.6281215180328,0.040000000000000001,0.067268880208333215
,208.39776338593742,309.41892732356018,0.040000000000000001,0.067268880208333215
,208.49776231093756,309.11560745465056,0.040000000000000001,0.067268880208333215
,208.59776123593747,308.25802066114716,0.040000000000000001,0.066251627604166585
,208.69776016093738,307.25416354495258,0.040000000000000001,0.066251627604166585
,208.79775908593751,307.45283077530593,0.040000000000000001,0.065234374999999956
,208.89775801640621,308.17435978145301,0.040000000000000001,0.065234374999999956
,208.99775694765617,308.62404988621859,0.040000000000000001,0.065234374999999956
,209.09775587812487,309.17836214581854,0.040000000000000001,0.065234374999999956
,209.19775480937506,310.09883227519379,0.040000000000000001,0.067268880208333215
,209.29775374062501,311.11358526567574,0.040000000000000001,0.068286132812499956
,209.39775267109371,310.72649708752965,0.040000000000000001,0.068286132812499956
,209.49775160234367,310.14067481318511,0.040000000000000001,0.068286132812499956
,209.59775053359363,309.38754876125012,0.040000000000000001,0.067268880208333215
,209.69774946406255,308.21619008375245,0.040000000000000001,0.065234374999999956
,209.79774839453125,308.46717766043218,0.040000000000000001,0.065234374999999956
,209.8977473242187,309.74318111417807,0.040000000000000001,0.066251627604166585
,209.99774625390614,309.73272106941511,0.040000000000000001,0.065234374999999956
,210.09774518281256,310.0569899940653,0.040000000000000001,0.065234374999999956
,210.1977441125,311.02988872282668,0.040000000000000001,0.066251627604166585
,210.29774304218745,312.23312019362589,0.040000000000000001,0.067268880208333215
,210.39774197187489,312.30636676690875,0.040000000000000001,0.067268880208333215
,210.49774090078131,311.99245798192919,0.040000000000000001,0.068286132812499956
,210.59773983046875,311.22866962443004,0.040000000000000001,0.067268880208333215
,210.6977387601562,310.0569899940653,0.040000000000000001,0.066251627604166585
,210.79773768593736,310.82065170909806,0.040000000000000001,0.066251627604166585
,210.89773660859373,311.343755842365,0.040000000000000001,0.066251627604166585
,210.99773553124987,311.39606837191081,0.040000000000000001,0.066251627604166585
,211.09773445390624,311.8878246912148,0.040000000000000001,0.066251627604166585
,211.19773337656238,312.73539680834921,0.040000000000000001,0.067268880208333215
,211.29773229921875,313.57259808644659,0.040000000000000001,0.068286132812499956
,211.39773122265615,313.41561595856336,0.040000000000000001,0.069303385416666585
,211.49773014531252,312.70400353776438,0.040000000000000001,0.068286132812499956
,211.59772906796866,311.87736144432671,0.040000000000000001,0.068286132812499956
,211.69772799062503,310.74742022722882,0.040000000000000001,0.067268880208333215
,211.79772691562493,311.11358526567574,0.040000000000000001,0.066251627604166585
,211.89772584062507,311.64717381106954,0.040000000000000001,0.066251627604166585
,211.99772476640624,312.15987434308636,0.040000000000000001,0.066251627604166585
,212.09772369140615,312.53657496355044,0.040000000000000001,0.066251627604166585
,212.19772261640628,313.85517379765935,0.040000000000000001,0.067268880208333215
,212.29772154218745,315.06931523573121,0.040000000000000001,0.068286132812499956
,212.39772046718736,314.91230412632058,0.040000000000000001,0.068286132812499956
,212.49771939218749,314.45175528596519,0.040000000000000001,0.068286132812499956
,212.5977183171874,313.79237832438321,0.040000000000000001,0.068286132812499956
,212.69771724218754,312.36915011758271,0.040000000000000001,0.066251627604166585
,212.79771616640619,312.84004198133454,0.040000000000000001,0.066251627604166585
,212.89771509062507,313.95983401916544,0.040000000000000001,0.066251627604166585
,212.99771401484372,314.34708868823287,0.040000000000000001,0.067268880208333215
,213.09771293906238,314.27382286951041,0.040000000000000001,0.066251627604166585
,213.19771186328126,315.2996034806244,0.040000000000000001,0.067268880208333215
,213.29771078749991,316.45113665381223,0.040000000000000001,0.068286132812499956
,213.39770971171879,315.77066692318544,0.040000000000000001,0.068286132812499956
,213.49770863593744,315.25773242579857,0.040000000000000001,0.068286132812499956
,213.59770756015632,314.6610924895017,0.040000000000000001,0.067268880208333215
,213.69770648671874,313.15398610061987,0.040000000000000001,0.066251627604166585
,213.79770541484368,314.12729321761009,0.040000000000000001,0.066251627604166585
,213.89770434374987,314.33662210230932,0.040000000000000001,0.066251627604166585
,213.99770327187503,314.79716451763647,0.040000000000000001,0.065234374999999956
,214.09770219999996,315.67645218045038,0.040000000000000001,0.066251627604166585
,214.19770112890615,316.60817547899126,0.040000000000000001,0.066251627604166585
,214.29770005703131,317.44576109943154,0.040000000000000001,0.068286132812499956
,214.39769898515624,316.96414014547196,0.040000000000000001,0.067268880208333215
,214.49769791328117,316.46160582409203,0.040000000000000001,0.068286132812499956
,214.59769684218736,315.72879357827776,0.040000000000000001,0.066251627604166585
,214.69769577187503,315.0797827472598,0.040000000000000001,0.065234374999999956
,214.79769470156248,315.65551570962657,0.040000000000000001,0.065234374999999956
,214.89769363124992,316.6605223572127,0.040000000000000001,0.066251627604166585
,214.99769256171862,317.21541756319328,0.040000000000000001,0.066251627604166585
,215.09769149140629,317.26776787373944,0.040000000000000001,0.066251627604166585
,215.19769042109374,318.54520356608634,0.040000000000000001,0.067268880208333215
,215.29768935078118,319.88563702343362,0.040000000000000001,0.069303385416666585
,215.39768828046863,319.29917643739293,0.040000000000000001,0.069303385416666585
,215.4976872101563,318.66039029356313,0.040000000000000001,0.069303385416666585
,215.59768613906249,317.37246936623205,0.040000000000000001,0.068286132812499956
,215.69768506562491,316.25222473242354,0.040000000000000001,0.066251627604166585
,215.79768399218756,316.69193062830357,0.040000000000000001,0.067268880208333215
,215.89768291874998,317.4771720151366,0.040000000000000001,0.066251627604166585
,215.9976818453124,317.39340980370952,0.040000000000000001,0.066251627604166585
,216.09768077187505,317.95881890908726,0.040000000000000001,0.066251627604166585
,216.19767969843747,318.94312685241999,0.040000000000000001,0.067268880208333215
,216.29767862499989,320.35692274489202,0.040000000000000001,0.068286132812499956
,216.39767755156254,319.82280044214696,0.040000000000000001,0.068286132812499956
,216.49767647812496,319.54004031378628,0.040000000000000001,0.069303385416666585
,216.59767540390612,318.48237499375767,0.040000000000000001,0.067268880208333215
,216.69767432890626,317.46670169839422,0.040000000000000001,0.066251627604166585
,216.79767325390617,318.35671902436928,0.040000000000000001,0.066251627604166585
,216.8976721789063,319.06879002860677,0.040000000000000001,0.066251627604166585
,216.99767110390621,319.07926202836796,0.040000000000000001,0.066251627604166585
,217.09767002890612,319.50862297858055,0.040000000000000001,0.065234374999999956
,217.19766895390626,320.47212892887131,0.040000000000000001,0.067268880208333215
,217.29766787890617,321.86516595072516,0.040000000000000001,0.068286132812499956
,217.3976668039063,321.68709964506644,0.040000000000000001,0.069303385416666585
,217.49766572890621,321.12149438543474,0.040000000000000001,0.068286132812499956
,217.59766465390612,320.35692274489202,0.040000000000000001,0.068286132812499956
,217.69766357968751,319.08973403862336,0.040000000000000001,0.067268880208333215
,217.79766250546868,319.58193023689398,0.040000000000000001,0.066251627604166585
,217.89766143046882,320.57686283347658,0.040000000000000001,0.066251627604166585
,217.99766035624998,320.92249145957123,0.040000000000000001,0.067268880208333215
,218.09765928203115,321.27860430874699,0.040000000000000001,0.066251627604166585
,218.19765820703128,322.52508049424335,0.040000000000000001,0.067268880208333215
,218.29765713281245,323.64596252354403,0.040000000000000001,0.069303385416666585
,218.39765605859361,322.96504197209822,0.040000000000000001,0.069303385416666585
,218.497654984375,322.01181068826173,0.040000000000000001,0.069303385416666585
,218.59765391406245,321.28907837675098,0.040000000000000001,0.068286132812499956
,218.69765284374989,320.26266401154163,0.040000000000000001,0.067268880208333215
,218.79765177343756,321.03770327204194,0.040000000000000001,0.067268880208333215
,218.89765070390627,321.86516595072516,0.040000000000000001,0.067268880208333215
,218.99764963359371,321.92801348673157,0.040000000000000001,0.067268880208333215
,219.09764856328115,322.47270509586906,0.040000000000000001,0.067268880208333215
,219.1976474929686,323.63548657455448,0.040000000000000001,0.068286132812499956
,219.29764642265627,324.32691522715999,0.040000000000000001,0.069303385416666585
,219.39764535234372,324.2326276180479,0.040000000000000001,0.070320638020833215
,219.49764428203116,323.5516792573963,0.040000000000000001,0.069303385416666585
,219.59764321171861,322.49365523020447,0.040000000000000001,0.068286132812499956
,219.69764214140628,321.59283028140464,0.040000000000000001,0.067268880208333215
,219.79764107031247,322.54603071188251,0.040000000000000001,0.068286132812499956
,219.89763999999991,323.32121167648751,0.040000000000000001,0.068286132812499956
,219.9976389289061,323.7507224308942,0.040000000000000001,0.068286132812499956
,220.09763785859377,323.90786370425894,0.040000000000000001,0.068286132812499956
,220.19763678828122,324.91360655769677,0.040000000000000001,0.069303385416666585
,220.2976357171874,325.88797981102942,0.040000000000000001,0.070320638020833215
,220.39763464687485,325.60509150490356,0.040000000000000001,0.070320638020833215
,220.49763357578126,325.02885204208434,0.040000000000000001,0.070320638020833215
,220.59763250312494,324.12786429571264,0.040000000000000001,0.069303385416666585
,220.69763143124987,323.09074787851489,0.040000000000000001,0.068286132812499956
,220.79763035937503,323.81357873782042,0.040000000000000001,0.068286132812499956
,220.89762928671871,324.62025815177725,0.040000000000000001,0.068286132812499956
,220.99762821484364,324.69359474509287,0.040000000000000001,0.067268880208333215
,221.0976271429688,325.13362137132646,0.040000000000000001,0.068286132812499956
,221.19762607031248,326.94623054153431,0.040000000000000001,0.070320638020833215
,221.29762499843741,328.22458793908595,0.040000000000000001,0.071337890624999956
,221.39762392656257,327.42822516989554,0.040000000000000001,0.071337890624999956
,221.49762285703127,326.49568087900008,0.040000000000000001,0.071337890624999956
,221.59762178671872,325.688909784418,0.040000000000000001,0.071337890624999956
,221.69762071640616,324.11738800354237,0.040000000000000001,0.069303385416666585
,221.79761964687486,324.98694449850484,0.040000000000000001,0.069303385416666585
,221.89761857656254,326.04514193788702,0.040000000000000001,0.069303385416666585
,221.99761750703124,325.69938709783139,0.040000000000000001,0.069303385416666585
,222.09761643671868,326.09752961888444,0.040000000000000001,0.069303385416666585
,222.19761536640613,327.37583390433343,0.040000000000000001,0.070320638020833215
,222.29761429687505,328.3398532881173,0.040000000000000001,0.071337890624999956
,222.39761322421873,327.99405895482641,0.040000000000000001,0.071337890624999956
,222.4976121499999,327.59587808992273,0.040000000000000001,0.072355143229166585
,222.59761107578129,326.36994798020874,0.040000000000000001,0.070320638020833215
,222.69761000156245,325.41650187068626,0.040000000000000001,0.069303385416666585
,222.79760892656236,326.12896230016014,0.040000000000000001,0.069303385416666585
,222.89760785234375,326.85192858840952,0.040000000000000001,0.068286132812499956
,222.99760677812492,327.06148909002246,0.040000000000000001,0.068286132812499956
,223.09760570312505,327.60635644103758,0.040000000000000001,0.069303385416666585
,223.19760462890622,328.77996241682808,0.040000000000000001,0.070320638020833215
,223.29760355468738,329.98506085964453,0.040000000000000001,0.072355143229166585
,223.39760248046878,329.76499557855379,0.040000000000000001,0.072355143229166585
,223.49760140624994,329.11528882564653,0.040000000000000001,0.072355143229166585
,223.59760033203111,328.30841722798323,0.040000000000000001,0.071337890624999956
,223.6975992578125,326.93575252460749,0.040000000000000001,0.070320638020833215
,223.79759818359366,327.43870343864796,0.040000000000000001,0.069303385416666585
,223.89759710937506,328.27698120963851,0.040000000000000001,0.070320638020833215
,223.99759603593748,328.76948353706399,0.040000000000000001,0.069303385416666585
,224.09759496171864,329.03145681854136,0.040000000000000001,0.069303385416666585
,224.19759388750003,330.02697823661532,0.040000000000000001,0.070320638020833215
,224.2975928132812,330.80245949623855,0.040000000000000001,0.071337890624999956
,224.39759174140613,330.1946483077063,0.040000000000000001,0.071337890624999956
,224.49759066875004,330.00601954100955,0.040000000000000001,0.071337890624999956
,224.59758959687497,329.45061946212263,0.040000000000000001,0.070320638020833215
,224.69758852421865,328.14075895077877,0.040000000000000001,0.068286132812499956
,224.79758745156255,328.90570931080043,0.040000000000000001,0.068286132812499956
,224.89758637968748,329.73355781351449,0.040000000000000001,0.068286132812499956
,224.99758530703116,329.8593090735053,0.040000000000000001,0.067268880208333215
,225.09758423515632,330.67670457184897,0.040000000000000001,0.068286132812499956
,225.1975831625,331.91331243696595,0.040000000000000001,0.069303385416666585
,225.29758208906242,332.76218992458894,0.040000000000000001,0.070320638020833215
,225.39758101406255,332.15435031563584,0.040000000000000001,0.071337890624999956
,225.49757993984372,331.96571187319324,0.040000000000000001,0.071337890624999956
,225.59757886484363,331.03301132399758,0.040000000000000001,0.070320638020833215
,225.69757779062502,329.91170558778487,0.040000000000000001,0.068286132812499956
,225.79757671640618,330.95965376836637,0.040000000000000001,0.069303385416666585
,225.89757564140632,331.48363934480756,0.040000000000000001,0.069303385416666585
,225.99757456718748,331.57795746765703,0.040000000000000001,0.068286132812499956
,226.09757349218739,332.1648302502594,0.040000000000000001,0.069303385416666585
,226.19757241796879,332.88795064315303,0.040000000000000001,0.070320638020833215
,226.29757134218744,333.76828196377579,0.040000000000000001,0.071337890624999956
,226.39757026562506,333.59011888445599,0.040000000000000001,0.071337890624999956
,226.49756918984372,333.17091314825774,0.040000000000000001,0.072355143229166585
,226.59756811328111,332.26962971541275,0.040000000000000001,0.071337890624999956
,226.69756703671874,330.81293909326735,0.040000000000000001,0.070320638020833215
,226.79756596093739,331.85043319087731,0.040000000000000001,0.070320638020833215
,226.89756488437502,332.61546941484744,0.040000000000000001,0.070320638020833215
,226.99756380859367,332.72026974212707,0.040000000000000001,0.069303385416666585
,227.09756273203129,332.80411013586593,0.040000000000000001,0.069303385416666585
,227.19756165624995,333.94644537804373,0.040000000000000001,0.070320638020833215
,227.2975605874999,334.9839902144596,0.040000000000000001,0.071337890624999956
,227.39755951874986,334.58573988287856,0.040000000000000001,0.071337890624999956
,227.49755845000004,334.1560497791325,0.040000000000000001,0.071337890624999956
,227.59755738125,333.45387677611029,0.040000000000000001,0.070320638020833215
,227.6975563117187,332.07051091800901,0.040000000000000001,0.069303385416666585
,227.79755524296866,332.86699050587339,0.040000000000000001,0.068286132812499956
,227.89755417421861,333.77876215566403,0.040000000000000001,0.069303385416666585
,227.9975531054688,333.72636120787939,0.040000000000000001,0.068286132812499956
,228.0975520359375,333.97788601285777,0.040000000000000001,0.068286132812499956
,228.19755096562494,335.17263532422317,0.040000000000000001,0.069303385416666585
,228.29754989296862,335.63376809523447,0.040000000000000001,0.070320638020833215
,228.39754882031252,334.83726632416341,0.040000000000000001,0.069303385416666585
,228.4975477476562,334.72198333220911,0.040000000000000001,0.069303385416666585
,228.59754667499988,334.23989164466735,0.040000000000000001,0.068286132812499956
,228.69754560312504,333.3281150335464,0.040000000000000001,0.067268880208333215
,228.79754453046871,334.0093266568993,0.040000000000000001,0.067268880208333215
,228.89754345781239,334.81630577561566,0.040000000000000001,0.067268880208333215
,228.99754238515629,334.95254937386824,0.040000000000000001,0.066251627604166585
,229.09754131249997,335.45560313677919,0.040000000000000001,0.067268880208333215
,229.19754023671862,336.3883486064795,0.040000000000000001,0.068286132812499956
,229.29753915937499,337.55165415907106,0.040000000000000001,0.069303385416666585
,229.39753808203113,337.22676818271896,0.040000000000000001,0.069303385416666585
,229.49753700546876,336.9647626227096,0.040000000000000001,0.069303385416666585
,229.5975359281249,336.1368219406603,0.040000000000000001,0.068286132812499956
,229.69753485078127,334.54381884254423,0.040000000000000001,0.066251627604166585
,229.79753377421866,335.6861695534048,0.040000000000000001,0.066251627604166585
,229.89753269687503,336.72371702056324,0.040000000000000001,0.067268880208333215
,229.99753162031243,336.56651315548959,0.040000000000000001,0.066251627604166585
,230.09753054375005,337.0381242392869,0.040000000000000001,0.067268880208333215
,230.19752947500001,337.92893957735623,0.040000000000000001,0.067268880208333215
,230.29752840624997,339.15510223583823,0.040000000000000001,0.068286132812499956
,230.39752733749992,338.81974414550598,0.040000000000000001,0.068286132812499956
,230.49752626874988,338.54726413661143,0.040000000000000001,0.068286132812499956
,230.59752520000006,337.87653893329252,0.040000000000000001,0.068286132812499956
,230.69752413125002,336.44074996121742,0.040000000000000001,0.067268880208333215
,230.79752306249998,337.28964942392292,0.040000000000000001,0.067268880208333215
,230.89752199374993,338.02326064219716,0.040000000000000001,0.067268880208333215
,230.99752092499989,338.09662138381998,0.040000000000000001,0.066251627604166585
,231.09751985625007,338.57870420483357,0.040000000000000001,0.066251627604166585
,231.19751878671877,339.97252740969952,0.040000000000000001,0.068286132812499956
,231.29751771718747,340.92616846051413,0.040000000000000001,0.069303385416666585
,231.39751664765618,340.24499885507305,0.040000000000000001,0.069303385416666585
,231.49751557812488,339.49045800264787,0.040000000000000001,0.069303385416666585
,231.5975145085938,338.62062426911831,0.040000000000000001,0.068286132812499956
,231.6975134390625,337.23724839223604,0.040000000000000001,0.066251627604166585
,231.7975123695312,338.20142230695035,0.040000000000000001,0.067268880208333215
,231.89751129999991,338.73590428539848,0.040000000000000001,0.066251627604166585
,231.99751023046861,338.9559836359781,0.040000000000000001,0.066251627604166585
,232.09750916015628,339.43805882606756,0.040000000000000001,0.066251627604166585
,232.19750808906247,340.47555005853769,0.040000000000000001,0.067268880208333215
,232.29750701796866,341.56540694088397,0.040000000000000001,0.068286132812499956
,232.3975059476561,341.49205239420218,0.040000000000000001,0.068286132812499956
,232.49750487656252,340.67466125451591,0.040000000000000001,0.068286132812499956
,232.5975038054687,339.64765515681393,0.040000000000000001,0.067268880208333215
,232.69750273515615,338.55774416124439,0.040000000000000001,0.066251627604166585
,232.79750166406257,339.61621577172718,0.040000000000000001,0.066251627604166585
,232.89750059375001,340.55938649084908,0.040000000000000001,0.066251627604166585
,232.9974995226562,340.67466125451591,0.040000000000000001,0.065234374999999956
,233.09749844999988,341.39773913607479,0.040000000000000001,0.066251627604166585
,233.19749737656252,342.31989965122909,0.040000000000000001,0.066251627604166585
,233.2974963039062,343.11628455880737,0.040000000000000001,0.067268880208333215
,233.39749523046862,342.78096778975919,0.040000000000000001,0.067268880208333215
,233.49749415781253,342.04744637476375,0.040000000000000001,0.067268880208333215
,233.59749308437495,341.27198766133114,0.040000000000000001,0.067268880208333215
,233.69749201171862,340.24499885507305,0.040000000000000001,0.066251627604166585
,233.79749093828127,341.37678059352623,0.040000000000000001,0.065234374999999956
,233.89748986562495,342.24654712516099,0.040000000000000001,0.066251627604166585
,233.99748879374988,342.09984145437312,0.040000000000000001,0.065234374999999956
,234.09748772343755,342.37229418473373,0.040000000000000001,0.065234374999999956
,234.19748665390625,343.80785972241779,0.040000000000000001,0.067268880208333215
,234.2974855835937,344.97091129646248,0.040000000000000001,0.069303385416666585
,234.39748451328114,344.70896880421031,0.040000000000000001,0.068286132812499956
,234.49748344375007,344.32128732628564,0.040000000000000001,0.069303385416666585
,234.59748237343751,343.12676313023366,0.040000000000000001,0.068286132812499956
,234.69748130312496,341.61780293196057,0.040000000000000001,0.066251627604166585
,234.7974802328124,342.24654712516099,0.040000000000000001,0.066251627604166585
,234.8974791632811,343.01149858319718,0.040000000000000001,0.066251627604166585
,234.99747809140626,343.24202709911685,0.040000000000000001,0.066251627604166585
,235.09747701874994,344.26889734955682,0.040000000000000001,0.066251627604166585
,235.19747594609362,344.99186653695148,0.040000000000000001,0.067268880208333215
,235.29747487421878,346.18627429807043,0.040000000000000001,0.068286132812499956
,235.39747380156246,345.85101030949261,0.040000000000000001,0.069303385416666585
,235.49747272890613,345.06520969094879,0.040000000000000001,0.069303385416666585
,235.59747165625004,344.53084584293191,0.040000000000000001,0.068286132812499956
,235.69747058359371,343.37824739587131,0.040000000000000001,0.067268880208333215
,235.79746951093739,343.81833796435978,0.040000000000000001,0.067268880208333215
,235.89746843828129,344.33176530507296,0.040000000000000001,0.067268880208333215
,235.99746736562497,344.49941220847052,0.040000000000000001,0.066251627604166585
,236.09746629296865,345.43192101029047,0.040000000000000001,0.067268880208333215
,236.19746522031255,347.08726170455373,0.040000000000000001,0.068286132812499956
,236.29746414765623,348.20818228182208,0.040000000000000001,0.069303385416666585
,236.39746307499991,347.52725956516292,0.040000000000000001,0.070320638020833215
,236.49746200234381,346.82535210900772,0.040000000000000001,0.070320638020833215
,236.59746092968749,346.09198198489963,0.040000000000000001,0.069303385416666585
,236.69745985703116,343.78690322292209,0.040000000000000001,0.067268880208333215
,236.79745878437507,344.35272124603665,0.040000000000000001,0.067268880208333215
,236.89745771093749,345.92434988188097,0.040000000000000001,0.067268880208333215
,236.99745663671865,346.39581082349679,0.040000000000000001,0.067268880208333215
,237.09745556250004,346.65772763517356,0.040000000000000001,0.067268880208333215
,237.19745448828121,347.88343860513515,0.040000000000000001,0.068286132812499956
,237.29745341328112,349.50707865421646,0.040000000000000001,0.070320638020833215
,237.39745233906251,349.58039955182863,0.040000000000000001,0.071337890624999956
,237.49745126484368,348.58529436950363,0.040000000000000001,0.071337890624999956
,237.59745019062507,347.11869055330817,0.040000000000000001,0.070320638020833215
,237.69744911640623,345.6624213838723,0.040000000000000001,0.069303385416666585
,237.79744804140614,346.34342694603293,0.040000000000000001,0.069303385416666585
,237.89744696875005,347.08726170455373,0.040000000000000001,0.069303385416666585
,237.99744589765623,347.20250049608887,0.040000000000000001,0.069303385416666585
,238.09744482656242,347.92534143758627,0.040000000000000001,0.069303385416666585
,238.19744375546861,349.06714433945649,0.040000000000000001,0.070320638020833215
,238.29744268437503,350.19837262744306,0.040000000000000001,0.071337890624999956
,238.39744161328122,349.98889374223728,0.040000000000000001,0.071337890624999956
,238.49744054218741,348.99382048615786,0.040000000000000001,0.071337890624999956
,238.59743947109382,348.2500841392656,0.040000000000000001,0.071337890624999956
,238.69743839921875,346.99297476721449,0.040000000000000001,0.069303385416666585
,238.79743732812494,346.61582123615233,0.040000000000000001,0.068286132812499956
,238.89743625000006,348.18723130537103,0.040000000000000001,0.068286132812499956
,238.99743517187494,348.06152478172436,0.040000000000000001,0.068286132812499956
,239.09743409375005,348.75289635528708,0.040000000000000001,0.068286132812499956
,239.19743301484368,350.71158027564996,0.040000000000000001,0.070320638020833215
,239.29743193671879,352.03115061179119,0.040000000000000001,0.070320638020833215
,239.39743085859368,351.38185786357718,0.040000000000000001,0.071337890624999956
,239.49742978046879,350.55447827930811,0.040000000000000001,0.071337890624999956
,239.59742870234368,350.12505543258624,0.040000000000000001,0.071337890624999956
,239.69742762421879,348.73194622254482,0.040000000000000001,0.069303385416666585
,239.79742654687493,349.64324569246116,0.040000000000000001,0.069303385416666585
,239.89742547265632,350.7430004193015,0.040000000000000001,0.070320638020833215
,239.99742439765623,350.83726033590204,0.040000000000000001,0.070320638020833215
,240.0974233234374,350.65921317979019,0.040000000000000001,0.070320638020833215
,240.19742224843753,351.89501181348891,0.040000000000000001,0.071337890624999956
,240.2974211742187,352.9840726781448,0.040000000000000001,0.072355143229166585
,240.39742009921861,352.12539953026487,0.040000000000000001,0.072355143229166585
,240.49741902421874,351.28760249025231,0.040000000000000001,0.072355143229166585
,240.59741794999991,350.65921317979019,0.040000000000000001,0.071337890624999956
,240.69741687500004,350.21932031489632,0.040000000000000001,0.070320638020833215
,240.79741580078121,351.07814325666158,0.040000000000000001,0.071337890624999956
,240.89741472656237,351.52847573705105,0.040000000000000001,0.070320638020833215
,240.99741365234377,351.45516704404167,0.040000000000000001,0.070320638020833215
,241.09741257812493,352.31389484581831,0.040000000000000001,0.070320638020833215
,241.19741150312507,353.1620812432493,0.040000000000000001,0.072355143229166585
,241.29741042890623,354.29288372655367,0.040000000000000001,0.073372395833333215
,241.3974093546874,353.71702860070269,0.040000000000000001,0.073372395833333215
,241.49740828046879,353.18302321923017,0.040000000000000001,0.073372395833333215
,241.59740720624995,352.21964760982371,0.040000000000000001,0.073372395833333215
,241.69740613203112,350.72205366636865,0.040000000000000001,0.072355143229166585
,241.79740505390623,351.51800309654851,0.040000000000000001,0.071337890624999956
,241.89740397656237,352.240591513109,0.040000000000000001,0.071337890624999956
,241.99740289921874,352.72228967394375,0.040000000000000001,0.072355143229166585
,242.09740182187488,353.39244055073959,0.040000000000000001,0.072355143229166585
,242.19740074453125,354.28241394527743,0.040000000000000001,0.073372395833333215
,242.29739966796865,355.39214459836342,0.040000000000000001,0.074389648437499956
,242.39739859062502,354.54415496151512,0.040000000000000001,0.074389648437499956
,242.49739751328116,353.6437354692909,0.040000000000000001,0.073372395833333215
,242.59739643593753,353.3714990170289,0.040000000000000001,0.073372395833333215
,242.69739536093743,352.46049996970402,0.040000000000000001,0.071337890624999956
,242.79739428984362,353.2144361006882,0.040000000000000001,0.071337890624999956
,242.89739321875004,354.09395589384229,0.040000000000000001,0.071337890624999956
,242.99739214843748,353.81126181125069,0.040000000000000001,0.070320638020833215
,243.09739107734367,354.4918073462095,0.040000000000000001,0.071337890624999956
,243.19739000624986,356.0097653249419,0.040000000000000001,0.073372395833333215
,243.29738893593753,357.5274562845679,0.040000000000000001,0.074389648437499956
,243.39738786484372,356.98321281230488,0.040000000000000001,0.074389648437499956
,243.49738679374991,355.85274724662395,0.040000000000000001,0.074389648437499956
,243.59738572343736,354.96292517812435,0.040000000000000001,0.074389648437499956
,243.69738465078126,353.67514687912268,0.040000000000000001,0.073372395833333215
,243.79738357812494,354.5232159508144,0.040000000000000001,0.072355143229166585
,243.89738250468736,355.03620799129209,0.040000000000000001,0.072355143229166585
,243.99738143203126,355.44448702067177,0.040000000000000001,0.072355143229166585
,244.09738035937494,355.8213432898981,0.040000000000000001,0.072355143229166585
,244.19737928671861,356.82621279104495,0.040000000000000001,0.073372395833333215
,244.29737821406252,358.09259325400973,0.040000000000000001,0.074389648437499956
,244.3973771414062,357.8623571172609,0.040000000000000001,0.074389648437499956
,244.49737606796862,356.89947983815262,0.040000000000000001,0.074389648437499956
,244.59737499531252,356.08303945148486,0.040000000000000001,0.074389648437499956
,244.69737392109369,354.69072670954603,0.040000000000000001,0.072355143229166585
,244.79737284687485,355.38167607688302,0.040000000000000001,0.072355143229166585
,244.89737177265624,356.51220386816016,0.040000000000000001,0.072355143229166585
,244.99737069765615,356.92041316119975,0.040000000000000001,0.072355143229166585
,245.09736962343754,356.73201135272478,0.040000000000000001,0.072355143229166585
,245.19736854921871,357.51699040803669,0.040000000000000001,0.073372395833333215
,245.29736747499987,359.37969642866676,0.040000000000000001,0.075406901041666585
,245.39736640078127,359.12857144458593,0.040000000000000001,0.075406901041666585
,245.49736532656243,358.39607602611841,0.040000000000000001,0.075406901041666585
,245.59736425234382,357.57978546305122,0.040000000000000001,0.074389648437499956
,245.69736317890624,355.40261310751265,0.040000000000000001,0.072355143229166585
,245.79736210546866,356.15631295354819,0.040000000000000001,0.072355143229166585
,245.89736103125006,357.46466082154876,0.040000000000000001,0.072355143229166585
,245.99735995781248,357.42279690813206,0.040000000000000001,0.072355143229166585
,246.0973588843749,358.16584879511441,0.040000000000000001,0.072355143229166585
,246.19735781093755,359.42154977212459,0.040000000000000001,0.073372395833333215
,246.29735673749997,360.7502689110288,0.040000000000000001,0.074389648437499956
,246.39735566328113,360.23764241877296,0.040000000000000001,0.074389648437499956
,246.49735458984378,359.28552554690697,0.040000000000000001,0.074389648437499956
,246.59735352109374,358.36468180455495,0.040000000000000001,0.074389648437499956
,246.69735245546872,356.95181304643074,0.040000000000000001,0.072355143229166585
,246.7973513898437,357.56931965459825,0.040000000000000001,0.072355143229166585
,246.89735032421868,358.54258071090419,0.040000000000000001,0.072355143229166585
,246.99734925859366,359.0762526821303,0.040000000000000001,0.071337890624999956
,247.09734819296864,359.63081294923398,0.040000000000000001,0.071337890624999956
,247.19734712734362,360.35272503643904,0.040000000000000001,0.072355143229166585
,247.29734606093757,361.78586942674389,0.040000000000000001,0.073372395833333215
,247.39734499531255,361.50344831610545,0.040000000000000001,0.074389648437499956
,247.49734392968753,360.52011463624217,0.040000000000000001,0.073372395833333215
,247.59734285859372,359.93423399887922,0.040000000000000001,0.073372395833333215
,247.69734178749991,358.33328745611249,0.040000000000000001,0.071337890624999956
,247.79734071562507,359.26459852311302,0.040000000000000001,0.071337890624999956
,247.89733964375,360.5933463512618,0.040000000000000001,0.071337890624999956
,247.99733857265619,360.8653432406436,0.040000000000000001,0.071337890624999956
,248.09733750078112,360.93857137979325,0.040000000000000001,0.070320638020833215
,248.19733642968754,361.5871298610399,0.040000000000000001,0.071337890624999956
,248.29733535781247,363.36511606288639,0.040000000000000001,0.073372395833333215
,248.3973342859374,362.91543538688745,0.040000000000000001,0.073372395833333215
,248.49733321484382,361.99506269351519,0.040000000000000001,0.073372395833333215
,248.59733214375001,361.33608217119951,0.040000000000000001,0.072355143229166585
,248.6973310726562,360.27949085652529,0.040000000000000001,0.071337890624999956
,248.79733000078113,361.18963346902268,0.040000000000000001,0.071337890624999956
,248.89732892968755,361.93230539215006,0.040000000000000001,0.071337890624999956
,248.99732785859374,361.38838452800167,0.040000000000000001,0.070320638020833215
,249.09732678671867,361.72311018946192,0.040000000000000001,0.071337890624999956
,249.19732571562486,362.76902102340489,0.040000000000000001,0.072355143229166585
,249.29732464453127,363.58471616489607,0.040000000000000001,0.072355143229166585
,249.39732357343746,363.58471616489607,0.040000000000000001,0.073372395833333215
,249.49732250156239,363.49060275669734,0.040000000000000001,0.073372395833333215
,249.59732143046881,362.39251199631241,0.040000000000000001,0.072355143229166585
,249.69732035859374,360.56196142282397,0.040000000000000001,0.070320638020833215
,249.79731928749993,361.50344831610545,0.040000000000000001,0.070320638020833215
,249.89731821562486,362.86314491854375,0.040000000000000001,0.070320638020833215
,249.99731714453128,363.02001506746757,0.040000000000000001,0.070320638020833215
,250.09731607343747,363.44877413130638,0.040000000000000001,0.070320638020833215
,250.1973150015624,364.05526231938984,0.040000000000000001,0.071337890624999956
,250.29731393046882,365.65485268140043,0.040000000000000001,0.072355143229166585
,250.39731285937501,365.68621298800656,0.040000000000000001,0.072355143229166585
,250.49731178515617,364.71396766768288,0.040000000000000001,0.072355143229166585
,250.59731071093756,363.9088739299458,0.040000000000000001,0.071337890624999956
,250.69730963671873,362.49709998618164,0.040000000000000001,0.070320638020833215
,250.79730856249989,363.33374400665662,0.040000000000000001,0.070320638020833215
,250.89730748828129,364.21210324045347,0.040000000000000001,0.070320638020833215
,250.99730641406245,364.45258500935893,0.040000000000000001,0.070320638020833215
,251.09730534062487,364.8707919411716,0.040000000000000001,0.070320638020833215
,251.19730426640626,366.041618245542,0.040000000000000001,0.071337890624999956
,251.29730319218743,366.88823241176402,0.040000000000000001,0.072355143229166585
,251.39730211796882,366.48061871652789,0.040000000000000001,0.072355143229166585
,251.49730104296873,365.74893310687349,0.040000000000000001,0.072355143229166585
,251.59729996874989,365.22624539751098,0.040000000000000001,0.071337890624999956
,251.69729889375003,363.65791452392392,0.040000000000000001,0.070320638020833215
,251.7972978195312,364.59896065994332,0.040000000000000001,0.070320638020833215
,251.89729674531236,365.94754245527503,0.040000000000000001,0.070320638020833215
,251.9972956703125,365.97890121828192,0.040000000000000001,0.070320638020833215
,252.09729459609366,366.42835848124349,0.040000000000000001,0.071337890624999956
,252.1972935210938,367.75562148889105,0.040000000000000001,0.072355143229166585
,252.29729244687496,368.73780377695363,0.040000000000000001,0.073372395833333215
,252.39729137109362,367.99595874925586,0.040000000000000001,0.073372395833333215
,252.49729029609375,367.28536672174596,0.040000000000000001,0.073372395833333215
,252.59728922109366,366.15659773139055,0.040000000000000001,0.072355143229166585
,252.6972881460938,365.22624539751098,0.040000000000000001,0.071337890624999956
,252.79728707109371,366.05207101869746,0.040000000000000001,0.071337890624999956
,252.89728599531236,366.66875167803278,0.040000000000000001,0.071337890624999956
,252.9972849203125,366.63739660765697,0.040000000000000001,0.070320638020833215
,253.0972838453124,367.20176179084137,0.040000000000000001,0.070320638020833215
,253.19728277031254,368.37211798797858,0.040000000000000001,0.071337890624999956
,253.29728169453119,369.3855297821965,0.040000000000000001,0.072355143229166585
,253.39728062031236,369.2288289951702,0.040000000000000001,0.072355143229166585
,253.49727954531249,368.95720351451769,0.040000000000000001,0.073372395833333215
,253.59727847109366,368.57063615365769,0.040000000000000001,0.073372395833333215
,253.6972773960938,367.38987115789143,0.040000000000000001,0.072355143229166585
,253.79727632187496,367.68247332081933,0.040000000000000001,0.071337890624999956
,253.89727524687487,368.4243603046404,0.040000000000000001,0.072355143229166585
,253.99727417265626,368.14224592774355,0.040000000000000001,0.071337890624999956
,254.09727309765617,368.9258612364647,0.040000000000000001,0.071337890624999956
,254.19727202343756,370.2525242425055,0.040000000000000001,0.073372395833333215
,254.29727094921873,371.70415624929916,0.040000000000000001,0.074389648437499956
,254.39726987890617,370.69118992423898,0.040000000000000001,0.074389648437499956
,254.49726880859362,369.23927585627882,0.040000000000000001,0.074389648437499956
,254.59726773828129,368.91541377026431,0.040000000000000001,0.073372395833333215
,254.69726666796873,367.25401501642671,0.040000000000000001,0.071337890624999956
,254.79726559687492,368.2885292527302,0.040000000000000001,0.072355143229166585
,254.89726452656237,369.96006004214377,0.040000000000000001,0.073372395833333215
,254.99726345625004,369.97050547161149,0.040000000000000001,0.072355143229166585
,255.09726238593748,370.14807460826734,0.040000000000000001,0.072355143229166585
,255.19726131484367,371.0984891230126,0.040000000000000001,0.073372395833333215
,255.29726024531237,372.06960998768079,0.040000000000000001,0.074389648437499956
,255.39725917500004,372.12181549330535,0.040000000000000001,0.074389648437499956
,255.49725810468749,371.91299020837772,0.040000000000000001,0.075406901041666585
,255.59725703437493,370.64941383262249,0.040000000000000001,0.074389648437499956
,255.69725596484363,369.23927585627882,0.040000000000000001,0.072355143229166585
,255.79725489453131,370.14807460826734,0.040000000000000001,0.072355143229166585
,255.89725382421875,371.29690524700544,0.040000000000000001,0.073372395833333215
,255.9972527539062,371.50575599386917,0.040000000000000001,0.073372395833333215
,256.09725168359364,372.09049225527258,0.040000000000000001,0.073372395833333215
,256.19725061406257,372.94658971716956,0.040000000000000001,0.075406901041666585
,256.29724954453127,373.79210024908053,0.040000000000000001,0.075406901041666585
,256.39724847499997,373.20756545095367,0.040000000000000001,0.075406901041666585
,256.49724740624993,372.69603994223394,0.040000000000000001,0.076424153645833215
,256.59724633749988,372.36195379049616,0.040000000000000001,0.075406901041666585
,256.69724526875007,371.03582980375978,0.040000000000000001,0.074389648437499956
,256.79724419921877,371.99652136571081,0.040000000000000001,0.074389648437499956
,256.89724313046872,372.82131642533972,0.040000000000000001,0.074389648437499956
,256.99724206171868,373.00922516341615,0.040000000000000001,0.074389648437499956
,257.09724099296864,373.57290797843172,0.040000000000000001,0.074389648437499956
,257.19723992187505,375.12791136407935,0.040000000000000001,0.076424153645833215
,257.29723884609371,376.40075042352674,0.040000000000000001,0.077441406249999956
,257.39723777031236,375.90000336719578,0.040000000000000001,0.077441406249999956
,257.49723669453124,375.21138697235557,0.040000000000000001,0.078458658854166585
,257.59723561874989,374.47048894499176,0.040000000000000001,0.077441406249999956
,257.69723454296877,372.82131642533972,0.040000000000000001,0.075406901041666585
,257.79723346796868,373.43721253795945,0.040000000000000001,0.075406901041666585
,257.89723239218756,374.92965081019122,0.040000000000000001,0.076424153645833215
,257.99723131640621,375.23225564060851,0.040000000000000001,0.076424153645833215
,258.09723024062487,377.94437002424968,0.040000000000000001,0.079475911458333215
,258.19722916484375,378.24677301153889,0.040000000000000001,0.080493164062499956
,258.29722808984366,378.53872843647969,0.040000000000000001,0.081510416666666585
,258.39722701484379,377.20391645681946,0.040000000000000001,0.081510416666666585
,258.4972259398437,375.93130166672017,0.040000000000000001,0.081510416666666585
,258.59722486484361,375.0131299631999,0.040000000000000001,0.079475911458333215
,258.69722378906249,373.58334593152324,0.040000000000000001,0.077441406249999956
,258.7972227140624,374.79399401428736,0.040000000000000001,0.077441406249999956
,258.89722163906254,376.18168035398537,0.040000000000000001,0.078458658854166585
,258.99722056406245,376.79713600224767,0.040000000000000001,0.078458658854166585
,259.09721948906235,377.6523749685627,0.040000000000000001,0.078458658854166585
,259.19721841796877,377.92351387691411,0.040000000000000001,0.079475911458333215
,259.29721734765621,379.38320280416144,0.040000000000000001,0.080493164062499956
,259.3972162765624,379.51872024292004,0.040000000000000001,0.080493164062499956
,259.49721520624985,378.80981232127124,0.040000000000000001,0.081510416666666585
,259.59721413593752,377.78794650823028,0.040000000000000001,0.080493164062499956
,259.69721306562496,376.33816005260712,0.040000000000000001,0.079475911458333215
,259.79721199453115,377.16219708680319,0.040000000000000001,0.079475911458333215
,259.8972109242186,378.60128776216891,0.040000000000000001,0.079475911458333215
,259.99720985390627,378.73682986918885,0.040000000000000001,0.079475911458333215
,260.09720878281246,379.20598120213026,0.040000000000000001,0.080493164062499956
,260.19720770937488,380.21708763299938,0.040000000000000001,0.081510416666666585
,260.29720663593753,381.45718440961366,0.040000000000000001,0.082527669270833215
,260.39720556249995,380.83197181453198,0.040000000000000001,0.082527669270833215
,260.49720448906237,380.39426692684759,0.040000000000000001,0.082527669270833215
,260.59720341562502,380.42553308353541,0.040000000000000001,0.083544921874999956
,260.69720234218744,378.26762761932855,0.040000000000000001,0.081510416666666585
,260.79720126874986,378.99747581416108,0.040000000000000001,0.081510416666666585
,260.89720019531251,380.08159254151116,0.040000000000000001,0.081510416666666585
,260.99719912187493,379.63338547646606,0.040000000000000001,0.080493164062499956
,261.09719804531255,380.27962235592628,0.040000000000000001,0.080493164062499956
,261.19719696718744,381.85310321951863,0.040000000000000001,0.082527669270833215
,261.29719588828129,383.12394979186115,0.040000000000000001,0.083544921874999956
,261.39719481015618,382.71773918620744,0.040000000000000001,0.084562174479166585
,261.49719373125004,381.99895836649614,0.040000000000000001,0.084562174479166585
,261.59719265312492,381.05080698451707,0.040000000000000001,0.083544921874999956
,261.69719157500003,379.63338547646606,0.040000000000000001,0.082527669270833215
,261.79719049609366,380.84239279874924,0.040000000000000001,0.083544921874999956
,261.89718941796878,381.72808036795567,0.040000000000000001,0.083544921874999956
,261.9971883390624,382.07188397882703,0.040000000000000001,0.083544921874999956
,262.09718726874985,382.60315951989179,0.040000000000000001,0.083544921874999956
,262.19718619921878,383.68632685948847,0.040000000000000001,0.084562174479166585
,262.29718512968748,385.39379279351095,0.040000000000000001,0.086596679687499956
,262.39718406015618,384.98781710947674,0.040000000000000001,0.086596679687499956
,262.49718299062488,383.83211527740048,0.040000000000000001,0.086596679687499956
,262.59718192109381,382.94688870229481,0.040000000000000001,0.086596679687499956
,262.69718085156251,381.65514860391477,0.040000000000000001,0.085579427083333215
,262.79717978203121,382.41565848351115,0.040000000000000001,0.084562174479166585
,262.89717871249991,383.00938174805651,0.040000000000000001,0.084562174479166585
,262.99717764218735,383.13436490539897,0.040000000000000001,0.084562174479166585
,263.09717656796875,384.38397958224016,0.040000000000000001,0.085579427083333215
,263.19717549296865,384.97740691441965,0.040000000000000001,0.085579427083333215
,263.29717441875005,385.8413572337526,0.040000000000000001,0.086596679687499956
,263.39717334453121,385.92461924905149,0.040000000000000001,0.086596679687499956
,263.49717227031238,385.53951719624405,0.040000000000000001,0.087613932291666585
,263.59717119531251,384.40480312681154,0.040000000000000001,0.086596679687499956
,263.69717012109368,382.82189968173111,0.040000000000000001,0.085579427083333215
,263.79716904687507,384.01954959792715,0.040000000000000001,0.085579427083333215
,263.89716797187498,385.0919175166249,0.040000000000000001,0.085579427083333215
,263.9971668984374,384.97740691441965,0.040000000000000001,0.084562174479166585
,264.09716582421879,385.48747340260184,0.040000000000000001,0.085579427083333215
,264.19716474999996,386.84038069553554,0.040000000000000001,0.086596679687499956
,264.29716367578112,387.59987700711224,0.040000000000000001,0.087613932291666585
,264.39716260156251,387.47503893189759,0.040000000000000001,0.087613932291666585
,264.49716152734368,386.58024378432964,0.040000000000000001,0.087613932291666585
,264.59716045312507,385.87258070278943,0.040000000000000001,0.087613932291666585
,264.69715937890624,384.55056482433559,0.040000000000000001,0.086596679687499956
,264.7971583046874,385.83094935388755,0.040000000000000001,0.086596679687499956
,264.89715723046879,386.50740222691701,0.040000000000000001,0.086596679687499956
,264.99715615468745,386.87159591433704,0.040000000000000001,0.086596679687499956
,265.09715507968735,387.02766810868383,0.040000000000000001,0.086596679687499956
,265.19715400468749,387.40221478401673,0.040000000000000001,0.086596679687499956
,265.2971529296874,388.77522843675177,0.040000000000000001,0.087613932291666585
,265.39715185390628,388.64003018291601,0.040000000000000001,0.088631184895833215
,265.49715077890619,387.77672375272221,0.040000000000000001,0.087613932291666585
,265.5971497039061,386.86119087026583,0.040000000000000001,0.086596679687499956
,265.69714862890623,386.11195212039303,0.040000000000000001,0.086596679687499956
,265.79714755390614,386.8507857973305,0.040000000000000001,0.086596679687499956
,265.89714647890628,387.76632123679406,0.040000000000000001,0.085579427083333215
,265.9971454054687,387.72471088063895,0.040000000000000001,0.086596679687499956
,266.09714433203112,387.75591869161724,0.040000000000000001,0.085579427083333215
,266.19714325859377,388.56722904959281,0.040000000000000001,0.086596679687499956
,266.29714218593745,389.65909301734587,0.040000000000000001,0.087613932291666585
,266.39714111249987,389.46154202536354,0.040000000000000001,0.087613932291666585
,266.49714003906251,389.05600877764579,0.040000000000000001,0.088631184895833215
,266.59713896562494,388.10958879296038,0.040000000000000001,0.087613932291666585
,266.69713789296861,387.5166520900209,0.040000000000000001,0.087613932291666585
,266.79713681953126,388.18239901335699,0.040000000000000001,0.086596679687499956
,266.89713574765619,388.84802542023209,0.040000000000000001,0.086596679687499956
,266.99713467890615,388.9312201907083,0.040000000000000001,0.085579427083333215
,267.09713360937485,389.41995096409545,0.040000000000000001,0.085579427083333215
,267.19713254062503,390.45958310722148,0.040000000000000001,0.087613932291666585
,267.29713147109373,391.46773630959257,0.040000000000000001,0.087613932291666585
,267.39713040156244,391.06243093458994,0.040000000000000001,0.088631184895833215
,267.49712933281239,390.51155678102435,0.040000000000000001,0.088631184895833215
,267.59712826328132,389.63829868612481,0.040000000000000001,0.087613932291666585
,267.69712719453128,388.47362546265424,0.040000000000000001,0.086596679687499956
,267.79712612499998,388.83762594022846,0.040000000000000001,0.086596679687499956
,267.89712505078114,389.91901201090479,0.040000000000000001,0.086596679687499956
,267.99712397656253,390.24128539649973,0.040000000000000001,0.085579427083333215
,268.09712290156244,390.88574478378308,0.040000000000000001,0.086596679687499956
,268.19712182656235,391.71713176771993,0.040000000000000001,0.087613932291666585
,268.29712075156249,392.66259431594426,0.040000000000000001,0.088631184895833215
,268.3971196765624,392.2366485001545,0.040000000000000001,0.088631184895833215
,268.49711860234379,391.10400286233863,0.040000000000000001,0.088631184895833215
,268.5971175273437,390.07495437006327,0.040000000000000001,0.087613932291666585
,268.69711645234361,389.26398022088358,0.040000000000000001,0.086596679687499956
,268.79711537734374,390.14772514644716,0.040000000000000001,0.085579427083333215
,268.89711430624993,391.18714524826822,0.040000000000000001,0.085579427083333215
,268.99711323515612,390.91692533433411,0.040000000000000001,0.084562174479166585
,269.09711216328128,391.29107047253774,0.040000000000000001,0.084562174479166585
,269.19711109218747,392.20547968037772,0.040000000000000001,0.085579427083333215
,269.29711002109366,393.56625641706461,0.040000000000000001,0.086596679687499956
,269.39710894999985,392.83919062223367,0.040000000000000001,0.086596679687499956
,269.49710787812501,392.30937465929401,0.040000000000000001,0.086596679687499956
,269.5971068070312,391.37420844288852,0.040000000000000001,0.085579427083333215
,269.69710573593738,389.95020102566133,0.040000000000000001,0.083544921874999956
,269.79710466562506,391.01046533656694,0.040000000000000001,0.083544921874999956
,269.89710359687501,392.24703804464815,0.040000000000000001,0.084562174479166585
,269.99710252812497,392.14314120285246,0.040000000000000001,0.083544921874999956
,270.09710146015618,392.52754399372867,0.040000000000000001,0.083544921874999956
,270.19710039140614,393.6804955891775,0.040000000000000001,0.084562174479166585
,270.29709932265632,394.94725434606693,0.040000000000000001,0.085579427083333215
,270.39709825390628,394.82267617483166,0.040000000000000001,0.085579427083333215
,270.49709718515624,394.27240085486045,0.040000000000000001,0.085579427083333215
,270.59709611640619,392.70414720032841,0.040000000000000001,0.084562174479166585
,270.69709504765615,391.19753790865752,0.040000000000000001,0.083544921874999956
,270.79709397656256,392.3717101550609,0.040000000000000001,0.083544921874999956
,270.89709290390624,393.30660774278687,0.040000000000000001,0.083544921874999956
,270.99709183203117,393.48317098422183,0.040000000000000001,0.083544921874999956
,271.09709076015611,394.1166463049899,0.040000000000000001,0.082527669270833215
,271.19708968750001,395.01992281411111,0.040000000000000001,0.083544921874999956
,271.29708861562494,396.23429057939666,0.040000000000000001,0.085579427083333215
,271.39708754296862,396.18240358552276,0.040000000000000001,0.085579427083333215
,271.49708647109378,395.09258970973053,0.040000000000000001,0.085579427083333215
,271.59708539843746,393.78434606424861,0.040000000000000001,0.084562174479166585
,271.69708432656239,392.40287748309527,0.040000000000000001,0.082527669270833215
,271.79708325234378,393.70126593710751,0.040000000000000001,0.082527669270833215
,271.89708217734369,394.70847546731204,0.040000000000000001,0.082527669270833215
,271.99708110312486,394.72923952026002,0.040000000000000001,0.082527669270833215
,272.09708002890625,394.72923952026002,0.040000000000000001,0.081510416666666585
,272.19707895468741,396.16164856042093,0.040000000000000001,0.083544921874999956
,272.29707787968755,398.11204877196201,0.040000000000000001,0.084562174479166585
,272.39707680546871,397.39634531565105,0.040000000000000001,0.085579427083333215
,272.49707573124988,396.43145373724184,0.040000000000000001,0.084562174479166585
,272.59707465703127,395.55969640713948,0.040000000000000001,0.084562174479166585
,272.69707358124992,394.15818155089073,0.040000000000000001,0.083544921874999956
,272.79707250625006,395.113351390915,0.040000000000000001,0.082527669270833215
,272.89707143124997,395.93333471162657,0.040000000000000001,0.082527669270833215
,272.99707035624988,395.78803590922888,0.040000000000000001,0.082527669270833215
,273.09706928125001,396.09938270531484,0.040000000000000001,0.082527669270833215
,273.19706820624992,397.2407368267896,0.040000000000000001,0.083544921874999956
,273.2970671304688,398.52687710402779,0.040000000000000001,0.084562174479166585
,273.39706605546871,398.24687381068725,0.040000000000000001,0.085579427083333215
,273.49706498046862,397.74903044735009,0.040000000000000001,0.084562174479166585
,273.59706390546876,396.56634806785479,0.040000000000000001,0.084562174479166585
,273.69706283671871,395.31058094921241,0.040000000000000001,0.082527669270833215
,273.79706177187495,396.20315848060926,0.040000000000000001,0.083544921874999956
,273.89706070624993,397.20961424115427,0.040000000000000001,0.082527669270833215
,273.99705964062491,397.30298111048324,0.040000000000000001,0.082527669270833215
,274.09705857499989,397.44821316639502,0.040000000000000001,0.082527669270833215
,274.19705750937487,397.946102569711,0.040000000000000001,0.083544921874999956
,274.29705644453111,399.34600632470352,0.040000000000000001,0.084562174479166585
,274.39705537890632,399.18012359983038,0.040000000000000001,0.084562174479166585
,274.4970543132813,398.45428598592372,0.040000000000000001,0.084562174479166585
,274.59705324765628,398.11204877196201,0.040000000000000001,0.084562174479166585
,274.69705217499995,396.73236428659294,0.040000000000000001,0.083544921874999956
,274.79705110234363,397.19923998021966,0.040000000000000001,0.082527669270833215
,274.89705003046879,398.04981994025275,0.040000000000000001,0.082527669270833215
,274.99704895781247,398.46465624550973,0.040000000000000001,0.082527669270833215
,275.09704788515614,398.71353248374965,0.040000000000000001,0.082527669270833215
,275.1970468132813,399.81250537416355,0.040000000000000001,0.083544921874999956
,275.29704574062498,401.39808968859148,0.040000000000000001,0.084562174479166585
,275.39704466796866,401.06653005514505,0.040000000000000001,0.085579427083333215
,275.49704359531256,400.12346682920298,0.040000000000000001,0.084562174479166585
,275.59704252265624,398.91054587978391,0.040000000000000001,0.084562174479166585
,275.69704144765615,397.17849135978736,0.040000000000000001,0.082527669270833215
,275.79704037343754,398.14316274016051,0.040000000000000001,0.082527669270833215
,275.8970392992187,399.44967866495011,0.040000000000000001,0.083544921874999956
,275.99703822421861,399.72957719108723,0.040000000000000001,0.082527669270833215
,276.09703715000001,400.47585301789911,0.040000000000000001,0.082527669270833215
,276.19703607578117,401.52241552639896,0.040000000000000001,0.084562174479166585
,276.29703500078131,402.56862873260883,0.040000000000000001,0.085579427083333215
,276.39703392656247,401.75033341834779,0.040000000000000001,0.085579427083333215
,276.49703285234364,400.97327261140805,0.040000000000000001,0.084562174479166585
,276.59703177812503,400.25820734735333,0.040000000000000001,0.084562174479166585
,276.69703070312494,399.18012359983038,0.040000000000000001,0.083544921874999956
,276.7970296289061,399.80213946924863,0.040000000000000001,0.083544921874999956
,276.89702855390624,400.55876172079968,0.040000000000000001,0.082527669270833215
,276.9970274796874,400.71420968122544,0.040000000000000001,0.082527669270833215
,277.0970264054688,401.60529667917331,0.040000000000000001,0.082527669270833215
,277.1970253304687,402.5272012286427,0.040000000000000001,0.083544921874999956
,277.29702425624987,403.55236904933963,0.040000000000000001,0.085579427083333215
,277.39702318125001,402.80682614630524,0.040000000000000001,0.085579427083333215
,277.49702210781243,402.11289582613705,0.040000000000000001,0.085579427083333215
,277.59702103359382,401.48097412808346,0.040000000000000001,0.085579427083333215
,277.69701995937498,400.51730764083965,0.040000000000000001,0.083544921874999956
,277.79701888515615,401.07689182285498,0.040000000000000001,0.083544921874999956
,277.89701781093754,401.78141184495746,0.040000000000000001,0.083544921874999956
,277.99701673671871,401.9057224617406,0.040000000000000001,0.082527669270833215
,278.09701566249987,402.38220061405781,0.040000000000000001,0.083544921874999956
,278.19701458828126,403.84225369628257,0.040000000000000001,0.084562174479166585
,278.29701351406243,404.9808206658293,0.040000000000000001,0.086596679687499956
,278.39701243984382,403.92507285651482,0.040000000000000001,0.085579427083333215
,278.49701136562499,403.13820077008666,0.040000000000000001,0.085579427083333215
,278.59701029140615,403.03465001424297,0.040000000000000001,0.085579427083333215
,278.69700921718754,401.24267546535708,0.040000000000000001,0.083544921874999956
,278.79700814218745,402.12325413316717,0.040000000000000001,0.083544921874999956
,278.89700706796862,403.28316599551982,0.040000000000000001,0.083544921874999956
,278.99700599375001,402.96216242119777,0.040000000000000001,0.083544921874999956
,279.09700491953117,403.73872660405965,0.040000000000000001,0.084562174479166585
,279.19700384453131,405.08430567694631,0.040000000000000001,0.084562174479166585
,279.29700277031247,405.79825603908768,0.040000000000000001,0.085579427083333215
,279.39700169609364,405.44647543998587,0.040000000000000001,0.085579427083333215
,279.49700062265629,405.01186653910838,0.040000000000000001,0.085579427083333215
,279.59699954921871,404.55649532660283,0.040000000000000001,0.085579427083333215
,279.69699847656238,402.72397694733672,0.040000000000000001,0.084562174479166585
,279.79699740312503,403.13820077008666,0.040000000000000001,0.083544921874999956
,279.89699633046871,403.80084327818014,0.040000000000000001,0.083544921874999956
,279.99699525703113,403.99753778767143,0.040000000000000001,0.083544921874999956
,280.09699418437503,404.86698308569618,0.040000000000000001,0.083544921874999956
,280.19699311093746,405.81894774089898,0.040000000000000001,0.084562174479166585
,280.29699203749988,406.95677245201068,0.040000000000000001,0.085579427083333215
,280.39699096484378,406.0051666755549,0.040000000000000001,0.085579427083333215
,280.49698988749992,405.49821044594387,0.040000000000000001,0.085579427083333215
,280.59698881093755,405.27056981256402,0.040000000000000001,0.084562174479166585
,280.69698773437494,403.93542509436554,0.040000000000000001,0.083544921874999956
,280.79698665781257,404.56684542804703,0.040000000000000001,0.082527669270833215
,280.89698558046871,405.37404494730475,0.040000000000000001,0.082527669270833215
,280.99698450390611,405.61202434719098,0.040000000000000001,0.082527669270833215
,281.09698342734373,405.84998502781332,0.040000000000000001,0.082527669270833215
,281.19698234999987,406.90506249886687,0.040000000000000001,0.083544921874999956
,281.2969812734375,408.65236202476115,0.040000000000000001,0.085579427083333215
,281.3969801984374,408.39395050766399,0.040000000000000001,0.085579427083333215
,281.49697912578131,407.47382281056014,0.040000000000000001,0.085579427083333215
,281.59697805390624,406.41894534312075,0.040000000000000001,0.085579427083333215
,281.69697698124992,404.58754552560208,0.040000000000000001,0.083544921874999956
,281.79697590859382,405.5085573410762,0.040000000000000001,0.082527669270833215
,281.89697483671875,406.58444087451028,0.040000000000000001,0.082527669270833215
,281.99697376406243,406.69821376152686,0.040000000000000001,0.082527669270833215
,282.09697269140611,407.12223829881674,0.040000000000000001,0.082527669270833215
,282.19697161953127,408.43529786606797,0.040000000000000001,0.083544921874999956
,282.29697054687495,409.53079209047053,0.040000000000000001,0.085579427083333215
,282.39696947343737,408.9107509648158,0.040000000000000001,0.085579427083333215
,282.4969683984375,408.13551645026524,0.040000000000000001,0.085579427083333215
,282.59696732343741,406.88437826760935,0.040000000000000001,0.083544921874999956
,282.69696624843755,405.81894774089898,0.040000000000000001,0.082527669270833215
,282.79696517343746,407.13257961034901,0.040000000000000001,0.083544921874999956
,282.89696409843737,408.07348892661594,0.040000000000000001,0.082527669270833215
,282.9969630234375,408.21821779876041,0.040000000000000001,0.082527669270833215
,283.09696194843741,408.36293961017503,0.040000000000000001,0.082527669270833215
,283.19696087343755,409.0864425295141,0.040000000000000001,0.083544921874999956
,283.29695979921871,410.59489089163958,0.040000000000000001,0.084562174479166585
,283.39695872265611,410.72916711990479,0.040000000000000001,0.085579427083333215
,283.49695764531248,409.54112500289403,0.040000000000000001,0.084562174479166585
,283.59695656874987,408.31125405990963,0.040000000000000001,0.084562174479166585
,283.69695549140624,407.15326212610944,0.040000000000000001,0.082527669270833215
,283.79695441484364,407.81502697095539,0.040000000000000001,0.082527669270833215
,283.89695333750001,408.735048943707,0.040000000000000001,0.082527669270833215
,283.99695226093741,409.07610802124412,0.040000000000000001,0.082527669270833215
,284.09695118437503,409.56179071877898,0.040000000000000001,0.082527669270833215
,284.19695010703117,410.69818084636501,0.040000000000000001,0.082527669270833215
,284.29694903203131,412.133531674886,0.040000000000000001,0.084562174479166585
,284.39694796171875,411.34882340054492,0.040000000000000001,0.084562174479166585
,284.49694689062494,410.60522005158452,0.040000000000000001,0.083544921874999956
,284.59694582031238,410.05772426993013,0.040000000000000001,0.083544921874999956
,284.6969447492188,408.61101769825365,0.040000000000000001,0.082527669270833215
,284.79694367812499,408.99343065142335,0.040000000000000001,0.081510416666666585
,284.89694260781243,410.181694552316,0.040000000000000001,0.082527669270833215
,284.99694153671862,410.15070247373217,0.040000000000000001,0.081510416666666585
,285.09694046640629,410.41928958342703,0.040000000000000001,0.081510416666666585
,285.19693939531248,411.90640112648089,0.040000000000000001,0.083544921874999956
,285.29693832343742,413.50625860117907,0.040000000000000001,0.084562174479166585
,285.39693725000006,412.97995191246491,0.040000000000000001,0.084562174479166585
,285.49693617734374,411.73087895691111,0.040000000000000001,0.084562174479166585
,285.59693510468742,411.09064931131877,0.040000000000000001,0.084562174479166585
,285.69693403203132,409.43779424463202,0.040000000000000001,0.082527669270833215
,285.79693295859374,410.07838634806433,0.040000000000000001,0.082527669270833215
,285.89693188593742,410.71883839862443,0.040000000000000001,0.081510416666666585
,285.9969308132811,410.93573386323044,0.040000000000000001,0.080493164062499956
,286.09692973984374,411.94769891524476,0.040000000000000001,0.081510416666666585
,286.19692866718742,412.64967111716425,0.040000000000000001,0.082527669270833215
,286.29692759921863,413.56817069750304,0.040000000000000001,0.082527669270833215
,286.39692653125007,413.40306880704338,0.040000000000000001,0.083544921874999956
,286.49692546328129,412.93866888366233,0.040000000000000001,0.083544921874999956
,286.5969243953125,412.05094081031706,0.040000000000000001,0.082527669270833215
,286.69692332734371,410.96671761206494,0.040000000000000001,0.081510416666666585
,286.79692225937492,411.41078177073547,0.040000000000000001,0.081510416666666585
,286.89692119140614,412.75288793174553,0.040000000000000001,0.081510416666666585
,286.99692012343735,412.45354899457692,0.040000000000000001,0.080493164062499956
,287.09691905546879,412.76320940997249,0.040000000000000001,0.080493164062499956
,287.19691798671874,414.18721814161046,0.040000000000000001,0.082527669270833215
,287.29691691328117,415.68269585363373,0.040000000000000001,0.083544921874999956
,287.39691584062507,414.91958457876922,0.040000000000000001,0.083544921874999956
,287.49691476718749,414.43479963944725,0.040000000000000001,0.083544921874999956
,287.59691369453117,413.06251619408476,0.040000000000000001,0.082527669270833215
,287.69691262109382,411.75152917560837,0.040000000000000001,0.081510416666666585
,287.79691154765624,412.28838318975596,0.040000000000000001,0.080493164062499956
,287.89691047499991,413.43402613461302,0.040000000000000001,0.080493164062499956
,287.99690940156256,413.52689611499511,0.040000000000000001,0.080493164062499956
,288.09690832890624,413.96024961008402,0.040000000000000001,0.080493164062499956
,288.1969072546874,415.07428583099119,0.040000000000000001,0.081510416666666585
,288.29690617890628,416.17757738452713,0.040000000000000001,0.082527669270833215
,288.39690510390619,416.05386509641244,0.040000000000000001,0.082527669270833215
,288.49690402812507,415.51771616922593,0.040000000000000001,0.082527669270833215
,288.59690295312498,414.00151795430554,0.040000000000000001,0.081510416666666585
,288.69690187812489,412.57741714903187,0.040000000000000001,0.080493164062499956
,288.79690080234377,413.94993243111065,0.040000000000000001,0.080493164062499956
,288.89689972734368,414.49669166294422,0.040000000000000001,0.079475911458333215
,288.99689865234382,414.465745818811,0.040000000000000001,0.079475911458333215
,289.09689757656247,415.44553454546872,0.040000000000000001,0.079475911458333215
,289.1968965046874,416.51775832263547,0.040000000000000001,0.080493164062499956
,289.29689543203131,417.57927196235426,0.040000000000000001,0.081510416666666585
,289.39689436015624,417.21860822123358,0.040000000000000001,0.081510416666666585
,289.49689328828117,416.26004924309552,0.040000000000000001,0.081510416666666585
,289.59689221562485,415.35272690799729,0.040000000000000001,0.080493164062499956
,289.69689114375001,413.74358104953495,0.040000000000000001,0.078458658854166585
,289.79689007187494,414.99177954173632,0.040000000000000001,0.079475911458333215
,289.89688899921862,416.17757738452713,0.040000000000000001,0.079475911458333215
,289.99688792734378,416.0847936746103,0.040000000000000001,0.078458658854166585
,290.09688685468745,416.52806619780205,0.040000000000000001,0.078458658854166585
,290.19688578359364,417.38348879934409,0.040000000000000001,0.079475911458333215
,290.2968847117188,418.88757803358953,0.040000000000000001,0.081510416666666585
,290.39688363984374,418.03261230105835,0.040000000000000001,0.080493164062499956
,290.49688256796867,417.12585866090564,0.040000000000000001,0.081510416666666585
,290.59688149687486,415.99200692791317,0.040000000000000001,0.079475911458333215
,290.69688042500002,414.75456065471104,0.040000000000000001,0.077441406249999956
,290.79687935312495,415.97138723857364,0.040000000000000001,0.077441406249999956
,290.89687828124988,416.90943116809103,0.040000000000000001,0.077441406249999956
,290.9968772101563,416.63114288386532,0.040000000000000001,0.076424153645833215
,291.09687613515621,417.02280001898544,0.040000000000000001,0.083544921874999956
,291.1968750585936,417.93988953635375,0.040000000000000001,0.078458658854166585
,291.29687398203123,419.07295791710641,0.040000000000000001,0.079475911458333215
,291.39687290546863,418.59918496126733,0.040000000000000001,0.078458658854166585
,291.49687182890625,417.7441314422029,0.040000000000000001,0.078458658854166585
,291.59687075234365,416.60022027242746,0.040000000000000001,0.077441406249999956
,291.69686967578127,415.35272690799729,0.040000000000000001,0.075406901041666585
,291.79686859921867,415.91983735943603,0.040000000000000001,0.075406901041666585
,291.89686752265629,416.96096302810292,0.040000000000000001,0.074389648437499956
,291.99686644609369,416.86820500322131,0.040000000000000001,0.073372395833333215
,292.09686537265611,417.96049485932429,0.040000000000000001,0.074389648437499956
,292.19686429921876,418.9802695081413,0.040000000000000001,0.075406901041666585
,292.29686322578118,420.16439046211292,0.040000000000000001,0.076424153645833215
,292.3968621523436,419.82465053003909,0.040000000000000001,0.076424153645833215
,292.49686107890625,418.96997060678592,0.040000000000000001,0.075406901041666585
,292.59686000546867,417.8368606578432,0.040000000000000001,0.074389648437499956
,292.69685893203132,416.36313568981996,0.040000000000000001,0.073372395833333215
,292.79685785859374,417.21860822123358,0.040000000000000001,0.072355143229166585
,292.89685678515616,418.17684163607834,0.040000000000000001,0.073372395833333215
,292.99685571171881,417.93988953635375,0.040000000000000001,0.072355143229166585
,293.09685463828123,418.11502996993966,0.040000000000000001,0.072355143229166585
,293.19685356406239,419.40249186541052,0.040000000000000001,0.073372395833333215
,293.29685249062504,420.83345423718168,0.040000000000000001,0.074389648437499956
,293.39685141640621,419.64961686651179,0.040000000000000001,0.074389648437499956
,293.49685034296863,419.04206212145397,0.040000000000000001,0.074389648437499956
,293.59684926875002,418.31076224920304,0.040000000000000001,0.073372395833333215
,293.69684819531244,416.64145034588097,0.040000000000000001,0.071337890624999956
,293.79684712109361,417.76473819855215,0.040000000000000001,0.071337890624999956
,293.89684604765625,418.45497730864702,0.040000000000000001,0.071337890624999956
,293.99684497656244,417.9914025607772,0.040000000000000001,0.070320638020833215
,294.0968439078124,418.5476830786593,0.040000000000000001,0.070320638020833215
,294.19684283906236,420.54526182966566,0.040000000000000001,0.072355143229166585
,294.29684177031254,421.79045071968318,0.040000000000000001,0.073372395833333215
,294.3968407015625,420.87462214830424,0.040000000000000001,0.073372395833333215
,294.49683963359371,420.00996834311906,0.040000000000000001,0.073372395833333215
,294.59683856484367,418.45497730864702,0.040000000000000001,0.072355143229166585
,294.69683749609362,417.51744716975492,0.040000000000000001,0.070320638020833215
,294.79683642734381,418.70218589090189,0.040000000000000001,0.071337890624999956
,294.89683535859376,419.96878766922958,0.040000000000000001,0.071337890624999956
,294.99683428828121,419.48486929142655,0.040000000000000001,0.070320638020833215
,295.09683321874991,420.09232786933023,0.040000000000000001,0.071337890624999956
,295.19683214843735,420.87462214830424,0.040000000000000001,0.071337890624999956
,295.29683107812502,422.35626138920139,0.040000000000000001,0.073372395833333215
,295.39683000859372,422.15052539401137,0.040000000000000001,0.073372395833333215
,295.49682893828117,421.43032938361256,0.040000000000000001,0.074389648437499956
,295.59682786874987,420.15409591988004,0.040000000000000001,0.073372395833333215
,295.69682679843754,418.02230992259769,0.040000000000000001,0.070320638020833215
,295.79682572812499,419.09355492492773,0.040000000000000001,0.071337890624999956
,295.89682465703117,420.1335067215316,0.040000000000000001,0.071337890624999956
,295.99682358125006,420.26733379637386,0.040000000000000001,0.070320638020833215
,296.09682250624996,420.67906915314717,0.040000000000000001,0.071337890624999956
,296.19682143046862,421.71843018443127,0.040000000000000001,0.071337890624999956
,296.29682035546875,423.06593346918845,0.040000000000000001,0.073372395833333215
,296.39681927968741,422.31511541010525,0.040000000000000001,0.073372395833333215
,296.49681820468754,421.7287189465892,0.040000000000000001,0.073372395833333215
,296.5968171289062,420.89520587573236,0.040000000000000001,0.072355143229166585
,296.6968160539061,419.19653769235066,0.040000000000000001,0.071337890624999956
,296.79681497812498,419.54665076924778,0.040000000000000001,0.070320638020833215
,296.89681390390615,420.12321206541793,0.040000000000000001,0.070320638020833215
,296.9968128304688,420.57614101277784,0.040000000000000001,0.070320638020833215
,297.09681175703122,421.80073921521654,0.040000000000000001,0.070320638020833215
,297.19681068359364,422.89110358828998,0.040000000000000001,0.071337890624999956
,297.29680961015629,424.46417520701351,0.040000000000000001,0.073372395833333215
,297.39680853671871,423.61092051867524,0.040000000000000001,0.073372395833333215
,297.49680746328113,423.04536582038554,0.040000000000000001,0.073372395833333215
,297.59680638984378,421.39945967032401,0.040000000000000001,0.072355143229166585
,297.6968053164062,419.87612893333113,0.040000000000000001,0.070320638020833215
,297.79680424296862,421.19365282815585,0.040000000000000001,0.071337890624999956
,297.89680317187504,422.11966367962509,0.040000000000000001,0.070320638020833215
,297.99680210156248,422.22253472684446,0.040000000000000001,0.071337890624999956
,298.09680103046867,422.37683414998213,0.040000000000000001,0.071337890624999956
,298.19679996015611,423.25103543753238,0.040000000000000001,0.072355143229166585
,298.29679888984379,424.77251572954981,0.040000000000000001,0.073372395833333215
,298.39679781874997,424.57723739400421,0.040000000000000001,0.073372395833333215
,298.49679674843742,423.73429891932193,0.040000000000000001,0.073372395833333215
,298.59679567812486,422.17109967969321,0.040000000000000001,0.072355143229166585
,298.69679460703128,421.16278048902592,0.040000000000000001,0.071337890624999956
,298.79679353593747,421.86246938845875,0.040000000000000001,0.071337890624999956
,298.89679246328114,423.00423006477234,0.040000000000000001,0.071337890624999956
,298.99679138984379,423.17905280842535,0.040000000000000001,0.071337890624999956
,299.09679031718747,423.96047836623012,0.040000000000000001,0.071337890624999956
,299.19678924453115,424.88556529879179,0.040000000000000001,0.072355143229166585
,299.29678817109379,426.39587440679918,0.040000000000000001,0.074389648437499956
,299.39678709843747,425.4918431010434,0.040000000000000001,0.073372395833333215
,299.49678602578115,424.33055029508745,0.040000000000000001,0.073372395833333215
,299.59678495312505,423.4155601361411,0.040000000000000001,0.072355143229166585
,299.69678387968747,422.20196082233923,0.040000000000000001,0.071337890624999956
,299.79678280624989,423.68289192085371,0.040000000000000001,0.071337890624999956
,299.89678173203129,424.45389659699794,0.040000000000000001,0.071337890624999956
,299.9967806570312,424.43333926228166,0.040000000000000001,0.071337890624999956
,300.09677958281236,424.8136251991811,0.040000000000000001,0.071337890624999956
,300.19677850859375,426.24179911155016,0.040000000000000001,0.072355143229166585
,300.29677743437492,427.11477859927675,0.040000000000000001,0.073372395833333215
,300.39677635937505,426.77588998686088,0.040000000000000001,0.074389648437499956
,300.49677528515622,426.38560298832687,0.040000000000000001,0.074389648437499956
,300.59677421093738,425.60486321822316,0.040000000000000001,0.073372395833333215
,300.69677313671878,424.02216046046522,0.040000000000000001,0.072355143229166585
,300.79677206406245,424.37166634067626,0.040000000000000001,0.071337890624999956
,300.89677099140613,425.15275497654704,0.040000000000000001,0.072355143229166585
,300.99676991953129,425.68705675944989,0.040000000000000001,0.071337890624999956
,301.09676884687497,426.74507986457331,0.040000000000000001,0.072355143229166585
,301.1967677749999,427.67950033989587,0.040000000000000001,0.073372395833333215
,301.2967667023438,428.57255109386085,0.040000000000000001,0.074389648437499956
,301.39676563046874,428.37754173657572,0.040000000000000001,0.075406901041666585
,301.49676455859367,427.53576397088636,0.040000000000000001,0.075406901041666585
,301.59676348593757,426.54994109160197,0.040000000000000001,0.074389648437499956
,301.6967624140625,425.44046879023711,0.040000000000000001,0.073372395833333215
,301.79676134218744,426.24179911155016,0.040000000000000001,0.073372395833333215
,301.89676027031237,426.94020482193241,0.040000000000000001,0.073372395833333215
,301.99675919765627,427.08397226578086,0.040000000000000001,0.073372395833333215
,302.09675812578121,427.84376129188399,0.040000000000000001,0.073372395833333215
,302.19675705390614,429.08566763280561,0.040000000000000001,0.074389648437499956
,302.29675598125004,430.42957974660959,0.040000000000000001,0.075406901041666585
,302.39675490937498,430.01929444669719,0.040000000000000001,0.076424153645833215
,302.49675383749991,429.2908874794449,0.040000000000000001,0.076424153645833215
,302.59675276484381,428.65465616561607,0.040000000000000001,0.075406901041666585
,302.69675169218749,426.9915511986822,0.040000000000000001,0.074389648437499956
,302.79675061874991,427.70003349462098,0.040000000000000001,0.074389648437499956
,302.8967495445313,428.80859657711034,0.040000000000000001,0.074389648437499956
,302.99674847109372,428.82912131510341,0.040000000000000001,0.073372395833333215
,303.09674739687489,429.52687139754403,0.040000000000000001,0.074389648437499956
,303.19674632343754,430.68597703165585,0.040000000000000001,0.075406901041666585
,303.2967452492187,431.94710440787685,0.040000000000000001,0.076424153645833215
,303.39674417578112,431.74208231597595,0.040000000000000001,0.077441406249999956
,303.49674310234377,431.40376253627539,0.040000000000000001,0.077441406249999956
,303.59674202812494,430.31675738099932,0.040000000000000001,0.076424153645833215
,303.69674095546861,428.95226653049679,0.040000000000000001,0.075406901041666585
,303.79673988281252,430.17315859586552,0.040000000000000001,0.076424153645833215
,303.89673880937494,431.16793934746579,0.040000000000000001,0.076424153645833215
,303.99673773671861,430.7987842785127,0.040000000000000001,0.075406901041666585
,304.09673666406252,431.70107606858994,0.040000000000000001,0.076424153645833215
,304.1967355914062,432.73629725471909,0.040000000000000001,0.077441406249999956
,304.29673451796862,434.19110079827982,0.040000000000000001,0.079475911458333215
,304.39673344531252,433.94527225025917,0.040000000000000001,0.079475911458333215
,304.4967323726562,433.22814750514954,0.040000000000000001,0.079475911458333215
,304.59673129999987,432.50058796180923,0.040000000000000001,0.079475911458333215
,304.69673022734378,431.02438491872283,0.040000000000000001,0.079475911458333215
,304.79672915546871,431.4652783113533,0.040000000000000001,0.078458658854166585
,304.89672808281239,432.67480981405282,0.040000000000000001,0.078458658854166585
,304.99672701093755,433.15642479762465,0.040000000000000001,0.078458658854166585
,305.09672593828122,433.5867331263035,0.040000000000000001,0.078458658854166585
,305.1967248656249,434.60076654484732,0.040000000000000001,0.080493164062499956
,305.29672379375006,435.92152635171999,0.040000000000000001,0.082527669270833215
,305.39672272109374,435.57348010280344,0.040000000000000001,0.082527669270833215
,305.49672164843741,434.39594124652666,0.040000000000000001,0.082527669270833215
,305.59672057500006,433.74039844192936,0.040000000000000001,0.082527669270833215
,305.69671950078123,432.76704046159642,0.040000000000000001,0.081510416666666585
,305.79671842656239,434.00673143448091,0.040000000000000001,0.081510416666666585
,305.89671735234379,434.6110074122372,0.040000000000000001,0.081510416666666585
,305.99671627812495,434.30376492014472,0.040000000000000001,0.080493164062499956
,306.09671520390611,435.40967854079088,0.040000000000000001,0.081510416666666585
,306.19671412968751,437.04726008300736,0.040000000000000001,0.082527669270833215
,306.29671305546867,437.79408708384869,0.040000000000000001,0.084562174479166585
,306.39671198125006,437.17003988753896,0.040000000000000001,0.084562174479166585
,306.49671090703123,436.28999841745917,0.040000000000000001,0.084562174479166585
,306.59670983359365,435.5120556494594,0.040000000000000001,0.084562174479166585
,306.6967087601563,434.53932054556606,0.040000000000000001,0.083544921874999956
,306.79670768671872,435.86010959314194,0.040000000000000001,0.084562174479166585
,306.89670661328114,436.8835452684242,0.040000000000000001,0.084562174479166585
,306.99670553984379,436.95517168258834,0.040000000000000001,0.084562174479166585
,307.09670446640621,437.21096528834818,0.040000000000000001,0.084562174479166585
,307.19670339374989,437.99866239302952,0.040000000000000001,0.085579427083333215
,307.29670232031253,439.55294699849679,0.040000000000000001,0.087613932291666585
,307.39670124687495,439.06221323025972,0.040000000000000001,0.086596679687499956
,307.49670017343738,438.42822187897599,0.040000000000000001,0.087613932291666585
,307.59669910000002,437.18027129401418,0.040000000000000001,0.086596679687499956
,307.69669802656244,435.33801231819734,0.040000000000000001,0.083544921874999956
,307.79669695390612,436.27976374136529,0.040000000000000001,0.084562174479166585
,307.89669588046877,437.74294091824027,0.040000000000000001,0.084562174479166585
,307.99669480703119,437.96797705037631,0.040000000000000001,0.084562174479166585
,308.09669373359361,438.35663320606403,0.040000000000000001,0.084562174479166585
,308.19669266093752,439.65517242958674,0.040000000000000001,0.085579427083333215
,308.29669158749994,440.65678564398155,0.040000000000000001,0.086596679687499956
,308.39669051406236,440.19690532794016,0.040000000000000001,0.086596679687499956
,308.49668943984375,439.27691978968238,0.040000000000000001,0.086596679687499956
,308.59668836328115,438.84749026296004,0.040000000000000001,0.086596679687499956
,308.69668728671877,437.66110510685547,0.040000000000000001,0.085579427083333215
,308.79668621015617,438.9599662455874,0.040000000000000001,0.085579427083333215
,308.89668513359379,439.66539476863119,0.040000000000000001,0.085579427083333215
,308.99668405703119,439.32803798255492,0.040000000000000001,0.084562174479166585
,309.09668298046881,439.96182647252834,0.040000000000000001,0.085579427083333215
,309.19668190390621,441.41287089778808,0.040000000000000001,0.086596679687499956
,309.29668082734361,442.32195027019765,0.040000000000000001,0.087613932291666585
,309.39667975078123,441.96448176344074,0.040000000000000001,0.087613932291666585
,309.49667867421863,441.09615701877647,0.040000000000000001,0.087613932291666585
,309.596677596875,440.08447875311811,0.040000000000000001,0.087613932291666585
,309.69667651953114,438.60207247317345,0.040000000000000001,0.085579427083333215
,309.79667544296876,439.53250146694717,0.040000000000000001,0.085579427083333215
,309.8966743656249,440.54437736307642,0.040000000000000001,0.086596679687499956
,309.99667328828127,440.74875273454688,0.040000000000000001,0.085579427083333215
,310.09667221093741,441.57632230731059,0.040000000000000001,0.085579427083333215
,310.19667113359378,442.62831622132654,0.040000000000000001,0.087613932291666585
,310.29667005703118,443.40429657275462,0.040000000000000001,0.087613932291666585
,310.39666897890629,442.9142281657796,0.040000000000000001,0.087613932291666585
,310.49666790156243,441.80105265493575,0.040000000000000001,0.087613932291666585
,310.59666682343754,441.16767614551867,0.040000000000000001,0.087613932291666585
,310.69666574531243,440.09469953586034,0.040000000000000001,0.085579427083333215
,310.79666466718754,440.62612928301002,0.040000000000000001,0.085579427083333215
,310.89666358906243,441.70911965838246,0.040000000000000001,0.085579427083333215
,310.99666251093754,441.7806233567855,0.040000000000000001,0.084562174479166585
,311.09666143359368,442.1483283059855,0.040000000000000001,0.084562174479166585
,311.19666035546879,443.09801363038889,0.040000000000000001,0.086596679687499956
,311.29665927734368,444.11882992967594,0.040000000000000001,0.086596679687499956
,311.39665820156256,443.97593743547043,0.040000000000000001,0.086596679687499956
,311.49665712890624,443.70033904975611,0.040000000000000001,0.087613932291666585
,311.59665605703117,442.64873945050329,0.040000000000000001,0.086596679687499956
,311.6966549851561,440.76918946004258,0.040000000000000001,0.084562174479166585
,311.79665391328126,441.48438204622488,0.040000000000000001,0.084562174479166585
,311.89665284062494,442.42407590430827,0.040000000000000001,0.084562174479166585
,311.99665176874987,442.27088608319889,0.040000000000000001,0.083544921874999956
,312.09665069687503,442.89380683095476,0.040000000000000001,0.083544921874999956
,312.19664962499996,444.30253845722939,0.040000000000000001,0.084562174479166585
,312.29664855234364,445.24131111317672,0.040000000000000001,0.085579427083333215
,312.3966474804688,445.02705280965881,0.040000000000000001,0.085579427083333215
,312.49664640703122,443.80241560024268,0.040000000000000001,0.085579427083333215
,312.5966453343749,442.60789284629396,0.040000000000000001,0.084562174479166585
,312.6966442617188,441.21876013222385,0.040000000000000001,0.082527669270833215
,312.79664318828122,442.55683377046677,0.040000000000000001,0.082527669270833215
,312.8966421156249,443.52680060454969,0.040000000000000001,0.082527669270833215
,312.99664104218755,443.70033904975611,0.040000000000000001,0.081510416666666585
,313.09663996953122,444.1902735235326,0.040000000000000001,0.082527669270833215
,313.19663889609365,445.08827107981335,0.040000000000000001,0.083544921874999956
,313.29663782343755,446.43474778187107,0.040000000000000001,0.084562174479166585
,313.39663674531243,445.54736703260414,0.040000000000000001,0.083544921874999956
,313.4966356679688,444.77196278606078,0.040000000000000001,0.083544921874999956
,313.59663458984369,444.58828407136622,0.040000000000000001,0.083544921874999956
,313.6966335117188,443.36346073490517,0.040000000000000001,0.081510416666666585
,313.79663243437494,443.52680060454969,0.040000000000000001,0.081510416666666585
,313.89663135625005,444.47603023211997,0.040000000000000001,0.081510416666666585
,313.99663027812494,444.31274414397456,0.040000000000000001,0.081510416666666585
,314.09662920078131,444.80257477332464,0.040000000000000001,0.081510416666666585
,314.19662812265619,445.74118582423608,0.040000000000000001,0.081510416666666585
,314.29662704687507,446.91402565070047,0.040000000000000001,0.083544921874999956
,314.39662597187498,446.65910034095737,0.040000000000000001,0.082527669270833215
,314.49662489765615,445.37393929496784,0.040000000000000001,0.082527669270833215
,314.59662382343754,444.59848874998198,0.040000000000000001,0.081510416666666585
,314.6966227492187,442.93464935502249,0.040000000000000001,0.079475911458333215
,314.79662167499987,444.01676458465977,0.040000000000000001,0.079475911458333215
,314.89662060000001,445.45555363413575,0.040000000000000001,0.079475911458333215
,314.99661952578117,445.48615842173689,0.040000000000000001,0.079475911458333215
,315.09661845156256,445.92479175643933,0.040000000000000001,0.079475911458333215
,315.19661737734373,446.68969254449627,0.040000000000000001,0.080493164062499956
,315.2966163046874,447.58692260688014,0.040000000000000001,0.080493164062499956
,315.39661523281256,447.07716626895268,0.040000000000000001,0.080493164062499956
,315.49661416015624,446.98540078223016,0.040000000000000001,0.080493164062499956
,315.59661308828117,445.77178761450403,0.040000000000000001,0.079475911458333215
,315.69661201640611,444.60869339263274,0.040000000000000001,0.078458658854166585
,315.79661094453127,445.60857435821515,0.040000000000000001,0.078458658854166585
,315.8966098726562,446.31236643076471,0.040000000000000001,0.077441406249999956
,315.99660880078113,446.30216775430392,0.040000000000000001,0.081510416666666585
,316.09660772812504,446.65910034095737,0.040000000000000001,0.077441406249999956
,316.19660665624997,447.34225053575,0.040000000000000001,0.078458658854166585
,316.29660558281239,448.89150014593184,0.040000000000000001,0.079475911458333215
,316.39660450937504,448.21889870204552,0.040000000000000001,0.079475911458333215
,316.4966034351562,447.21990690806791,0.040000000000000001,0.079475911458333215
,316.59660236171862,446.56732181983062,0.040000000000000001,0.078458658854166585
,316.69660128828127,445.19029866390235,0.040000000000000001,0.076424153645833215
,316.79660021406244,445.99619094810407,0.040000000000000001,0.076424153645833215
,316.89659914062486,447.00579335944531,0.040000000000000001,0.076424153645833215
,316.99659806718751,447.05677418536527,0.040000000000000001,0.075406901041666585
,317.09659699374993,447.42381014093058,0.040000000000000001,0.075406901041666585
,317.19659592031235,448.0863987205783,0.040000000000000001,0.076424153645833215
,317.29659484843751,449.5741381407363,0.040000000000000001,0.077441406249999956
,317.39659377656244,449.10547799501637,0.040000000000000001,0.078458658854166585
,317.49659270468737,448.43292468547412,0.040000000000000001,0.077441406249999956
,317.59659163281253,447.85196121428896,0.040000000000000001,0.077441406249999956
,317.69659056093747,445.96559150802335,0.040000000000000001,0.075406901041666585
,317.7965894890624,446.5163325136304,0.040000000000000001,0.074389648437499956
,317.89658841718756,447.90292746309598,0.040000000000000001,0.075406901041666585
,317.99658734531249,447.47478375214979,0.040000000000000001,0.075406901041666585
,318.09658627343742,447.841767859546,0.040000000000000001,0.074389648437499956
,318.19658520156236,448.64693531922649,0.040000000000000001,0.075406901041666585
,318.29658413125003,449.64544959672583,0.040000000000000001,0.076424153645833215
,318.39658306015622,449.513012693544,0.040000000000000001,0.076424153645833215
,318.49658198906241,448.97301731710957,0.040000000000000001,0.076424153645833215
,318.59658091874985,447.66847547097865,0.040000000000000001,0.075406901041666585
,318.69657984765627,446.13898410342352,0.040000000000000001,0.073372395833333215
,318.79657877656246,447.4951729507776,0.040000000000000001,0.073372395833333215
,318.8965777062499,448.50426326734845,0.040000000000000001,0.074389648437499956
,318.99657663515632,448.4431160158486,0.040000000000000001,0.073372395833333215
,319.0965755640625,448.87112050669595,0.040000000000000001,0.073372395833333215
,319.19657448906241,449.63526234906197,0.040000000000000001,0.074389648437499956
,319.29657341328129,451.35642196508945,0.040000000000000001,0.075406901041666585
,319.39657233749995,451.53968360879503,0.040000000000000001,0.076424153645833215
,319.4965712617186,450.33810195623488,0.040000000000000001,0.076424153645833215
,319.59657018593748,446.96500806392163,0.040000000000000001,0.075406901041666585
,319.69656911093739,442.74064217735378,0.040000000000000001,0.073372395833333215
,319.79656803515627,445.56776961724967,0.040000000000000001,0.073372395833333215
,319.89656695937492,448.68769751176478,0.040000000000000001,0.074389648437499956
,319.9965658835938,449.5843255948019,0.040000000000000001,0.074389648437499956
,320.09656480859371,450.11402587542091,0.040000000000000001,0.074389648437499956
,320.19656373203111,451.11205609167035,0.040000000000000001,0.075406901041666585
,320.29656265546873,452.5372506107966,0.040000000000000001,0.077441406249999956
,320.39656157890613,451.60076839717067,0.040000000000000001,0.076424153645833215
,320.49656050312501,450.69455259525301,0.040000000000000001,0.076424153645833215
,320.59655942656241,449.85937385972949,0.040000000000000001,0.076424153645833215
,320.69655835000003,448.63674468426427,0.040000000000000001,0.074389648437499956
,320.79655727343743,449.42132219817574,0.040000000000000001,0.074389648437499956
,320.89655619687505,450.18532460482322,0.040000000000000001,0.074389648437499956
,320.99655512109371,450.01216763879091,0.040000000000000001,0.073372395833333215
,321.09655404531236,450.32791703857083,0.040000000000000001,0.073372395833333215
,321.19655297187501,451.39714771905966,0.040000000000000001,0.074389648437499956
,321.29655189765617,452.61867048733774,0.040000000000000001,0.076424153645833215
,321.39655082421882,452.14029816912426,0.040000000000000001,0.075406901041666585
,321.49654974999999,451.31569567108073,0.040000000000000001,0.075406901041666585
,321.59654867656241,449.93067858324571,0.040000000000000001,0.074389648437499956
,321.6965476023438,448.56540926667321,0.040000000000000001,0.072355143229166585
,321.79654652890622,449.27868698856884,0.040000000000000001,0.071337890624999956
,321.89654545468738,450.33810195623488,0.040000000000000001,0.071337890624999956
,321.99654438125003,450.55197734739329,0.040000000000000001,0.071337890624999956
,322.09654331015622,451.0000485541965,0.040000000000000001,0.071337890624999956
,322.19654223906241,451.95707220785044,0.040000000000000001,0.072355143229166585
,322.2965411679686,453.19872563820485,0.040000000000000001,0.073372395833333215
,322.39654009765627,453.18855015862658,0.040000000000000001,0.073372395833333215
,322.49653902656246,452.52707297649636,0.040000000000000001,0.073372395833333215
,322.59653795546865,451.61094907740903,0.040000000000000001,0.073372395833333215
,322.69653688437506,450.22606598358743,0.040000000000000001,0.071337890624999956
,322.79653581406251,451.06114408264222,0.040000000000000001,0.071337890624999956
,322.8965347429687,452.49653987385244,0.040000000000000001,0.071337890624999956
,322.99653367109363,452.0079693964995,0.040000000000000001,0.071337890624999956
,323.09653259765628,452.21154978196557,0.040000000000000001,0.071337890624999956
,323.1965315242187,452.74079631277476,0.040000000000000001,0.071337890624999956
,323.29653045078112,454.53142968097342,0.040000000000000001,0.073372395833333215
,323.39652937656251,454.28731210309235,0.040000000000000001,0.073372395833333215
,323.49652830312493,453.37170374399346,0.040000000000000001,0.073372395833333215
,323.59652722968735,452.39476069990013,0.040000000000000001,0.072355143229166585
,323.69652615625,450.86767072282697,0.040000000000000001,0.071337890624999956
,323.79652508281242,451.65167146186741,0.040000000000000001,0.070320638020833215
,323.89652400937507,452.96468124775134,0.040000000000000001,0.071337890624999956
,323.99652293671875,452.86291735737751,0.040000000000000001,0.070320638020833215
,324.09652186406242,453.35135387307184,0.040000000000000001,0.070320638020833215
,324.1965207914061,454.70433499152551,0.040000000000000001,0.071337890624999956
,324.29651971875001,455.96524523503166,0.040000000000000001,0.073372395833333215
,324.39651864609368,455.37552601001329,0.040000000000000001,0.073372395833333215
,324.49651757343736,454.67382296980833,0.040000000000000001,0.073372395833333215
,324.59651650078126,453.35135387307184,0.040000000000000001,0.072355143229166585
,324.69651542812494,452.08940315671379,0.040000000000000001,0.071337890624999956
,324.79651435546862,453.35135387307184,0.040000000000000001,0.071337890624999956
,324.89651328281252,453.56502095165803,0.040000000000000001,0.070320638020833215
,324.99651220859369,453.42257784497252,0.040000000000000001,0.070320638020833215
,325.09651113437485,453.88040778867975,0.040000000000000001,0.070320638020833215
,325.19651006015624,455.00943921201338,0.040000000000000001,0.071337890624999956
,325.29650898593741,455.84324316254691,0.040000000000000001,0.072355143229166585
,325.3965079117188,455.60939303580636,0.040000000000000001,0.072355143229166585
,325.49650683828122,455.43653643176145,0.040000000000000001,0.072355143229166585
,325.59650576406239,455.12130348729346,0.040000000000000001,0.072355143229166585
,325.69650468984378,453.4531019105379,0.040000000000000001,0.070320638020833215
,325.79650361562494,453.74815262823432,0.040000000000000001,0.070320638020833215
,325.89650254218736,454.61279805222824,0.040000000000000001,0.070320638020833215
,325.99650147109378,454.55177196830448,0.040000000000000001,0.069303385416666585
,326.09650039999997,455.48737756914727,0.040000000000000001,0.070320638020833215
,326.19649932890616,456.65650411778097,0.040000000000000001,0.071337890624999956
,326.29649825781257,457.926822383032,0.040000000000000001,0.072355143229166585
,326.39649718671876,456.86995166477868,0.040000000000000001,0.072355143229166585
,326.49649611640621,456.07707644788417,0.040000000000000001,0.072355143229166585
,326.59649504531239,454.95859052571512,0.040000000000000001,0.071337890624999956
,326.69649397421881,453.54467233095551,0.040000000000000001,0.069303385416666585
,326.796492903125,454.94842069174388,0.040000000000000001,0.070320638020833215
,326.89649182890616,456.14823976598831,0.040000000000000001,0.070320638020833215
,326.9964907539063,455.84324316254691,0.040000000000000001,0.069303385416666585
,327.09648967968747,456.29056174502193,0.040000000000000001,0.069303385416666585
,327.19648860468737,457.47972578617828,0.040000000000000001,0.070320638020833215
,327.29648752968751,458.89194167575454,0.040000000000000001,0.071337890624999956
,327.39648645468742,457.89634042454765,0.040000000000000001,0.071337890624999956
,327.49648537968756,457.37810455663833,0.040000000000000001,0.071337890624999956
,327.59648430468746,456.43287752554352,0.040000000000000001,0.071337890624999956
,327.69648322968737,455.23316387005985,0.040000000000000001,0.070320638020833215
,327.79648215468751,456.23973317904949,0.040000000000000001,0.069303385416666585
,327.89648108593747,456.63617505735118,0.040000000000000001,0.070320638020833215
,327.99648001562491,456.56502235462199,0.040000000000000001,0.068286132812499956
,328.09647894609361,457.66263617938006,0.040000000000000001,0.069303385416666585
,328.19647787656254,458.98335976818214,0.040000000000000001,0.070320638020833215
,328.29647680703124,460.18172716902274,0.040000000000000001,0.071337890624999956
,328.39647573749994,459.76539250543749,0.040000000000000001,0.072355143229166585
,328.49647466796864,459.11540379579719,0.040000000000000001,0.072355143229166585
,328.59647359843757,457.79473189116453,0.040000000000000001,0.071337890624999956
,328.69647252812501,456.13807367280441,0.040000000000000001,0.070320638020833215
,328.79647145781246,456.90044304197386,0.040000000000000001,0.069303385416666585
,328.89647038437488,457.84553654362406,0.040000000000000001,0.070320638020833215
,328.99646931093753,457.7540876132598,0.040000000000000001,0.069303385416666585
,329.0964682382812,458.23162673487133,0.040000000000000001,0.069303385416666585
,329.19646716484363,459.40994517308457,0.040000000000000001,0.070320638020833215
,329.29646609140627,460.8924275561406,0.040000000000000001,0.071337890624999956
,329.39646501796869,460.79090774449986,0.040000000000000001,0.072355143229166585
,329.49646394453111,460.17157325915031,0.040000000000000001,0.072355143229166585
,329.59646287109376,459.06461823605264,0.040000000000000001,0.071337890624999956
,329.69646179765618,457.35777993774275,0.040000000000000001,0.070320638020833215
,329.79646072343735,458.48560927349325,0.040000000000000001,0.070320638020833215
,329.89645964765623,459.00367456668471,0.040000000000000001,0.069303385416666585
,329.99645857187488,459.66383986698321,0.040000000000000001,0.069303385416666585
,330.09645749609376,460.38479915205602,0.040000000000000001,0.070320638020833215
,330.19645642031242,460.83151602030443,0.040000000000000001,0.070320638020833215
,330.29645534531255,461.72478027133371,0.040000000000000001,0.071337890624999956
,330.3964542695312,462.15103219013935,0.040000000000000001,0.072355143229166585
,330.49645319374986,460.95333803963058,0.040000000000000001,0.072355143229166585
,330.59645211796874,459.62321797441859,0.040000000000000001,0.071337890624999956
,330.69645104296865,458.00810624994347,0.040000000000000001,0.069303385416666585
,330.79644996484376,458.91225701952072,0.040000000000000001,0.069303385416666585
,330.89644888671864,460.16141931964438,0.040000000000000001,0.070320638020833215
,330.9964478078125,460.1411113517097,0.040000000000000001,0.069303385416666585
,331.09644672968739,460.63862253356945,0.040000000000000001,0.069303385416666585
,331.1964456515625,461.59283489395875,0.040000000000000001,0.070320638020833215
,331.29644457265613,463.01353148727344,0.040000000000000001,0.071337890624999956
,331.39644349453124,462.9019254030631,0.040000000000000001,0.071337890624999956
,331.49644241640613,461.75522851397147,0.040000000000000001,0.071337890624999956
,331.59644133749998,460.81121194095738,0.040000000000000001,0.070320638020833215
,331.69644025937487,459.92787051933954,0.040000000000000001,0.069303385416666585
,331.79643918281249,460.74014674069849,0.040000000000000001,0.069303385416666585
,331.89643810546863,461.65373336512857,0.040000000000000001,0.069303385416666585
,331.99643702890626,461.399982881651,0.040000000000000001,0.069303385416666585
,332.0964359515624,462.22206927586262,0.040000000000000001,0.069303385416666585
,332.19643487500002,463.03382313845964,0.040000000000000001,0.070320638020833215
,332.29643379765616,464.61623105993044,0.040000000000000001,0.072355143229166585
,332.39643272109379,464.16997844057551,0.040000000000000001,0.072355143229166585
,332.49643164453119,462.78016943882318,0.040000000000000001,0.071337890624999956
,332.59643056718755,462.37428690841972,0.040000000000000001,0.071337890624999956
,332.69642949140621,460.60816469888834,0.040000000000000001,0.069303385416666585
,332.79642841562486,461.45073442257569,0.040000000000000001,0.069303385416666585
,332.896427340625,462.42502469955139,0.040000000000000001,0.069303385416666585
,332.99642626484365,462.43517217272085,0.040000000000000001,0.068286132812499956
,333.09642518984379,463.41934330331077,0.040000000000000001,0.069303385416666585
,333.19642411406244,464.63651402399023,0.040000000000000001,0.070320638020833215
,333.29642303828132,465.92426345078735,0.040000000000000001,0.071337890624999956
,333.39642196328123,465.29565190036965,0.040000000000000001,0.072355143229166585
,333.49642088749988,464.4438215005477,0.040000000000000001,0.072355143229166585
,333.59641981250002,463.81496708195516,0.040000000000000001,0.072355143229166585
,333.69641873984369,462.00895382621877,0.040000000000000001,0.070320638020833215
,333.79641766796863,462.27280919732647,0.040000000000000001,0.069303385416666585
,333.89641659609379,463.2773142373818,0.040000000000000001,0.069303385416666585
,333.99641552343746,463.4700666510011,0.040000000000000001,0.068286132812499956
,334.0964144515624,464.14969297996726,0.040000000000000001,0.069303385416666585
,334.19641337968756,465.88371091663146,0.040000000000000001,0.070320638020833215
,334.29641230781249,466.85685716498733,0.040000000000000001,0.071337890624999956
,334.39641123515617,466.75549884014015,0.040000000000000001,0.071337890624999956
,334.4964101632811,465.72149658844762,0.040000000000000001,0.071337890624999956
,334.596409090625,464.19026379207429,0.040000000000000001,0.070320638020833215
,334.6964080140624,462.74972981520528,0.040000000000000001,0.068286132812499956
,334.79640693828128,463.97726215230341,0.040000000000000001,0.069303385416666585
,334.89640586249993,465.54913649324266,0.040000000000000001,0.069303385416666585
,334.99640478671881,465.22467324443937,0.040000000000000001,0.069303385416666585
,335.09640371015621,465.57955353391299,0.040000000000000001,0.069303385416666585
,335.19640263437486,466.70481871872994,0.040000000000000001,0.070320638020833215
,335.29640155859374,467.52575844217859,0.040000000000000001,0.071337890624999956
,335.3964004828124,467.15078190296049,0.040000000000000001,0.071337890624999956
,335.49639940703128,466.4716818976429,0.040000000000000001,0.071337890624999956
,335.59639833437495,464.64665546554414,0.040000000000000001,0.069303385416666585
,335.69639726484365,463.34832945113391,0.040000000000000001,0.068286132812499956
,335.79639619531235,464.76835066196361,0.040000000000000001,0.068286132812499956
,335.89639512500003,466.18784474613693,0.040000000000000001,0.068286132812499956
,335.99639405546873,466.32976585739578,0.040000000000000001,0.068286132812499956
,336.09639298515617,466.93794198742722,0.040000000000000001,0.068286132812499956
,336.19639191562487,467.99189770400517,0.040000000000000001,0.069303385416666585
,336.2963908460938,468.97467289735516,0.040000000000000001,0.070320638020833215
,336.39638977578124,468.51877477240748,0.040000000000000001,0.071337890624999956
,336.49638870624995,467.77910153013647,0.040000000000000001,0.071337890624999956
,336.5963876304686,466.93794198742722,0.040000000000000001,0.070320638020833215
,336.69638655468748,465.33621054793269,0.040000000000000001,0.069303385416666585
,336.79638547890613,465.80260459171092,0.040000000000000001,0.068286132812499956
,336.89638440312501,466.86699285702332,0.040000000000000001,0.068286132812499956
,336.99638332734366,467.01902518043295,0.040000000000000001,0.068286132812499956
,337.09638225156255,467.45481957626413,0.040000000000000001,0.068286132812499956
,337.1963811757812,468.53903795351772,0.040000000000000001,0.069303385416666585
,337.29638009999985,469.71413779921613,0.040000000000000001,0.071337890624999956
,337.39637902421873,468.8834971854622,0.040000000000000001,0.070320638020833215
,337.4963779499999,467.99189770400517,0.040000000000000001,0.070320638020833215
,337.5963768804686,467.19132157159049,0.040000000000000001,0.069303385416666585
,337.69637581093752,466.3094917238364,0.040000000000000001,0.068286132812499956
,337.79637474218748,467.00888987029543,0.040000000000000001,0.068286132812499956
,337.89637367265618,468.52890637513491,0.040000000000000001,0.068286132812499956
,337.99637260312488,468.5593010372782,0.040000000000000001,0.068286132812499956
,338.09637153359381,468.7619265334651,0.040000000000000001,0.068286132812499956
,338.19637046484377,469.46091062887962,0.040000000000000001,0.068286132812499956
,338.29636939531247,470.95980401835732,0.040000000000000001,0.070320638020833215
,338.39636832578117,470.71677442070302,0.040000000000000001,0.070320638020833215
,338.49636725468736,469.74452407119054,0.040000000000000001,0.070320638020833215
,338.59636618359377,468.47824811790542,0.040000000000000001,0.069303385416666585
,338.69636511171871,467.0798365080106,0.040000000000000001,0.067268880208333215
,338.79636403984364,468.24521226996774,0.040000000000000001,0.067268880208333215
,338.8963629679688,469.30896723403191,0.040000000000000001,0.067268880208333215
,338.99636189687499,469.28870771102714,0.040000000000000001,0.067268880208333215
,339.09636082499992,469.68375131592268,0.040000000000000001,0.068286132812499956
,339.19635975312485,470.68639480281058,0.040000000000000001,0.069303385416666585
,339.29635868125001,471.37494960633086,0.040000000000000001,0.069303385416666585
,339.3963576101562,471.27369804943504,0.040000000000000001,0.070320638020833215
,339.49635653828113,471.35469947295269,0.040000000000000001,0.070320638020833215
,339.59635546718755,469.87619547946053,0.040000000000000001,0.069303385416666585
,339.69635439531248,468.62008970504343,0.040000000000000001,0.067268880208333215
,339.79635332421867,469.49129866803213,0.040000000000000001,0.068286132812499956
,339.8963522523436,470.95980401835732,0.040000000000000001,0.068286132812499956
,339.99635118046876,471.00030768619587,0.040000000000000001,0.067268880208333215
,340.09635010937495,471.26357277124021,0.040000000000000001,0.068286132812499956
,340.19634903749989,471.8811742206745,0.040000000000000001,0.069303385416666585
,340.29634796562505,473.13637798554311,0.040000000000000001,0.070320638020833215
,340.39634689374998,472.80236372160795,0.040000000000000001,0.070320638020833215
,340.49634581874989,471.75968532624472,0.040000000000000001,0.070320638020833215
,340.59634474375002,470.95980401835732,0.040000000000000001,0.070320638020833215
,340.69634366874993,469.764781468541,0.040000000000000001,0.068286132812499956
,340.79634259375007,470.3825873290092,0.040000000000000001,0.068286132812499956
,340.89634151874998,471.41544960652612,0.040000000000000001,0.068286132812499956
,340.99634044374989,471.47619894136062,0.040000000000000001,0.068286132812499956
,341.09633936875002,471.41544960652612,0.040000000000000001,0.068286132812499956
,341.19633829374993,472.33672970004699,0.040000000000000001,0.069303385416666585
,341.29633721875007,474.2091204160642,0.040000000000000001,0.070320638020833215
,341.396336146875,473.84481841329847,0.040000000000000001,0.071337890624999956
,341.49633507656245,473.38940398620838,0.040000000000000001,0.071337890624999956
,341.59633400546863,472.47844917340302,0.040000000000000001,0.070320638020833215
,341.69633293515631,470.47373173326122,0.040000000000000001,0.069303385416666585
,341.79633186484375,471.02055938503452,0.040000000000000001,0.068286132812499956
,341.8963307945312,471.94191748860391,0.040000000000000001,0.069303385416666585
,341.99632972421864,471.99253627966471,0.040000000000000001,0.068286132812499956
,342.09632865390631,472.80236372160795,0.040000000000000001,0.069303385416666585
,342.19632758359376,473.98649450896079,0.040000000000000001,0.070320638020833215
,342.2963265132812,475.23105330899153,0.040000000000000001,0.071337890624999956
,342.39632543828111,475.0185885215102,0.040000000000000001,0.072355143229166585
,342.4963243640625,474.02697266820445,0.040000000000000001,0.071337890624999956
,342.59632328984367,472.58979725165591,0.040000000000000001,0.070320638020833215
,342.69632221562506,471.49644854243542,0.040000000000000001,0.069303385416666585
,342.79632114062497,472.69102054483761,0.040000000000000001,0.069303385416666585
,342.89632006640613,473.81445873473535,0.040000000000000001,0.069303385416666585
,342.99631899218753,473.72337860409078,0.040000000000000001,0.069303385416666585
,343.09631791796869,474.05733107673058,0.040000000000000001,0.069303385416666585
,343.1963168429686,474.99835333844032,0.040000000000000001,0.070320638020833215
,343.29631576953125,475.92909313616218,0.040000000000000001,0.071337890624999956
,343.39631469843744,475.78746906739849,0.040000000000000001,0.071337890624999956
,343.49631362734362,474.71505265330137,0.040000000000000001,0.071337890624999956
,343.59631255625004,474.12816666164792,0.040000000000000001,0.070320638020833215
,343.69631148515623,473.38940398620838,0.040000000000000001,0.069303385416666585
,343.79631041406242,474.01685315853996,0.040000000000000001,0.070320638020833215
,343.89630934296861,474.81623321505816,0.040000000000000001,0.069303385416666585
,343.99630827187502,474.65434338056218,0.040000000000000001,0.069303385416666585
,344.09630720078121,474.74540702623904,0.040000000000000001,0.069303385416666585
,344.1963061296874,475.97967228266322,0.040000000000000001,0.070320638020833215
,344.29630505859382,477.24400422874453,0.040000000000000001,0.071337890624999956
,344.3963039875,476.25279174677132,0.040000000000000001,0.071337890624999956
,344.49630291718745,475.86839755112015,0.040000000000000001,0.071337890624999956
,344.59630184609364,475.22093612943837,0.040000000000000001,0.070320638020833215
,344.69630077500005,473.66265760226992,0.040000000000000001,0.068286132812499956
,344.79629970390624,474.68469810481963,0.040000000000000001,0.069303385416666585
,344.89629863281243,475.82793345763758,0.040000000000000001,0.069303385416666585
,344.99629756171862,475.74700437983824,0.040000000000000001,0.068286132812499956
,345.09629649062504,476.2325611318725,0.040000000000000001,0.068286132812499956
,345.19629541953122,477.13275411586841,0.040000000000000001,0.069303385416666585
,345.29629434843741,478.27549815227729,0.040000000000000001,0.070320638020833215
,345.3962932773436,478.00247259837704,0.040000000000000001,0.071337890624999956
,345.49629220625002,477.42604536098304,0.040000000000000001,0.071337890624999956
,345.59629113593746,476.35394373221936,0.040000000000000001,0.070320638020833215
,345.69629006484365,475.2917559862658,0.040000000000000001,0.069303385416666585
,345.79628899375007,475.96955649022772,0.040000000000000001,0.068286132812499956
,345.89628792265626,476.68773250146802,0.040000000000000001,0.068286132812499956
,345.99628685156245,477.26423129687345,0.040000000000000001,0.068286132812499956
,346.09628578046863,477.50695074671575,0.040000000000000001,0.068286132812499956
,346.19628470937505,478.53840038439392,0.040000000000000001,0.070320638020833215
,346.29628363671873,479.76176640479895,0.040000000000000001,0.071337890624999956
,346.3962825640624,479.11472511408112,0.040000000000000001,0.071337890624999956
,346.49628149140631,477.87101154608933,0.040000000000000001,0.070320638020833215
,346.59628041874998,476.98104602307382,0.040000000000000001,0.070320638020833215
,346.69627934609366,476.2325611318725,0.040000000000000001,0.069303385416666585
,346.79627827343757,477.1833226091145,0.040000000000000001,0.069303385416666585
,346.89627720078124,477.99236030958684,0.040000000000000001,0.069303385416666585
,346.99627612812492,478.34628060258501,0.040000000000000001,0.069303385416666585
,347.09627505546882,478.53840038439392,0.040000000000000001,0.069303385416666585
,347.19627398203124,479.32704244027775,0.040000000000000001,0.070320638020833215
,347.29627290859366,480.81307909618818,0.040000000000000001,0.071337890624999956
,347.39627183437506,480.48961482252651,0.040000000000000001,0.071337890624999956
,347.49627076093748,479.53935299318016,0.040000000000000001,0.072355143229166585
,347.59626968671864,478.84173559934322,0.040000000000000001,0.071337890624999956
,347.69626861328129,477.24400422874453,0.040000000000000001,0.069303385416666585
,347.79626753984371,477.93168622777068,0.040000000000000001,0.070320638020833215
,347.89626646562488,478.66984740843731,0.040000000000000001,0.070320638020833215
,347.99626539218752,478.82151369739961,0.040000000000000001,0.069303385416666585
,348.09626431796869,479.70110892327864,0.040000000000000001,0.070320638020833215
,348.19626324453111,480.87372705054048,0.040000000000000001,0.071337890624999956
,348.29626217109376,481.82381456048705,0.040000000000000001,0.072355143229166585
,348.39626109765618,481.16685183337336,0.040000000000000001,0.072355143229166585
,348.4962600242186,480.25711588825635,0.040000000000000001,0.072355143229166585
,348.59625895078125,479.33715261949146,0.040000000000000001,0.071337890624999956
,348.69625787734367,478.23505067841711,0.040000000000000001,0.069303385416666585
,348.79625680390632,479.06417236165123,0.040000000000000001,0.069303385416666585
,348.89625573046874,479.81231389501966,0.040000000000000001,0.069303385416666585
,348.99625465781241,480.73221437702546,0.040000000000000001,0.069303385416666585
,349.09625358437506,481.18706691208104,0.040000000000000001,0.069303385416666585
,349.19625251406251,481.62167812464503,0.040000000000000001,0.070320638020833215
,349.29625144374995,483.16789436554285,0.040000000000000001,0.071337890624999956
,349.3962503734374,482.47061683753685,0.040000000000000001,0.071337890624999956
,349.4962493039061,481.49028663223947,0.040000000000000001,0.071337890624999956
,349.59624823359377,481.3892147307422,0.040000000000000001,0.071337890624999956
,349.69624716328121,479.84264221033004,0.040000000000000001,0.070320638020833215
,349.79624609296866,480.41885508023631,0.040000000000000001,0.070320638020833215
,349.8962450226561,481.06577562384808,0.040000000000000001,0.069303385416666585
,349.99624395234378,481.15674427366491,0.040000000000000001,0.069303385416666585
,350.09624288203122,481.58125021032333,0.040000000000000001,0.069303385416666585
,350.19624181015615,483.10726376805582,0.040000000000000001,0.070320638020833215
,350.29624073828131,483.86511693979764,0.040000000000000001,0.071337890624999956
,350.39623966640625,483.06684313774576,0.040000000000000001,0.071337890624999956
,350.49623859453118,482.55146353570848,0.040000000000000001,0.071337890624999956
,350.59623752265611,482.42008725303123,0.040000000000000001,0.071337890624999956
,350.69623645078127,480.84340313588098,0.040000000000000001,0.070320638020833215
,350.79623537812495,481.71264016535076,0.040000000000000001,0.070320638020833215
,350.89623430624988,482.33923927703063,0.040000000000000001,0.069303385416666585
,350.99623323437504,482.2179658239844,0.040000000000000001,0.069303385416666585
,351.09623216249997,483.06684313774576,0.040000000000000001,0.069303385416666585
,351.19623108984365,483.85501264091755,0.040000000000000001,0.070320638020833215
,351.2962300164063,485.04724811425234,0.040000000000000001,0.071337890624999956
,351.39622894374997,484.87549399719393,0.040000000000000001,0.072355143229166585
,351.4962278703124,484.19855279962383,0.040000000000000001,0.072355143229166585
,351.5962267976563,482.65252081298792,0.040000000000000001,0.071337890624999956
,351.69622572499998,481.64189200304685,0.040000000000000001,0.070320638020833215
,351.7962246515624,482.73336576492215,0.040000000000000001,0.070320638020833215
,351.8962235789063,483.4407269443837,0.040000000000000001,0.070320638020833215
,351.99622250624998,483.08705347615518,0.040000000000000001,0.069303385416666585
,352.09622143437491,484.04699248065754,0.040000000000000001,0.070320638020833215
,352.19622036250007,484.99673248647127,0.040000000000000001,0.071337890624999956
,352.296219290625,485.95648990257723,0.040000000000000001,0.072355143229166585
,352.39621821874994,485.66351995386862,0.040000000000000001,0.072355143229166585
,352.49621714687487,484.96642299459472,0.040000000000000001,0.072355143229166585
,352.59621607500003,483.86511693979764,0.040000000000000001,0.071337890624999956
,352.69621500312496,483.16789436554285,0.040000000000000001,0.070320638020833215
,352.79621393124989,484.09751285076487,0.040000000000000001,0.070320638020833215
,352.89621286015631,484.67342672277044,0.040000000000000001,0.070320638020833215
,352.99621178828124,484.84518415649001,0.040000000000000001,0.070320638020833215
,353.09621071718743,485.07755737619323,0.040000000000000001,0.070320638020833215
,353.19620964609362,486.10802324066503,0.040000000000000001,0.070320638020833215
,353.29620857500004,487.76467274446992,0.040000000000000001,0.072355143229166585
,353.39620750390623,487.66366307102311,0.040000000000000001,0.073372395833333215
,353.49620643281241,486.88586546596537,0.040000000000000001,0.073372395833333215
,353.5962053617186,485.69382753176808,0.040000000000000001,0.072355143229166585
,353.69620429062502,483.54177395360432,0.040000000000000001,0.070320638020833215
,353.79620321953121,484.10761689303575,0.040000000000000001,0.070320638020833215
,353.8962021484374,485.51198085920294,0.040000000000000001,0.070320638020833215
,353.99620107421879,485.89587603009608,0.040000000000000001,0.070320638020833215
,354.09619999843744,486.28986075671486,0.040000000000000001,0.070320638020833215
,354.19619892265632,486.71413808494304,0.040000000000000001,0.070320638020833215
,354.29619784687497,488.15860433820689,0.040000000000000001,0.072355143229166585
,354.39619677187488,488.10810081882624,0.040000000000000001,0.072355143229166585
,354.49619569609376,487.12830043134551,0.040000000000000001,0.072355143229166585
,354.59619462031242,485.93628531278011,0.040000000000000001,0.070320638020833215
,354.6961935445313,485.41095366731491,0.040000000000000001,0.070320638020833215
,354.79619246874995,486.18884024634542,0.040000000000000001,0.070320638020833215
,354.8961913929686,486.54240847298195,0.040000000000000001,0.069303385416666585
,354.99619031640623,486.80505285515028,0.040000000000000001,0.069303385416666585
,355.09618923984362,487.38083241305054,0.040000000000000001,0.070320638020833215
,355.19618816328125,488.33031517630809,0.040000000000000001,0.070320638020833215
,355.29618708671865,489.55244663949418,0.040000000000000001,0.071337890624999956
,355.39618601015627,489.31004624459439,0.040000000000000001,0.072355143229166585
,355.49618493281241,488.57272759807518,0.040000000000000001,0.072355143229166585
,355.59618385625004,487.51214731116784,0.040000000000000001,0.071337890624999956
,355.69618277968743,486.22924854952026,0.040000000000000001,0.070320638020833215
,355.79618170312506,486.56261207434301,0.040000000000000001,0.069303385416666585
,355.89618062656245,487.49194509478605,0.040000000000000001,0.070320638020833215
,355.99617955156236,488.25961092260303,0.040000000000000001,0.070320638020833215
,356.09617847578124,488.23940965378512,0.040000000000000001,0.069303385416666585
,356.1961773999999,488.68383220402256,0.040000000000000001,0.070320638020833215
,356.29617632500003,489.80494432999592,0.040000000000000001,0.071337890624999956
,356.39617524921869,489.54234667532029,0.040000000000000001,0.070320638020833215
,356.49617417343757,489.32014631433736,0.040000000000000001,0.071337890624999956
,356.59617309843748,488.42122022261941,0.040000000000000001,0.070320638020833215
,356.69617202265613,486.92627159036323,0.040000000000000001,0.069303385416666585
,356.79617094687501,487.78487460042578,0.040000000000000001,0.068286132812499956
,356.89616987187492,489.15854462377115,0.040000000000000001,0.069303385416666585
,356.9961687960938,489.48174679623293,0.040000000000000001,0.069303385416666585
,357.09616772031245,490.10793815497237,0.040000000000000001,0.069303385416666585
,357.1961666445311,491.0774971356916,0.040000000000000001,0.070320638020833215
,357.29616556874998,491.72385576824092,0.040000000000000001,0.071337890624999956
,357.39616449296864,491.35018079866319,0.040000000000000001,0.072355143229166585
,357.49616341718752,490.74421449679681,0.040000000000000001,0.072355143229166585
,357.59616234140617,489.43124677252325,0.040000000000000001,0.071337890624999956
,357.69616126562505,488.81513679558014,0.040000000000000001,0.070320638020833215
,357.7961601898437,490.09783841747742,0.040000000000000001,0.070320638020833215
,357.89615911640612,490.51192468198838,0.040000000000000001,0.070320638020833215
,357.99615804296877,489.95644168852215,0.040000000000000001,0.069303385416666585
,358.09615696953119,490.20893532384389,0.040000000000000001,0.070320638020833215
,358.19615589609361,491.59256487789355,0.040000000000000001,0.071337890624999956
,358.29615482265626,493.42052040487346,0.040000000000000001,0.072355143229166585
,358.39615374999994,493.31952880639244,0.040000000000000001,0.073372395833333215
,358.49615267656236,491.93594041763316,0.040000000000000001,0.073372395833333215
,358.59615160312501,491.37037951957984,0.040000000000000001,0.072355143229166585
,358.69615052968743,490.3301314441901,0.040000000000000001,0.071337890624999956
,358.79614945468757,491.13809366097956,0.040000000000000001,0.072355143229166585
,358.89614837578119,491.20878949204081,0.040000000000000001,0.071337890624999956
,358.99614729765631,490.7745130475335,0.040000000000000001,0.071337890624999956
,359.09614621874994,491.77435218147866,0.040000000000000001,0.071337890624999956
,359.19614513984379,492.75397585286402,0.040000000000000001,0.072355143229166585
,359.29614406171868,494.03657033799351,0.040000000000000001,0.073372395833333215
,359.39614298281253,493.42052040487346,0.040000000000000001,0.073372395833333215
,359.49614190468742,492.25911575205049,0.040000000000000001,0.072355143229166585
,359.59614082578128,491.29968395636621,0.040000000000000001,0.071337890624999956
,359.69613974765616,490.66341822795408,0.040000000000000001,0.070320638020833215
,359.7961386726563,491.79455073443899,0.040000000000000001,0.071337890624999956
,359.89613760078123,492.50149646062266,0.040000000000000001,0.071337890624999956
,359.99613652812491,492.07732979726705,0.040000000000000001,0.070320638020833215
,360.09613545546881,492.85496750713497,0.040000000000000001,0.071337890624999956
,360.19613438359374,494.1375624488378,0.040000000000000001,0.072355143229166585
,360.29613331093742,495.24848681810641,0.040000000000000001,0.073372395833333215
,360.39613223906235,495.05659803603572,0.040000000000000001,0.073372395833333215
,360.49613116640626,494.25875314801328,0.040000000000000001,0.073372395833333215
,360.59613009374993,492.32981018574822,0.040000000000000001,0.072355143229166585
,360.69612902109361,491.60266418864944,0.040000000000000001,0.071337890624999956
,360.79612795078128,493.07714902557569,0.040000000000000001,0.072355143229166585
,360.89612688046873,494.00627272715752,0.040000000000000001,0.072355143229166585
,360.99612580937492,493.84468562488917,0.040000000000000001,0.072355143229166585
,361.09612473906236,493.78409052188755,0.040000000000000001,0.071337890624999956
,361.19612366796878,494.90510752249827,0.040000000000000001,0.073372395833333215
,361.29612259765622,496.46044232904842,0.040000000000000001,0.074389648437499956
,361.39612152734367,495.63226740648275,0.040000000000000001,0.074389648437499956
,361.49612045624986,495.14749260626223,0.040000000000000001,0.074389648437499956
,361.59611938593753,494.55163155215797,0.040000000000000001,0.073372395833333215
,361.69611831484372,493.0266532356336,0.040000000000000001,0.072355143229166585
,361.7961172437499,493.58210703553101,0.040000000000000001,0.072355143229166585
,361.89611617343735,494.62232655267536,0.040000000000000001,0.072355143229166585
,361.99611510234377,494.87480948207889,0.040000000000000001,0.072355143229166585
,362.09611403203121,495.24848681810641,0.040000000000000001,0.072355143229166585
,362.1961129609374,496.5412413209441,0.040000000000000001,0.073372395833333215
,362.29611189062507,497.58155622741651,0.040000000000000001,0.075406901041666585
,362.39611081953126,497.16744368404454,0.040000000000000001,0.075406901041666585
,362.4961097492187,496.59174083479252,0.040000000000000001,0.075406901041666585
,362.59610867812489,495.65246650707775,0.040000000000000001,0.074389648437499956
,362.69610760859382,493.71339627092266,0.040000000000000001,0.072355143229166585
,362.79610653828126,494.50113517717233,0.040000000000000001,0.072355143229166585
,362.89610546796871,495.52117258040653,0.040000000000000001,0.072355143229166585
,362.99610439765615,495.82415939709978,0.040000000000000001,0.071337890624999956
,363.09610332812485,496.04635169628847,0.040000000000000001,0.071337890624999956
,363.19610225781253,497.43005054494,0.040000000000000001,0.073372395833333215
,363.29610118749997,498.32900449163571,0.040000000000000001,0.073372395833333215
,363.39610011718742,498.62193340843999,0.040000000000000001,0.075406901041666585
,363.49609904765612,497.64215886743369,0.040000000000000001,0.074389648437499956
,363.59609797734379,496.65234040040531,0.040000000000000001,0.074389648437499956
,363.69609690624998,495.23838738495925,0.040000000000000001,0.072355143229166585
,363.79609583515617,496.02615232307471,0.040000000000000001,0.072355143229166585
,363.89609476406235,497.02604148840578,0.040000000000000001,0.072355143229166585
,363.99609369218751,497.03614161161812,0.040000000000000001,0.071337890624999956
,364.0960926210937,497.56135539450156,0.040000000000000001,0.072355143229166585
,364.19609154999989,498.81385567062875,0.040000000000000001,0.073372395833333215
,364.29609047890631,500.12708666882088,0.040000000000000001,0.075406901041666585
,364.39608940703124,500.12708666882088,0.040000000000000001,0.075406901041666585
,364.49608833593743,498.80375443146499,0.040000000000000001,0.075406901041666585
,364.59608726406236,498.05628279949406,0.040000000000000001,0.075406901041666585
,364.69608619296878,496.23824650990099,0.040000000000000001,0.073372395833333215
,364.79608512187497,497.10684261814919,0.040000000000000001,0.073372395833333215
,364.8960840499999,497.91487344263925,0.040000000000000001,0.072355143229166585
,364.99608297890632,498.25829839534697,0.040000000000000001,0.073372395833333215
,365.09608190703125,498.69264129763781,0.040000000000000001,0.072355143229166585
,365.19608083593744,500.25841804506967,0.040000000000000001,0.074389648437499956
,365.29607976406237,501.56172310659713,0.040000000000000001,0.075406901041666585
,365.39607869296879,501.22830242745351,0.040000000000000001,0.076424153645833215
,365.49607762187497,500.77365720805642,0.040000000000000001,0.076424153645833215
,365.5960765484374,499.53106391086135,0.040000000000000001,0.075406901041666585
,365.69607547343753,497.50075303546413,0.040000000000000001,0.074389648437499956
,365.79607439843744,498.12698795526882,0.040000000000000001,0.073372395833333215
,365.89607332421861,499.26841950787343,0.040000000000000001,0.073372395833333215
,365.99607224921874,498.96537517711067,0.040000000000000001,0.073372395833333215
,366.09607117421865,499.88463292490746,0.040000000000000001,0.073372395833333215
,366.19607009921879,501.07675159472126,0.040000000000000001,0.074389648437499956
,366.2960690242187,502.44080309509422,0.040000000000000001,0.076424153645833215
,366.3960679492186,502.35996423243546,0.040000000000000001,0.076424153645833215
,366.49606687421874,501.38995939836332,0.040000000000000001,0.076424153645833215
,366.59606580156242,500.60190790780348,0.040000000000000001,0.076424153645833215
,366.69606473046861,498.66233787231499,0.040000000000000001,0.074389648437499956
,366.79606365859377,499.81391824819093,0.040000000000000001,0.074389648437499956
,366.8960625867187,500.71303946808905,0.040000000000000001,0.074389648437499956
,366.99606151484363,500.88479070722042,0.040000000000000001,0.074389648437499956
,367.09606044296879,501.48089271406673,0.040000000000000001,0.074389648437499956
,367.19605937109372,502.58227309437063,0.040000000000000001,0.076424153645833215
,367.29605829921866,503.72423573817252,0.040000000000000001,0.077441406249999956
,367.39605722734382,502.95617056535718,0.040000000000000001,0.077441406249999956
,367.49605615546875,502.31954510801108,0.040000000000000001,0.077441406249999956
,367.59605508281243,501.9860949993672,0.040000000000000001,0.077441406249999956
,367.6960540101561,500.45036684872662,0.040000000000000001,0.076424153645833215
,367.79605293671875,501.10706156422339,0.040000000000000001,0.075406901041666585
,367.89605186406243,501.86484373880342,0.040000000000000001,0.075406901041666585
,367.99605079140611,501.79411463817939,0.040000000000000001,0.075406901041666585
,368.09604971875001,502.25891680226971,0.040000000000000001,0.075406901041666585
,368.19604864531243,503.33008674976895,0.040000000000000001,0.076424153645833215
,368.29604757265611,504.72487132370941,0.040000000000000001,0.077441406249999956
,368.39604650000001,504.38120135046461,0.040000000000000001,0.077441406249999956
,368.49604542734369,503.83541000795196,0.040000000000000001,0.077441406249999956
,368.59604435390611,502.64290387777476,0.040000000000000001,0.076424153645833215
,368.69604328125001,501.38995939836332,0.040000000000000001,0.075406901041666585
,368.79604220859369,502.31954510801108,0.040000000000000001,0.075406901041666585
,368.89604113593737,503.61306326454269,0.040000000000000001,0.076424153645833215
,368.99604006250001,503.29976850559547,0.040000000000000001,0.075406901041666585
,369.09603898984369,503.62316977937792,0.040000000000000001,0.075406901041666585
,369.19603791718737,504.79562923912772,0.040000000000000001,0.077441406249999956
,369.29603684453127,506.02897333389535,0.040000000000000001,0.078458658854166585
,369.39603577187495,506.07952588541252,0.040000000000000001,0.079475911458333215
,369.49603469765611,505.11910437930533,0.040000000000000001,0.078458658854166585
,369.59603362421876,503.93647910202071,0.040000000000000001,0.077441406249999956
,369.69603254999993,502.88543179434146,0.040000000000000001,0.076424153645833215
,369.79603147578132,503.77476927325483,0.040000000000000001,0.076424153645833215
,369.89603040234374,504.2700179617741,0.040000000000000001,0.076424153645833215
,369.99602932812491,504.08808559268311,0.040000000000000001,0.075406901041666585
,370.09602825468755,504.492386658383,0.040000000000000001,0.075406901041666585
,370.19602718046872,505.81665763407432,0.040000000000000001,0.076424153645833215
,370.29602610703114,507.43451347252051,0.040000000000000001,0.077441406249999956
,370.39602503281253,507.26259226410309,0.040000000000000001,0.078458658854166585
,370.49602396093746,506.3322956370256,0.040000000000000001,0.077441406249999956
,370.59602288828114,505.46281582120309,0.040000000000000001,0.077441406249999956
,370.69602181562504,504.30034051500309,0.040000000000000001,0.076424153645833215
,370.79602074296872,505.01801655060854,0.040000000000000001,0.075406901041666585
,370.89601967109365,505.95820053671525,0.040000000000000001,0.076424153645833215
,370.99601859843756,506.32218462127116,0.040000000000000001,0.076424153645833215
,371.09601752578124,506.60530027812513,0.040000000000000001,0.076424153645833215
,371.19601645390617,507.64689501244686,0.040000000000000001,0.077441406249999956
,371.29601538125007,508.8809194434383,0.040000000000000001,0.079475911458333215
,371.39601431015626,508.26386610547377,0.040000000000000001,0.079475911458333215
,371.49601324140622,507.18169021647827,0.040000000000000001,0.078458658854166585
,371.59601217265617,506.26151892374708,0.040000000000000001,0.078458658854166585
,371.69601110390613,504.81584593473133,0.040000000000000001,0.076424153645833215
,371.79601003437506,505.29095760207338,0.040000000000000001,0.075406901041666585
,371.89600896562501,505.95820053671525,0.040000000000000001,0.074389648437499956
,371.99600789687497,506.31207362444866,0.040000000000000001,0.074389648437499956
,372.09600682812493,507.07045202303277,0.040000000000000001,0.074389648437499956
,372.19600575937488,508.66848172435573,0.040000000000000001,0.075406901041666585
,372.29600468984381,509.82183983363996,0.040000000000000001,0.076424153645833215
,372.39600362265628,509.13383480291498,0.040000000000000001,0.076424153645833215
,372.49600255546875,508.18294725970202,0.040000000000000001,0.076424153645833215
,372.59600148749996,507.20191560611647,0.040000000000000001,0.075406901041666585
,372.69600041953117,506.19074313335955,0.040000000000000001,0.074389648437499956
,372.79599935234364,507.07045202303277,0.040000000000000001,0.074389648437499956
,372.89599828437485,507.90985648502829,0.040000000000000001,0.074389648437499956
,372.99599721718755,507.77837394887183,0.040000000000000001,0.074389648437499956
,373.09599614921876,508.30432605827286,0.040000000000000001,0.074389648437499956
,373.19599508203123,509.24512220919723,0.040000000000000001,0.074389648437499956
,373.29599401249993,510.44923801472532,0.040000000000000001,0.076424153645833215
,373.3959929382811,510.11528819560817,0.040000000000000001,0.076424153645833215
,373.49599186406249,509.55876588415572,0.040000000000000001,0.076424153645833215
,373.59599078984365,508.3346712555898,0.040000000000000001,0.075406901041666585
,373.69598971484379,506.63563499372719,0.040000000000000001,0.073372395833333215
,373.79598864062496,507.33338262937332,0.040000000000000001,0.073372395833333215
,373.89598756640612,508.56732444549675,0.040000000000000001,0.072355143229166585
,373.99598649218751,508.24363626175386,0.040000000000000001,0.072355143229166585
,374.09598541796868,508.85057057699407,0.040000000000000001,0.072355143229166585
,374.19598434296881,510.04445390658998,0.040000000000000001,0.073372395833333215
,374.29598326953123,511.02612693558433,0.040000000000000001,0.074389648437499956
,374.39598219765617,510.71236974250235,0.040000000000000001,0.074389648437499956
,374.49598112500007,510.70224896537843,0.040000000000000001,0.075406901041666585
,374.59598005234375,509.45758798118754,0.040000000000000001,0.074389648437499956
,374.69597897968742,507.41428713853304,0.040000000000000001,0.072355143229166585
,374.79597790781236,508.54709326154205,0.040000000000000001,0.072355143229166585
,374.89597683515626,510.02421576442532,0.040000000000000001,0.072355143229166585
,374.99597576249994,510.05457301530828,0.040000000000000001,0.072355143229166585
,375.09597468984362,510.10516893594911,0.040000000000000001,0.072355143229166585
,375.19597361796878,511.25893113385496,0.040000000000000001,0.073372395833333215
,375.29597254374994,512.05867380854443,0.040000000000000001,0.074389648437499956
,375.39597147031236,511.59297972379113,0.040000000000000001,0.074389648437499956
,375.49597039609375,511.27917565377982,0.040000000000000001,0.074389648437499956
,375.59596932265617,510.61116314924197,0.040000000000000001,0.074389648437499956
,375.69596824843757,509.19453666975846,0.040000000000000001,0.073372395833333215
,375.79596717421873,509.589119727558,0.040000000000000001,0.072355143229166585
,375.89596610078115,510.04445390658998,0.040000000000000001,0.072355143229166585
,375.99596502656254,510.34803816271506,0.040000000000000001,0.073372395833333215
,376.09596395312496,510.62128369097923,0.040000000000000001,0.072355143229166585
,376.19596287812487,511.48162686512194,0.040000000000000001,0.073372395833333215
,376.29596180234375,513.08139067510388,0.040000000000000001,0.074389648437499956
,376.39596072656241,512.93960984955106,0.040000000000000001,0.075406901041666585
,376.49595965078129,511.84606693570322,0.040000000000000001,0.074389648437499956
,376.59595857499994,510.97551920944909,0.040000000000000001,0.074389648437499956
,376.69595749921882,509.50817663034991,0.040000000000000001,0.072355143229166585
,376.79595642343747,510.21648218199687,0.040000000000000001,0.072355143229166585
,376.89595534765613,510.94515489425442,0.040000000000000001,0.072355143229166585
,376.99595427187501,510.73261137549127,0.040000000000000001,0.071337890624999956
,377.09595319609366,511.26905338021515,0.040000000000000001,0.071337890624999956
,377.19595212031254,512.6560658740874,0.040000000000000001,0.073372395833333215
,377.29595104531245,513.68909088479211,0.040000000000000001,0.074389648437499956
,377.39594997031236,513.42574044025093,0.040000000000000001,0.074389648437499956
,377.49594889531249,512.68644446725727,0.040000000000000001,0.074389648437499956
,377.5959478203124,511.26905338021515,0.040000000000000001,0.073372395833333215
,377.69594674531254,510.13552679059501,0.040000000000000001,0.071337890624999956
,377.79594567031245,510.81357895988685,0.040000000000000001,0.071337890624999956
,377.89594459531236,511.27917565377982,0.040000000000000001,0.071337890624999956
,377.99594351953124,511.0160053368611,0.040000000000000001,0.070320638020833215
,378.09594244453115,512.03842499441851,0.040000000000000001,0.070320638020833215
,378.19594137265631,512.86872165550915,0.040000000000000001,0.071337890624999956
,378.29594030078124,514.29690445473864,0.040000000000000001,0.072355143229166585
,378.39593922968743,514.11454824589396,0.040000000000000001,0.072355143229166585
,378.49593815859362,513.22317745861335,0.040000000000000001,0.072355143229166585
,378.59593708671878,512.64593973566889,0.040000000000000001,0.071337890624999956
,378.69593601562497,511.52211842645045,0.040000000000000001,0.071337890624999956
,378.7959349437499,512.06879825847591,0.040000000000000001,0.070320638020833215
,378.89593387265631,512.74720245582967,0.040000000000000001,0.070320638020833215
,378.99593280078125,512.67631823986358,0.040000000000000001,0.069303385416666585
,379.09593172968744,513.63844492530291,0.040000000000000001,0.070320638020833215
,379.19593065468757,514.03350440311328,0.040000000000000001,0.070320638020833215
,379.29592957968748,515.1581754611683,0.040000000000000001,0.071337890624999956
,379.39592850468739,515.18857770406726,0.040000000000000001,0.072355143229166585
,379.49592742968753,514.66164865631094,0.040000000000000001,0.072355143229166585
,379.59592635468744,513.77012605830691,0.040000000000000001,0.072355143229166585
,379.69592527968757,512.11942093753066,0.040000000000000001,0.070320638020833215
,379.79592420468748,512.7877083773501,0.040000000000000001,0.070320638020833215
,379.89592312968739,513.47638311837954,0.040000000000000001,0.069303385416666585
,379.99592205468753,513.31432927443257,0.040000000000000001,0.069303385416666585
,380.09592098046869,513.67896162999102,0.040000000000000001,0.069303385416666585
,380.19591990859362,514.79337238640574,0.040000000000000001,0.070320638020833215
,380.29591883671878,516.52658849427598,0.040000000000000001,0.071337890624999956
,380.39591776484372,516.07037877835887,0.040000000000000001,0.071337890624999956
,380.49591669296865,515.14804144855725,0.040000000000000001,0.071337890624999956
,380.59591562109381,514.11454824589396,0.040000000000000001,0.070320638020833215
,380.69591454921874,512.93960984955106,0.040000000000000001,0.069303385416666585
,380.79591347734367,513.89168261761972,0.040000000000000001,0.069303385416666585
,380.89591240546861,514.95550167552938,0.040000000000000001,0.069303385416666585
,380.99591133359377,514.42861272156836,0.040000000000000001,0.068286132812499956
,381.09591026328121,515.13790747009273,0.040000000000000001,0.069303385416666585
,381.1959091921874,516.01969332362353,0.040000000000000001,0.070320638020833215
,381.29590812109382,517.3276708706984,0.040000000000000001,0.071337890624999956
,381.39590705000001,516.74965130424414,0.040000000000000001,0.071337890624999956
,381.49590597968745,516.15147737147606,0.040000000000000001,0.071337890624999956

trace_size,127
trace_types,5,4
trace_names,,Value
trace_units,,
devices,Platform,Platform
raster,OnChange,OnChange
description,,
displayidentifier,,
path,,Model Root/PumpFlow
flags,,2
min,,-1.797693135e+308
max,,1.797693135e+308
minWeak,,-1.797693135e+308
maxWeak,,1.797693135e+308
trace_values,-2.2662896484375779,0.029999999999999999
,0.76705485156242048,0.029999999999999999
,3.8270388515624063,0.029999999999999999
,6.8910956515624093,0.029999999999999999
,9.9510006515624809,0.029999999999999999
,13.013080151562463,0.029999999999999999
,16.076086651562491,0.029999999999999999
,19.141098251562426,0.029999999999999999
,22.20110235156244,0.029999999999999999
,25.267065751562427,0.029999999999999999
,28.325075851562474,0.029999999999999999
,31.389040451562437,0.029999999999999999
,34.451073551562445,0.029999999999999999
,37.512976451562508,0.029999999999999999
,40.575130551562438,0.029999999999999999
,43.643593151562413,0.029999999999999999
,46.701011051562432,0.029999999999999999
,49.763091251562514,0.029999999999999999
,52.827712751562444,0.029999999999999999
,55.891022951562491,0.029999999999999999
,58.949046751562491,0.029999999999999999
,62.019034451562447,0.029999999999999999
,65.08103255156243,0.029999999999999999
,68.139054551562481,0.029999999999999999
,71.200370051562459,0.029999999999999999
,74.267480351562426,0.029999999999999999
,77.327004751562413,0.029999999999999999
,80.391004251562435,0.029999999999999999
,83.457007051562414,0.029999999999999999
,86.515019951562408,0.029999999999999999
,89.575059151562414,0.029999999999999999
,92.643034451562471,0.029999999999999999
,92.711013151562497,0.040000000000000001
,95.813030751562451,0.040000000000000001
,98.8740525515625,0.040000000000000001
,101.93506445156243,0.040000000000000001
,105.0010249515625,0.040000000000000001
,108.06201665156243,0.040000000000000001
,111.12298805156252,0.040000000000000001
,114.18905785156244,0.040000000000000001
,117.24698225156249,0.040000000000000001
,120.30902935156246,0.040000000000000001
,123.37700825156242,0.040000000000000001
,126.43703865156249,0.040000000000000001
,129.4960408515625,0.040000000000000001
,132.56403515156251,0.040000000000000001
,135.62202975156242,0.040000000000000001
,138.68400745156248,0.040000000000000001
,141.75103445156242,0.040000000000000001
,144.81497705156244,0.040000000000000001
,147.87398645156247,0.040000000000000001
,150.93804605156242,0.040000000000000001
,153.99900315156242,0.040000000000000001
,157.06005175156247,0.040000000000000001
,160.12704025156245,0.040000000000000001
,163.18621555156244,0.040000000000000001
,166.24921955156242,0.040000000000000001
,169.31302245156246,0.040000000000000001
,172.37703335156243,0.040000000000000001
,175.43505505156247,0.040000000000000001
,178.50101055156256,0.040000000000000001
,181.56404145156239,0.040000000000000001
,184.6219719515625,0.040000000000000001
,187.68697975156238,0.040000000000000001
,190.74605215156248,0.040000000000000001
,193.81001365156249,0.040000000000000001
,196.87659785156256,0.040000000000000001
,199.93904695156243,0.040000000000000001
,202.99805385156242,0.040000000000000001
,206.06302585156254,0.040000000000000001
,209.12605095156255,0.040000000000000001
,212.18399645156251,0.040000000000000001
,215.25098925156249,0.040000000000000001
,218.31003925156256,0.040000000000000001
,221.37280525156257,0.040000000000000001
,224.43905405156238,0.040000000000000001
,227.50206105156235,0.040000000000000001
,230.56001615156242,0.040000000000000001
,233.62502515156257,0.040000000000000001
,236.68999825156243,0.040000000000000001
,239.74705535156249,0.040000000000000001
,242.81353745156252,0.040000000000000001
,245.87619155156244,0.040000000000000001
,248.93503895156255,0.040000000000000001
,252.00207395156235,0.040000000000000001
,255.06203045156235,0.040000000000000001
,258.1221433515625,0.040000000000000001
,261.18804945156239,0.040000000000000001
,264.25301015156242,0.040000000000000001
,267.31004125156255,0.040000000000000001
,270.37698065156246,0.040000000000000001
,273.43807565156249,0.040000000000000001
,276.49703255156237,0.040000000000000001
,279.56501215156254,0.040000000000000001
,282.62104485156237,0.040000000000000001
,285.68406015156256,0.040000000000000001
,288.7481204515625,0.040000000000000001
,291.81507555156236,0.040000000000000001
,294.87303395156255,0.040000000000000001
,297.93806135156251,0.040000000000000001
,301.00011515156257,0.040000000000000001
,304.06100675156245,0.040000000000000001
,307.12707945156239,0.040000000000000001
,310.19386955156256,0.040000000000000001
,313.24804215156246,0.040000000000000001
,316.31300655156247,0.040000000000000001
,319.3762317515625,0.040000000000000001
,322.43504705156238,0.040000000000000001
,325.50025505156236,0.040000000000000001
,328.5619998515624,0.040000000000000001
,331.62297925156236,0.040000000000000001
,334.68802915156243,0.040000000000000001
,337.75012495156238,0.040000000000000001
,340.81005935156236,0.040000000000000001
,343.87503015156244,0.040000000000000001
,346.93904135156254,0.040000000000000001
,349.99800565156238,0.040000000000000001
,353.06401455156242,0.040000000000000001
,356.12102985156253,0.040000000000000001
,359.18501355156241,0.040000000000000001
,362.24604035156244,0.040000000000000001
,365.31501945156242,0.040000000000000001
,368.37099375156254,0.040000000000000001
,371.43999625156243,0.040000000000000001
,374.49904465156237,0.040000000000000001
,377.56460185156243,0.040000000000000001
,380.62698215156252,0.040000000000000001

