descriptions,General,User,Visitor
,General,DateTime,05/04/2025 21:14:10
,General,Origin,"Software revision: rl_tts1_top_hostpc_6e8x0_openloop.sdf, rl_tts1_top_hostpc_6e8x0_openloop.ppc\nVariable description: rl_tts1_top_hostpc_6e8x0_openloop.sdf\n    Platform / Device: Platform [DS1104 R&D Controller Board, assigned to 'ds1104']\nControlDesk version: 7.3"
,General,Description,
,Recording,StartCondition,None (Immediate Recording)
,Recording,StopCondition,None
,Measurement,XAxisOffset,0
,Measurement,Length,287.3969154
,Measurement,StartTimestamp,427.395414
,Measurement,StopTimestamp,714.7923294
,MDF,Department,
,MDF,Project,
,MDF,MeasurementObject,

trace_size,2875
trace_types,5,4,4,4
trace_names,,In1,In1,In1
trace_units,,,,
devices,Platform,Platform,Platform,Platform
raster,HostService,HostService,HostService,HostService
description,,,,
displayidentifier,,,,
path,,Model Root/Height_T1\n,Model Root/TTS dSPACE RTI1104/PumpLeft,Model Root/TTS dSPACE RTI1104/ValvePos_LD
flags,,2,2,2
min,,-1.797693135e+308,-1.797693135e+308,-1.797693135e+308
max,,1.797693135e+308,1.797693135e+308,1.797693135e+308
minWeak,,-1.797693135e+308,-1.797693135e+308,-1.797693135e+308
maxWeak,,1.797693135e+308,1.797693135e+308,1.797693135e+308
trace_values,0,83.856822433701808,0.029999999999999999,0.18832194010416659
,0.099998925000022609,84.80982706293068,0.029999999999999999,0.18933919270833321
,0.19999784921873243,85.547552369050265,0.029999999999999999,0.19137369791666659
,0.29999677421875504,84.360298952198704,0.029999999999999999,0.19137369791666659
,0.3999956984375217,82.719621915385986,0.029999999999999999,0.19035644531249996
,0.49999462343748746,81.805988082051201,0.029999999999999999,0.19035644531249996
,0.59999354765625412,81.418567091094999,0.029999999999999999,0.18832194010416659
,0.69999247265627673,81.149358627111866,0.029999999999999999,0.18730468749999996
,0.79999140234377819,81.762955198324818,0.029999999999999999,0.18730468749999996
,0.89999033437499065,82.49404478584411,0.029999999999999999,0.18730468749999996
,0.99998926562500401,83.728201451779768,0.029999999999999999,0.18832194010416659
,1.0999881976562733,84.445951421878831,0.029999999999999999,0.18933919270833321
,1.1999871289062298,85.387259831093544,0.029999999999999999,0.19137369791666659
,1.2999860609374991,84.253214729411738,0.029999999999999999,0.19137369791666659
,1.3999849929687684,83.127570447717247,0.029999999999999999,0.19035644531249996
,1.499983924218725,81.353969509415435,0.029999999999999999,0.18832194010416659
,1.5999828562499943,82.031853939940063,0.029999999999999999,0.18730468749999996
,1.6999817867187517,81.407801372709002,0.029999999999999999,0.18628743489583321
,1.7999807156249972,82.579990036341712,0.029999999999999999,0.18628743489583321
,1.8999796445312427,82.827006539595985,0.029999999999999999,0.18628743489583321
,1.9999785734374882,84.221085419453686,0.029999999999999999,0.18730468749999996
,2.0999775023437337,85.045149394536026,0.029999999999999999,0.18832194010416659
,2.1999764312499792,86.241628090509991,0.029999999999999999,0.19035644531249996
,2.2999753601562247,85.686435676275522,0.029999999999999999,0.19035644531249996
,2.3999742890625271,84.10326196011701,0.029999999999999999,0.18933919270833321
,2.4999732179687726,82.827006539595985,0.029999999999999999,0.18832194010416659
,2.5999721468750181,82.955840013057625,0.029999999999999999,0.18832194010416659
,2.6999710734374958,81.77371374420764,0.029999999999999999,0.18628743489583321
,2.7999699968750065,82.150126641842874,0.029999999999999999,0.18628743489583321
,2.8999689203125172,82.912898921164512,0.029999999999999999,0.18527018229166659
,2.9999678437500279,84.42453954557493,0.029999999999999999,0.18730468749999996
,3.0999667671874818,85.472754867705149,0.029999999999999999,0.18730468749999996
,3.1999656906249925,86.572350341656431,0.029999999999999999,0.18933919270833321
,3.2999646132812472,85.48344083358505,0.029999999999999999,0.19035644531249996
,3.399963536718758,83.760359521108043,0.029999999999999999,0.18832194010416659
,3.4999624601562687,82.88069087217977,0.029999999999999999,0.18730468749999996
,3.5999613835937794,82.869954430863956,0.029999999999999999,0.18730468749999996
,3.6999603093750011,82.665921613749688,0.029999999999999999,0.18628743489583321
,3.7999592367187347,83.277790136139757,0.029999999999999999,0.18628743489583321
,3.8999581640625252,84.188954241542902,0.029999999999999999,0.18628743489583321
,3.9999570914062588,85.344507435673975,0.029999999999999999,0.18730468749999996
,4.0999560187499924,86.348333647667729,0.029999999999999999,0.18832194010416659
,4.199954946093726,86.977491107750481,0.029999999999999999,0.18933919270833321
,4.2999538734375164,86.647003058377223,0.029999999999999999,0.19035644531249996
,4.3999527999999941,84.53159066140114,0.029999999999999999,0.18933919270833321
,4.4999517273437277,82.998777709102043,0.029999999999999999,0.18730468749999996
,4.5999506546875182,83.245603688844525,0.029999999999999999,0.18730468749999996
,4.6999495843750196,82.848480910510901,0.029999999999999999,0.18527018229166659
,4.7999485132812651,83.46014415843905,0.029999999999999999,0.18527018229166659
,4.8999474429687666,84.371006235123303,0.029999999999999999,0.18527018229166659
,4.9999463718750121,85.333818828362794,0.029999999999999999,0.18628743489583321
,5.0999453007812576,86.551019204069732,0.029999999999999999,0.18730468749999996
,5.1999442304687591,87.488840528344923,0.029999999999999999,0.18832194010416659
,5.2999431593750046,86.647003058377223,0.029999999999999999,0.18832194010416659
,5.3999420890625061,85.194848404141609,0.029999999999999999,0.18832194010416659
,5.4999410179687516,83.856822433701808,0.029999999999999999,0.18628743489583321
,5.5999399453124852,84.488772694147698,0.029999999999999999,0.18628743489583321
,5.6999388710937637,84.006842231629435,0.029999999999999999,0.18527018229166659
,5.7999377968749855,84.253214729411738,0.029999999999999999,0.18527018229166659
,5.899936722656264,85.291062364119014,0.029999999999999999,0.18527018229166659
,5.9999356476562298,86.721646039907071,0.029999999999999999,0.18628743489583321
,6.0999345734375083,87.392996974047421,0.029999999999999999,0.18730468749999996
,6.19993349921873,87.850773401893179,0.029999999999999999,0.18832194010416659
,6.2999324250000086,87.116026324671807,0.029999999999999999,0.18832194010416659
,6.3999313507812303,85.932068651407221,0.029999999999999999,0.18730468749999996
,6.4999302765625089,84.745631010698162,0.029999999999999999,0.18730468749999996
,6.5999292046874984,84.820525685901629,0.029999999999999999,0.18628743489583321
,6.699928132812488,84.306759431233445,0.029999999999999999,0.18527018229166659
,6.7999270617187335,84.403126842070691,0.029999999999999999,0.18425292968749996
,6.899925990624979,85.066537419049197,0.029999999999999999,0.18425292968749996
,6.9999249195312245,86.764294806408955,0.029999999999999999,0.18527018229166659
,7.0999238484375269,87.542080098370235,0.029999999999999999,0.18628743489583321
,7.1999227765625164,88.531450577040857,0.029999999999999999,0.18832194010416659
,7.299921705468762,87.712413911524848,0.029999999999999999,0.18832194010416659
,7.3999206343750075,86.561684872356423,0.029999999999999999,0.18730468749999996
,7.499919563281253,85.087924625802103,0.029999999999999999,0.18628743489583321
,7.5999184875000196,85.462068698872713,0.029999999999999999,0.18527018229166659
,7.6999174117187295,84.617216690951579,0.029999999999999999,0.18323567708333321
,7.7999163351562402,84.927500628224365,0.029999999999999999,0.18323567708333321
,7.8999152593750068,85.579605400088411,0.029999999999999999,0.18323567708333321
,7.9999141835937735,87.339743697458374,0.029999999999999999,0.18425292968749996
,8.0999131078124833,88.467670636000562,0.029999999999999999,0.18527018229166659
,8.19991203203125,89.784395861590028,0.029999999999999999,0.18730468749999996
,8.2999109562500166,88.584595250458236,0.029999999999999999,0.18730468749999996
,8.3999098804687264,86.998806388216465,0.029999999999999999,0.18628743489583321
,8.4999088054687491,85.803925630740466,0.029999999999999999,0.18527018229166659
,8.5999077296875157,85.536867620064868,0.029999999999999999,0.18425292968749996
,8.6999066546874815,84.9916757534928,0.029999999999999999,0.18323567708333321
,8.7999055796875041,85.729162123756538,0.029999999999999999,0.18221842447916659
,8.8999045046875267,86.678994098895473,0.029999999999999999,0.18221842447916659
,8.9999034296874925,88.340089996468549,0.029999999999999999,0.18425292968749996
,9.0999023546875151,89.115779172771823,0.029999999999999999,0.18425292968749996
,9.1999012796874808,89.954084441217191,0.029999999999999999,0.18628743489583321
,9.2999002046875034,88.967095710272218,0.029999999999999999,0.18628743489583321
,9.3998991296875261,87.542080098370235,0.029999999999999999,0.18527018229166659
,9.4998980539062359,86.647003058377223,0.029999999999999999,0.18425292968749996
,9.5998969765624906,86.508354540281857,0.029999999999999999,0.18425292968749996
,9.6998959000000013,86.198940265646712,0.029999999999999999,0.18323567708333321
,9.7998948234375121,86.391010275045829,0.029999999999999999,0.18323567708333321
,9.8998937460937668,87.903979840902309,0.029999999999999999,0.18323567708333321
,9.9998926695312775,88.775876425928132,0.029999999999999999,0.18425292968749996
,10.099891592187475,90.081319478721056,0.029999999999999999,0.18527018229166659
,10.199890515624986,90.356903403562299,0.029999999999999999,0.18730468749999996
,10.299889439062497,89.540384422923935,0.029999999999999999,0.18730468749999996
,10.399888361718752,87.595314782304342,0.029999999999999999,0.18527018229166659
,10.49988728750003,86.561684872356423,0.029999999999999999,0.18425292968749996
,10.599886213281252,86.593680683451012,0.029999999999999999,0.18323567708333321
,10.699885139062474,86.32699413556648,0.029999999999999999,0.18221842447916659
,10.799884064843752,86.796279299500299,0.029999999999999999,0.18221842447916659
,10.899882990624974,88.010378163018572,0.029999999999999999,0.18221842447916659
,10.999881916406252,89.285657581296746,0.029999999999999999,0.18323567708333321
,11.099880841406275,90.261523185752523,0.029999999999999999,0.18425292968749996
,11.199879767187497,91.098238961096001,0.029999999999999999,0.18527018229166659
,11.299878692968775,90.272121730244066,0.029999999999999999,0.18628743489583321
,11.399877619531253,88.520821066825576,0.029999999999999999,0.18425292968749996
,11.499876546093731,87.499488833467311,0.029999999999999999,0.18425292968749996
,11.599875471875009,87.595314782304342,0.029999999999999999,0.18323567708333321
,11.699874398437487,87.382346710844701,0.029999999999999999,0.18221842447916659
,11.799873324218765,87.861415078208978,0.029999999999999999,0.18120117187499996
,11.899872249999987,88.47830110625867,0.029999999999999999,0.18120117187499996
,11.999871176562522,89.593438845684432,0.029999999999999999,0.18221842447916659
,12.099870102343743,90.66413763351278,0.029999999999999999,0.18425292968749996
,12.199869028906278,91.806963803175123,0.029999999999999999,0.18527018229166659
,12.2998679546875,90.642954053375291,0.029999999999999999,0.18527018229166659
,12.399866879687522,89.23257578909012,0.029999999999999999,0.18425292968749996
,12.499865804687488,88.021016928917746,0.029999999999999999,0.18323567708333321
,12.599864728906255,88.499561470559243,0.029999999999999999,0.18323567708333321
,12.699863653125021,87.840131531243941,0.029999999999999999,0.18120117187499996
,12.799862578124987,88.382619954329527,0.029999999999999999,0.18120117187499996
,12.899861502343754,88.605851777626498,0.029999999999999999,0.18120117187499996
,12.999860427343776,90.007102306128942,0.029999999999999999,0.18221842447916659
,13.099859351562486,90.971216837356664,0.029999999999999999,0.18323567708333321
,13.199858276562509,92.356460372154885,0.029999999999999999,0.18527018229166659
,13.299857201562475,91.457992231964496,0.029999999999999999,0.18628743489583321
,13.399856126562497,89.80560955502817,0.029999999999999999,0.18527018229166659
,13.499855052343776,88.191210863018085,0.029999999999999999,0.18425292968749996
,13.599853978124997,88.690870224184692,0.029999999999999999,0.18323567708333321
,13.699852903906276,88.47830110625867,0.029999999999999999,0.18221842447916659
,13.799851829687498,88.47830110625867,0.029999999999999999,0.18120117187499996
,13.899850755468776,89.062682212298427,0.029999999999999999,0.18221842447916659
,13.999849681249998,90.378096966979882,0.029999999999999999,0.18323567708333321
,14.099848606250021,91.3204643718651,0.029999999999999999,0.18425292968749996
,14.199847532031242,92.102906834438926,0.029999999999999999,0.18527018229166659
,14.299846457031265,91.024145925565435,0.029999999999999999,0.18527018229166659
,14.399845380468776,89.529772973613817,0.029999999999999999,0.18425292968749996
,14.499844303124974,87.754989565457564,0.029999999999999999,0.18323567708333321
,14.599843225781228,88.371987753599527,0.029999999999999999,0.18221842447916659
,14.699842148437483,87.733702127999578,0.029999999999999999,0.18120117187499996
,14.799841071874994,88.595223609875717,0.029999999999999999,0.18018391927083321
,14.899839994531249,89.391806979896074,0.029999999999999999,0.18018391927083321
,14.999838917187503,90.526431169338807,0.029999999999999999,0.18120117187499996
,15.099837839843758,91.806963803175123,0.029999999999999999,0.18221842447916659
,15.199836762500013,92.778821466442054,0.029999999999999999,0.18425292968749996
,15.299835688281235,91.933813795993146,0.029999999999999999,0.18425292968749996
,15.399834613281257,90.77004448004493,0.029999999999999999,0.18425292968749996
,15.499833539062479,89.550995683931234,0.029999999999999999,0.18323567708333321
,15.599832464062501,89.00958050182571,0.029999999999999999,0.18221842447916659
,15.69983138984378,89.00958050182571,0.029999999999999999,0.18120117187499996
,15.799830315625002,89.243192526171853,0.029999999999999999,0.18120117187499996
,15.899829240625024,90.166127921970897,0.029999999999999999,0.18120117187499996
,15.999828166406246,91.457992231964496,0.029999999999999999,0.18221842447916659
,16.099827091406269,92.240261122053553,0.029999999999999999,0.18425292968749996
,16.19982601718749,93.032102065557325,0.029999999999999999,0.18527018229166659
,16.299824938281233,92.768265899600706,0.029999999999999999,0.18628743489583321
,16.399823859374976,91.108822948913712,0.029999999999999999,0.18628743489583321
,16.499822781249975,89.795002802009506,0.029999999999999999,0.18425292968749996
,16.599821702343775,89.572217641187763,0.029999999999999999,0.18425292968749996
,16.699820623437517,88.860870402269185,0.029999999999999999,0.18221842447916659
,16.799819545312516,89.147635071021284,0.029999999999999999,0.18221842447916659
,16.899818466406259,90.229726437612243,0.029999999999999999,0.18221842447916659
,16.999817387500002,91.235816556899309,0.029999999999999999,0.18323567708333321
,17.099816309375001,92.493758928035845,0.029999999999999999,0.18425292968749996
,17.199815232812512,93.264186834935003,0.029999999999999999,0.18628743489583321
,17.299814159374989,92.768265899600706,0.029999999999999999,0.18628743489583321
,17.39981308671878,91.002974839755993,0.029999999999999999,0.18527018229166659
,17.499812014062513,89.508549509934511,0.029999999999999999,0.18425292968749996
,17.599810940624991,89.296273371966123,0.029999999999999999,0.18323567708333321
,17.699809867968725,88.924607873273857,0.029999999999999999,0.18221842447916659
,17.799808794531259,89.296273371966123,0.029999999999999999,0.18221842447916659
,17.899807721874993,90.144926928442175,0.029999999999999999,0.18221842447916659
,17.999806648437527,91.732955985779185,0.029999999999999999,0.18323567708333321
,18.099805575781261,92.968791444226213,0.029999999999999999,0.18425292968749996
,18.199804504687506,93.949397675890125,0.029999999999999999,0.18628743489583321
,18.299803433593752,92.789376856320246,0.029999999999999999,0.18628743489583321
,18.399802363281253,91.64836478667965,0.029999999999999999,0.18628743489583321
,18.499801292968755,89.635878997601594,0.029999999999999999,0.18425292968749996
,18.599800221875,89.23257578909012,0.029999999999999999,0.18323567708333321
,18.699799151562502,89.253809073895681,0.029999999999999999,0.18221842447916659
,18.799798081250003,89.720750281553507,0.029999999999999999,0.18120117187499996
,18.899797010156249,91.246398171536526,0.029999999999999999,0.18221842447916659
,18.99979593984375,92.34589769682519,0.029999999999999999,0.18323567708333321
,19.099794869531252,93.707022495276945,0.029999999999999999,0.18527018229166659
,19.199793799218753,94.181149195970306,0.029999999999999999,0.18628743489583321
,19.299792728906255,92.715485409669242,0.029999999999999999,0.18628743489583321
,19.399791659375012,90.971216837356664,0.029999999999999999,0.18425292968749996
,19.499790589062513,90.070717584959041,0.029999999999999999,0.18425292968749996
,19.599789518750015,90.77004448004493,0.029999999999999999,0.18323567708333321
,19.699788448437516,90.378096966979882,0.029999999999999999,0.18323567708333321
,19.799787378125018,91.013560474214984,0.029999999999999999,0.18221842447916659
,19.899786307812519,91.256979603880694,0.029999999999999999,0.18221842447916659
,19.999785237500021,92.535998583514058,0.029999999999999999,0.18323567708333321
,20.09978416562501,93.527816566591895,0.029999999999999999,0.18425292968749996
,20.199783091406232,94.275932600297338,0.029999999999999999,0.18628743489583321
,20.299782016406255,93.538359485124914,0.029999999999999999,0.18628743489583321
,20.399780942187476,92.451516425362172,0.029999999999999999,0.18527018229166659
,20.499779867187499,90.886520764926999,0.029999999999999999,0.18425292968749996
,20.599778792187522,90.939457185644244,0.029999999999999999,0.18323567708333321
,20.699777717968743,90.642954053375291,0.029999999999999999,0.18323567708333321
,20.799776642968766,91.225234759932079,0.029999999999999999,0.18221842447916659
,20.899775568749988,91.838678733427912,0.029999999999999999,0.18221842447916659
,20.99977449375001,93.137605684576343,0.029999999999999999,0.18323567708333321
,21.099773417968777,94.254870825214581,0.029999999999999999,0.18425292968749996
,21.199772342968743,95.443791726061946,0.029999999999999999,0.18730468749999996
,21.299771267968765,94.307523974368664,0.029999999999999999,0.18730468749999996
,21.399770192187475,92.546558052783737,0.029999999999999999,0.18628743489583321
,21.499769117187498,90.844168324601881,0.029999999999999999,0.18425292968749996
,21.59976804218752,90.66413763351278,0.029999999999999999,0.18323567708333321
,21.69976696640623,90.102522707116663,0.029999999999999999,0.18120117187499996
,21.799765891406253,90.325111667718758,0.029999999999999999,0.18120117187499996
,21.899764816406275,90.981803021363959,0.029999999999999999,0.18018391927083321
,21.999763740624985,92.979343655003049,0.029999999999999999,0.18120117187499996
,22.099762661718728,94.265401798683456,0.029999999999999999,0.18221842447916659
,22.199761582812528,95.349178143275651,0.029999999999999999,0.18425292968749996
,22.299760503906271,94.665451774337967,0.029999999999999999,0.18425292968749996
,22.399759425000013,93.422377784284066,0.029999999999999999,0.18323567708333321
,22.499758346093756,92.261389866465734,0.029999999999999999,0.18221842447916659
,22.599757267187499,92.198001486988758,0.029999999999999999,0.18221842447916659
,22.699756188281242,91.891533346499827,0.029999999999999999,0.18120117187499996
,22.799755109374985,92.134606664388016,0.029999999999999999,0.18120117187499996
,22.899754030468728,92.831596646930947,0.029999999999999999,0.18120117187499996
,22.999752951562527,93.917788719354178,0.029999999999999999,0.18221842447916659
,23.09975187265627,95.138876929975353,0.029999999999999999,0.18323567708333321
,23.199750793750013,95.906151790133464,0.029999999999999999,0.18527018229166659
,23.299749715625012,95.191458555248559,0.029999999999999999,0.18527018229166659
,23.399748636718755,93.791337309507028,0.029999999999999999,0.18425292968749996
,23.499747557812498,92.34589769682519,0.029999999999999999,0.18323567708333321
,23.599746478906241,92.028934287132316,0.029999999999999999,0.18221842447916659
,23.699745400781239,92.198001486988758,0.029999999999999999,0.18120117187499996
,23.799744321874982,92.989895689509325,0.029999999999999999,0.18018391927083321
,23.899743242968725,93.917788719354178,0.029999999999999999,0.18120117187499996
,23.99974216953126,95.065255560536613,0.029999999999999999,0.18221842447916659
,24.099741100000017,95.801098334903415,0.029999999999999999,0.18323567708333321
,24.199740030468774,96.504640013993878,0.029999999999999999,0.18527018229166659
,24.299738960156276,96.011188616493413,0.029999999999999999,0.18527018229166659
,24.399737890624976,94.381231172321947,0.029999999999999999,0.18425292968749996
,24.499736821093734,92.726041861873853,0.029999999999999999,0.18323567708333321
,24.599735751562491,92.631027410406944,0.029999999999999999,0.18221842447916659
,24.699734681249993,92.472638032744811,0.029999999999999999,0.18018391927083321
,24.79973361171875,92.831596646930947,0.029999999999999999,0.18018391927083321
,24.899732542187508,93.81241427756882,0.029999999999999999,0.18018391927083321
,24.999731468749985,95.033701008795745,0.029999999999999999,0.18120117187499996
,25.099730396093776,96.504640013993878,0.029999999999999999,0.18221842447916659
,25.199729323437509,97.354206699559114,0.029999999999999999,0.18425292968749996
,25.299728250781243,96.798438333881535,0.029999999999999999,0.18425292968749996
,25.399727178124976,95.212490024179928,0.029999999999999999,0.18323567708333321
,25.499726104687511,93.622696559990644,0.029999999999999999,0.18221842447916659
,25.599725032031245,93.865103663767201,0.029999999999999999,0.18120117187499996
,25.699723959374978,94.054749628993136,0.029999999999999999,0.18120117187499996
,25.799722886718769,94.328584031800489,0.029999999999999999,0.18018391927083321
,25.899721813281246,94.970587334893452,0.029999999999999999,0.18120117187499996
,25.999720737500013,96.200213112090111,0.029999999999999999,0.18221842447916659
,26.099719662499979,97.479977899121423,0.029999999999999999,0.18323567708333321
,26.199718586718745,98.296928200287553,0.029999999999999999,0.18527018229166659
,26.299717511718768,97.647636773707433,0.029999999999999999,0.18527018229166659
,26.399716435937478,96.315701703280425,0.029999999999999999,0.18527018229166659
,26.499715360156245,94.560199414015059,0.029999999999999999,0.18323567708333321
,26.599714285156267,94.739118280224019,0.029999999999999999,0.18323567708333321
,26.699713209374977,94.075817947558932,0.029999999999999999,0.18221842447916659
,26.799712133593744,94.28646323009221,0.029999999999999999,0.18120117187499996
,26.899711062499989,94.833820103645664,0.029999999999999999,0.18120117187499996
,26.999709995312514,96.26320936558939,0.029999999999999999,0.18221842447916659
,27.099708927343727,97.479977899121423,0.029999999999999999,0.18323567708333321
,27.199707860156252,98.527175224263701,0.029999999999999999,0.18527018229166659
,27.299706792187521,97.616203868054015,0.029999999999999999,0.18527018229166659
,27.39970572499999,96.137210907825661,0.029999999999999999,0.18425292968749996
,27.499704657031259,94.465457683125834,0.029999999999999999,0.18323567708333321
,27.599703589843728,95.412255377060177,0.029999999999999999,0.18323567708333321
,27.699702522656253,94.707547942715721,0.029999999999999999,0.18221842447916659
,27.799701454687522,95.002144933902727,0.029999999999999999,0.18120117187499996
,27.899700383593768,95.843121714725527,0.029999999999999999,0.18120117187499996
,27.999699311718757,97.312277803306529,0.029999999999999999,0.18221842447916659
,28.099698240625003,98.23412027455602,0.029999999999999999,0.18425292968749996
,28.199697169531248,99.207006434522839,0.029999999999999999,0.18527018229166659
,28.299696097656238,98.474853064404044,0.029999999999999999,0.18628743489583321
,28.399695026562483,97.301795175384669,0.029999999999999999,0.18527018229166659
,28.499693955468729,94.896947004668959,0.029999999999999999,0.18323567708333321
,28.599692883593775,95.601450830564033,0.029999999999999999,0.18323567708333321
,28.699691812500021,94.423345798251106,0.029999999999999999,0.18120117187499996
,28.79969074062501,95.075773406138538,0.029999999999999999,0.18120117187499996
,28.89968966875,96.074202745170226,0.029999999999999999,0.18120117187499996
,28.999688597656245,97.354206699559114,0.029999999999999999,0.18120117187499996
,29.099687525781235,98.171306642081959,0.029999999999999999,0.18221842447916659
,29.199686453906224,99.227913863229347,0.029999999999999999,0.18425292968749996
,29.299685382812527,98.349263784468363,0.029999999999999999,0.18323567708333321
,29.399684310937516,97.427576053950276,0.029999999999999999,0.18323567708333321
,29.499683239062506,96.305203565705284,0.029999999999999999,0.18221842447916659
,29.599682167968751,96.158212304247215,0.029999999999999999,0.18120117187499996
,29.699681096093741,95.885142430529768,0.029999999999999999,0.18018391927083321
,29.799680024218731,96.28420679568093,0.029999999999999999,0.17916666666666659
,29.899678952343777,96.913824033327344,0.029999999999999999,0.17916666666666659
,29.999677881250022,98.129427712996375,0.029999999999999999,0.18120117187499996
,30.099676809375012,99.207006434522839,0.029999999999999999,0.18221842447916659
,30.199675737500002,99.854849186925918,0.029999999999999999,0.18323567708333321
,30.299674665624991,99.342893628006621,0.029999999999999999,0.18425292968749996
,30.399673593749981,98.09801684820323,0.029999999999999999,0.18323567708333321
,30.499672522656226,96.357692604823328,0.029999999999999999,0.18221842447916659
,30.599671450781273,96.357692604823328,0.029999999999999999,0.18120117187499996
,30.699670378906262,95.895647193493687,0.029999999999999999,0.18018391927083321
,30.799669303125029,96.38918405077176,0.029999999999999999,0.18018391927083321
,30.899668227343739,97.385651676518975,0.029999999999999999,0.18018391927083321
,30.999667150781249,99.102459966334578,0.029999999999999999,0.18120117187499996
,31.099666075000016,100.0637047022166,0.029999999999999999,0.18323567708333321
,31.199664998437527,100.44992677256658,0.029999999999999999,0.18425292968749996
,31.299663922656237,99.57279698356993,0.029999999999999999,0.18425292968749996
,31.399662846093747,97.773353964021226,0.029999999999999999,0.18323567708333321
,31.499661770312514,96.882357163058899,0.029999999999999999,0.18221842447916659
,31.599660694531224,97.217928330997395,0.029999999999999999,0.18221842447916659
,31.699659619531246,96.452162497682721,0.029999999999999999,0.18120117187499996
,31.799658547656236,96.630569305253161,0.029999999999999999,0.18018391927083321
,31.899657476562481,98.024719264766063,0.029999999999999999,0.18120117187499996
,31.999656404687528,99.227913863229347,0.029999999999999999,0.18120117187499996
,32.099655333593773,100.2411839110125,0.029999999999999999,0.18221842447916659
,32.199654261718763,101.2738721333569,0.029999999999999999,0.18425292968749996
,32.299653189843752,100.61687748329899,0.029999999999999999,0.18527018229166659
,32.399652118749998,98.976983654067055,0.029999999999999999,0.18425292968749996
,32.499651046874988,97.354206699559114,0.029999999999999999,0.18323567708333321
,32.599649975781233,97.448537275358575,0.029999999999999999,0.18323567708333321
,32.699648903906279,96.861378434541749,0.029999999999999999,0.18120117187499996
,32.799647833593724,97.123565745376638,0.029999999999999999,0.18120117187499996
,32.899646762500026,98.056133469396087,0.029999999999999999,0.18120117187499996
,32.999645692187528,98.987440871011643,0.029999999999999999,0.18221842447916659
,33.099644621093773,100.33512570384292,0.029999999999999999,0.18323567708333321
,33.199643550781275,100.7003383600938,0.029999999999999999,0.18425292968749996
,33.29964247968752,100.33512570384292,0.029999999999999999,0.18527018229166659
,33.399641409375022,99.342893628006621,0.029999999999999999,0.18425292968749996
,33.499640338281267,97.689545068255839,0.029999999999999999,0.18323567708333321
,33.599639267968769,97.448537275358575,0.029999999999999999,0.18221842447916659
,33.699638191406279,97.19696000167211,0.029999999999999999,0.18120117187499996
,33.799637114843733,97.700021740995723,0.029999999999999999,0.18018391927083321
,33.899636037499988,98.474853064404044,0.029999999999999999,0.18120117187499996
,33.999634960937499,99.917512263654288,0.029999999999999999,0.18221842447916659
,34.099633883593754,100.75249651709774,0.029999999999999999,0.18323567708333321
,34.199632807031264,101.59693817047037,0.029999999999999999,0.18425292968749996
,34.299631729687519,100.59601075749194,0.029999999999999999,0.18425292968749996
,34.39963065312503,99.112915313068015,0.029999999999999999,0.18323567708333321
,34.499629575781228,97.888574474520169,0.029999999999999999,0.18221842447916659
,34.599628499999994,98.495782401284544,0.029999999999999999,0.18120117187499996
,34.699627428124984,98.129427712996375,0.029999999999999999,0.18120117187499996
,34.79962635625003,98.485317811690052,0.029999999999999999,0.18018391927083321
,34.89962528437502,99.332441697175099,0.029999999999999999,0.18120117187499996
,34.999624212500009,100.07414587423011,0.029999999999999999,0.18221842447916659
,35.099623140624999,100.89851938162855,0.029999999999999999,0.18323567708333321
,35.199622068749989,101.69070492929541,0.029999999999999999,0.18425292968749996
,35.299620996874978,101.51357990639248,0.029999999999999999,0.18425292968749996
,35.399619925000025,99.886181414243737,0.029999999999999999,0.18323567708333321
,35.499618853125014,98.51671110753685,0.029999999999999999,0.18221842447916659
,35.599617782812516,98.422526961392919,0.029999999999999999,0.18120117187499996
,35.699616712500017,97.930468049624196,0.029999999999999999,0.18120117187499996
,35.799615642968774,98.380663237015966,0.029999999999999999,0.18018391927083321
,35.899614573437475,99.133825539685205,0.029999999999999999,0.18018391927083321
,35.999613503906232,100.62731062009307,0.029999999999999999,0.18120117187499996
,36.099612433593734,101.56567992913654,0.029999999999999999,0.18221842447916659
,36.199611364062491,102.58610030069738,0.029999999999999999,0.18425292968749996
,36.299610294531249,101.35725764577326,0.029999999999999999,0.18425292968749996
,36.399609225000006,100.4081830495298,0.029999999999999999,0.18323567708333321
,36.499608155468763,98.51671110753685,0.029999999999999999,0.18120117187499996
,36.599607083593753,99.060637022435245,0.029999999999999999,0.18120117187499996
,36.699606012499999,98.014247544842704,0.029999999999999999,0.17916666666666659
,36.799604941406244,98.882861674115958,0.029999999999999999,0.17916666666666659
,36.89960387031249,100.00105446596335,0.029999999999999999,0.17916666666666659
,36.999602799218735,101.49273886266538,0.029999999999999999,0.18018391927083321
,37.099601728124981,102.48203983909578,0.029999999999999999,0.18221842447916659
,37.199600657031226,103.24135047926323,0.029999999999999999,0.18323567708333321
,37.299599585937528,102.30510381846402,0.029999999999999999,0.18323567708333321
,37.399598514843774,100.64817644163129,0.029999999999999999,0.18221842447916659
,37.499597442187508,98.882861674115958,0.029999999999999999,0.18120117187499996
,37.59959636718753,99.290632424418661,0.029999999999999999,0.18018391927083321
,37.699595292187496,98.694579688048549,0.029999999999999999,0.17916666666666659
,37.799594217187519,99.405601961826463,0.029999999999999999,0.17814941406249996
,37.899593142187484,100.26206092772891,0.029999999999999999,0.17916666666666659
,37.999592067187507,101.85737195112694,0.029999999999999999,0.18018391927083321
,38.09959099218753,102.41959661666603,0.029999999999999999,0.18018391927083321
,38.199589917187495,103.3557010789584,0.029999999999999999,0.18221842447916659
,38.299588842187518,102.59650555205461,0.029999999999999999,0.18221842447916659
,38.399587767187484,101.13835038303004,0.029999999999999999,0.18120117187499996
,38.499586694531274,99.896625183769373,0.029999999999999999,0.18018391927083321
,38.599585622656264,100.0637047022166,0.029999999999999999,0.17916666666666659
,38.699584550781253,99.457854652953287,0.029999999999999999,0.17916666666666659
,38.799583479687499,99.614589568624865,0.029999999999999999,0.17814941406249996
,38.899582407812488,100.54384130345515,0.029999999999999999,0.17814941406249996
,38.999581336718734,101.5865189043071,0.029999999999999999,0.17916666666666659
,39.09958026484378,102.61731562167051,0.029999999999999999,0.18018391927083321
,39.199579193750026,103.51160603903986,0.029999999999999999,0.18120117187499996
,39.299578121875015,102.86699150765214,0.029999999999999999,0.18120117187499996
,39.399577050000005,101.69070492929541,0.029999999999999999,0.18120117187499996
,39.499575978124994,100.35599998888098,0.029999999999999999,0.17916666666666659
,39.599574905468728,100.22030628651093,0.029999999999999999,0.17916666666666659
,39.699573832812519,99.86529341585603,0.029999999999999999,0.17814941406249996
,39.799572760156252,100.44992677256658,0.029999999999999999,0.17713216145833321
,39.899571687499986,101.15920152072314,0.029999999999999999,0.17713216145833321
,39.999570614843776,102.28428505839133,0.029999999999999999,0.17916666666666659
,40.09956954218751,103.74020909620606,0.029999999999999999,0.18018391927083321
,40.199568469531243,104.44637117227718,0.029999999999999999,0.18221842447916659
,40.299567396874977,103.79215482272488,0.029999999999999999,0.18221842447916659
,40.399566323437512,102.29469451109684,0.029999999999999999,0.18120117187499996
,40.499565246875022,101.05493986778986,0.029999999999999999,0.18018391927083321
,40.599564170312476,100.78378960755401,0.029999999999999999,0.17916666666666659
,40.699563094531243,100.34556292216571,0.029999999999999999,0.17814941406249996
,40.799562017968753,100.51253781972568,0.029999999999999999,0.17814941406249996
,40.899560941406264,101.39894684074987,0.029999999999999999,0.17713216145833321
,40.999559865624974,102.9397980490445,0.029999999999999999,0.17814941406249996
,41.099558789062485,104.39446943546749,0.029999999999999999,0.18018391927083321
,41.199557712499995,104.81996167935939,0.029999999999999999,0.18221842447916659
,41.299556635937506,103.99990262074354,0.029999999999999999,0.18120117187499996
,41.399555560937529,102.78377542002634,0.029999999999999999,0.18120117187499996
,41.499554487500006,101.29471940243928,0.029999999999999999,0.18018391927083321
,41.599553414062484,101.87820268481561,0.029999999999999999,0.18018391927083321
,41.699552339843763,101.40936876889543,0.029999999999999999,0.17814941406249996
,41.79955126640624,101.65945066964747,0.029999999999999999,0.17814941406249996
,41.899550192968775,102.53407187709439,0.029999999999999999,0.17814941406249996
,41.999549118749997,103.3245162572627,0.029999999999999999,0.17916666666666659
,42.099548045312474,104.66432069168705,0.029999999999999999,0.18018391927083321
,42.199546971875009,105.24522299091578,0.029999999999999999,0.18221842447916659
,42.29954589765623,104.75770899959524,0.029999999999999999,0.18221842447916659
,42.399544825781277,102.95019841011631,0.029999999999999999,0.18120117187499996
,42.499543753906266,101.84695636419606,0.029999999999999999,0.18018391927083321
,42.599542682031256,101.72195786351888,0.029999999999999999,0.17916666666666659
,42.699541610156245,101.95110563440862,0.029999999999999999,0.17814941406249996
,42.799540538281235,102.58610030069738,0.029999999999999999,0.17814941406249996
,42.899539466406225,104.17644422681461,0.029999999999999999,0.17916666666666659
,42.999538394531271,104.43599110213245,0.029999999999999999,0.18018391927083321
,43.099537322656261,105.16226320274009,0.029999999999999999,0.18120117187499996
,43.19953625078125,105.8878673653517,0.029999999999999999,0.18221842447916659
,43.299535178124984,105.13115103390459,0.029999999999999999,0.18221842447916659
,43.39953410234375,103.77137695413272,0.029999999999999999,0.18221842447916659
,43.499533027343773,102.06565291961601,0.029999999999999999,0.17916666666666659
,43.599531952343739,102.59650555205461,0.029999999999999999,0.17916666666666659
,43.699530877343761,102.30510381846402,0.029999999999999999,0.17814941406249996
,43.799529801562528,103.15817559197762,0.029999999999999999,0.17814941406249996
,43.899528726562494,103.9895165624673,0.029999999999999999,0.17814941406249996
,43.999527651562516,104.58129948849592,0.029999999999999999,0.17916666666666659
,44.099526576562482,105.77388763914502,0.029999999999999999,0.18018391927083321
,44.199525501562505,106.59211083634817,0.029999999999999999,0.18221842447916659
,44.299524425000016,106.31255831634247,0.029999999999999999,0.18221842447916659
,44.399523346093758,104.81996167935939,0.029999999999999999,0.18120117187499996
,44.499522267968757,103.49082055267409,0.029999999999999999,0.18018391927083321
,44.599521189843756,103.90642305440875,0.029999999999999999,0.18018391927083321
,44.699520111718755,103.05419414728743,0.029999999999999999,0.17916666666666659
,44.799519033593754,103.44924788114317,0.029999999999999999,0.17814941406249996
,44.899517954687497,104.21797756798775,0.029999999999999999,0.17814941406249996
,44.999516876562495,105.68061940383194,0.029999999999999999,0.17916666666666659
,45.099515798437494,107.10954724767849,0.029999999999999999,0.18018391927083321
,45.199514720312493,107.86442042659866,0.029999999999999999,0.18221842447916659
,45.299513648437483,106.93365561999225,0.029999999999999999,0.18221842447916659
,45.399512578124984,105.75316230637775,0.029999999999999999,0.18120117187499996
,45.499511507031229,104.18682777110969,0.029999999999999999,0.18018391927083321
,45.599510436718731,104.5086486848646,0.029999999999999999,0.18018391927083321
,45.699509366406232,103.74020909620606,0.029999999999999999,0.17814941406249996
,45.799508296093734,104.49826944549504,0.029999999999999999,0.17814941406249996
,45.899507225781235,104.91333142820842,0.029999999999999999,0.17814941406249996
,45.999506155468737,106.60246278293036,0.029999999999999999,0.17916666666666659
,46.099505085156238,107.79206509390885,0.029999999999999999,0.18120117187499996
,46.199504014062484,108.80447279293834,0.029999999999999999,0.18221842447916659
,46.299502940625018,107.67835115665511,0.029999999999999999,0.18221842447916659
,46.399501867968752,105.82569861931067,0.029999999999999999,0.18120117187499996
,46.499500795312485,104.93407875250395,0.029999999999999999,0.18120117187499996
,46.59949972187502,105.26596157676749,0.029999999999999999,0.18018391927083321
,46.699498649218754,105.29706843569701,0.029999999999999999,0.18018391927083321
,46.799497576562487,105.89822835360772,0.029999999999999999,0.18018391927083321
,46.899496503125022,106.71632549899712,0.029999999999999999,0.18018391927083321
,46.999495430468755,107.56462166030268,0.029999999999999999,0.18120117187499996
,47.099494357812489,108.44303815507372,0.029999999999999999,0.18221842447916659
,47.199493285156279,109.32054229061571,0.029999999999999999,0.18323567708333321
,47.299492214062525,107.97810899348161,0.029999999999999999,0.18323567708333321
,47.39949114296877,106.78877530263991,0.029999999999999999,0.18221842447916659
,47.49949007109376,105.4525844020266,0.029999999999999999,0.18120117187499996
,47.599489000000005,106.02254976716645,0.029999999999999999,0.18120117187499996
,47.699487928906251,105.63916335383395,0.029999999999999999,0.18018391927083321
,47.799486857812497,106.41610753782278,0.029999999999999999,0.18018391927083321
,47.899485785937486,106.61281459764415,0.029999999999999999,0.18018391927083321
,47.999484714843732,107.71970347732376,0.029999999999999999,0.18120117187499996
,48.099483643749977,108.5153374150571,0.029999999999999999,0.18221842447916659
,48.19948256875,109.67129274954377,0.029999999999999999,0.18425292968749996
,48.29948149218751,109.06254642174274,0.029999999999999999,0.18425292968749996
,48.399480414843765,107.67835115665511,0.029999999999999999,0.18323567708333321
,48.499479338281276,106.18828172368158,0.029999999999999999,0.18221842447916659
,48.599478260937474,107.06816437635304,0.029999999999999999,0.18221842447916659
,48.699477184374985,106.49893737779284,0.029999999999999999,0.18120117187499996
,48.799476107812495,106.80947406438187,0.029999999999999999,0.18120117187499996
,48.89947503046875,107.31643036837205,0.029999999999999999,0.18120117187499996
,48.999473953906261,108.70122146037569,0.029999999999999999,0.18221842447916659
,49.099472876562515,109.9394179977929,0.029999999999999999,0.18323567708333321
,49.19947179921877,111.10378195543953,0.029999999999999999,0.18527018229166659
,49.299470721093769,110.12499490385143,0.029999999999999999,0.18628743489583321
,49.399469643750024,108.97997134392511,0.029999999999999999,0.18527018229166659
,49.499468566406279,107.24402718981185,0.029999999999999999,0.18425292968749996
,49.599467488281277,107.68868942962521,0.029999999999999999,0.18425292968749996
,49.699466410937475,107.11989263963616,0.029999999999999999,0.18323567708333321
,49.79946533359373,107.73004123625724,0.029999999999999999,0.18323567708333321
,49.899464255468729,108.40172151483807,0.029999999999999999,0.18323567708333321
,49.999463178124984,109.50625143799431,0.029999999999999999,0.18425292968749996
,50.09946210234375,110.24869100500047,0.029999999999999999,0.18527018229166659
,50.199461028125029,110.90811083593562,0.029999999999999999,0.18730468749999996
,50.299459954687507,109.96003959958365,0.029999999999999999,0.18628743489583321
,50.399458880468728,108.65991741510494,0.029999999999999999,0.18628743489583321
,50.499457807031263,107.32677316059305,0.029999999999999999,0.18425292968749996
,50.599456732812484,107.79206509390885,0.029999999999999999,0.18425292968749996
,50.699455659375019,107.83341176707044,0.029999999999999999,0.18323567708333321
,50.799454585156241,108.55664850393734,0.029999999999999999,0.18425292968749996
,50.899453511718775,108.69089563738464,0.029999999999999999,0.18323567708333321
,50.999452437499997,109.75380162799394,0.029999999999999999,0.18425292968749996
,51.099451363281275,110.89781116838182,0.029999999999999999,0.18527018229166659
,51.199450289062497,111.46411705184946,0.029999999999999999,0.18730468749999996
,51.299449215624975,110.83601066363121,0.029999999999999999,0.18730468749999996
,51.399448141406253,109.66097858836628,0.029999999999999999,0.18628743489583321
,51.499447067187475,108.22610320726696,0.029999999999999999,0.18527018229166659
,51.59944599375001,108.87674127512247,0.029999999999999999,0.18527018229166659
,51.699444919531231,108.35007287029937,0.029999999999999999,0.18425292968749996
,51.79944384531251,108.59795757787319,0.029999999999999999,0.18425292968749996
,51.899442771874988,109.63003536893551,0.029999999999999999,0.18323567708333321
,51.999441698437522,110.49603103768868,0.029999999999999999,0.18527018229166659
,52.099440627343768,111.5258743178056,0.029999999999999999,0.18628743489583321
,52.199439557031269,111.87575270145618,0.029999999999999999,0.18730468749999996
,52.299438485937515,111.38176746013514,0.029999999999999999,0.18832194010416659
,52.399437415625016,110.06314030901012,0.029999999999999999,0.18730468749999996
,52.499436344531262,108.8251215561871,0.029999999999999999,0.18628743489583321
,52.599435274218763,108.86641758140426,0.029999999999999999,0.18527018229166659
,52.699434203125008,108.24676608561829,0.029999999999999999,0.18425292968749996
,52.79943313281251,108.72187272989076,0.029999999999999999,0.18425292968749996
,52.899432061718755,109.17607415552646,0.029999999999999999,0.18425292968749996
,52.999430992187513,110.7742058694196,0.029999999999999999,0.18527018229166659
,53.099429923437526,111.66995821824933,0.029999999999999999,0.18527018229166659
,53.199428854687483,112.34890415453835,0.029999999999999999,0.18730468749999996
,53.29942778515624,111.50528903132243,0.029999999999999999,0.18730468749999996
,53.399426716406253,110.25899822695054,0.029999999999999999,0.18628743489583321
,53.499425647656267,109.05222497279506,0.029999999999999999,0.18425292968749996
,53.59942457890628,108.80447279293834,0.029999999999999999,0.18425292968749996
,53.699423510156237,108.28809032015791,0.029999999999999999,0.18221842447916659
,53.79942244140625,108.58763049818153,0.029999999999999999,0.18221842447916659
,53.899421371875007,109.86723855316842,0.029999999999999999,0.18221842447916659
,53.999420299999997,111.09348454256305,0.029999999999999999,0.18323567708333321
,54.099419227343731,112.07121443878114,0.029999999999999999,0.18425292968749996
,54.199418154687521,112.80125659312293,0.029999999999999999,0.18628743489583321
,54.299417081249999,112.10207300029948,0.029999999999999999,0.18628743489583321
,54.399416008593732,110.27961230831804,0.029999999999999999,0.18527018229166659
,54.499414935156267,108.90771160656602,0.029999999999999999,0.18323567708333321
,54.599413862500001,109.10383097368532,0.029999999999999999,0.18323567708333321
,54.699412789062478,108.8147972371419,0.029999999999999999,0.18221842447916659
,54.799411716406269,109.5165674418359,0.029999999999999999,0.18120117187499996
,54.899410642968746,110.71239677919807,0.029999999999999999,0.18120117187499996
,54.999409571874992,111.87575270145618,0.029999999999999999,0.18323567708333321
,55.099408501562493,113.37666061877137,0.029999999999999999,0.18425292968749996
,55.199407430468739,114.12621538029289,0.029999999999999999,0.18628743489583321
,55.29940636015624,112.51342151726928,0.029999999999999999,0.18628743489583321
,55.399405289062486,110.79480794450107,0.029999999999999999,0.18425292968749996
,55.499404218749987,109.60940594242601,0.029999999999999999,0.18425292968749996
,55.599403147656233,110.12499490385143,0.029999999999999999,0.18425292968749996
,55.699402077343734,109.89817333234764,0.029999999999999999,0.18425292968749996
,55.79940100624998,110.50633536754461,0.029999999999999999,0.18221842447916659
,55.89939993359377,111.07288936159476,0.029999999999999999,0.18323567708333321
,55.999398856250025,112.49285844902219,0.029999999999999999,0.20663248697916659
,56.099397779687479,113.5204566556382,0.029999999999999999,0.18628743489583321
,56.199396702343734,114.48538305345545,0.029999999999999999,0.18832194010416659
,56.299395624999988,113.85931824357462,0.029999999999999999,0.18832194010416659
,56.399394548437499,112.73958515654734,0.029999999999999999,0.18730468749999996
,56.499393471093754,111.5258743178056,0.029999999999999999,0.18730468749999996
,56.599392393750009,111.06259159344253,0.029999999999999999,0.18527018229166659
,56.699391317187519,110.55785521558271,0.029999999999999999,0.18527018229166659
,56.799390239843774,110.95960739021609,0.059999999999999998,0.18425292968749996
,56.899389167968764,116.97543215198735,0.059999999999999998,0.18527018229166659
,56.999388099218777,116.00269323802468,0.059999999999999998,0.18527018229166659
,57.099387030468733,115.29558866135835,0.059999999999999998,0.18730468749999996
,57.199385960937491,115.5518439508906,0.059999999999999998,0.18832194010416659
,57.299384892187504,114.47512297219407,0.059999999999999998,0.18933919270833321
,57.399383823437518,112.72930618634743,0.059999999999999998,0.18832194010416659
,57.499382753906275,111.48470327608392,0.059999999999999998,0.18730468749999996
,57.599381685156231,111.88604120448971,0.059999999999999998,0.18628743489583321
,57.699380616406245,111.26852448439071,0.059999999999999998,0.18628743489583321
,57.799379546875002,111.65966727065233,0.059999999999999998,0.18527018229166659
,57.899378475781248,112.27691857951621,0.059999999999999998,0.18527018229166659
,57.999377405468749,114.1980596183612,0.059999999999999998,0.18730468749999996
,58.099376334374995,115.38784819698711,0.059999999999999998,0.18730468749999996
,58.19937526328124,116.83213936507639,0.059999999999999998,0.18933919270833321
,58.299374192187486,116.1973155691874,0.059999999999999998,0.19035644531249996
,58.399373121093731,114.99824924809957,0.059999999999999998,0.18832194010416659
,58.499372049999977,113.49991570282815,0.059999999999999998,0.18832194010416659
,58.599370978906279,113.47937430435358,0.059999999999999998,0.18628743489583321
,58.699369907812525,113.25338943990313,0.059999999999999998,0.18628743489583321
,58.799368837500026,114.68030399529812,0.059999999999999998,0.18628743489583321
,58.899367767968727,115.34684502076641,0.059999999999999998,0.18628743489583321
,58.99936669921874,116.89355300366566,0.059999999999999998,0.18730468749999996
,59.099365629687497,117.83477325739682,0.059999999999999998,0.18832194010416659
,59.199364560156255,119.01011953664772,0.059999999999999998,0.19035644531249996
,59.299363491406268,118.08016990604449,0.059999999999999998,0.19035644531249996
,59.399362421875026,116.75024879886138,0.059999999999999998,0.18933919270833321
,59.499361352343726,115.6338316830379,0.059999999999999998,0.18832194010416659
,59.599360283593739,116.5147769157044,0.059999999999999998,0.18933919270833321
,59.699359214062497,116.00269323802468,0.059999999999999998,0.18832194010416659
,59.799358144531254,116.67858918541526,0.059999999999999998,0.18730468749999996
,59.899357075000012,117.5893194293316,0.059999999999999998,0.18730468749999996
,59.999356005468769,119.33694465159374,0.059999999999999998,0.18832194010416659
,60.099354935156271,120.50047320362367,0.059999999999999998,0.18933919270833321
,60.199353865625028,121.7137578433489,0.059999999999999998,0.19137369791666659
,60.299352796093729,120.92883784584944,0.059999999999999998,0.19137369791666659
,60.399351726562486,120.05153600941185,0.059999999999999998,0.19035644531249996
,60.499350657031243,119.09183500283785,0.059999999999999998,0.18933919270833321
,60.599349586718745,120.5310760404974,0.059999999999999998,0.19035644531249996
,60.699348517187502,120.05153600941185,0.059999999999999998,0.18933919270833321
,60.79934744374998,120.34744657484964,0.059999999999999998,0.19035644531249996
,60.899346370312514,120.67387834418196,0.059999999999999998,0.18933919270833321
,60.999345296874992,122.23334910387138,0.059999999999999998,0.19137369791666659
,61.099344223437527,122.88506360002194,0.059999999999999998,0.19239095052083321
,61.199343150000004,124.07557547932691,0.059999999999999998,0.19340820312499996
,61.299342076562482,123.72973336860744,0.059999999999999998,0.19442545572916659
,61.399341003125016,123.11918728341277,0.059999999999999998,0.19442545572916659
,61.499339929687494,121.22451969383346,0.059999999999999998,0.19239095052083321
,61.599338856250029,121.70356748050929,0.059999999999999998,0.19239095052083321
,61.69933778203125,121.31626757909808,0.059999999999999998,0.19035644531249996
,61.799336707031273,121.6628051399675,0.059999999999999998,0.19035644531249996
,61.899335632031239,122.7730753770237,0.059999999999999998,0.18933919270833321
,61.999334557031261,123.98403838897178,0.059999999999999998,0.19035644531249996
,62.099333481250028,124.65515552410051,0.059999999999999998,0.19137369791666659
,62.199332406249994,126.63596161364777,0.059999999999999998,0.19340820312499996
,62.299331331250016,126.48369730564465,0.059999999999999998,0.19442545572916659
,62.399330256249982,125.7424298344572,0.059999999999999998,0.19340820312499996
,62.499329181250005,123.81111664247246,0.059999999999999998,0.19137369791666659
,62.599328106250027,123.71956008331171,0.059999999999999998,0.19137369791666659
,62.699327030468737,123.53642661740125,0.059999999999999998,0.19035644531249996
,62.799325953906248,124.2484606010384,0.059999999999999998,0.18933919270833321
,62.899324877343759,125.21414906836233,0.059999999999999998,0.18933919270833321
,62.999323800781269,126.64611195623206,0.059999999999999998,0.19137369791666659
,63.09932272421878,127.74190531643478,0.059999999999999998,0.19239095052083321
,63.199321647656234,129.14084117933737,0.059999999999999998,0.19442545572916659
,63.299320571093745,128.6848163938044,0.059999999999999998,0.19442545572916659
,63.399319494531255,127.0013260778727,0.059999999999999998,0.19340820312499996
,63.49931841718751,126.24003849530246,0.059999999999999998,0.19239095052083321
,63.599317340625021,126.82880510541187,0.059999999999999998,0.19239095052083321
,63.699316267187498,126.70701241100247,0.059999999999999998,0.19137369791666659
,63.799315193749976,127.2549938468934,0.059999999999999998,0.19137369791666659
,63.899314120312511,128.42126977020556,0.059999999999999998,0.19137369791666659
,63.999313046874988,129.79929338564918,0.059999999999999998,0.19239095052083321
,64.099311972656267,130.81173327051485,0.059999999999999998,0.19340820312499996
,64.199310899218744,131.63132332697913,0.059999999999999998,0.19544270833333321
,64.299309825781279,130.98378157616108,0.059999999999999998,0.19544270833333321
,64.399308752343757,129.60685300916728,0.059999999999999998,0.19442545572916659
,64.499307678906234,128.75576300466429,0.059999999999999998,0.19340820312499996
,64.599306605468769,129.46503889688955,0.059999999999999998,0.19340820312499996
,64.699305533593758,128.95844844006879,0.059999999999999998,0.19137369791666659
,64.799304462500004,129.55620666890479,0.059999999999999998,0.19137369791666659
,64.899303390624993,130.82185428736693,0.059999999999999998,0.19137369791666659
,64.999302318749983,131.96510881273704,0.059999999999999998,0.19239095052083321
,65.099301246875029,132.92562344686479,0.059999999999999998,0.19340820312499996
,65.199300175781275,133.58249794445317,0.059999999999999998,0.19442545572916659
,65.299299103906264,133.62291268062549,0.059999999999999998,0.19544270833333321
,65.399298032031254,132.83465134087032,0.059999999999999998,0.19544270833333321
,65.4992969609375,131.36829158305443,0.059999999999999998,0.19340820312499996
,65.599295886718778,131.43911211825207,0.059999999999999998,0.19340820312499996
,65.699294811718744,131.58074368543089,0.059999999999999998,0.19137369791666659
,65.799293735937511,132.28871356500861,0.059999999999999998,0.19137369791666659
,65.899292660937476,133.15808521713052,0.059999999999999998,0.19137369791666659
,65.999291585156243,133.95629797096635,0.059999999999999998,0.19239095052083321
,66.099290510156266,135.07721891020449,0.059999999999999998,0.19340820312499996
,66.199289435156231,136.02592290614569,0.059999999999999998,0.19544270833333321
,66.299288359374998,135.46079646823949,0.059999999999999998,0.19544270833333321
,66.399287284375021,134.39061299584915,0.059999999999999998,0.19442545572916659
,66.49928620859373,133.31977879224095,0.059999999999999998,0.19340820312499996
,66.599285137499976,133.32988412675354,0.059999999999999998,0.19239095052083321
,66.699284067187477,133.39051486784086,0.059999999999999998,0.19137369791666659
,66.799282997656235,133.6734297587935,0.059999999999999998,0.19035644531249996
,66.899281927343736,135.21854636202698,0.059999999999999998,0.19137369791666659
,66.999280857031238,136.78252282143077,0.059999999999999998,0.19239095052083321
,67.099279786718739,137.83118714333887,0.059999999999999998,0.19340820312499996
,67.199278716406241,138.42585897697498,0.059999999999999998,0.19544270833333321
,67.299277646093742,137.95215138960651,0.059999999999999998,0.19442545572916659
,67.399276575781244,136.66148695756706,0.059999999999999998,0.19340820312499996
,67.499275504687489,135.18826283503344,0.059999999999999998,0.19137369791666659
,67.599274430468768,135.06712367019045,0.059999999999999998,0.19137369791666659
,67.699273355468733,134.90559214544911,0.059999999999999998,0.18933919270833321
,67.799272281250012,135.75347271463568,0.059999999999999998,0.18933919270833321
,67.899271206249978,137.52874474905411,0.059999999999999998,0.18933919270833321
,67.999270132031256,138.68786330748785,0.059999999999999998,0.19035644531249996
,68.099269057031279,139.72548517409282,0.059999999999999998,0.19137369791666659
,68.199267982812501,140.42031507382742,0.059999999999999998,0.19239095052083321
,68.299266907812523,139.96718977143922,0.059999999999999998,0.19340820312499996
,68.399265833593745,138.19405829789565,0.059999999999999998,0.19239095052083321
,68.499264760937479,137.07499496738282,0.059999999999999998,0.19035644531249996
,68.599263689843724,137.23634017255785,0.059999999999999998,0.18933919270833321
,68.69926261796877,137.43800311306595,0.059999999999999998,0.18933919270833321
,68.799261546875016,138.30492274499741,0.059999999999999998,0.18832194010416659
,68.899260475781261,140.07796221822505,0.059999999999999998,0.18933919270833321
,68.999259404687507,140.67201201732891,0.059999999999999998,0.19035644531249996
,69.099258333593752,141.83952879864361,0.059999999999999998,0.19137369791666659
,69.199257262499998,142.50355196782104,0.059999999999999998,0.19239095052083321
,69.299256190624988,142.08101256735887,0.059999999999999998,0.19239095052083321
,69.399255119531233,140.65187728486336,0.059999999999999998,0.19137369791666659
,69.499254044531256,139.72548517409282,0.059999999999999998,0.19137369791666659
,69.599252968750022,139.93697814429802,0.059999999999999998,0.19035644531249996
,69.699251892968732,139.81612750565753,0.059999999999999998,0.19645996093749996
,69.799250817187499,140.20886800931706,0.059999999999999998,0.19137369791666659
,69.899249741406265,141.22564831354049,0.059999999999999998,0.18730468749999996
,69.999248665624975,142.23192779852576,0.059999999999999998,0.18730468749999996
,70.099247589843742,143.5998125078965,0.059999999999999998,0.19035644531249996
,70.199246514062509,144.71572011181655,0.059999999999999998,0.19035644531249996
,70.299245438281275,144.08242349178525,0.059999999999999998,0.19035644531249996
,70.399244364062497,142.94613563482903,0.059999999999999998,0.19035644531249996
,70.499243291406231,141.98039724390858,0.059999999999999998,0.18832194010416659
,70.599242218750021,142.14137977344936,0.059999999999999998,0.18832194010416659
,70.699241146093755,141.87977776103594,0.059999999999999998,0.18730468749999996
,70.799240073437488,142.30235173892706,0.059999999999999998,0.18628743489583321
,70.899239000781279,143.74058306740872,0.059999999999999998,0.18628743489583321
,70.999237928125012,145.15793720579276,0.059999999999999998,0.18832194010416659
,71.099236855468746,146.67503718593039,0.059999999999999998,0.18933919270833321
,71.19923578281248,147.15713662294127,0.059999999999999998,0.19035644531249996
,71.29923471015627,146.26318503643864,0.059999999999999998,0.19035644531249996
,71.39923363437498,144.28348586761655,0.059999999999999998,0.18933919270833321
,71.499232557031235,143.11711322423579,0.059999999999999998,0.18730468749999996
,71.599231478906233,143.76069253736472,0.059999999999999998,0.18730468749999996
,71.699230401562488,143.68025374386235,0.059999999999999998,0.18628743489583321
,71.799229323437487,144.08242349178525,0.059999999999999998,0.18628743489583321
,71.899228246093742,145.37902005865905,0.059999999999999998,0.18628743489583321
,71.999227167968741,146.57459050183905,0.059999999999999998,0.18730468749999996
,72.099226090624995,147.89019154234572,0.059999999999999998,0.18832194010416659
,72.199225012499994,148.88408034116964,0.059999999999999998,0.19035644531249996
,72.299223935156249,148.62308650445263,0.059999999999999998,0.19035644531249996
,72.39922285859376,146.80561304681734,0.059999999999999998,0.18832194010416659
,72.499221781250014,146.20290935399197,0.059999999999999998,0.18832194010416659
,72.599220704687525,146.49423081488075,0.059999999999999998,0.18730468749999996
,72.69921962734378,146.29332243047523,0.059999999999999998,0.18628743489583321
,72.799218550781234,146.44400494963293,0.059999999999999998,0.18628743489583321
,72.899217473437488,147.50862173559011,0.059999999999999998,0.18527018229166659
,72.999216396874999,148.7736622141729,0.059999999999999998,0.18628743489583321
,73.099215319531254,149.90779844616912,0.059999999999999998,0.18730468749999996
,73.199214242968765,150.65032360721409,0.059999999999999998,0.18832194010416659
,73.299213167187474,150.19880477874193,0.059999999999999998,0.18832194010416659
,73.399212093750009,148.91419378333552,0.059999999999999998,0.18832194010416659
,73.499211019531231,147.65924663997762,0.059999999999999998,0.18730468749999996
,73.599209946093765,148.23155933664549,0.059999999999999998,0.18628743489583321
,73.699208872656243,147.79982370156984,0.059999999999999998,0.18527018229166659
,73.799207799218777,148.56285441932692,0.059999999999999998,0.18527018229166659
,73.899206725781255,149.89776335333559,0.059999999999999998,0.18527018229166659
,73.999205652343733,150.98140522393004,0.059999999999999998,0.18628743489583321
,74.099204578906267,152.28541432833612,0.059999999999999998,0.18730468749999996
,74.199203505468745,152.98741636920363,0.059999999999999998,0.18832194010416659
,74.299202435156246,152.38570680313782,0.059999999999999998,0.18832194010416659
,74.399201367968772,151.30242873919286,0.059999999999999998,0.18832194010416659
,74.49920030078124,150.14863283084739,0.059999999999999998,0.18628743489583321
,74.599199232812509,150.26904442456922,0.059999999999999998,0.18628743489583321
,74.699198165624978,150.09846023678799,0.059999999999999998,0.18425292968749996
,74.799197097656247,150.64029041024824,0.059999999999999998,0.18425292968749996
,74.899196030468772,151.61339705107855,0.059999999999999998,0.18425292968749996
,74.999194962499985,153.2481336992746,0.059999999999999998,0.18527018229166659
,75.09919389531251,154.43122084854036,0.059999999999999998,0.18628743489583321
,75.199192828124978,155.77441865530355,0.059999999999999998,0.18933919270833321
,75.299191753906257,154.95249862202786,0.059999999999999998,0.18832194010416659
,75.399190679687479,153.71939570263251,0.059999999999999998,0.18832194010416659
,75.499189605468757,152.05473324630273,0.059999999999999998,0.18628743489583321
,75.599188531249979,152.07479293892285,0.059999999999999998,0.18628743489583321
,75.699187457031258,152.33556084003155,0.059999999999999998,0.18527018229166659
,75.799186382812479,152.91722085157744,0.059999999999999998,0.18425292968749996
,75.899185308593758,153.70936930729218,0.059999999999999998,0.18425292968749996
,75.999184234374979,154.91240203671148,0.059999999999999998,0.18527018229166659
,76.099183160156258,155.55391451251654,0.059999999999999998,0.18628743489583321
,76.199182086718736,156.56616613637976,0.059999999999999998,0.18832194010416659
,76.299181017187493,156.24546985594603,0.059999999999999998,0.18730468749999996
,76.399179946874995,155.06276279575323,0.059999999999999998,0.18730468749999996
,76.499178876562496,153.75950108875423,0.059999999999999998,0.18628743489583321
,76.599177806249998,154.56154484416646,0.059999999999999998,0.18628743489583321
,76.699176735937499,154.62169334638838,0.059999999999999998,0.18425292968749996
,76.799175666406256,154.89235363905067,0.059999999999999998,0.18425292968749996
,76.899174596093758,155.9247579190226,0.059999999999999998,0.18425292968749996
,76.999173525781259,156.96701529265277,0.059999999999999998,0.18527018229166659
,77.099172455468761,157.80872629672726,0.059999999999999998,0.18628743489583321
,77.199171382031238,158.55015878747631,0.059999999999999998,0.18730468749999996
,77.299170306250005,157.90892381070714,0.059999999999999998,0.18730468749999996
,77.399169230468772,157.05720320509806,0.059999999999999998,0.18628743489583321
,77.499168153906226,155.9247579190226,0.059999999999999998,0.18527018229166659
,77.599167078124992,156.41584166994608,0.059999999999999998,0.18425292968749996
,77.699166002343759,157.85882521200841,0.059999999999999998,0.18628743489583321
,77.79916492578127,157.91894349263399,0.059999999999999998,0.18527018229166659
,77.899163849999979,157.61834749592143,0.059999999999999998,0.18527018229166659
,77.999162774218746,158.34977813985867,0.059999999999999998,0.18628743489583321
,78.099161697656257,158.85072112912522,0.059999999999999998,0.18628743489583321
,78.199160624218734,159.28150986421002,0.059999999999999998,0.18730468749999996
,78.299159550781269,159.07112714917528,0.059999999999999998,0.18730468749999996
,78.399158477343747,158.54013986596701,0.059999999999999998,0.18730468749999996
,78.49915740468748,157.60832742950257,0.059999999999999998,0.18628743489583321
,78.599156331250015,158.6603661646669,0.059999999999999998,0.18628743489583321
,78.699155257812492,157.94900246307813,0.059999999999999998,0.18425292968749996
,78.799154184375027,158.72047869754232,0.059999999999999998,0.18425292968749996
,78.899153110937505,159.15127349571316,0.059999999999999998,0.18425292968749996
,78.999152037499982,160.32334039452249,0.059999999999999998,0.18425292968749996
,79.099150965625029,161.00448480912462,0.059999999999999998,0.18527018229166659
,79.199149893750018,162.18638851207157,0.059999999999999998,0.18730468749999996
,79.299148822656264,161.48527079274331,0.059999999999999998,0.18628743489583321
,79.399147751562509,160.80415214812416,0.059999999999999998,0.18628743489583321
,79.499146680468755,159.42176244932256,0.059999999999999998,0.18425292968749996
,79.599145609375,160.11297898773765,0.059999999999999998,0.18425292968749996
,79.69914453749999,159.93266601826878,0.059999999999999998,0.18323567708333321
,79.799143466406235,160.79413543159345,0.059999999999999998,0.18323567708333321
,79.899142395312481,161.74568968076238,0.059999999999999998,0.18323567708333321
,79.999141324218726,162.78732311595027,0.059999999999999998,0.18425292968749996
,80.099140251562517,163.69870682077482,0.059999999999999998,0.18527018229166659
,80.199139177343739,164.25954226300286,0.059999999999999998,0.18628743489583321
,80.299138103125017,163.34817888636704,0.059999999999999998,0.18628743489583321
,80.399137028124983,162.486858294776,0.059999999999999998,0.18628743489583321
,80.499135953906261,161.15473226597072,0.059999999999999998,0.18527018229166659
,80.599134879687483,162.09624654964597,0.059999999999999998,0.18527018229166659
,80.699133805468762,161.57541631540997,0.059999999999999998,0.18425292968749996
,80.799132731249983,162.34663970471959,0.059999999999999998,0.18323567708333321
,80.899131656250006,162.96759979376012,0.059999999999999998,0.18323567708333321
,80.999130582031228,164.71020683914077,0.059999999999999998,0.18527018229166659
,81.099129505468738,165.90194547951276,0.059999999999999998,0.18527018229166659
,81.199128429687505,166.85332626998002,0.059999999999999998,0.18730468749999996
,81.299127353125016,166.05216354909228,0.059999999999999998,0.18832194010416659
,81.399126276562527,164.79032446600854,0.059999999999999998,0.18628743489583321
,81.499125200781236,163.69870682077482,0.059999999999999998,0.18628743489583321
,81.599124124218747,164.28958673766599,0.059999999999999998,0.18527018229166659
,81.699123047656258,163.61858657575354,0.059999999999999998,0.18425292968749996
,81.799121971875024,164.18943838584963,0.059999999999999998,0.18425292968749996
,81.899120895312478,164.97058863167791,0.059999999999999998,0.18425292968749996
,81.999119819531245,166.69309358157838,0.059999999999999998,0.18527018229166659
,82.099118746093779,167.86480167740211,0.059999999999999998,0.18628743489583321
,82.199117672656257,168.87629846516731,0.059999999999999998,0.18730468749999996
,82.299116599218735,168.28542071230825,0.059999999999999998,0.18730468749999996
,82.399115525781269,167.11370480840066,0.059999999999999998,0.18628743489583321
,82.499114452343747,165.73169816990486,0.059999999999999998,0.18527018229166659
,82.599113378906225,166.32255588794681,0.059999999999999998,0.18425292968749996
,82.699112305468759,166.81326808272539,0.059999999999999998,0.18527018229166659
,82.799111232031237,166.71312265943092,0.059999999999999998,0.18323567708333321
,82.899110158593771,167.65449361007367,0.059999999999999998,0.18425292968749996
,82.999109084374993,169.17674921070198,0.059999999999999998,0.18527018229166659
,83.099108010156272,170.39862159153128,0.059999999999999998,0.18730468749999996
,83.199106935937493,171.09973088041363,0.059999999999999998,0.18832194010416659
,83.299105861718772,170.44869989217571,0.059999999999999998,0.18933919270833321
,83.399104787499994,169.44715782858955,0.059999999999999998,0.18832194010416659
,83.499103713281272,167.72459620409697,0.059999999999999998,0.18628743489583321
,83.599102639062494,168.12518438966714,0.059999999999999998,0.18628743489583321
,83.699101564843772,168.15522865077384,0.059999999999999998,0.18527018229166659
,83.799100490624994,169.24685486924321,0.059999999999999998,0.18527018229166659
,83.899099416406273,170.15824760945677,0.059999999999999998,0.18628743489583321
,83.999098340624982,171.30005331960004,0.059999999999999998,0.18628743489583321
,84.099097264062493,172.16147104034104,0.059999999999999998,0.18832194010416659
,84.19909618828126,172.80256237685623,0.059999999999999998,0.18933919270833321
,84.299095112500027,171.96113657805861,0.059999999999999998,0.19035644531249996
,84.399094036718736,170.87937911441855,0.059999999999999998,0.18933919270833321
,84.499092960937503,169.77766143143532,0.059999999999999998,0.18832194010416659
,84.599091884375014,169.66749302698088,0.059999999999999998,0.18628743489583321
,84.69909080859378,169.44715782858955,0.059999999999999998,0.18628743489583321
,84.799089732812547,170.24838749755327,0.059999999999999998,0.18527018229166659
,84.899088656250058,171.54044372740438,0.059999999999999998,0.18527018229166659
,84.999087578125057,173.12312080997776,0.059999999999999998,0.18628743489583321
,85.099086500000055,174.4455243150949,0.059999999999999998,0.18832194010416659
,85.199085421875054,175.28714659414666,0.059999999999999998,0.18933919270833321
,85.299084343750053,174.69599913596866,0.059999999999999998,0.18933919270833321
,85.399083265625052,173.70415629768092,0.059999999999999998,0.18933919270833321
,85.499082186718795,172.78252776596864,0.059999999999999998,0.18832194010416659
,85.599081108593793,173.18322651107249,0.059999999999999998,0.18730468749999996
,85.699080030468792,172.78252776596864,0.059999999999999998,0.18730468749999996
,85.799078952343791,172.79254506719766,0.059999999999999998,0.18628743489583321
,85.899077876562558,173.63402966971981,0.059999999999999998,0.18527018229166659
,85.99907680468749,174.97653889428102,0.059999999999999998,0.18628743489583321
,86.099075732031281,176.78022653068476,0.059999999999999998,0.18832194010416659
,86.199074659374958,178.24352657166369,0.059999999999999998,0.18933919270833321
,86.299073587500004,177.66217989732206,0.059999999999999998,0.19035644531249996
,86.399072514843795,176.24909956719259,0.059999999999999998,0.18933919270833321
,86.499071442968727,174.64590364196593,0.059999999999999998,0.18832194010416659
,86.599070370312518,174.61584647352672,0.059999999999999998,0.18730468749999996
,86.699069297656308,174.22511186543178,0.059999999999999998,0.18628743489583321
,86.799068225781241,174.95650005602545,0.059999999999999998,0.18628743489583321
,86.899067151562519,176.25912049996003,0.059999999999999998,0.18628743489583321
,86.999066077343798,177.8826850042762,0.059999999999999998,0.18730468749999996
,87.099065002343707,178.94521809463959,0.059999999999999998,0.18933919270833321
,87.199063928124986,179.82745277945193,0.059999999999999998,0.19035644531249996
,87.299062853125008,179.01539136299934,0.059999999999999998,0.19035644531249996
,87.399061778125031,177.53188464049919,0.059999999999999998,0.19035644531249996
,87.499060703906196,176.63992533061602,0.059999999999999998,0.18933919270833321
,87.599059628906218,176.88044324570072,0.059999999999999998,0.18832194010416659
,87.699058554687497,176.63992533061602,0.059999999999999998,0.18730468749999996
,87.799057480468775,177.51183942633003,0.059999999999999998,0.18730468749999996
,87.899056404687542,178.94521809463959,0.059999999999999998,0.18730468749999996
,87.999055329687451,179.97784619175744,0.059999999999999998,0.18832194010416659
,88.099054253906218,180.91037007427602,0.059999999999999998,0.18933919270833321
,88.199053178124984,181.24130173866652,0.059999999999999998,0.19035644531249996
,88.299052103125007,181.05076296774448,0.059999999999999998,0.19035644531249996
,88.399051027343774,180.23853697391903,0.059999999999999998,0.19035644531249996
,88.499049952343796,179.28606686594804,0.059999999999999998,0.18933919270833321
,88.599048876562449,179.7873484956973,0.059999999999999998,0.18933919270833321
,88.699047800781216,179.40637078946435,0.059999999999999998,0.18832194010416659
,88.799046725781238,179.677063066144,0.059999999999999998,0.18730468749999996
,88.899045650781261,180.41902187779991,0.059999999999999998,0.18730468749999996
,88.999044575000028,181.67254504265429,0.059999999999999998,0.18832194010416659
,89.099043499218794,183.22731400389779,0.059999999999999998,0.19035644531249996
,89.199042423437447,183.84935333478745,0.059999999999999998,0.19137369791666659
,89.299041347656214,183.28750797954066,0.059999999999999998,0.19239095052083321
,89.399040272656237,182.14394283350424,0.059999999999999998,0.19137369791666659
,89.499039196875003,181.16107410386149,0.059999999999999998,0.19035644531249996
,89.59903812109377,181.58228203620061,0.059999999999999998,0.18933919270833321
,89.699037045312537,181.49202050840861,0.059999999999999998,0.18832194010416659
,89.799035973437469,181.97343250502232,0.059999999999999998,0.18832194010416659
,89.899034902343772,183.08686417524748,0.059999999999999998,0.18832194010416659
,89.999033832031216,184.65210146078485,0.059999999999999998,0.18933919270833321
,90.099032760937519,186.17770168916198,0.059999999999999998,0.19035644531249996
,90.199031690624963,186.81017452774867,0.059999999999999998,0.19239095052083321
,90.299030619531266,186.32828221322384,0.059999999999999998,0.19239095052083321
,90.39902954921871,184.67217188689722,0.059999999999999998,0.19137369791666659
,90.499028478125012,183.57845569130197,0.059999999999999998,0.19035644531249996
,90.599027407031201,184.21057346600816,0.059999999999999998,0.19035644531249996
,90.699026335937504,183.76908581734415,0.059999999999999998,0.18933919270833321
,90.799025261718782,184.35105523096561,0.059999999999999998,0.18832194010416659
,90.899024186718805,185.71595309162379,0.059999999999999998,0.18832194010416659
,90.99902311249997,187.07122182711205,0.059999999999999998,0.18933919270833321
,91.099022037499992,188.43696218724568,0.059999999999999998,0.19035644531249996
,91.199020963281271,189.28073423890092,0.059999999999999998,0.19239095052083321
,91.299019888281293,189.01954779305518,0.059999999999999998,0.19239095052083321
,91.399018814062458,187.72390984549918,0.059999999999999998,0.19239095052083321
,91.499017739062481,187.13146575949744,0.059999999999999998,0.19137369791666659
,91.599016664843759,187.45278108467946,0.059999999999999998,0.19137369791666659
,91.699015591406294,186.94069620358215,0.059999999999999998,0.19035644531249996
,91.799014520312483,186.91057546718065,0.059999999999999998,0.18933919270833321
,91.899013449218785,187.98501336935308,0.059999999999999998,0.18933919270833321
,91.999012378124974,189.75292261780879,0.059999999999999998,0.19137369791666659
,92.099011307031276,191.37085588071869,0.059999999999999998,0.19239095052083321
,92.199010235937465,191.75282951765749,0.059999999999999998,0.19442545572916659
,92.299009164843767,191.12962955872854,0.059999999999999998,0.19442545572916659
,92.399008093749956,189.80315876024176,0.059999999999999998,0.19442545572916659
,92.499007022656258,188.94923127813982,0.059999999999999998,0.19340820312499996
,92.599005951562447,189.37114892238191,0.059999999999999998,0.19239095052083321
,92.699004878906237,189.19032161165453,0.059999999999999998,0.19239095052083321
,92.799003804687516,189.68259310092495,0.059999999999999998,0.19239095052083321
,92.89900273125005,190.95877029573992,0.059999999999999998,0.19239095052083321
,92.999001657031215,191.71261991101761,0.059999999999999998,0.19239095052083321
,93.09900058359375,193.22078420335112,0.059999999999999998,0.19442545572916659
,93.198999509375028,193.82422818869352,0.059999999999999998,0.19645996093749996
,93.298998435156307,193.49232119016321,0.059999999999999998,0.19544270833333321
,93.398997361718727,192.37613478422853,0.059999999999999998,0.19544270833333321
,93.498996287500006,191.25024077586735,0.059999999999999998,0.19442545572916659
,93.598995214062541,191.74277707492325,0.059999999999999998,0.19442545572916659
,93.698994142187473,191.53168209196241,0.059999999999999998,0.19340820312499996
,93.79899307031252,191.87346096961679,0.059999999999999998,0.19340820312499996
,93.898991998437452,193.00960315457894,0.059999999999999998,0.19340820312499996
,93.998990926562499,194.13604835377978,0.059999999999999998,0.19544270833333321
,94.098989854687545,195.18236101892464,0.059999999999999998,0.19645996093749996
,94.198988782812478,196.07802025924812,0.059999999999999998,0.19747721354166659
,94.298987710937524,195.34336076345764,0.059999999999999998,0.19747721354166659
,94.398986639062457,194.29699876267173,0.059999999999999998,0.19645996093749996
,94.498985567187503,193.6733574751602,0.059999999999999998,0.19544270833333321
,94.598984494531294,194.08575288592738,0.059999999999999998,0.19544270833333321
,94.698983422656227,194.01534045597407,0.059999999999999998,0.19340820312499996
,94.798982350781273,194.71952938464958,0.059999999999999998,0.19442545572916659
,94.898981278906206,195.69557459343397,0.059999999999999998,0.19442545572916659
,94.998980207031252,196.77257429271364,0.059999999999999998,0.19544270833333321
,95.098979135156299,198.27291599522124,0.059999999999999998,0.19645996093749996
,95.198978063281231,199.23995490381668,0.059999999999999998,0.19849446614583321
,95.298976991406278,198.46428546821426,0.059999999999999998,0.19849446614583321
,95.39897591953121,196.91351628144008,0.059999999999999998,0.19747721354166659
,95.498974847656257,195.61506531035485,0.059999999999999998,0.19645996093749996
,95.598973778906213,196.07802025924812,0.059999999999999998,0.19544270833333321
,95.698972710937539,195.83647051201535,0.059999999999999998,0.19442545572916659
,95.798971642968752,196.77257429271364,0.059999999999999998,0.19442545572916659
,95.89897057578122,197.56797013082129,0.059999999999999998,0.19340820312499996
,95.998969507812546,199.3507805785664,0.059999999999999998,0.19544270833333321
,96.098968439843759,200.74147859903906,0.059999999999999998,0.19645996093749996
,96.198967371874971,201.67904822310862,0.059999999999999998,0.19849446614583321
,96.298966304687553,200.8120381769867,0.059999999999999998,0.19849446614583321
,96.398965236718766,200.31815564968127,0.059999999999999998,0.19849446614583321
,96.498964168749978,199.22988003876046,0.059999999999999998,0.19747721354166659
,96.598963096875025,199.55229196768011,0.059999999999999998,0.19747721354166659
,96.698962024999958,199.42130807146873,0.059999999999999998,0.19544270833333321
,96.798960952343748,199.73366346439065,0.059999999999999998,0.19544270833333321
,96.898959880468794,200.31815564968127,0.059999999999999998,0.19544270833333321
,96.998958808593727,201.61855099278401,0.059999999999999998,0.19747721354166659
,97.098957736718774,202.74803660734429,0.059999999999999998,0.19747721354166659
,97.19895666406245,203.70642408228139,0.059999999999999998,0.19951171874999996
,97.298955592187497,202.67743105797558,0.059999999999999998,0.19951171874999996
,97.398954520312543,201.67904822310862,0.059999999999999998,0.19849446614583321
,97.498953449218732,200.47941457158967,0.059999999999999998,0.19747721354166659
,97.598952381250058,201.02372681471184,0.059999999999999998,0.19747721354166659
,97.69895131328127,200.92292084675577,0.059999999999999998,0.19645996093749996
,97.798950246093739,202.17315509413282,0.059999999999999998,0.19645996093749996
,97.898949178124951,203.07082656499534,0.059999999999999998,0.19645996093749996
,97.998948110937533,204.71559732695547,0.059999999999999998,0.19849446614583321
,98.098947042968746,205.48280842763882,0.059999999999999998,0.19951171874999996
,98.198945974999958,205.92707879964505,0.059999999999999998,0.20052897135416659
,98.29894490781254,205.09917685454926,0.059999999999999998,0.20154622395833327
,98.398943839843753,204.0898680297415,0.059999999999999998,0.20052897135416659
,98.498942768750055,202.48579599923136,0.059999999999999998,0.19849446614583321
,98.598941695312476,203.48445354015647,0.059999999999999998,0.19849446614583321
,98.69894062187501,202.81864386092917,0.059999999999999998,0.19747721354166659
,98.798939548437545,203.45418615068658,0.059999999999999998,0.19645996093749996
,98.898938474999966,203.95868408112841,0.059999999999999998,0.19645996093749996
,98.9989374015625,205.2606995780352,0.059999999999999998,0.19747721354166659
,99.098936328125035,206.73502426005459,0.059999999999999998,0.19849446614583321
,99.198935254687456,207.60382878849458,0.059999999999999998,0.19951171874999996
,99.29893418124999,206.88654021968816,0.059999999999999998,0.19951171874999996
,99.398933107812525,206.09874759807707,0.059999999999999998,0.19951171874999996
,99.498932032031291,204.57429161615636,0.059999999999999998,0.19849446614583321
,99.598930956250058,205.20012747409584,0.059999999999999998,0.19849446614583321
,99.698929881249967,204.68531694084953,0.059999999999999998,0.19645996093749996
,99.798928805468734,205.08908199091573,0.059999999999999998,0.19544270833333321
,99.8989277296875,205.9472745814638,0.059999999999999998,0.19544270833333321
,99.998926653906267,207.53310187611891,0.059999999999999998,0.19645996093749996
,100.09892557890629,208.56387527050219,0.059999999999999998,0.19747721354166659
,100.19892450312506,209.68604519391286,0.059999999999999998,0.19849446614583321
,100.29892342734371,209.0895182748352,0.059999999999999998,0.19951171874999996
,100.39892235156248,207.89685975617738,0.059999999999999998,0.19849446614583321
,100.49892127734375,206.33102220055079,0.059999999999999998,0.19747721354166659
,100.59892020234378,207.43206659470636,0.059999999999999998,0.19645996093749996
,100.6989191273438,206.49261596758382,0.059999999999999998,0.19544270833333321
,100.79891805234371,207.03806448892033,0.059999999999999998,0.19442545572916659
,100.89891697812499,207.82612526725825,0.059999999999999998,0.19442545572916659
,100.99891590312501,209.47370685681616,0.059999999999999998,0.19544270833333321
,101.09891482812503,211.16277009228935,0.059999999999999998,0.19645996093749996
,101.1989137539062,212.34676945314391,0.059999999999999998,0.19849446614583321
,101.29891267890622,211.55737719327834,0.059999999999999998,0.19849446614583321
,101.39891160546875,209.63548692039174,0.059999999999999998,0.19747721354166659
,101.49891053281254,208.21013454750931,0.059999999999999998,0.19645996093749996
,101.59890946015622,208.80646702491572,0.059999999999999998,0.19544270833333321
,101.69890838750001,208.53355282976202,0.059999999999999998,0.19544270833333321
,101.7989073148438,208.94798893748421,0.059999999999999998,0.19442545572916659
,101.89890624218748,209.63548692039174,0.059999999999999998,0.19442545572916659
,101.99890516953127,211.32465302956498,0.059999999999999998,0.19544270833333321
,102.09890409687495,212.72130820275058,0.059999999999999998,0.19645996093749996
,102.19890302421874,213.49080050407338,0.059999999999999998,0.19747721354166659
,102.29890195078127,212.69093818833667,0.059999999999999998,0.19747721354166659
,102.39890087656255,211.41571655460086,0.059999999999999998,0.19747721354166659
,102.49889980156246,209.78716460667661,0.059999999999999998,0.19544270833333321
,102.59889872734374,210.36361841744483,0.059999999999999998,0.19544270833333321
,102.69889765234376,209.94896362396813,0.059999999999999998,0.19340820312499996
,102.79889657812504,210.62660374237956,0.059999999999999998,0.19340820312499996
,102.89889550312495,211.61809123319151,0.059999999999999998,0.19340820312499996
,102.99889442890623,212.84279180895155,0.059999999999999998,0.19442545572916659
,103.09889335390625,213.73384563463529,0.059999999999999998,0.19544270833333321
,103.19889227968753,214.39220808237815,0.059999999999999998,0.19544270833333321
,103.29889120468755,213.48067412021123,0.059999999999999998,0.19544270833333321
,103.39889013046871,212.56946167616823,0.059999999999999998,0.19442545572916659
,103.49888905624999,211.64844877952547,0.059999999999999998,0.19442545572916659
,103.59888798203127,211.94192317580698,0.059999999999999998,0.19340820312499996
,103.69888690781255,211.60797212907528,0.059999999999999998,0.19239095052083321
,103.79888583359372,211.89132179737186,0.059999999999999998,0.19137369791666659
,103.89888476015625,213.08577607544336,0.059999999999999998,0.19137369791666659
,103.99888368593753,214.53403132019213,0.059999999999999998,0.19239095052083321
,104.09888261171881,215.83106618882778,0.059999999999999998,0.19239095052083321
,104.19888153749997,216.82455651838887,0.059999999999999998,0.19442545572916659
,104.29888046406251,216.59135534064851,0.059999999999999998,0.19442545572916659
,104.39887939218755,215.16220017697646,0.059999999999999998,0.19442545572916659
,104.49887831953123,213.60219334745329,0.059999999999999998,0.19239095052083321
,104.59887724765628,214.02755574681183,0.059999999999999998,0.19239095052083321
,104.69887617499995,213.59206652670863,0.059999999999999998,0.19035644531249996
,104.798875103125,213.89588844984269,0.059999999999999998,0.18933919270833321
,104.89887403046879,214.67586241039587,0.059999999999999998,0.18933919270833321
,104.99887295859372,216.10474397577022,0.059999999999999998,0.19035644531249996
,105.09887188593751,217.48372012563416,0.059999999999999998,0.19137369791666659
,105.19887081406245,218.37640234048078,0.059999999999999998,0.19239095052083321
,105.29886974375,218.02132013226694,0.059999999999999998,0.19239095052083321
,105.39886867265631,216.86511544695432,0.059999999999999998,0.19239095052083321
,105.49886760234375,215.53714884931486,0.059999999999999998,0.19137369791666659
,105.5988665320312,215.84120187639888,0.059999999999999998,0.20764973958333327
,105.69886546171875,215.36486827776116,0.059999999999999998,0.2086669921874999
,105.79886439062506,215.79052384341176,0.059999999999999998,0.18832194010416659
,105.8988633203125,216.60149407402571,0.059999999999999998,0.18832194010416659
,105.99886224999995,217.8691574793007,0.059999999999999998,0.18933919270833321
,106.0988611796875,219.11716509099833,0.059999999999999998,0.19035644531249996
,106.19886010859381,219.68557107691228,0.059999999999999998,0.19137369791666659
,106.29885903671874,218.86345440544829,0.059999999999999998,0.19137369791666659
,106.39885796484378,217.45329338394441,0.059999999999999998,0.19035644531249996
,106.49885689374997,216.73330131545404,0.059999999999999998,0.18933919270833321
,106.59885582187502,217.08820123073974,0.059999999999999998,0.18933919270833321
,106.69885475078121,216.79413775034587,0.059999999999999998,0.18730468749999996
,106.79885367890626,217.39244100701953,0.059999999999999998,0.18730468749999996
,106.8988526070313,218.43727864573268,0.059999999999999998,0.18730468749999996
,106.99885153593749,219.79723756333036,0.059999999999999998,0.18832194010416659
,107.09885046406254,220.67044029521227,0.059999999999999998,0.18933919270833321
,107.19884939218747,221.26967680398093,0.059999999999999998,0.19035644531249996
,107.29884832109377,221.00558850309761,0.059999999999999998,0.19035644531249996
,107.3988472492187,219.82769293340405,0.059999999999999998,0.19035644531249996
,107.49884617812501,218.73153507108776,0.059999999999999998,0.18832194010416659
,107.5988451070312,219.39120172435292,0.059999999999999998,0.18933919270833321
,107.6988440359375,218.94463900935619,0.059999999999999998,0.18730468749999996
,107.7988429648438,218.47786367438889,0.059999999999999998,0.18628743489583321
,107.89884189296873,219.70587370005828,0.059999999999999998,0.18628743489583321
,107.99884082187504,220.90402362486691,0.059999999999999998,0.18730468749999996
,108.09883975078122,222.37712543686214,0.059999999999999998,0.18832194010416659
,108.19883867499999,223.16991924959481,0.059999999999999998,0.19035644531249996
,108.29883759921876,223.03776907413612,0.059999999999999998,0.19035644531249996
,108.39883652343752,221.38141500736839,0.059999999999999998,0.18933919270833321
,108.49883544765629,220.22364685822387,0.059999999999999998,0.18832194010416659
,108.5988343710938,219.80738931173627,0.059999999999999998,0.18730468749999996
,108.69883329531245,219.76678256779394,0.059999999999999998,0.18628743489583321
,108.79883221953122,220.32518372122107,0.059999999999999998,0.18527018229166659
,108.89883114374999,221.38141500736839,0.059999999999999998,0.18527018229166659
,108.99883006796875,222.78365422848975,0.059999999999999998,0.18628743489583321
,109.09882899218752,224.09517118681032,0.059999999999999998,0.18730468749999996
,109.19882791875006,224.59352958319639,0.059999999999999998,0.18933919270833321
,109.29882684531248,224.02398547260665,0.059999999999999998,0.18933919270833321
,109.39882577187501,222.82431082685599,0.059999999999999998,0.18832194010416659
,109.49882469843755,221.46268234639822,0.059999999999999998,0.18628743489583321
,109.59882362499997,222.2145328356936,0.059999999999999998,0.18730468749999996
,109.6988225515625,221.76745882212967,0.059999999999999998,0.18527018229166659
,109.79882147812503,222.40761275217253,0.059999999999999998,0.18527018229166659
,109.89882040468746,223.37324119373298,0.059999999999999998,0.18527018229166659
,109.99881933203125,224.04432403543973,0.059999999999999998,0.18628743489583321
,110.09881825859378,225.75337202333023,0.059999999999999998,0.18730468749999996
,110.1988171851562,226.41493461215867,0.059999999999999998,0.18933919270833321
,110.29881611171874,225.7635485381681,0.059999999999999998,0.18933919270833321
,110.39881503906253,224.57318642216487,0.059999999999999998,0.18933919270833321
,110.49881396562495,223.19025068118205,0.059999999999999998,0.18730468749999996
,110.59881289218748,223.56641275110661,0.059999999999999998,0.18628743489583321
,110.69881181953127,222.95644944598715,0.059999999999999998,0.18527018229166659
,110.79881074609381,223.80027250484613,0.059999999999999998,0.18527018229166659
,110.89880967265623,224.46130208360302,0.059999999999999998,0.18527018229166659
,110.99880860000002,225.63125718435421,0.059999999999999998,0.18628743489583321
,111.09880752500004,226.84250222196951,0.059999999999999998,0.18628743489583321
,111.19880644921881,227.98305337795927,0.059999999999999998,0.18933919270833321
,111.2988053726562,227.5756516811978,0.059999999999999998,0.18933919270833321
,111.39880429687497,226.41493461215867,0.059999999999999998,0.18832194010416659
,111.49880322109374,225.3259970420869,0.059999999999999998,0.18730468749999996
,111.5988021453125,225.63125718435421,0.059999999999999998,0.18730468749999996
,111.69880106953127,225.42774614594816,0.059999999999999998,0.18628743489583321
,111.79879999375004,225.89584712788363,0.059999999999999998,0.18527018229166659
,111.8987989179688,226.15028784279821,0.059999999999999998,0.18527018229166659
,111.99879784296871,227.80989923179996,0.059999999999999998,0.18730468749999996
,112.0987967703125,228.82863208071137,0.059999999999999998,0.18832194010416659
,112.19879569843755,230.23519325404183,0.059999999999999998,0.19035644531249996
,112.29879462656248,229.24643739261816,0.059999999999999998,0.19035644531249996
,112.39879355468753,228.05435576561035,0.059999999999999998,0.18933919270833321
,112.49879248281246,226.48619062078123,0.059999999999999998,0.18832194010416659
,112.59879141093751,226.48619062078123,0.059999999999999998,0.18730468749999996
,112.6987903382813,226.31314396157472,0.059999999999999998,0.18628743489583321
,112.79878926640623,227.51454737209605,0.059999999999999998,0.18628743489583321
,112.89878819453128,228.2377144669025,0.059999999999999998,0.18628743489583321
,112.9987871210937,229.20567269894954,0.059999999999999998,0.18730468749999996
,113.09878604687498,230.46970030908548,0.059999999999999998,0.18832194010416659
,113.198784971875,231.47936225682921,0.059999999999999998,0.18933919270833321
,113.29878389765628,230.64304635489643,0.059999999999999998,0.18933919270833321
,113.39878282343756,229.42988707981954,0.059999999999999998,0.18832194010416659
,113.49878174921872,228.13584679626149,0.059999999999999998,0.18730468749999996
,113.598780675,228.47202648594836,0.059999999999999998,0.18628743489583321
,113.69877960000002,227.68768027497987,0.059999999999999998,0.18527018229166659
,113.7987785257813,228.46183853204019,0.059999999999999998,0.18425292968749996
,113.89877745156247,228.87958005734589,0.059999999999999998,0.18425292968749996
,113.99877637578123,230.73482286624497,0.059999999999999998,0.18527018229166659
,114.09877530078126,231.87722473551898,0.059999999999999998,0.18730468749999996
,114.19877422500002,232.84665366337899,0.059999999999999998,0.18832194010416659
,114.29877315000005,231.82621303151552,0.059999999999999998,0.18832194010416659
,114.3987720742187,230.78581133554559,0.059999999999999998,0.18730468749999996
,114.49877099843746,229.55219466031988,0.059999999999999998,0.18628743489583321
,114.59876992343749,230.59206092252191,0.059999999999999998,0.18527018229166659
,114.69876884765625,230.1128508507293,0.059999999999999998,0.18527018229166659
,114.79876777265628,230.74502047332547,0.059999999999999998,0.18425292968749996
,114.89876669609379,231.42835902616883,0.059999999999999998,0.18527018229166659
,114.9987656195313,232.61191380060956,0.059999999999999998,0.18527018229166659
,115.09876454296881,233.08141654767994,0.059999999999999998,0.18628743489583321
,115.19876346640621,234.13302851829113,0.059999999999999998,0.18832194010416659
,115.29876238984372,233.62247956659425,0.059999999999999998,0.18832194010416659
,115.39876131328123,232.00986025177184,0.059999999999999998,0.18628743489583321
,115.49876023671874,231.15296034379514,0.059999999999999998,0.18628743489583321
,115.59875916015625,232.19352155792473,0.059999999999999998,0.18527018229166659
,115.69875808359376,231.40795803797843,0.059999999999999998,0.18425292968749996
,115.79875700703127,231.92823752620032,0.059999999999999998,0.18425292968749996
,115.89875593281255,232.43842521673128,0.059999999999999998,0.18425292968749996
,115.99875486171874,233.78584338329722,0.059999999999999998,0.18527018229166659
,116.09875379062504,235.29748743720123,0.059999999999999998,0.18628743489583321
,116.19875271874997,236.30918764575694,0.059999999999999998,0.18832194010416659
,116.29875164765627,235.82883225519205,0.059999999999999998,0.18832194010416659
,116.39875057656246,234.78669011184732,0.059999999999999998,0.18832194010416659
,116.49874950546877,233.15287069151327,0.059999999999999998,0.18628743489583321
,116.5987484335937,233.63268947849249,0.059999999999999998,0.18527018229166659
,116.6987473625,233.55101140270719,0.059999999999999998,0.18527018229166659
,116.7987462914063,233.97985239820889,0.059999999999999998,0.18425292968749996
,116.89874521953124,235.28727042279945,0.059999999999999998,0.18527018229166659
,116.99874414843754,236.87142793676574,0.059999999999999998,0.18628743489583321
,117.09874307734373,238.06790494716907,0.059999999999999998,0.18730468749999996
,117.19874200625003,239.06030817079849,0.059999999999999998,0.18933919270833321
,117.29874093515622,237.99630407509244,0.059999999999999998,0.18933919270833321
,117.39873986406252,236.76919262101532,0.059999999999999998,0.18832194010416659
,117.49873879296871,235.16466964994137,0.059999999999999998,0.18628743489583321
,117.59873772187501,235.90036844419254,0.059999999999999998,0.18628743489583321
,117.6987366507812,235.5324907994586,0.059999999999999998,0.18425292968749996
,117.7987355796875,235.99234668311905,0.059999999999999998,0.18425292968749996
,117.89873450468752,236.82030973400242,0.059999999999999998,0.18425292968749996
,117.99873342968755,238.38502018376832,0.059999999999999998,0.18527018229166659
,118.09873235468746,239.64366404592178,0.059999999999999998,0.18628743489583321
,118.19873127968748,240.83128088186524,0.059999999999999998,0.18832194010416659
,118.2987302046875,240.1964473766385,0.059999999999999998,0.18832194010416659
,118.39872912968752,238.74310382527293,0.059999999999999998,0.18832194010416659
,118.49872805468755,237.86333669111704,0.059999999999999998,0.18730468749999996
,118.59872697968746,238.43617172311411,0.059999999999999998,0.18730468749999996
,118.69872590468748,237.8531087358175,0.059999999999999998,0.18527018229166659
,118.79872482812499,238.17019561054326,0.059999999999999998,0.18527018229166659
,118.89872374921873,239.15240759175589,0.059999999999999998,0.18527018229166659
,118.99872267031247,240.20668530095651,0.059999999999999998,0.18628743489583321
,119.09872159218747,241.59944780503662,0.059999999999999998,0.18730468749999996
,119.19872051328122,242.36785878871473,0.059999999999999998,0.18832194010416659
,119.29871943437496,241.95800924522177,0.059999999999999998,0.18832194010416659
,119.3987183554687,240.92344801597974,0.059999999999999998,0.18832194010416659
,119.49871727656256,239.77672992237694,0.059999999999999998,0.18730468749999996
,119.5987161976563,240.20668530095651,0.059999999999999998,0.18628743489583321
,119.69871511875004,239.49013563308637,0.059999999999999998,0.18527018229166659
,119.7987140429687,239.77672992237694,0.059999999999999998,0.18527018229166659
,119.89871296718746,241.44579488539156,0.059999999999999998,0.18527018229166659
,119.99871189140623,242.9110162069432,0.059999999999999998,0.18628743489583321
,120.09871081484374,244.21303878198262,0.059999999999999998,0.18832194010416659
,120.19870973906251,244.97201865827424,0.059999999999999998,0.19035644531249996
,120.29870866328127,244.3155898317404,0.059999999999999998,0.18933919270833321
,120.39870758750004,242.75728006837249,0.059999999999999998,0.18933919270833321
,120.49870651171881,241.26142427194642,0.059999999999999998,0.18730468749999996
,120.59870543593746,241.25118187247753,0.059999999999999998,0.18628743489583321
,120.69870436093748,241.52774189415075,0.059999999999999998,0.18527018229166659
,120.79870329062504,242.2858833322415,0.059999999999999998,0.18425292968749996
,120.89870221953123,243.81313092930583,0.059999999999999998,0.18527018229166659
,120.99870114921879,245.17718885674265,0.059999999999999998,0.18730468749999996
,121.09870007890623,246.51121435144995,0.059999999999999998,0.18832194010416659
,121.19869900859379,247.02449416240182,0.059999999999999998,0.18933919270833321
,121.29869793749998,246.52147889791149,0.059999999999999998,0.19035644531249996
,121.39869686718754,245.31055871885934,0.059999999999999998,0.18933919270833321
,121.49869579687498,243.70034828225488,0.059999999999999998,0.18832194010416659
,121.59869472656254,244.0797288686187,0.059999999999999998,0.18730468749999996
,121.69869365468747,243.98744166340475,0.059999999999999998,0.18628743489583321
,121.79869258203126,244.66429566322438,0.059999999999999998,0.18628743489583321
,121.8986915101562,245.73123436219174,0.059999999999999998,0.18628743489583321
,121.99869043749999,246.71651342435644,0.059999999999999998,0.18730468749999996
,122.09868936484378,248.19517192223987,0.059999999999999998,0.18832194010416659
,122.19868829296871,249.09923196239572,0.059999999999999998,0.18933919270833321
,122.2986872203125,249.34585093078937,0.059999999999999998,0.19137369791666659
,122.39868614765629,248.28761747388359,0.059999999999999998,0.19035644531249996
,122.49868507578122,247.02449416240182,0.059999999999999998,0.18933919270833321
,122.59868400312502,247.26063881673207,0.059999999999999998,0.18933919270833321
,122.69868292890629,246.49068538714221,0.059999999999999998,0.18832194010416659
,122.79868185468746,246.66518704907196,0.059999999999999998,0.18730468749999996
,122.89868078046874,247.59949457082155,0.059999999999999998,0.18832194010416659
,122.99867970625002,248.93483290837378,0.059999999999999998,0.18933919270833321
,123.09867863203129,250.075575069482,0.059999999999999998,0.19035644531249996
,123.19867755781246,251.20655453588262,0.059999999999999998,0.19137369791666659
,123.29867648437499,250.84664205426014,0.059999999999999998,0.19137369791666659
,123.39867541015627,249.52055415732104,0.059999999999999998,0.19137369791666659
,123.49867433593755,248.58552105696936,0.059999999999999998,0.19035644531249996
,123.59867326249997,248.79099266204832,0.059999999999999998,0.18933919270833321
,123.69867219296879,248.64716075146504,0.059999999999999998,0.18832194010416659
,123.79867112421874,249.35612725176441,0.059999999999999998,0.18832194010416659
,123.89867005468756,250.19892981453859,0.059999999999999998,0.18832194010416659
,123.99866898593751,251.16541906908037,0.059999999999999998,0.19035644531249996
,124.09866791640621,252.22487166070715,0.059999999999999998,0.19137369791666659
,124.19866684765628,253.20243076884162,0.059999999999999998,0.19239095052083321
,124.29866577890624,252.63642951286187,0.059999999999999998,0.19239095052083321
,124.39866470937505,251.08315015676277,0.059999999999999998,0.19137369791666659
,124.49866364062501,249.76721486860629,0.059999999999999998,0.19035644531249996
,124.5986625695312,250.6101562585838,0.059999999999999998,0.19035644531249996
,124.69866149609373,250.32229064894392,0.059999999999999998,0.18933919270833321
,124.79866042265627,250.99060085288238,0.059999999999999998,0.18933919270833321
,124.89865934843755,252.33804339298803,0.059999999999999998,0.18933919270833321
,124.99865827499997,253.50091860093289,0.059999999999999998,0.19035644531249996
,125.0986572015625,254.72611396660341,0.059999999999999998,0.19137369791666659
,125.19865612812504,255.90037979462204,0.059999999999999998,0.19340820312499996
,125.2986550539062,255.12777618674829,0.059999999999999998,0.19340820312499996
,125.39865398046874,253.51121190955138,0.059999999999999998,0.19239095052083321
,125.49865290703127,252.43064221556267,0.059999999999999998,0.19137369791666659
,125.59865182890627,252.95543287101435,0.059999999999999998,0.19035644531249996
,125.69865075000001,252.235159790556,0.059999999999999998,0.18933919270833321
,125.79864967109376,253.05834574125214,0.059999999999999998,0.18933919270833321
,125.8986485921875,253.84061975217162,0.059999999999999998,0.18933919270833321
,125.99864751328124,255.00418112049658,0.059999999999999998,0.19035644531249996
,126.09864643359373,256.3022250464162,0.059999999999999998,0.19137369791666659
,126.19864535468747,257.91022775031428,0.059999999999999998,0.19340820312499996
,126.29864427578121,257.69370812504746,0.059999999999999998,0.19340820312499996
,126.39864319687496,256.17857370843825,0.059999999999999998,0.19340820312499996
,126.49864211874996,254.39659193727982,0.059999999999999998,0.19137369791666659
,126.59864104531249,255.03507932981648,0.059999999999999998,0.19137369791666659
,126.69863997187502,254.78790406381609,0.059999999999999998,0.18933919270833321
,126.7986388992187,255.30287936693156,0.059999999999999998,0.18933919270833321
,126.89863782578124,256.05492827540434,0.059999999999999998,0.18933919270833321
,126.99863675234377,257.37411666323356,0.059999999999999998,0.19035644531249996
,127.09863567968745,258.38457130601853,0.059999999999999998,0.19137369791666659
,127.19863460624998,259.7668413595112,0.059999999999999998,0.19340820312499996
,127.29863353281252,258.85900042314302,0.059999999999999998,0.19340820312499996
,127.39863246015631,258.13707701964438,0.059999999999999998,0.19239095052083321
,127.49863138749998,256.79688935917329,0.059999999999999998,0.19137369791666659
,127.59863031562503,256.76597007914933,0.059999999999999998,0.19035644531249996
,127.69862924374996,256.19918185482123,0.059999999999999998,0.18933919270833321
,127.79862817187501,256.57015651488575,0.059999999999999998,0.18832194010416659
,127.89862710000006,257.45658813767596,0.059999999999999998,0.18933919270833321
,127.99862602734373,259.33351482781438,0.059999999999999998,0.19035644531249996
,128.09862495546878,260.70595759322367,0.059999999999999998,0.19137369791666659
,128.19862388359371,261.59377683589446,0.059999999999999998,0.19239095052083321
,128.29862281171876,261.04659773706237,0.059999999999999998,0.19340820312499996
,128.3986217398438,260.12800078184745,0.059999999999999998,0.19239095052083321
,128.49862066562497,258.39488407366298,0.059999999999999998,0.19137369791666659
,128.59861959140625,258.86931504779471,0.059999999999999998,0.19035644531249996
,128.69861851640627,258.16801253040524,0.059999999999999998,0.18933919270833321
,128.79861744140629,258.81774232762677,0.059999999999999998,0.18933919270833321
,128.89861636718746,259.8700247649038,0.059999999999999998,0.18832194010416659
,128.99861529218748,261.29436317065642,0.059999999999999998,0.19035644531249996
,129.09861421796876,262.01714249749756,0.059999999999999998,0.19137369791666659
,129.19861314296878,262.44057436739541,0.059999999999999998,0.19239095052083321
,129.29861206874995,262.28565260216851,0.059999999999999998,0.19239095052083321
,129.39861099374997,261.32533545476304,0.059999999999999998,0.19137369791666659
,129.49860991953125,259.63270892072751,0.059999999999999998,0.18933919270833321
,129.59860884609378,260.79885515894978,0.059999999999999998,0.19035644531249996
,129.69860777187495,260.05576497834272,0.059999999999999998,0.18832194010416659
,129.79860669843748,260.73692309055116,0.059999999999999998,0.18832194010416659
,129.89860562421876,261.12918367752638,0.059999999999999998,0.18832194010416659
,129.99860455078129,262.65747967486573,0.059999999999999998,0.18933919270833321
,130.09860347656246,263.65959941785206,0.059999999999999998,0.19035644531249996
,130.19860240234374,265.08592504898115,0.059999999999999998,0.19239095052083321
,130.29860132890627,264.27965056439365,0.059999999999999998,0.19239095052083321
,130.39860025624995,262.66780893033393,0.059999999999999998,0.19137369791666659
,130.49859918359374,261.42857897508202,0.059999999999999998,0.19035644531249996
,130.59859811093753,262.08943106265286,0.059999999999999998,0.19035644531249996
,130.69859703906246,261.4905269866104,0.059999999999999998,0.18933919270833321
,130.79859596640625,261.84159259052706,0.059999999999999998,0.18832194010416659
,130.89859489375004,262.60583398540683,0.059999999999999998,0.18832194010416659
,130.99859382109372,264.27965056439365,0.059999999999999998,0.18933919270833321
,131.09859274921877,265.62357126090387,0.059999999999999998,0.19035644531249996
,131.19859167656256,266.61642000282819,0.059999999999999998,0.19239095052083321
,131.29859060390623,265.57187001143967,0.059999999999999998,0.19239095052083321
,131.39858953281254,264.21763917362131,0.059999999999999998,0.19137369791666659
,131.49858846171873,262.54386045182321,0.059999999999999998,0.19035644531249996
,131.59858739062503,262.80209281603896,0.059999999999999998,0.18832194010416659
,131.69858632031247,262.91572280948952,0.059999999999999998,0.18832194010416659
,131.79858524921877,263.71126501221687,0.059999999999999998,0.18832194010416659
,131.89858417812496,264.58972838375246,0.059999999999999998,0.18832194010416659
,131.99858310781252,266.03721561452187,0.059999999999999998,0.18933919270833321
,132.09858203671871,267.46475482131842,0.059999999999999998,0.19035644531249996
,132.19858096562501,268.13739495021485,0.059999999999999998,0.19137369791666659
,132.29857989531246,267.2267816696658,0.059999999999999998,0.19239095052083321
,132.39857882578127,265.72697662564661,0.059999999999999998,0.19035644531249996
,132.49857775624997,264.22797430871793,0.059999999999999998,0.18933919270833321
,132.59857668593753,265.12727876985662,0.059999999999999998,0.18933919270833321
,132.69857561640623,264.69309537436351,0.059999999999999998,0.18832194010416659
,132.79857454687505,264.93085406935921,0.059999999999999998,0.18730468749999996
,132.89857347734375,266.21303292524334,0.059999999999999998,0.18832194010416659
,132.99857240781245,267.28885970354492,0.059999999999999998,0.18933919270833321
,133.0985713375,268.18914304445337,0.059999999999999998,0.18933919270833321
,133.19857026796871,268.7480818001747,0.059999999999999998,0.19137369791666659
,133.29856919687501,268.06494918624111,0.059999999999999998,0.19137369791666659
,133.3985681242188,266.98882843893239,0.059999999999999998,0.19035644531249996
,133.49856705156247,266.03721561452187,0.059999999999999998,0.18933919270833321
,133.59856597968752,266.19234796519726,0.059999999999999998,0.18832194010416659
,133.6985649070312,265.97516507228636,0.059999999999999998,0.18730468749999996
,133.79856383437499,266.34748887061858,0.059999999999999998,0.18730468749999996
,133.89856276171878,267.43371371687084,0.059999999999999998,0.18730468749999996
,133.99856168906246,268.45824816017324,0.059999999999999998,0.18832194010416659
,134.0985606171875,270.02162302566865,0.059999999999999998,0.18933919270833321
,134.19855954453129,271.15067168611159,0.059999999999999998,0.19137369791666659
,134.29855847421874,270.39447195345832,0.059999999999999998,0.19035644531249996
,134.39855740546881,268.61351255869329,0.059999999999999998,0.18933919270833321
,134.49855633593751,267.17505101032043,0.059999999999999998,0.18832194010416659
,134.59855526640621,267.87866848713037,0.059999999999999998,0.18832194010416659
,134.69855419687502,267.30955268262886,0.059999999999999998,0.18628743489583321
,134.79855312734372,267.45440774892484,0.059999999999999998,0.18628743489583321
,134.89855205781254,268.84124879518583,0.059999999999999998,0.18628743489583321
,134.99855098828124,270.37375688191219,0.059999999999999998,0.18832194010416659
,135.09854991875005,271.60655656679501,0.059999999999999998,0.18933919270833321
,135.19854884921875,272.62218660178343,0.059999999999999998,0.19035644531249996
,135.29854777656254,271.3164399172461,0.059999999999999998,0.19035644531249996
,135.39854670312496,269.6798865385374,0.059999999999999998,0.18933919270833321
,135.49854563046875,268.7480818001747,0.059999999999999998,0.18730468749999996
,135.59854455781255,269.131120858945,0.059999999999999998,0.18628743489583321
,135.69854348515622,268.72737843157199,0.059999999999999998,0.18527018229166659
,135.79854241250001,269.53491950793165,0.059999999999999998,0.18527018229166659
,135.8985413398438,270.94347442866717,0.059999999999999998,0.18628743489583321
,135.99854026640622,272.5599953030013,0.059999999999999998,0.18730468749999996
,136.09853919375001,273.27527246464831,0.059999999999999998,0.18832194010416659
,136.1985381226562,273.82480259958737,0.059999999999999998,0.18933919270833321
,136.2985370515625,272.87096460751275,0.059999999999999998,0.18933919270833321
,136.39853598124995,271.90706429002137,0.059999999999999998,0.18933919270833321
,136.49853491015625,270.77772706802165,0.059999999999999998,0.18832194010416659
,136.5985338398437,271.38896642768111,0.059999999999999998,0.18832194010416659
,136.69853276875,270.47733369875579,0.059999999999999998,0.18628743489583321
,136.7985316976563,270.95383394720591,0.059999999999999998,0.18628743489583321
,136.89853062734375,272.03142114947917,0.059999999999999998,0.18628743489583321
,136.99852955625005,273.60705240850223,0.059999999999999998,0.18730468749999996
,137.09852848593749,274.61298007362416,0.059999999999999998,0.18832194010416659
,137.19852741406254,275.56735834508987,0.059999999999999998,0.19035644531249996
,137.29852634140622,274.58186398261097,0.059999999999999998,0.19035644531249996
,137.39852526875001,273.27527246464831,0.059999999999999998,0.18933919270833321
,137.4985241960938,271.7412631859346,0.059999999999999998,0.18832194010416659
,137.59852312343747,272.22833006419171,0.059999999999999998,0.18730468749999996
,137.69852205078126,271.79307504281468,0.059999999999999998,0.18730468749999996
,137.79852097812505,272.28015034687274,0.059999999999999998,0.18628743489583321
,137.89851990468748,273.67963408219612,0.059999999999999998,0.18730468749999996
,137.99851883203127,275.69186400010892,0.059999999999999998,0.18832194010416659
,138.09851775937506,276.4078672355576,0.059999999999999998,0.18933919270833321
,138.19851668515622,276.96833067939946,0.059999999999999998,0.19137369791666659
,138.2985156109375,275.9097607895846,0.059999999999999998,0.19137369791666659
,138.39851453671878,274.28109127023311,0.059999999999999998,0.19035644531249996
,138.49851346250006,273.15086430947457,0.059999999999999998,0.18933919270833321
,138.59851238828122,273.22343511435992,0.059999999999999998,0.18832194010416659
,138.6985113140625,273.51373564906606,0.059999999999999998,0.18730468749999996
,138.79851023984378,274.04256827871353,0.059999999999999998,0.18628743489583321
,138.89850916562506,275.16274920676676,0.059999999999999998,0.18730468749999996
,138.99850809140622,276.3871112315183,0.059999999999999998,0.18832194010416659
,139.0985070171875,277.57041965066776,0.059999999999999998,0.18933919270833321
,139.19850594140627,278.13108663248772,0.059999999999999998,0.19035644531249996
,139.29850486562503,277.66385737898423,0.059999999999999998,0.19137369791666659
,139.3985037898438,275.79562249002907,0.059999999999999998,0.18933919270833321
,139.49850271406245,274.36406012319071,0.059999999999999998,0.18832194010416659
,139.59850163749996,275.2249933514114,0.059999999999999998,0.18832194010416659
,139.69850056171873,274.85154716584736,0.059999999999999998,0.18628743489583321
,139.7984994859375,275.27686442171529,0.059999999999999998,0.18628743489583321
,139.89849841015626,276.56354160213755,0.059999999999999998,0.18628743489583321
,139.99849733437503,277.508129340067,0.059999999999999998,0.18628743489583321
,140.09849626093745,278.46337956344979,0.059999999999999998,0.18730468749999996
,140.19849518828124,279.5643413307057,0.059999999999999998,0.18832194010416659
,140.29849411562503,279.35658446531471,0.059999999999999998,0.18933919270833321
,140.39849304296871,278.42184108895793,0.059999999999999998,0.18933919270833321
,140.49849197109376,276.70884457222888,0.059999999999999998,0.18730468749999996
,140.59849089843755,276.83339526388767,0.059999999999999998,0.18730468749999996
,140.69848982578122,276.314466289829,0.059999999999999998,0.18527018229166659
,140.79848875312501,276.64657105646211,0.059999999999999998,0.18425292968749996
,140.8984876804688,277.89227212496871,0.059999999999999998,0.18527018229166659
,140.99848660781248,279.94872590929299,0.059999999999999998,0.18730468749999996
,141.09848554140621,280.80076322919422,0.059999999999999998,0.18832194010416659
,141.19848447500004,282.06882664161037,0.059999999999999998,0.19035644531249996
,141.29848340859377,281.10214523643373,0.059999999999999998,0.19035644531249996
,141.39848234218749,279.87600108774177,0.059999999999999998,0.18933919270833321
,141.49848127578122,278.19338896629313,0.059999999999999998,0.18832194010416659
,141.59848020937505,278.42184108895793,0.059999999999999998,0.18730468749999996
,141.69847914296878,278.25569249694126,0.059999999999999998,0.18628743489583321
,141.7984780765625,278.4945337671478,0.059999999999999998,0.18527018229166659
,141.89847701093748,279.678613172121,0.059999999999999998,0.18628743489583321
,141.99847594218755,280.96703963073475,0.059999999999999998,0.18730468749999996
,142.098474871875,281.75696400647291,0.059999999999999998,0.18832194010416659
,142.19847380156256,282.79661601897396,0.059999999999999998,0.18933919270833321
,142.29847273125,282.32873380833297,0.059999999999999998,0.19035644531249996
,142.39847166093745,280.9878247570029,0.059999999999999998,0.18933919270833321
,142.498470590625,279.66822465992846,0.059999999999999998,0.18832194010416659
,142.59846952031245,279.87600108774177,0.059999999999999998,0.18730468749999996
,142.69846845000001,279.86561195742371,0.059999999999999998,0.18628743489583321
,142.79846737968745,280.42667136295984,0.059999999999999998,0.18628743489583321
,142.89846630937501,281.59064889242063,0.059999999999999998,0.18628743489583321
,142.99846523515629,282.86940337116471,0.059999999999999998,0.18832194010416659
,143.09846415937506,283.8573816123864,0.059999999999999998,0.18933919270833321
,143.19846308359371,284.17983449800289,0.059999999999999998,0.19035644531249996
,143.29846200781247,283.73256902901733,0.059999999999999998,0.19137369791666659
,143.39846093203124,282.50548187523464,0.059999999999999998,0.18933919270833321
,143.49845985625001,281.56986007317278,0.059999999999999998,0.18832194010416659
,143.59845878125003,281.8401245994761,0.059999999999999998,0.18832194010416659
,143.6984577054688,281.56986007317278,0.059999999999999998,0.18730468749999996
,143.79845662968745,281.8401245994761,0.059999999999999998,0.18730468749999996
,143.89845555390622,281.9752648716393,0.059999999999999998,0.18628743489583321
,143.99845448125001,283.37895738735904,0.059999999999999998,0.18730468749999996
,144.0984534085938,284.75200024716275,0.059999999999999998,0.18832194010416659
,144.19845233671873,286.25046431390911,0.059999999999999998,0.18933919270833321
,144.29845126406252,285.45953125481026,0.059999999999999998,0.19035644531249996
,144.3984501914062,284.10701999283992,0.059999999999999998,0.18933919270833321
,144.49844911874999,282.9005984170276,0.059999999999999998,0.18832194010416659
,144.59844804609378,283.44135685692794,0.059999999999999998,0.18730468749999996
,144.69844697421871,282.8278104118736,0.059999999999999998,0.18730468749999996
,144.7984459015625,283.30615940943801,0.059999999999999998,0.18628743489583321
,144.89844482812504,284.64796329764005,0.059999999999999998,0.18628743489583321
,144.9984437539062,286.35454715656095,0.059999999999999998,0.18832194010416659
,145.09844267890622,287.24978032136767,0.059999999999999998,0.18933919270833321
,145.1984416046875,288.09316073896446,0.059999999999999998,0.19035644531249996
,145.29844053046878,286.97910571956646,0.059999999999999998,0.19137369791666659
,145.3984394554688,285.35547389004489,0.059999999999999998,0.18933919270833321
,145.49843838124997,284.16943233444397,0.059999999999999998,0.18832194010416659
,145.59843730703125,284.46070440786332,0.059999999999999998,0.18730468749999996
,145.69843623203127,284.68957771507098,0.059999999999999998,0.18730468749999996
,145.79843515781255,285.14736812772554,0.059999999999999998,0.18628743489583321
,145.89843408437497,286.36495560248107,0.059999999999999998,0.18730468749999996
,145.99843301171876,287.15608304941617,0.059999999999999998,0.18832194010416659
,146.09843193828129,288.23894922257796,0.059999999999999998,0.18832194010416659
,146.19843086484371,288.64510361150707,0.059999999999999998,0.18933919270833321
,146.29842979140625,288.47847096068784,0.059999999999999998,0.19035644531249996
,146.39842871796878,287.43718189025532,0.059999999999999998,0.18933919270833321
,146.4984276445312,286.08393788891266,0.059999999999999998,0.18832194010416659
,146.598426571875,286.90623514113628,0.059999999999999998,0.18832194010416659
,146.69842549843753,286.66681328933936,0.059999999999999998,0.18730468749999996
,146.79842442499995,288.02026859069747,0.059999999999999998,0.18832194010416659
,146.89842335156249,288.55137185531305,0.059999999999999998,0.18832194010416659
,146.99842227812502,289.27004019753031,0.059999999999999998,0.18933919270833321
,147.09842120468755,289.72839090497786,0.059999999999999998,0.18933919270833321
,147.19842013124997,290.2597279984895,0.059999999999999998,0.19137369791666659
,147.29841905859377,289.95758636269625,0.059999999999999998,0.19137369791666659
,147.3984179851563,288.9679749059049,0.059999999999999998,0.19035644531249996
,147.49841691171872,287.02074668957954,0.059999999999999998,0.18933919270833321
,147.59841583828126,287.31224647120791,0.059999999999999998,0.18832194010416659
,147.69841476484379,287.14567238621464,0.059999999999999998,0.18730468749999996
,147.79841369062495,288.33267333314325,0.059999999999999998,0.18730468749999996
,147.89841261484372,289.39503960043766,0.059999999999999998,0.18730468749999996
,147.99841153828123,290.53063317934578,0.059999999999999998,0.18832194010416659
,148.09841046171874,291.44767904834799,0.059999999999999998,0.18933919270833321
,148.19840938515625,292.11475181277996,0.059999999999999998,0.19035644531249996
,148.29840830859376,291.57274689019846,0.059999999999999998,0.19137369791666659
,148.39840723203127,290.32224293973849,0.059999999999999998,0.19035644531249996
,148.49840615546879,289.00963768470973,0.059999999999999998,0.18832194010416659
,148.5984050789063,289.47837476229256,0.059999999999999998,0.18832194010416659
,148.69840400234381,289.29087315270101,0.059999999999999998,0.18730468749999996
,148.79840292812497,289.49920883068262,0.059999999999999998,0.18628743489583321
,148.89840185468751,290.52021340829816,0.059999999999999998,0.18628743489583321
,148.99840078125004,291.98966739105367,0.059999999999999998,0.18832194010416659
,149.09839970781246,293.02172692864991,0.059999999999999998,0.18933919270833321
,149.198398634375,293.75161954751775,0.059999999999999998,0.19035644531249996
,149.29839756093753,292.90704100881612,0.059999999999999998,0.19035644531249996
,149.39839648749995,292.38578108489838,0.059999999999999998,0.19035644531249996
,149.49839541406249,290.60357233886646,0.059999999999999998,0.18933919270833321
,149.59839434062502,291.20797645888587,0.059999999999999998,0.18832194010416659
,149.69839326718756,290.78071584146392,0.059999999999999998,0.18730468749999996
,149.79839219531249,291.12460497419835,0.059999999999999998,0.18628743489583321
,149.89839112265628,291.88543328306048,0.059999999999999998,0.18628743489583321
,149.99839004999995,293.56392085739293,0.059999999999999998,0.18832194010416659
,150.09838897734375,294.64851568819466,0.059999999999999998,0.18832194010416659
,150.19838790546879,295.97333922280853,0.059999999999999998,0.19035644531249996
,150.29838683281247,294.8258311329102,0.059999999999999998,0.19035644531249996
,150.39838576015626,293.55349339540311,0.059999999999999998,0.18933919270833321
,150.49838468750005,292.09390414497415,0.059999999999999998,0.18832194010416659
,150.59838361562498,292.59427721935612,0.059999999999999998,0.18832194010416659
,150.69838254218752,292.21899173446781,0.059999999999999998,0.18628743489583321
,150.79838146875005,292.52130238083055,0.059999999999999998,0.18628743489583321
,150.89838039453122,294.02275446133541,0.059999999999999998,0.18730468749999996
,150.99837932031249,295.27436699404626,0.059999999999999998,0.18832194010416659
,151.09837824609377,296.39068817301637,0.059999999999999998,0.18933919270833321
,151.19837717187505,297.11070538236368,0.059999999999999998,0.19035644531249996
,151.29837609765622,296.36981980810248,0.059999999999999998,0.19035644531249996
,151.3983750234375,294.96143015837174,0.059999999999999998,0.19035644531249996
,151.49837395000003,293.91846976764026,0.059999999999999998,0.18832194010416659
,151.59837287578131,294.5129264024136,0.059999999999999998,0.18832194010416659
,151.69837180078122,294.26261887299199,0.059999999999999998,0.18730468749999996
,151.79837072421873,295.23264079595526,0.059999999999999998,0.18730468749999996
,151.89836964843749,295.754246559911,0.059999999999999998,0.18730468749999996
,151.99836857265626,296.60981180648639,0.059999999999999998,0.18832194010416659
,152.09836749609377,297.65340158408429,0.059999999999999998,0.18933919270833321
,152.19836642031254,299.16702003818824,0.059999999999999998,0.19137369791666659
,152.29836534375005,298.48844184423587,0.059999999999999998,0.19137369791666659
,152.3983642679687,297.15244898318065,0.059999999999999998,0.19035644531249996
,152.49836319218747,295.6186231606564,0.059999999999999998,0.18933919270833321
,152.59836211562498,295.80641050509405,0.059999999999999998,0.18933919270833321
,152.698361040625,295.45170773661607,0.059999999999999998,0.18832194010416659
,152.79835996484377,295.80641050509405,0.059999999999999998,0.18730468749999996
,152.89835888906254,296.79764046842547,0.059999999999999998,0.18730468749999996
,152.99835781406256,298.68678554185021,0.059999999999999998,0.18933919270833321
,153.09835673828121,299.63686072681912,0.059999999999999998,0.19035644531249996
,153.19835566249998,300.58712001564993,0.059999999999999998,0.19239095052083321
,153.2983545875,299.74127590174589,0.059999999999999998,0.19239095052083321
,153.39835351171877,298.27966793046892,0.059999999999999998,0.19137369791666659
,153.49835243593753,296.99591243315962,0.059999999999999998,0.19035644531249996
,153.5983513617187,297.01678366518274,0.059999999999999998,0.18933919270833321
,153.698350290625,297.14201304750742,0.059999999999999998,0.18933919270833321
,153.7983492195313,297.7995229244172,0.059999999999999998,0.18832194010416659
,153.89834814921875,298.425808706797,0.059999999999999998,0.18832194010416659
,153.99834707812505,299.89790281967424,0.059999999999999998,0.18933919270833321
,154.09834600703124,300.79599244235698,0.059999999999999998,0.19035644531249996
,154.1983449367188,301.6837959218355,0.059999999999999998,0.19239095052083321
,154.29834386562499,301.03620639556334,0.059999999999999998,0.19239095052083321
,154.39834279453129,299.75171754128741,0.059999999999999998,0.19137369791666659
,154.49834172421873,298.71810372032297,0.059999999999999998,0.19035644531249996
,154.59834065234378,298.33186054814996,0.059999999999999998,0.18933919270833321
,154.69833958124997,298.01871348282179,0.059999999999999998,0.18832194010416659
,154.79833851015627,298.63458903325829,0.059999999999999998,0.18832194010416659
,154.8983374382812,299.29230645583954,0.059999999999999998,0.18832194010416659
,154.99833636718751,300.78554861572422,0.059999999999999998,0.18832194010416659
,155.09833529609381,302.37325432203369,0.059999999999999998,0.19035644531249996
,155.19833422421874,303.16728746282166,0.059999999999999998,0.19137369791666659
,155.29833315312504,302.73891282028836,0.059999999999999998,0.19137369791666659
,155.39833208203123,301.80914522357767,0.059999999999999998,0.19239095052083321
,155.49833101015628,300.23205682578856,0.059999999999999998,0.19035644531249996
,155.59832993984372,300.50357347136776,0.059999999999999998,0.18933919270833321
,155.69832887031254,299.96055497922299,0.059999999999999998,0.18832194010416659
,155.79832779999998,300.47224387574585,0.059999999999999998,0.18832194010416659
,155.8983267304688,301.47488716190873,0.059999999999999998,0.18832194010416659
,155.9983256609375,303.12549331376357,0.059999999999999998,0.18933919270833321
,156.09832459062505,303.72109028733433,0.059999999999999998,0.19035644531249996
,156.19832352109376,304.83931416660846,0.059999999999999998,0.19239095052083321
,156.29832245156246,304.04503862041628,0.059999999999999998,0.19239095052083321
,156.39832138125001,302.74936057515947,0.059999999999999998,0.19239095052083321
,156.49832031093746,301.49577765752065,0.059999999999999998,0.19035644531249996
,156.59831923593748,301.79869933288137,0.059999999999999998,0.19035644531249996
,156.69831816015625,301.35999095146326,0.059999999999999998,0.18933919270833321
,156.79831708515627,301.78825346317421,0.059999999999999998,0.18832194010416659
,156.89831601015629,302.79115179894688,0.059999999999999998,0.18730468749999996
,156.9983149351562,303.8673871812249,0.059999999999999998,0.18832194010416659
,157.09831386015622,304.66163753885377,0.059999999999999998,0.18933919270833321
,157.19831278515625,305.7591400737532,0.059999999999999998,0.19035644531249996
,157.29831170937501,305.39328267769923,0.059999999999999998,0.19035644531249996
,157.39831063437504,304.52577094108233,0.059999999999999998,0.19035644531249996
,157.49830956093746,303.03145766165562,0.059999999999999998,0.18933919270833321
,157.59830848828125,303.77333873185927,0.059999999999999998,0.18832194010416659
,157.69830741562504,303.51210148383888,0.059999999999999998,0.18730468749999996
,157.79830634218746,303.93008703792776,0.059999999999999998,0.18730468749999996
,157.89830526953125,304.7557009425214,0.059999999999999998,0.18832194010416659
,157.99830419687504,306.15638255327866,0.059999999999999998,0.18933919270833321
,158.09830312343746,307.78744259805023,0.059999999999999998,0.19035644531249996
,158.19830205078125,308.70771663382857,0.059999999999999998,0.19239095052083321
,158.29830097812504,307.70378795898392,0.059999999999999998,0.19239095052083321
,158.39829990468746,306.01002694688026,0.059999999999999998,0.19137369791666659
,158.49829883203125,304.49441757579524,0.059999999999999998,0.19035644531249996
,158.59829775859379,304.66163753885377,0.059999999999999998,0.18933919270833321
,158.69829668515621,304.73479782896084,0.059999999999999998,0.18730468749999996
,158.79829561171874,305.12151785568665,0.059999999999999998,0.18730468749999996
,158.89829453828128,305.94730422544933,0.059999999999999998,0.18730468749999996
,158.9982934648437,307.75607197734172,0.059999999999999998,0.18832194010416659
,159.09829239218749,308.93780575602614,0.059999999999999998,0.18933919270833321
,159.19829131875002,309.81640188272303,0.059999999999999998,0.19137369791666659
,159.29829024531256,309.06331233650457,0.059999999999999998,0.19035644531249996
,159.39828917265623,307.77698570702091,0.059999999999999998,0.19035644531249996
,159.49828810234379,306.62683566513573,0.059999999999999998,0.18933919270833321
,159.59828703203124,306.58501611434713,0.059999999999999998,0.18730468749999996
,159.6982859617188,306.21910749123793,0.059999999999999998,0.18730468749999996
,159.79828489140624,306.82548248964895,0.059999999999999998,0.18628743489583321
,159.8982838210938,307.71424472767717,0.059999999999999998,0.18628743489583321
,159.99828275078124,309.03193546575062,0.059999999999999998,0.18628743489583321
,160.0982816804688,310.60095956754492,0.059999999999999998,0.18832194010416659
,160.19828061015625,312.01338481904759,0.059999999999999998,0.19035644531249996
,160.2982795398438,311.33329338231454,0.059999999999999998,0.19035644531249996
,160.39827846640623,310.25574311378654,0.059999999999999998,0.19035644531249996
,160.49827738984374,309.14698472539328,0.059999999999999998,0.18933919270833321
,160.59827631328125,309.16790298905596,0.059999999999999998,0.18933919270833321
,160.69827523671876,308.50900987992702,0.059999999999999998,0.18730468749999996
,160.79827416015627,308.5822169189513,0.059999999999999998,0.18628743489583321
,160.89827308359378,309.72226104092857,0.059999999999999998,0.18628743489583321
,160.99827200703129,311.39606837191081,0.059999999999999998,0.18832194010416659
,161.0982709304688,312.82957739923398,0.059999999999999998,0.18933919270833321
,161.1982698539062,314.10636062710375,0.059999999999999998,0.19035644531249996
,161.29826877734371,313.0493366339125,0.059999999999999998,0.19137369791666659
,161.39826770390624,311.542545482035,0.059999999999999998,0.19035644531249996
,161.49826663046878,310.04652946396573,0.059999999999999998,0.18832194010416659
,161.59826555781245,310.82065170909806,0.059999999999999998,0.18832194010416659
,161.69826448515624,310.77880505420381,0.059999999999999998,0.18730468749999996
,161.79826341171878,310.95665506076705,0.059999999999999998,0.18730468749999996
,161.89826233906246,312.31683062196299,0.059999999999999998,0.18730468749999996
,161.99826126562499,314.04356318208619,0.059999999999999998,0.18933919270833321
,162.09826019296878,314.94370611316839,0.059999999999999998,0.19035644531249996
,162.1982591195312,315.62411109816838,0.059999999999999998,0.19239095052083321
,162.29825804687499,315.16352330667337,0.059999999999999998,0.19239095052083321
,162.39825697265627,313.76098077381829,0.059999999999999998,0.19239095052083321
,162.49825589843755,311.97153120440083,0.059999999999999998,0.19035644531249996
,162.59825482343746,312.49471840150642,0.059999999999999998,0.19035644531249996
,162.69825374921874,312.17033799168746,0.059999999999999998,0.18933919270833321
,162.79825267500001,312.19126533324851,0.059999999999999998,0.18832194010416659
,162.89825160078129,313.10166118956937,0.059999999999999998,0.18832194010416659
,162.9982505257812,315.19492623015094,0.059999999999999998,0.18933919270833321
,163.09824945156248,316.50348262647481,0.059999999999999998,0.19035644531249996
,163.19824837734376,317.79128683483214,0.059999999999999998,0.19239095052083321
,163.29824730546881,316.94320066671645,0.059999999999999998,0.19340820312499996
,163.39824623671876,315.4356858272443,0.059999999999999998,0.19239095052083321
,163.49824516796872,314.17962493145893,0.059999999999999998,0.19137369791666659
,163.59824409921879,314.74482885806481,0.059999999999999998,0.19137369791666659
,163.69824303046875,313.98076622790791,0.059999999999999998,0.19035644531249996
,163.7982419617187,314.59829076948893,0.059999999999999998,0.19035644531249996
,163.89824089296877,315.90675668021117,0.059999999999999998,0.19035644531249996
,163.99823982421873,317.32011847502508,0.059999999999999998,0.19239095052083321
,164.0982387554688,317.95881890908726,0.059999999999999998,0.19239095052083321
,164.19823768671876,319.22587112392773,0.059999999999999998,0.19442545572916659
,164.29823661796871,317.83316958319506,0.059999999999999998,0.19442545572916659
,164.39823554765627,316.27316262171058,0.059999999999999998,0.19239095052083321
,164.49823447812497,315.36241044841404,0.059999999999999998,0.19340820312499996
,164.59823340859379,316.41972921583539,0.059999999999999998,0.19137369791666659
,164.69823233828123,316.05331723811628,0.059999999999999998,0.19951171874999996
,164.79823126875004,316.47207500650472,0.059999999999999998,0.19137369791666659
,164.89823019921874,317.22588760200409,0.059999999999999998,0.19239095052083321
,164.99822912968756,318.56614651023585,0.059999999999999998,0.19340820312499996
,165.098228059375,320.08462189599067,0.059999999999999998,0.19442545572916659
,165.19822698906245,320.94343897809478,0.059999999999999998,0.19645996093749996
,165.29822591640624,320.24171773342908,0.059999999999999998,0.19645996093749996
,165.39822484296877,318.44048949616399,0.059999999999999998,0.19645996093749996
,165.49822377031245,317.49811268311078,0.059999999999999998,0.19544270833333321
,165.59822269687498,317.4771720151366,0.059999999999999998,0.19442545572916659
,165.69822162421877,316.34644561975853,0.059999999999999998,0.19239095052083321
,165.7982205507812,316.96414014547196,0.059999999999999998,0.19239095052083321
,165.89821947812499,318.58708949765111,0.059999999999999998,0.19239095052083321
,165.99821840468752,320.7339654792375,0.059999999999999998,0.19442545572916659
,166.0982173320312,321.77089523697742,0.059999999999999998,0.19544270833333321
,166.19821625624996,322.79743590021042,0.059999999999999998,0.19747721354166659
,166.29821517812496,321.8965896794968,0.059999999999999998,0.19849446614583321
,166.39821409921871,321.22623410548994,0.059999999999999998,0.19747721354166659
,166.49821302031245,319.50862297858055,0.059999999999999998,0.19645996093749996
,166.5982119414063,319.5609852549573,0.059999999999999998,0.19544270833333321
,166.6982108632813,319.35153768639549,0.059999999999999998,0.19544270833333321
,166.79820978437505,319.58193023689398,0.059999999999999998,0.19442545572916659
,166.89820870546879,320.80728077645603,0.059999999999999998,0.19544270833333321
,166.99820762656253,321.81279324428732,0.059999999999999998,0.19645996093749996
,167.09820654843753,323.27930888431746,0.059999999999999998,0.19747721354166659
,167.19820547343755,324.09643544114107,0.059999999999999998,0.19849446614583321
,167.29820439999997,323.59358285482938,0.059999999999999998,0.19951171874999996
,167.39820332578125,322.40985489356132,0.059999999999999998,0.19849446614583321
,167.49820225234379,321.39381955631291,0.059999999999999998,0.19849446614583321
,167.59820117890621,322.01181068826173,0.059999999999999998,0.19849446614583321
,167.69820010468749,321.10054655170688,0.059999999999999998,0.19645996093749996
,167.79819903125002,321.45666469819736,0.059999999999999998,0.19645996093749996
,167.8981979570313,321.8965896794968,0.059999999999999998,0.19645996093749996
,167.99819688359372,323.59358285482938,0.059999999999999998,0.19747721354166659
,168.09819581015626,325.20696029877098,0.059999999999999998,0.19849446614583321
,168.1981947398437,326.07657452828283,0.059999999999999998,0.20052897135416659
,168.29819366875,324.67264139789279,0.059999999999999998,0.19951171874999996
,168.39819259843745,323.12217453471419,0.059999999999999998,0.19849446614583321
,168.49819152812501,321.99086133587514,0.059999999999999998,0.19747721354166659
,168.59819045703131,322.00133600774251,0.059999999999999998,0.19645996093749996
,168.69818938671875,322.22130610533645,0.059999999999999998,0.19544270833333321
,168.7981883164062,323.01741929303284,0.059999999999999998,0.19544270833333321
,168.8981872453125,324.48406253195469,0.059999999999999998,0.19645996093749996
,168.99818617500006,325.8041605776603,0.059999999999999998,0.19747721354166659
,169.09818510234373,326.81001675381572,0.059999999999999998,0.19849446614583321
,169.19818402812501,327.6692266544012,0.059999999999999998,0.20052897135416659
,169.29818295312504,326.71571545413178,0.059999999999999998,0.20052897135416659
,169.39818187812506,326.13943987265827,0.059999999999999998,0.20052897135416659
,169.49818080312497,324.54692190104333,0.059999999999999998,0.19849446614583321
,169.59817972812499,325.43745617143406,0.059999999999999998,0.19951171874999996
,169.69817865312501,325.35363912430341,0.059999999999999998,0.19849446614583321
,169.79817757890629,325.8984572431047,0.059999999999999998,0.19849446614583321
,169.8981765039062,326.54806983392803,0.059999999999999998,0.19951171874999996
,169.99817542890622,327.34439920779636,0.059999999999999998,0.20052897135416659
,170.09817435625001,328.28745987776568,0.059999999999999998,0.20154622395833327
,170.1981732851562,329.08385179183392,0.059999999999999998,0.20358072916666659
,170.29817221328125,328.49703420931274,0.059999999999999998,0.20358072916666659
,170.39817114140629,327.70066182935909,0.059999999999999998,0.20358072916666659
,170.49817007031248,325.86702496544166,0.059999999999999998,0.20154622395833327
,170.59816899843753,326.06609699207667,0.059999999999999998,0.20154622395833327
,170.69816792734372,325.5003192287918,0.059999999999999998,0.19951171874999996
,170.79816685546876,325.81463796006597,0.059999999999999998,0.19951171874999996
,170.89816578437495,326.73667125906866,0.059999999999999998,0.19951171874999996
,170.99816471328126,328.42368298473946,0.059999999999999998,0.20052897135416659
,171.09816364374996,329.47157776227272,0.059999999999999998,0.20154622395833327
,171.19816257421877,330.20512771667194,0.059999999999999998,0.2025634765624999
,171.29816150390621,329.40870290885135,0.059999999999999998,0.2025634765624999
,171.39816043437503,328.14075895077877,0.059999999999999998,0.20154622395833327
,171.49815936484373,326.76810500879498,0.059999999999999998,0.20052897135416659
,171.59815829453129,326.90431850696302,0.059999999999999998,0.19951171874999996
,171.69815722499999,326.92527451319887,0.059999999999999998,0.19849446614583321
,171.7981561554688,327.83688144172737,0.059999999999999998,0.19849446614583321
,171.8981550859375,328.83235688065236,0.059999999999999998,0.19849446614583321
,171.9981540164062,329.8593090735053,0.059999999999999998,0.19951171874999996
,172.09815294609376,330.65574546132126,0.059999999999999998,0.19951171874999996
,172.19815187656246,331.53603827608822,0.059999999999999998,0.20154622395833327
,172.29815080625002,331.71419512056542,0.059999999999999998,0.2025634765624999
,172.39814973671872,330.34136034320267,0.059999999999999998,0.20154622395833327
,172.49814866640628,328.92666718644637,0.059999999999999998,0.20052897135416659
,172.59814759687498,330.21560712907069,0.059999999999999998,0.20154622395833327
,172.69814652656254,328.45511919655746,0.059999999999999998,0.19849446614583321
,172.79814545703124,328.69613150086684,0.059999999999999998,0.19849446614583321
,172.8981443867188,329.88026766830251,0.059999999999999998,0.19849446614583321
,172.99814331171871,331.70371528610457,0.059999999999999998,0.19951171874999996
,173.09814223359371,332.85651043983131,0.059999999999999998,0.20052897135416659
,173.19814115624996,333.57963871445241,0.059999999999999998,0.20154622395833327
,173.29814007890621,333.00323151978557,0.059999999999999998,0.2025634765624999
,173.39813900078121,331.41028095111653,0.059999999999999998,0.20154622395833327
,173.49813792343747,330.00601954100955,0.059999999999999998,0.20052897135416659
,173.59813684609372,330.27848367518362,0.059999999999999998,0.19951171874999996
,173.69813576796872,330.32040144040707,0.059999999999999998,0.19849446614583321
,173.79813469062498,331.05397065184883,0.059999999999999998,0.19849446614583321
,173.89813361328123,331.66179597309332,0.059999999999999998,0.19849446614583321
,173.99813253984377,332.89843071437718,0.059999999999999998,0.19951171874999996
,174.0981314664063,334.23989164466735,0.059999999999999998,0.20052897135416659
,174.19813039218747,335.27743820236583,0.059999999999999998,0.2025634765624999
,174.29812931875,334.41805578703105,0.059999999999999998,0.2025634765624999
,174.39812824453128,333.17091314825774,0.059999999999999998,0.2025634765624999
,174.4981271710937,331.41028095111653,0.059999999999999998,0.20052897135416659
,174.59812609765623,331.99715156269474,0.059999999999999998,0.20052897135416659
,174.69812502343751,331.54651807012181,0.059999999999999998,0.19849446614583321
,174.79812395000005,332.46874927644382,0.059999999999999998,0.19849446614583321
,174.89812287578121,332.95083109607441,0.059999999999999998,0.19849446614583321
,174.99812180234375,334.44949654130892,0.059999999999999998,0.19951171874999996
,175.09812072890628,335.56040605270937,0.059999999999999998,0.20052897135416659
,175.1981196554687,336.58747367943971,0.059999999999999998,0.2025634765624999
,175.29811858203124,336.25210502647082,0.059999999999999998,0.2025634765624999
,175.39811750859377,334.65910172775551,0.059999999999999998,0.20154622395833327
,175.49811643515631,333.19187338010062,0.059999999999999998,0.20052897135416659
,175.59811536171873,333.79972254289083,0.059999999999999998,0.20052897135416659
,175.69811428828126,333.24427398630888,0.059999999999999998,0.19951171874999996
,175.7981132148438,334.0617277503174,0.059999999999999998,0.19951171874999996
,175.8981121398437,334.80582550207441,0.059999999999999998,0.19849446614583321
,175.99811106406247,335.95865709138388,0.059999999999999998,0.20052897135416659
,176.09810998828124,337.12196603120879,0.059999999999999998,0.20154622395833327
,176.1981089125,338.21190239022235,0.059999999999999998,0.20358072916666659
,176.29810783671877,337.42589197736226,0.059999999999999998,0.20358072916666659
,176.39810676015628,335.83289362514495,0.059999999999999998,0.2025634765624999
,176.49810568437505,334.29229283873468,0.059999999999999998,0.20154622395833327
,176.5981046085937,334.26085211976653,0.059999999999999998,0.20052897135416659
,176.69810353281247,334.23989164466735,0.059999999999999998,0.19951171874999996
,176.79810245781249,335.19359589795738,0.059999999999999998,0.19951171874999996
,176.8981013882813,336.1053810913366,0.059999999999999998,0.19951171874999996
,176.99810031875001,337.48877309001369,0.059999999999999998,0.20052897135416659
,177.09809924921871,338.80926417011989,0.059999999999999998,0.20154622395833327
,177.19809817968752,339.17606204159546,0.059999999999999998,0.2025634765624999
,177.29809711015622,338.50534401931202,0.059999999999999998,0.20358072916666659
,177.39809604062503,337.2058077605584,0.059999999999999998,0.2025634765624999
,177.49809497109374,335.72809071883438,0.059999999999999998,0.20154622395833327
,177.59809390156255,335.35080022916793,0.059999999999999998,0.20052897135416659
,177.69809283203125,335.151674751543,0.059999999999999998,0.19849446614583321
,177.79809176171881,335.12023389461598,0.059999999999999998,0.19747721354166659
,177.89809068984374,336.26258530458773,0.059999999999999998,0.19747721354166659
,177.99808961796879,337.64597567777002,0.059999999999999998,0.19849446614583321
,178.09808854609372,339.30182068255937,0.059999999999999998,0.19951171874999996
,178.19808747421877,340.64322272101316,0.059999999999999998,0.20154622395833327
,178.29808640312496,339.56381674544326,0.059999999999999998,0.20052897135416659
,178.39808533125,338.63110428038118,0.059999999999999998,0.20052897135416659
,178.49808425937505,336.59795394046165,0.059999999999999998,0.19849446614583321
,178.59808318749998,336.84947999636239,0.059999999999999998,0.19849446614583321
,178.69808211562503,336.07394023903657,0.059999999999999998,0.19645996093749996
,178.79808104140631,337.33157022979441,0.059999999999999998,0.19645996093749996
,178.8980799648437,338.3795834908654,0.059999999999999998,0.19645996093749996
,178.99807888828121,339.77341246304979,0.059999999999999998,0.19747721354166659
,179.09807781171872,340.95760672582753,0.059999999999999998,0.19849446614583321
,179.19807673515623,342.16271541349391,0.059999999999999998,0.19951171874999996
,179.29807565859375,341.14623566689158,0.059999999999999998,0.20052897135416659
,179.39807458203126,339.05030307197092,0.059999999999999998,0.19849446614583321
,179.49807350546877,337.97086006581446,0.059999999999999998,0.19747721354166659
,179.59807242890628,338.94550368784303,0.059999999999999998,0.19747721354166659
,179.69807135312504,338.54726413661143,0.059999999999999998,0.19645996093749996
,179.79807027656256,338.25382270653898,0.059999999999999998,0.19544270833333321
,179.89806919999995,339.67909451866888,0.059999999999999998,0.19544270833333321
,179.99806812343746,341.14623566689158,0.059999999999999998,0.19747721354166659
,180.09806704687497,342.39325196805959,0.059999999999999998,0.19849446614583321
,180.19806597109374,343.17915591556152,0.059999999999999998,0.19951171874999996
,180.29806489453125,342.65522278577453,0.059999999999999998,0.20052897135416659
,180.39806381796876,341.05192133689303,0.059999999999999998,0.19951171874999996
,180.49806274140627,339.16558213985468,0.059999999999999998,0.19849446614583321
,180.59806166484378,339.17606204159546,0.059999999999999998,0.19645996093749996
,180.69806059062495,339.09222276432138,0.059999999999999998,0.19544270833333321
,180.79805952031251,339.27038105375834,0.059999999999999998,0.19442545572916659
,180.89805844999995,340.46507049045431,0.059999999999999998,0.19544270833333321
,180.99805737968751,341.72259462623543,0.059999999999999998,0.19544270833333321
,181.09805630937495,343.31537659246209,0.059999999999999998,0.19747721354166659
,181.19805523906251,344.65657986964288,0.059999999999999998,0.19849446614583321
,181.29805416874996,344.12220468645125,0.059999999999999998,0.19951171874999996
,181.39805309843752,342.22558922245571,0.059999999999999998,0.19747721354166659
,181.49805202812496,340.60130463141167,0.059999999999999998,0.19645996093749996
,181.59805095781252,340.55938649084908,0.059999999999999998,0.19544270833333321
,181.69804988515631,340.7165792539148,0.059999999999999998,0.19442545572916659
,181.79804881093747,341.01000376638768,0.059999999999999998,0.19442545572916659
,181.89804773671875,342.31989965122909,0.059999999999999998,0.19442545572916659
,181.99804666328129,343.7659467026545,0.059999999999999998,0.19544270833333321
,182.09804558906245,345.39001152579669,0.059999999999999998,0.19747721354166659
,182.19804451484373,346.13388974628026,0.059999999999999998,0.19849446614583321
,182.29804344062501,345.27475993342733,0.059999999999999998,0.19849446614583321
,182.39804236718754,343.04293442558924,0.059999999999999998,0.19747721354166659
,182.49804129296871,341.62828211872028,0.059999999999999998,0.19645996093749996
,182.59804021874999,342.12079945734297,0.059999999999999998,0.19544270833333321
,182.69803914296875,342.03696734652027,0.059999999999999998,0.19544270833333321
,182.79803806718752,342.68665909771471,0.059999999999999998,0.19442545572916659
,182.89803699140629,343.46207485707475,0.059999999999999998,0.19442545572916659
,182.9980359148438,344.89756776813857,0.059999999999999998,0.19544270833333321
,183.09803483906245,346.09198198489963,0.059999999999999998,0.19645996093749996
,183.19803376328122,347.17107182231803,0.059999999999999998,0.19849446614583321
,183.29803268749998,346.41676432675393,0.059999999999999998,0.19849446614583321
,183.39803161093749,344.88709009762573,0.059999999999999998,0.19747721354166659
,183.49803053515626,342.86479742827527,0.059999999999999998,0.19645996093749996
,183.5980294617188,343.61925048359132,0.059999999999999998,0.19544270833333321
,183.6980283921875,343.15819881581746,0.059999999999999998,0.19442545572916659
,183.79802732343745,343.97551096428219,0.059999999999999998,0.19442545572916659
,183.89802625390627,345.31666968959104,0.059999999999999998,0.19442545572916659
,183.99802518515622,346.68915736108846,0.059999999999999998,0.19544270833333321
,184.09802411562504,347.73677771786203,0.059999999999999998,0.19645996093749996
,184.19802304687499,348.55386876312929,0.059999999999999998,0.19849446614583321
,184.29802197734381,348.30246128155028,0.059999999999999998,0.19849446614583321
,184.39802090859376,346.22818181904466,0.059999999999999998,0.19747721354166659
,184.49801983906247,344.7613575944988,0.059999999999999998,0.19645996093749996
,184.59801876718751,345.50526236830052,0.059999999999999998,0.19645996093749996
,184.69801769296879,345.28523738167246,0.059999999999999998,0.19645996093749996
,184.79801661874995,345.83005608748857,0.059999999999999998,0.19645996093749996
,184.89801554453123,346.45867125116081,0.059999999999999998,0.19544270833333321
,184.99801447031251,347.47487955442796,0.059999999999999998,0.19645996093749996
,185.09801339609379,348.60624473284463,0.059999999999999998,0.19849446614583321
,185.19801232187496,350.09363364052405,0.059999999999999998,0.20052897135416659
,185.29801124765623,349.36043557455048,0.059999999999999998,0.20052897135416659
,185.39801017343751,347.20250049608887,0.059999999999999998,0.19951171874999996
,185.49800909921879,345.76719326635595,0.059999999999999998,0.19849446614583321
,185.59800802343756,346.23865868250357,0.059999999999999998,0.19849446614583321
,185.69800694765621,346.17579740107487,0.059999999999999998,0.19747721354166659
,185.79800587265623,347.05583279050273,0.059999999999999998,0.19747721354166659
,185.898004796875,347.85201139940557,0.059999999999999998,0.19747721354166659
,185.99800372109377,348.86812149142855,0.059999999999999998,0.19849446614583321
,186.09800264609379,349.60134830063328,0.059999999999999998,0.19951171874999996
,186.19800157031256,350.69063346574006,0.059999999999999998,0.20052897135416659
,186.29800049531246,350.48116328948839,0.059999999999999998,0.20052897135416659
,186.39799941953123,349.06714433945649,0.059999999999999998,0.20052897135416659
,186.49799834453125,347.50630758340878,0.059999999999999998,0.19951171874999996
,186.59799726953128,347.5691634382776,0.059999999999999998,0.19849446614583321
,186.69799619375004,347.34916676562534,0.059999999999999998,0.19747721354166659
,186.79799511874995,348.01962235511041,0.059999999999999998,0.19747721354166659
,186.89799404296872,349.12999302587514,0.059999999999999998,0.19747721354166659
,186.99799296718749,350.57542533478323,0.059999999999999998,0.19849446614583321
,187.09799189218751,351.5703661990687,0.059999999999999998,0.19951171874999996
,187.19799081640627,352.63851769279268,0.059999999999999998,0.20052897135416659
,187.2979897414063,351.59131136999252,0.059999999999999998,0.20052897135416659
,187.39798866562495,350.15647714245154,0.059999999999999998,0.19951171874999996
,187.49798758906246,348.3862642924052,0.059999999999999998,0.19849446614583321
,187.59798651171872,349.01477020080711,0.059999999999999998,0.19747721354166659
,187.69798543359371,348.96239585092832,0.059999999999999998,0.19645996093749996
,187.79798435624997,349.90510117174966,0.059999999999999998,0.19645996093749996
,187.89798327890622,350.41832150484464,0.059999999999999998,0.19645996093749996
,187.99798220156248,352.18823167680387,0.059999999999999998,0.19849446614583321
,188.09798112343748,353.0468995911487,0.059999999999999998,0.19849446614583321
,188.19798004609373,353.8950238913842,0.059999999999999998,0.20052897135416659
,188.29797896874999,353.29820329928856,0.059999999999999998,0.20052897135416659
,188.39797789140624,352.43955650690123,0.059999999999999998,0.20052897135416659
,188.49797681875003,350.81631375459386,0.059999999999999998,0.19951171874999996
,188.59797574687497,351.54942098807118,0.059999999999999998,0.19951171874999996
,188.69797467421876,351.16192741940893,0.059999999999999998,0.19849446614583321
,188.7979736023438,350.79536713505701,0.059999999999999998,0.19747721354166659
,188.89797253046873,351.30854819785276,0.059999999999999998,0.19747721354166659
,188.99797145781253,352.65946075222274,0.059999999999999998,0.19849446614583321
,189.09797038593746,354.4499290417005,0.059999999999999998,0.19951171874999996
,189.1979693140625,355.54917093731041,0.059999999999999998,0.20154622395833327
,189.29796824140629,354.91057994923909,0.059999999999999998,0.20154622395833327
,189.39796717031248,353.55997121394597,0.059999999999999998,0.20052897135416659
,189.49796609921879,351.65414664180986,0.059999999999999998,0.19951171874999996
,189.59796502812497,351.86359492201876,0.059999999999999998,0.19849446614583321
,189.69796395703128,351.58083878954301,0.059999999999999998,0.19849446614583321
,189.79796288593747,353.0468995911487,0.059999999999999998,0.19849446614583321
,189.89796181484377,354.19865527568629,0.059999999999999998,0.19849446614583321
,189.99796074374996,355.30839608177268,0.059999999999999998,0.19951171874999996
,190.09795967265626,356.19818324495247,0.059999999999999998,0.20052897135416659
,190.19795860156245,357.09834426330059,0.059999999999999998,0.2025634765624999
,190.29795753046875,356.25052082086387,0.059999999999999998,0.20358072916666659
,190.39795645703128,354.60697170969036,0.059999999999999998,0.2025634765624999
,190.49795538281245,353.48667690094248,0.059999999999999998,0.20154622395833327
,190.59795430859373,354.29288372655367,0.059999999999999998,0.20154622395833327
,190.69795323437501,353.92643448300561,0.059999999999999998,0.20052897135416659
,190.79795216015629,354.3766415560944,0.059999999999999998,0.20052897135416659
,190.89795108593745,355.52823425318439,0.059999999999999998,0.20052897135416659
,190.99795001171873,356.49126952209446,0.059999999999999998,0.2025634765624999
,191.09794893671875,357.34953453855269,0.059999999999999998,0.2025634765624999
,191.19794786250003,357.92514945615233,0.059999999999999998,0.20358072916666659
,191.29794678828131,357.45419486352819,0.059999999999999998,0.20358072916666659
,191.39794571484373,356.18771569130558,0.059999999999999998,0.20358072916666659
,191.49794464140626,354.93151807696398,0.059999999999999998,0.2025634765624999
,191.5979435679688,355.76900311034251,0.059999999999999998,0.2025634765624999
,191.69794249453122,354.84776527725148,0.059999999999999998,0.20154622395833327
,191.79794142187501,355.17230306738128,0.059999999999999998,0.20154622395833327
,191.89794034843754,356.48080232957659,0.059999999999999998,0.20154622395833327
,191.99793927499996,357.95654543886286,0.059999999999999998,0.2025634765624999
,192.0979382015625,358.9925419076958,0.059999999999999998,0.20358072916666659
,192.19793712812503,359.86099558588444,0.059999999999999998,0.2056152343749999
,192.29793605546871,359.03439741084355,0.059999999999999998,0.2056152343749999
,192.3979349828125,357.45419486352819,0.059999999999999998,0.20459798177083327
,192.49793391093755,355.41308160432436,0.059999999999999998,0.20358072916666659
,192.59793283828122,355.81087527913826,0.059999999999999998,0.2025634765624999
,192.69793176562501,355.80040725579647,0.059999999999999998,0.2025634765624999
,192.79793069374995,356.75294509776307,0.059999999999999998,0.20154622395833327
,192.89792962109374,357.87282254161551,0.059999999999999998,0.20154622395833327
,192.99792854843753,359.20181710089776,0.059999999999999998,0.20358072916666659
,193.09792747656246,360.7502689110288,0.059999999999999998,0.20358072916666659
,193.19792640390625,361.26285820693766,0.059999999999999998,0.2056152343749999
,193.29792532968753,360.19579373791163,0.059999999999999998,0.2056152343749999
,193.39792425546881,358.7623325134291,0.059999999999999998,0.2056152343749999
,193.49792318046872,357.37046671172914,0.059999999999999998,0.20459798177083327
,193.59792210625,358.04026744926506,0.059999999999999998,0.20358072916666659
,193.69792103125002,357.79956428152178,0.059999999999999998,0.2025634765624999
,193.79791995625004,358.41700543659027,0.059999999999999998,0.2025634765624999
,193.89791888203121,359.10764398320032,0.059999999999999998,0.2025634765624999
,193.99791780703123,360.43642032625775,0.059999999999999998,0.20459798177083327
,194.09791673281251,361.73357010251328,0.059999999999999998,0.2056152343749999
,194.19791565781253,362.90497732667114,0.059999999999999998,0.20764973958333327
,194.29791458281255,362.2774633089835,0.059999999999999998,0.20764973958333327
,194.39791350781246,360.42595846855124,0.059999999999999998,0.20663248697916659
,194.49791243281248,358.85650992592446,0.059999999999999998,0.2056152343749999
,194.59791135703125,359.00300580519826,0.059999999999999998,0.20459798177083327
,194.69791028203127,358.5739742103446,0.059999999999999998,0.20358072916666659
,194.7979092070313,359.0762526821303,0.059999999999999998,0.2025634765624999
,194.8979081320312,360.28995292793195,0.059999999999999998,0.2025634765624999
,194.99790705703123,361.97414365783942,0.059999999999999998,0.20459798177083327
,195.09790598203125,363.60563006744684,0.059999999999999998,0.2056152343749999
,195.19790490859378,364.69305746223165,0.059999999999999998,0.20764973958333327
,195.29790383749997,364.01343741227532,0.059999999999999998,0.2086669921874999
,195.39790276640628,361.8486280847676,0.059999999999999998,0.20663248697916659
,195.49790169531246,359.21228070777636,0.059999999999999998,0.20459798177083327
,195.59790062421877,359.49479255629291,0.059999999999999998,0.20459798177083327
,195.69789955312496,359.86099558588444,0.059999999999999998,0.20358072916666659
,195.79789848203126,361.12686879375991,0.059999999999999998,0.20358072916666659
,195.89789741093745,361.74402999950428,0.059999999999999998,0.20358072916666659
,195.99789633984375,362.88406115604789,0.059999999999999998,0.20459798177083327
,196.09789526875005,364.04480611867564,0.059999999999999998,0.2056152343749999
,196.19789419687498,365.22624539751098,0.059999999999999998,0.20663248697916659
,196.29789312343752,364.26438267471741,0.059999999999999998,0.20663248697916659
,196.39789205000005,362.8108540324929,0.059999999999999998,0.20663248697916659
,196.49789097656247,361.21055490153594,0.059999999999999998,0.20459798177083327
,196.59788990390626,361.73357010251328,0.059999999999999998,0.20459798177083327
,196.6978888304688,361.55574940134369,0.059999999999999998,0.20358072916666659
,196.79788775703122,362.04735999890949,0.059999999999999998,0.2025634765624999
,196.89788668359375,362.76902102340489,0.059999999999999998,0.2025634765624999
,196.99788561015629,364.22255916227959,0.059999999999999998,0.20358072916666659
,197.09788453671871,365.7907461527638,0.059999999999999998,0.20459798177083327
,197.19788346171873,366.41790637801392,0.059999999999999998,0.2056152343749999
,197.29788238671875,365.66530613522934,0.059999999999999998,0.20663248697916659
,197.39788131093752,364.38985153009617,0.059999999999999998,0.2056152343749999
,197.49788023593754,362.7585627294817,0.059999999999999998,0.20358072916666659
,197.59787916093745,362.6539788755673,0.059999999999999998,0.20358072916666659
,197.69787808515622,362.23562693107152,0.059999999999999998,0.20154622395833327
,197.79787701015624,363.17688143688002,0.059999999999999998,0.20052897135416659
,197.89787593515626,364.25392682284979,0.059999999999999998,0.20052897135416659
,197.99787485937503,365.9370894973668,0.059999999999999998,0.2025634765624999
,198.0978737851562,367.08680301086389,0.059999999999999998,0.20358072916666659
,198.19787271249999,368.35122092277004,0.059999999999999998,0.2056152343749999
,198.29787164062503,367.15995886573995,0.059999999999999998,0.20459798177083327
,198.39787056796871,365.63394571889125,0.059999999999999998,0.20358072916666659
,198.4978694953125,364.07617466865395,0.059999999999999998,0.20358072916666659
,198.59786842343755,364.90215631465605,0.059999999999999998,0.2025634765624999
,198.69786735078122,364.33757314733668,0.059999999999999998,0.20154622395833327
,198.79786627890627,364.77669785765642,0.059999999999999998,0.20154622395833327
,198.89786520624995,365.70711976757082,0.059999999999999998,0.20154622395833327
,198.99786413359374,367.15995886573995,0.059999999999999998,0.2025634765624999
,199.09786305937502,368.66466856993031,0.059999999999999998,0.20358072916666659
,199.19786198515629,369.58401087463807,0.059999999999999998,0.2056152343749999
,199.2978609101562,368.73780377695363,0.059999999999999998,0.2056152343749999
,199.39785983515623,367.65112381468407,0.059999999999999998,0.2056152343749999
,199.49785876015625,366.282027335468,0.059999999999999998,0.20459798177083327
,199.59785768515627,365.81165256556255,0.059999999999999998,0.2025634765624999
,199.69785661015629,366.041618245542,0.059999999999999998,0.2025634765624999
,199.79785553593746,366.71055817460962,0.059999999999999998,0.2025634765624999
,199.89785446093748,367.46302311828009,0.059999999999999998,0.2025634765624999
,199.9978533859375,368.34077236050064,0.059999999999999998,0.2025634765624999
,200.09785230859376,370.04362289932214,0.059999999999999998,0.20459798177083327
,200.19785123046876,371.40133169119264,0.059999999999999998,0.20663248697916659
,200.29785015234376,370.32563774902275,0.059999999999999998,0.20663248697916659
,200.39784907421875,368.52884345114489,0.059999999999999998,0.2056152343749999
,200.49784799609375,367.13905728843832,0.059999999999999998,0.20459798177083327
,200.59784691796875,367.49437366923797,0.059999999999999998,0.20459798177083327
,200.69784583984375,366.77326735317052,0.059999999999999998,0.20358072916666659
,200.79784476171875,367.3167182543512,0.059999999999999998,0.2025634765624999
,200.89784368359375,368.15269486465149,0.059999999999999998,0.2025634765624999
,200.99784260703126,370.31519302485935,0.059999999999999998,0.20358072916666659
,201.09784153593745,371.53708286625096,0.059999999999999998,0.2056152343749999
,201.19784046406249,372.35151323561917,0.059999999999999998,0.20663248697916659
,201.2978393929688,371.03582980375978,0.059999999999999998,0.20663248697916659
,201.39783832187499,369.39597633885023,0.059999999999999998,0.2056152343749999
,201.49783725078129,367.47347332122865,0.059999999999999998,0.20459798177083327
,201.59783617890622,368.2362856514435,0.059999999999999998,0.20358072916666659
,201.69783510781252,368.21538807290403,0.059999999999999998,0.2025634765624999
,201.79783403671871,369.11391218760195,0.059999999999999998,0.2025634765624999
,201.89783296562501,370.30474827985933,0.059999999999999998,0.2025634765624999
,201.9978318929688,371.78769087101125,0.059999999999999998,0.20459798177083327
,202.09783081953123,372.86307454433398,0.059999999999999998,0.20459798177083327
,202.19782974687502,373.45808900716912,0.059999999999999998,0.20663248697916659
,202.29782867343755,372.81087684017342,0.059999999999999998,0.20663248697916659
,202.39782760078123,371.1402615774993,0.059999999999999998,0.2056152343749999
,202.49782652734376,369.41686939112543,0.059999999999999998,0.20459798177083327
,202.5978254539063,369.97050547161149,0.059999999999999998,0.20459798177083327
,202.69782438124997,369.84515895658973,0.059999999999999998,0.2025634765624999
,202.79782330781251,370.11673931317307,0.059999999999999998,0.2025634765624999
,202.89782223437504,371.11937539278705,0.059999999999999998,0.2025634765624999
,202.99782116249997,372.77955795175916,0.059999999999999998,0.20358072916666659
,203.09782009140628,373.87559943998548,0.059999999999999998,0.20459798177083327
,203.19781902031247,375.02356475257039,0.059999999999999998,0.20663248697916659
,203.29781794843751,373.92778569644793,0.059999999999999998,0.20663248697916659
,203.3978168773437,372.7273593616776,0.059999999999999998,0.2056152343749999
,203.49781580625,370.63896975716614,0.059999999999999998,0.20459798177083327
,203.59781473515631,370.99405649976075,0.059999999999999998,0.20358072916666659
,203.69781366328124,370.3674164371979,0.059999999999999998,0.20154622395833327
,203.79781259218754,370.85829092112255,0.059999999999999998,0.20052897135416659
,203.89781152187498,372.18446138074972,0.059999999999999998,0.20052897135416659
,203.99781045078129,373.66684874372851,0.059999999999999998,0.2025634765624999
,204.09780937968748,374.88791067554308,0.059999999999999998,0.20358072916666659
,204.19780830859378,376.10865465463053,0.059999999999999998,0.20459798177083327
,204.29780723749997,375.07573834986579,0.059999999999999998,0.20459798177083327
,204.39780616640627,373.51027978647568,0.059999999999999998,0.20459798177083327
,204.4978050945312,371.59973603071739,0.059999999999999998,0.2025634765624999
,204.5978040234375,372.32019143951464,0.059999999999999998,0.2025634765624999
,204.69780295234381,372.22622486922148,0.059999999999999998,0.20154622395833327
,204.79780188125,372.87351401863759,0.059999999999999998,0.20052897135416659
,204.89780080859379,374.04259345899777,0.059999999999999998,0.20052897135416659
,204.99779973359381,375.47223858655445,0.059999999999999998,0.20154622395833327
,205.09779865859372,376.29643265937915,0.059999999999999998,0.2025634765624999
,205.197797584375,376.84928940518711,0.059999999999999998,0.20358072916666659
,205.29779650937502,376.25470488311629,0.059999999999999998,0.20459798177083327
,205.39779543437504,375.09660762555819,0.059999999999999998,0.20358072916666659
,205.49779436015621,373.15537141962068,0.059999999999999998,0.2025634765624999
,205.59779328515623,373.56247000278802,0.059999999999999998,0.20154622395833327
,205.69779221015625,373.99040845387327,0.059999999999999998,0.20154622395833327
,205.79779113515627,374.79399401428736,0.059999999999999998,0.20154622395833327
,205.89779005625002,375.08617299937629,0.059999999999999998,0.20154622395833327
,205.9977889765625,376.139951526103,0.059999999999999998,0.2025634765624999
,206.09778789765625,377.0683270790484,0.059999999999999998,0.20358072916666659
,206.19778681796873,376.99531571063761,0.059999999999999998,0.20358072916666659
,206.29778573828122,376.51549719281962,0.059999999999999998,0.20358072916666659
,206.39778465859371,375.78524110866772,0.059999999999999998,0.2025634765624999
,206.49778357890631,373.62509751825939,0.059999999999999998,0.20052897135416659
,206.59778250000005,375.08617299937629,0.059999999999999998,0.20052897135416659
,206.69778142031254,376.29643265937915,0.059999999999999998,0.20052897135416659
,206.79778034218754,376.53635992934397,0.059999999999999998,0.20052897135416659
,206.89777927109373,376.69282738277701,0.059999999999999998,0.20052897135416659
,206.99777820000003,377.41250744620635,0.059999999999999998,0.20154622395833327
,207.09777712890622,378.61171422870575,0.059999999999999998,0.2025634765624999
,207.19777605859377,378.10078796988921,0.059999999999999998,0.20154622395833327
,207.29777498749996,377.94437002424968,0.059999999999999998,0.20154622395833327
,207.39777391640627,376.8388587730102,0.059999999999999998,0.20154622395833327
,207.49777284531245,375.67047598453991,0.059999999999999998,0.19951171874999996
,207.59777177421876,375.86870485400692,0.059999999999999998,0.19951171874999996
,207.69777070312495,376.94316400444308,0.059999999999999998,0.19951171874999996
,207.79776963124999,377.22477599549615,0.059999999999999998,0.19951171874999996
,207.89776855937504,378.10078796988921,0.059999999999999998,0.19951171874999996
,207.99776748749997,379.70635265050583,0.059999999999999998,0.20052897135416659
,208.09776641484376,380.85281375681393,0.059999999999999998,0.20154622395833327
,208.19776534296881,379.65423336843855,0.059999999999999998,0.20154622395833327
,208.29776427031248,379.03917770170796,0.059999999999999998,0.20154622395833327
,208.39776319843753,378.52830179450086,0.059999999999999998,0.20154622395833327
,208.49776212656246,377.00574597903176,0.059999999999999998,0.19951171874999996
,208.59776105390625,377.73580410134997,0.059999999999999998,0.20052897135416659
,208.6977599820313,378.34061796148302,0.059999999999999998,0.19951171874999996
,208.79775891328126,378.61171422870575,0.059999999999999998,0.19951171874999996
,208.89775784531247,378.42403399819523,0.059999999999999998,0.19849446614583321
,208.9977567773438,380.1337065546669,0.059999999999999998,0.20052897135416659
,209.09775570937501,381.92603144617379,0.059999999999999998,0.20154622395833327
,209.19775464140622,381.66556750698948,0.059999999999999998,0.20154622395833327
,209.29775357343755,381.02996603780667,0.059999999999999998,0.20154622395833327
,209.39775250546876,380.2900447191754,0.059999999999999998,0.20154622395833327
,209.49775143749997,378.54915505341063,0.059999999999999998,0.19951171874999996
,209.5977503695313,378.99747581416108,0.059999999999999998,0.19951171874999996
,209.6977493,379.67508115806214,0.059999999999999998,0.19951171874999996
,209.79774822109374,379.63338547646606,0.059999999999999998,0.19849446614583321
,209.89774714296874,380.43595508386068,0.059999999999999998,0.19951171874999996
,209.99774606484374,382.13439060422905,0.059999999999999998,0.20052897135416659
,210.09774498671874,383.4988766993755,0.059999999999999998,0.20154622395833327
,210.19774390781248,382.75940370898826,0.059999999999999998,0.20154622395833327
,210.29774282968748,381.84268479488242,0.059999999999999998,0.20154622395833327
,210.39774175156248,380.87365559446584,0.059999999999999998,0.20052897135416659
,210.49774067343748,379.57084118685555,0.059999999999999998,0.19951171874999996
,210.59773959453122,380.5610170614496,0.059999999999999998,0.19951171874999996
,210.69773851874999,381.55095811461007,0.059999999999999998,0.19951171874999996
,210.79773744531252,381.34256919531396,0.059999999999999998,0.19951171874999996
,210.8977363726562,381.51970045113609,0.059999999999999998,0.19849446614583321
,210.99773529921873,382.64482523105028,0.059999999999999998,0.19951171874999996
,211.09773422578127,383.99872400367889,0.059999999999999998,0.20052897135416659
,211.1977331523438,383.36349050921586,0.059999999999999998,0.20052897135416659
,211.29773207890622,383.05104323545112,0.059999999999999998,0.20052897135416659
,211.39773100546876,382.42607543654719,0.059999999999999998,0.20052897135416659
,211.49772993203129,381.18627057693266,0.059999999999999998,0.19951171874999996
,211.59772885937497,381.82184786575147,0.059999999999999998,0.19951171874999996
,211.69772778203122,382.76981977208436,0.059999999999999998,0.19951171874999996
,211.79772670468748,382.84273145611166,0.059999999999999998,0.19951171874999996
,211.89772562734373,382.98855084138722,0.059999999999999998,0.19849446614583321
,211.99772454921873,384.00913681460895,0.059999999999999998,0.20052897135416659
,212.09772347187499,385.38338369574723,0.059999999999999998,0.20052897135416659
,212.19772239374998,385.12314709113718,0.059999999999999998,0.20154622395833327
,212.29772131640624,384.19656268518082,0.059999999999999998,0.20154622395833327
,212.39772023906249,383.55094707937184,0.059999999999999998,0.20052897135416659
,212.49771916093749,382.35315620084879,0.059999999999999998,0.19951171874999996
,212.597718084375,383.34266145451392,0.059999999999999998,0.19951171874999996
,212.69771701328131,383.89459437675333,0.059999999999999998,0.19951171874999996
,212.79771594218749,384.17573803108917,0.059999999999999998,0.19951171874999996
,212.8977148710938,384.56097616540262,0.059999999999999998,0.19951171874999996
,212.99771379999999,386.21602194374611,0.059999999999999998,0.20052897135416659
,213.09771272812503,387.32938921049521,0.059999999999999998,0.2025634765624999
,213.19771165703122,386.8507857973305,0.059999999999999998,0.2025634765624999
,213.29771058593752,385.93502687294318,0.059999999999999998,0.2025634765624999
,213.39770951484371,384.67549907743256,0.059999999999999998,0.20154622395833327
,213.49770844375001,383.08228906564619,0.059999999999999998,0.20052897135416659
,213.59770737187495,384.15491326625067,0.059999999999999998,0.20052897135416659
,213.69770629765623,385.28970054639501,0.059999999999999998,0.20052897135416659
,213.79770522421876,385.38338369574723,0.059999999999999998,0.20052897135416659
,213.89770415000004,385.66441941418026,0.059999999999999998,0.20052897135416659
,213.99770307656246,386.92362070157543,0.059999999999999998,0.20154622395833327
,214.09770200312499,387.80793112497099,0.059999999999999998,0.2025634765624999
,214.19770092890627,387.76632123679406,0.059999999999999998,0.2025634765624999
,214.29769985546881,387.20454205773956,0.059999999999999998,0.20358072916666659
,214.39769878124997,385.81013350890572,0.059999999999999998,0.2025634765624999
,214.49769770781251,384.66508804306841,0.059999999999999998,0.20154622395833327
,214.59769663125002,385.51869976362934,0.059999999999999998,0.20154622395833327
,214.69769555312502,386.18480129668984,0.059999999999999998,0.20154622395833327
,214.79769447578127,386.39293408050679,0.059999999999999998,0.20052897135416659
,214.89769339765627,386.68430070848666,0.059999999999999998,0.20052897135416659
,214.99769232031252,387.65189163213938,0.059999999999999998,0.20154622395833327
,215.09769124218752,389.22238688701049,0.059999999999999998,0.2025634765624999
,215.19769016484378,388.96241773914215,0.059999999999999998,0.20358072916666659
,215.29768908671878,388.33841605745801,0.059999999999999998,0.2025634765624999
,215.39768800937503,386.99645419016974,0.059999999999999998,0.2025634765624999
,215.49768693125003,385.57074313296943,0.059999999999999998,0.20052897135416659
,215.59768585859371,386.11195212039303,0.059999999999999998,0.20052897135416659
,215.69768478671875,387.28777395755355,0.059999999999999998,0.19951171874999996
,215.79768371406254,387.50624884419386,0.059999999999999998,0.20052897135416659
,215.89768264140622,387.99516982302549,0.059999999999999998,0.19951171874999996
,215.99768156875001,388.7440292844143,0.059999999999999998,0.20052897135416659
,216.0976804960938,390.1373294119046,0.059999999999999998,0.20154622395833327
,216.19767942343748,389.77345969087071,0.059999999999999998,0.2025634765624999
,216.29767835156252,389.0352109774779,0.059999999999999998,0.20154622395833327
,216.3976772789062,387.64148876551712,0.059999999999999998,0.20052897135416659
,216.49767620624999,386.47618398582625,0.059999999999999998,0.19951171874999996
,216.59767513125001,387.52705530670471,0.059999999999999998,0.19951171874999996
,216.69767405703129,388.73362950764914,0.059999999999999998,0.19951171874999996
,216.79767298281246,388.8688242911357,0.059999999999999998,0.19849446614583321
,216.89767190859374,389.47193971581225,0.059999999999999998,0.19951171874999996
,216.99767083437501,390.63629049887567,0.059999999999999998,0.20052897135416659
,217.09766976015629,391.85221355815401,0.059999999999999998,0.20154622395833327
,217.19766868593746,391.33263970331723,0.059999999999999998,0.2025634765624999
,217.29766761093748,390.30365753470164,0.059999999999999998,0.2025634765624999
,217.39766653671876,389.4407465546156,0.059999999999999998,0.20154622395833327
,217.49766546171878,388.65043022639878,0.059999999999999998,0.20052897135416659
,217.59766438515629,389.76306287085782,0.059999999999999998,0.20052897135416659
,217.6976633085938,390.16851652483956,0.059999999999999998,0.19951171874999996
,217.79766223281246,389.83583997915451,0.059999999999999998,0.19951171874999996
,217.89766115624997,390.09574617152265,0.059999999999999998,0.19951171874999996
,217.99766007968748,391.16635983556375,0.059999999999999998,0.20052897135416659
,218.09765900312499,392.46521129892784,0.059999999999999998,0.20154622395833327
,218.1976579265625,392.49637778651095,0.059999999999999998,0.20154622395833327
,218.29765685078127,391.94572866186274,0.059999999999999998,0.2025634765624999
,218.39765577421878,391.5196951593577,0.059999999999999998,0.20154622395833327
,218.49765470312497,390.24128539649973,0.059999999999999998,0.20052897135416659
,218.59765363125001,390.64668477769874,0.059999999999999998,0.20052897135416659
,218.69765255937506,390.90653184801488,0.059999999999999998,0.20052897135416659
,218.79765148749999,391.05203787615716,0.059999999999999998,0.19951171874999996
,218.89765041640629,391.78986876484885,0.059999999999999998,0.20052897135416659
,218.99764934453123,392.79763936279005,0.059999999999999998,0.20154622395833327
,219.09764827265627,394.18933265168158,0.059999999999999998,0.2025634765624999
,219.1976472007812,393.70126593710751,0.059999999999999998,0.2025634765624999
,219.29764612968751,392.93267912557474,0.059999999999999998,0.2025634765624999
,219.39764505781255,391.81065048617688,0.059999999999999998,0.20154622395833327
,219.49764398671874,390.75062589163679,0.059999999999999998,0.20154622395833327
,219.59764291562504,391.74830495167544,0.059999999999999998,0.20154622395833327
,219.69764184531249,392.44443348483361,0.059999999999999998,0.20154622395833327
,219.79764077421879,392.5067665534072,0.059999999999999998,0.20154622395833327
,219.89763970312498,393.05732651681035,0.059999999999999998,0.20052897135416659
,219.99763863203128,394.33470067099353,0.059999999999999998,0.2025634765624999
,220.09763756093747,396.08900494911444,0.059999999999999998,0.20358072916666659
,220.19763648984377,395.51817845412228,0.059999999999999998,0.20459798177083327
,220.29763541874996,394.48006244948635,0.059999999999999998,0.20459798177083327
,220.39763434374998,393.11964851913712,0.059999999999999998,0.20358072916666659
,220.49763326640624,391.74830495167544,0.059999999999999998,0.2025634765624999
,220.59763218984375,392.35093178084503,0.059999999999999998,0.2025634765624999
,220.69763111328126,393.88819337555503,0.059999999999999998,0.2025634765624999
,220.79763003593752,393.81550059001142,0.059999999999999998,0.20154622395833327
,220.89762895937503,394.3969993408532,0.059999999999999998,0.20154622395833327
,220.99762788203128,394.70847546731204,0.059999999999999998,0.2025634765624999
,221.09762680546879,396.04749359963887,0.059999999999999998,0.20358072916666659
,221.19762572812505,395.61159312199743,0.059999999999999998,0.20358072916666659
,221.29762465156256,395.16525503164121,0.059999999999999998,0.20358072916666659
,221.39762357656247,394.48006244948635,0.059999999999999998,0.2025634765624999
,221.49762250078123,393.02616509216506,0.059999999999999998,0.20154622395833327
,221.59762142578126,393.75319125374688,0.059999999999999998,0.20052897135416659
,221.69762035000002,394.72923952026002,0.059999999999999998,0.20052897135416659
,221.79761927421879,394.48006244948635,0.059999999999999998,0.20052897135416659
,221.8976181992187,395.36248153390682,0.059999999999999998,0.20052897135416659
,221.99761712343746,396.32768511917885,0.059999999999999998,0.20154622395833327
,222.09761604843749,397.48970685408756,0.059999999999999998,0.2025634765624999
,222.19761497265625,397.75940296190117,0.059999999999999998,0.2025634765624999
,222.29761389843753,397.23036266444279,0.059999999999999998,0.20358072916666659
,222.39761282499995,396.24466788062,0.059999999999999998,0.2025634765624999
,222.49761175234374,394.69809339286996,0.059999999999999998,0.20154622395833327
,222.59761067890628,395.01992281411111,0.059999999999999998,0.20154622395833327
,222.69760960624996,395.42476117245656,0.059999999999999998,0.20052897135416659
,222.79760853281249,395.61159312199743,0.059999999999999998,0.20052897135416659
,222.89760746015628,396.55597177661002,0.059999999999999998,0.20052897135416659
,222.9976063867187,398.13279145059659,0.059999999999999998,0.20154622395833327
,223.09760531406249,398.95202084739702,0.059999999999999998,0.2025634765624999
,223.19760424062503,398.93128343045578,0.059999999999999998,0.20358072916666659
,223.2976031664063,397.78014789186403,0.059999999999999998,0.2025634765624999
,223.39760209218747,396.79461821152506,0.059999999999999998,0.20154622395833327
,223.49760101718749,395.67386811381084,0.059999999999999998,0.20052897135416659
,223.59759994296877,396.25504514931765,0.059999999999999998,0.20052897135416659
,223.69759886796879,396.62860512980478,0.059999999999999998,0.20052897135416659
,223.7975977929687,396.99174786657994,0.059999999999999998,0.20052897135416659
,223.89759671874998,397.65567632993071,0.059999999999999998,0.20052897135416659
,223.99759564375,399.20085940990595,0.059999999999999998,0.20154622395833327
,224.09759456953128,400.20638474786585,0.059999999999999998,0.2025634765624999
,224.19759349531245,400.07164203099518,0.059999999999999998,0.2025634765624999
,224.297592425,399.00386380450169,0.059999999999999998,0.20358072916666659
,224.39759135546871,398.13279145059659,0.059999999999999998,0.2025634765624999
,224.49759028593752,396.75311572572275,0.059999999999999998,0.20154622395833327
,224.59758921562496,397.60381177583992,0.059999999999999998,0.20154622395833327
,224.69758814609378,398.50613695102038,0.059999999999999998,0.20154622395833327
,224.79758707656248,398.49576682457456,0.059999999999999998,0.20052897135416659
,224.89758600625004,398.55798708377728,0.059999999999999998,0.20052897135416659
,224.99758493671874,399.97835526527109,0.059999999999999998,0.20154622395833327
,225.09758386718755,401.34628580212944,0.059999999999999998,0.2025634765624999
,225.19758279609374,400.78674944563556,0.059999999999999998,0.2025634765624999
,225.29758172265628,400.26857176569678,0.059999999999999998,0.20358072916666659
,225.39758064999995,398.99349527997975,0.059999999999999998,0.2025634765624999
,225.49757957734374,397.86312628934877,0.059999999999999998,0.20154622395833327
,225.59757850390628,398.38169323727055,0.059999999999999998,0.20052897135416659
,225.69757743124995,399.78140755828554,0.059999999999999998,0.20052897135416659
,225.79757635781249,399.66737963874334,0.059999999999999998,0.20052897135416659
,225.89757528515628,400.23747840910261,0.059999999999999998,0.20052897135416659
,225.9975742117187,401.25303665279944,0.059999999999999998,0.20154622395833327
,226.09757313906249,402.55827190843695,0.059999999999999998,0.2025634765624999
,226.19757206484377,401.83320853619381,0.059999999999999998,0.2025634765624999
,226.29757098984379,401.00435873279025,0.059999999999999998,0.2025634765624999
,226.3975699148437,400.34112174587074,0.059999999999999998,0.2025634765624999
,226.49756884062498,398.775748542597,0.059999999999999998,0.20052897135416659
,226.597567765625,399.27343368911642,0.059999999999999998,0.20052897135416659
,226.69756669140628,400.60021525757367,0.059999999999999998,0.20052897135416659
,226.7975656164063,400.76602396871061,0.059999999999999998,0.19951171874999996
,226.89756454218747,401.10797692132292,0.059999999999999998,0.19951171874999996
,226.99756346718749,402.41327274381263,0.059999999999999998,0.20052897135416659
,227.09756239218751,403.42812440880073,0.059999999999999998,0.20154622395833327
,227.19756132343747,402.37184316847436,0.059999999999999998,0.2025634765624999
,227.29756025390628,401.91608145655744,0.059999999999999998,0.2025634765624999
,227.39755918437498,401.01472070508299,0.059999999999999998,0.20154622395833327
,227.49755811562505,399.78140755828554,0.059999999999999998,0.19951171874999996
,227.59755704609375,400.36185000674942,0.059999999999999998,0.19951171874999996
,227.69755597656246,401.52241552639896,0.059999999999999998,0.19951171874999996
,227.79755490703127,401.30484207752352,0.059999999999999998,0.19951171874999996
,227.89755383749997,401.57421650380542,0.059999999999999998,0.19849446614583321
,227.99755276796878,402.72397694733672,0.059999999999999998,0.19951171874999996
,228.09755169765623,403.80084327818014,0.059999999999999998,0.20052897135416659
,228.19755062421876,403.11749089654239,0.059999999999999998,0.20052897135416659
,228.29754955000004,402.41327274381263,0.059999999999999998,0.20052897135416659
,228.39754847656246,401.99895217786536,0.059999999999999998,0.19951171874999996
,228.49754740234374,400.5483982517253,0.059999999999999998,0.19849446614583321
,228.59754632890628,400.71420968122544,0.059999999999999998,0.19849446614583321
,228.69754525468755,401.08725355645669,0.059999999999999998,0.19645996093749996
,228.79754418124998,401.68817563881447,0.059999999999999998,0.19645996093749996
,228.89754310781251,402.3407706247707,0.059999999999999998,0.19544270833333321
,228.99754203359379,403.01393944675544,0.059999999999999998,0.19645996093749996
,229.09754095937495,404.00788978089605,0.059999999999999998,0.19645996093749996
,229.19753988515623,403.73872660405965,0.059999999999999998,0.19645996093749996
,229.29753881093751,403.21068423382019,0.059999999999999998,0.19645996093749996
,229.39753773593753,402.5168442662951,0.059999999999999998,0.19645996093749996
,229.4975366617187,400.85928754309333,0.059999999999999998,0.19442545572916659
,229.59753558749998,401.82284926660554,0.059999999999999998,0.19442545572916659
,229.6975345125,402.25790899110274,0.059999999999999998,0.19340820312499996
,229.79753343828128,402.40291540172996,0.059999999999999998,0.19340820312499996
,229.89753236406256,402.77575795626137,0.059999999999999998,0.19340820312499996
,229.99753128906247,403.88366355578859,0.059999999999999998,0.19442545572916659
,230.09753021875002,404.42194081406859,0.059999999999999998,0.19442545572916659
,230.19752914921872,404.38053823289471,0.059999999999999998,0.19442545572916659
,230.29752807890628,403.14855565478803,0.059999999999999998,0.19442545572916659
,230.39752700859373,401.96787591517642,0.059999999999999998,0.19340820312499996
,230.49752593906254,400.58985192431504,0.059999999999999998,0.19239095052083321
,230.59752486874999,402.26826681595628,0.059999999999999998,0.19239095052083321
,230.6975237992188,403.04500524596017,0.059999999999999998,0.19239095052083321
,230.79752272890624,402.99322874055008,0.059999999999999998,0.19137369791666659
,230.8975216585938,403.03465001424297,0.059999999999999998,0.19137369791666659
,230.99752058671874,404.55649532660283,0.059999999999999998,0.19239095052083321
,231.09751950859373,405.75687221027636,0.059999999999999998,0.19442545572916659
,231.19751843124999,405.1153504930648,0.059999999999999998,0.19442545572916659
,231.29751735390624,404.2977313878547,0.059999999999999998,0.19442545572916659
,231.3975162765625,403.56272254304832,0.059999999999999998,0.19340820312499996
,231.49751519921875,401.78141184495746,0.059999999999999998,0.19239095052083321
,231.59751412187501,402.82753809990527,0.059999999999999998,0.19239095052083321
,231.69751304453126,403.59378281515581,0.059999999999999998,0.19137369791666659
,231.79751196640626,403.44883219699369,0.059999999999999998,0.19137369791666659
,231.89751088906252,404.25632712434873,0.059999999999999998,0.19239095052083321
,231.99750981328128,405.31196029017934,0.059999999999999998,0.19239095052083321
,232.09750873750005,406.25344070033145,0.059999999999999998,0.19340820312499996
,232.19750766249996,406.31550600844622,0.059999999999999998,0.19442545572916659
,232.29750658671873,405.92240412316357,0.059999999999999998,0.19442545572916659
,232.39750551171875,404.62894529930043,0.059999999999999998,0.19442545572916659
,232.49750443593751,403.31422908639695,0.059999999999999998,0.19340820312499996
,232.59750336015628,404.10105614646562,0.059999999999999998,0.19340820312499996
,232.6975022851563,405.42578119018128,0.059999999999999998,0.19340820312499996
,232.79750120937496,405.26022210491021,0.059999999999999998,0.19340820312499996
,232.89750013437498,404.94977447556238,0.059999999999999998,0.19239095052083321
,232.99749906250003,405.62237085322266,0.059999999999999998,0.19442545572916659
,233.09749799062496,407.07053120473518,0.059999999999999998,0.19544270833333321
,233.19749691796875,406.6154702714324,0.059999999999999998,0.19544270833333321
,233.2974958460938,406.18102955671719,0.059999999999999998,0.19544270833333321
,233.39749477421873,404.80488806521333,0.059999999999999998,0.19442545572916659
,233.49749370234377,403.56272254304832,0.059999999999999998,0.19340820312499996
,233.59749263046871,404.59789552170736,0.059999999999999998,0.19239095052083321
,233.69749155859375,405.96378568317124,0.059999999999999998,0.19340820312499996
,233.79749048593754,405.89136758075625,0.059999999999999998,0.19340820312499996
,233.89748941249997,406.40860156977197,0.059999999999999998,0.19340820312499996
,233.99748833593748,407.19462672834356,0.059999999999999998,0.19442545572916659
,234.09748725937499,408.39395050766399,0.059999999999999998,0.19544270833333321
,234.1974861828125,407.49450296280338,0.059999999999999998,0.19645996093749996
,234.29748510625001,406.71889927749305,0.059999999999999998,0.19544270833333321
,234.39748402968752,406.08792695677624,0.059999999999999998,0.19544270833333321
,234.49748295312503,404.54614519005111,0.059999999999999998,0.19340820312499996
,234.59748187656254,405.57063796922927,0.059999999999999998,0.19442545572916659
,234.69748080000005,406.28447351439848,0.059999999999999998,0.19340820312499996
,234.7974797242187,406.38791391631054,0.059999999999999998,0.19340820312499996
,234.89747864531245,407.2566725581778,0.059999999999999998,0.19340820312499996
,234.9974775664063,407.79434904388506,0.059999999999999998,0.19442545572916659
,235.09747648750005,408.62135383405735,0.059999999999999998,0.19544270833333321
,235.19747540859379,408.59034531830673,0.059999999999999998,0.19544270833333321
,235.29747432968753,407.95976843517661,0.059999999999999998,0.19645996093749996
,235.39747325000002,407.28769498986617,0.059999999999999998,0.19544270833333321
,235.49747217109376,405.79825603908768,0.059999999999999998,0.19442545572916659
,235.5974710921875,406.54306784643535,0.059999999999999998,0.19340820312499996
,235.69747001328125,406.88437826760935,0.059999999999999998,0.19340820312499996
,235.79746893437499,407.06018967865236,0.059999999999999998,0.19340820312499996
,235.89746786093752,407.37041989877935,0.059999999999999998,0.19340820312499996
,235.99746678906246,408.83840433947165,0.059999999999999998,0.19442545572916659
,236.09746571640625,409.65478464194621,0.059999999999999998,0.19544270833333321
,236.19746464453129,409.70644666064328,0.059999999999999998,0.19544270833333321
,236.29746357187497,408.82806896260036,0.059999999999999998,0.19544270833333321
,236.39746250000002,408.011460107304,0.059999999999999998,0.19442545572916659
,236.49746142734381,405.91205864449023,0.059999999999999998,0.19239095052083321
,236.59746035546874,407.40144114858447,0.059999999999999998,0.19239095052083321
,236.69745928281253,408.35260257222734,0.059999999999999998,0.19340820312499996
,236.79745820937495,408.34226549822461,0.059999999999999998,0.19239095052083321
,236.89745713515623,408.99343065142335,0.059999999999999998,0.19340820312499996
,236.99745606015625,410.20235575576112,0.059999999999999998,0.19442545572916659
,237.09745498515628,410.99770103134682,0.059999999999999998,0.19544270833333321
,237.1974539101563,410.55357388646428,0.059999999999999998,0.19442545572916659
,237.29745283593746,409.82009990210082,0.059999999999999998,0.19442545572916659
,237.39745176093749,408.85907498471641,0.059999999999999998,0.19340820312499996
,237.49745068593751,407.10155556846064,0.059999999999999998,0.19239095052083321
,237.59744961093753,408.22855530523867,0.059999999999999998,0.19239095052083321
,237.6974485367187,409.49979313530298,0.059999999999999998,0.19239095052083321
,237.79744746406249,409.39646092487123,0.059999999999999998,0.19239095052083321
,237.89744639296879,410.27466881919946,0.059999999999999998,0.19239095052083321
,237.99744532109372,411.34882340054492,0.059999999999999998,0.19340820312499996
,238.09744424921877,412.0715887474633,0.059999999999999998,0.19442545572916659
,238.19744317812496,411.49339087544445,0.059999999999999998,0.19442545572916659
,238.29744210625,410.9047497848992,0.059999999999999998,0.19442545572916659
,238.39744103515631,409.77877195982501,0.059999999999999998,0.19442545572916659
,238.49743996328124,408.47664464728797,0.059999999999999998,0.19239095052083321
,238.59743889218754,409.35512702449421,0.059999999999999998,0.19239095052083321
,238.69743782031247,410.212686302794,0.059999999999999998,0.19239095052083321
,238.79743674609375,410.0473931762167,0.059999999999999998,0.19137369791666659
,238.89743567187503,410.57423246212682,0.059999999999999998,0.19137369791666659
,238.99743459687505,411.54502037252303,0.059999999999999998,0.19239095052083321
,239.09743352187496,412.80449495327639,0.059999999999999998,0.19340820312499996
,239.19743244765624,412.74256641656183,0.059999999999999998,0.19340820312499996
,239.29743137265626,411.8857520112897,0.059999999999999998,0.19340820312499996
,239.39743029765629,411.28686370941733,0.059999999999999998,0.19239095052083321
,239.49742922265631,409.68578196221557,0.059999999999999998,0.19035644531249996
,239.59742814843747,410.70850964077715,0.059999999999999998,0.19137369791666659
,239.69742707421875,411.40045546745398,0.059999999999999998,0.19035644531249996
,239.79742600312505,411.51404278445267,0.059999999999999998,0.19137369791666659
,239.89742493203124,411.92705009447116,0.059999999999999998,0.19035644531249996
,239.99742386093754,413.47530205229214,0.059999999999999998,0.19239095052083321
,240.09742278906248,414.37290627520662,0.059999999999999998,0.19340820312499996
,240.19742171796878,413.91898067121463,0.059999999999999998,0.19340820312499996
,240.29742064687497,412.72192327533179,0.059999999999999998,0.19340820312499996
,240.39741957578127,411.76185422980188,0.059999999999999998,0.19239095052083321
,240.49741850468746,410.71883839862443,0.059999999999999998,0.19137369791666659
,240.59741743281251,411.80315407882927,0.059999999999999998,0.19137369791666659
,240.69741636093755,412.61870535241269,0.059999999999999998,0.19137369791666659
,240.79741528906249,412.5980613245797,0.059999999999999998,0.19035644531249996
,240.89741421718753,413.07283656275303,0.059999999999999998,0.19035644531249996
,240.99741314453121,414.54826732475539,0.059999999999999998,0.19137369791666659
,241.09741207265625,415.32179035585477,0.059999999999999998,0.19239095052083321
,241.19741100000005,414.50700686981861,0.059999999999999998,0.19239095052083321
,241.29740992812498,413.89834597882123,0.059999999999999998,0.19239095052083321
,241.39740885546877,413.48562093900711,0.059999999999999998,0.19137369791666659
,241.4974077835937,412.00964449410969,0.059999999999999998,0.19035644531249996
,241.59740671171875,412.62902731093152,0.059999999999999998,0.19035644531249996
,241.69740563671877,414.02215190338922,0.059999999999999998,0.19137369791666659
,241.79740456171879,414.00151795430554,0.059999999999999998,0.19035644531249996
,241.89740348593745,414.09436955405687,0.059999999999999998,0.19035644531249996
,241.99740241093747,414.84738778716201,0.059999999999999998,0.19137369791666659
,242.09740133593749,415.84766595503811,0.059999999999999998,0.19239095052083321
,242.19740026093751,416.03324585684425,0.059999999999999998,0.19239095052083321
,242.29739918593754,415.85797626805055,0.059999999999999998,0.19340820312499996
,242.3973981101563,414.90927086334153,0.059999999999999998,0.19239095052083321
,242.49739703515621,412.93866888366233,0.059999999999999998,0.19035644531249996
,242.59739596093749,413.52689611499511,0.059999999999999998,0.19035644531249996
,242.69739488671877,414.8577017264713,0.059999999999999998,0.19035644531249996
,242.7973938132813,414.65141585359891,0.059999999999999998,0.18933919270833321
,242.89739273984372,415.27022868803022,0.059999999999999998,0.18933919270833321
,242.99739166640626,417.13616431814972,0.059999999999999998,0.19137369791666659
,243.09739059218754,418.30046089018771,0.059999999999999998,0.19239095052083321
,243.19738951874996,417.28043956759115,0.059999999999999998,0.19239095052083321
,243.29738844531249,416.51775832263547,0.059999999999999998,0.19239095052083321
,243.39738737187503,415.28054109634661,0.059999999999999998,0.19137369791666659
,243.49738629843745,414.01183494743441,0.059999999999999998,0.18933919270833321
,243.59738522499998,414.69267422146254,0.059999999999999998,0.18933919270833321
,243.69738415078126,415.67238490404657,0.059999999999999998,0.19035644531249996
,243.7973830773438,415.90952727119929,0.059999999999999998,0.18933919270833321
,243.89738200390622,416.06417465996708,0.059999999999999998,0.18933919270833321
,243.99738093046875,417.29074466021501,0.059999999999999998,0.19035644531249996
,244.09737985703129,418.95967166758487,0.059999999999999998,0.19137369791666659
,244.19737878359371,418.40347278038348,0.059999999999999998,0.19137369791666659
,244.29737771015624,417.90898126891949,0.059999999999999998,0.19137369791666659
,244.39737663593752,417.4968386041017,0.059999999999999998,0.19137369791666659
,244.49737556250005,415.30116580085524,0.059999999999999998,0.18933919270833321
,244.5973744921875,415.99200692791317,0.059999999999999998,0.18933919270833321
,244.6973734210938,417.15677551974005,0.059999999999999998,0.19035644531249996
,244.79737235078125,417.44531653063535,0.059999999999999998,0.18933919270833321
,244.89737127968755,418.11502996993966,0.059999999999999998,0.19035644531249996
,244.99737020937499,419.10385337205105,0.059999999999999998,0.19035644531249996
,245.09736913828129,420.15409591988004,0.059999999999999998,0.19239095052083321
,245.19736806796874,419.83494628656302,0.059999999999999998,0.19239095052083321
,245.29736699687504,419.21713379143927,0.059999999999999998,0.19239095052083321
,245.39736592656249,418.42407470504946,0.059999999999999998,0.19239095052083321
,245.49736485546879,416.86820500322131,0.059999999999999998,0.19137369791666659
,245.59736378281247,416.90943116809103,0.059999999999999998,0.19035644531249996
,245.69736271093751,417.82655756251927,0.059999999999999998,0.19035644531249996
,245.7973616382813,417.65139917224974,0.059999999999999998,0.18933919270833321
,245.89736056640623,418.78458391183193,0.059999999999999998,0.19035644531249996
,245.99735949375003,420.03055845237913,0.059999999999999998,0.19137369791666659
,246.0973584210937,421.39945967032401,0.059999999999999998,0.19239095052083321
,246.19735734921875,420.81287005350066,0.059999999999999998,0.19239095052083321
,246.29735627656254,419.94819710461536,0.059999999999999998,0.19239095052083321
,246.39735520468747,418.87727879166209,0.059999999999999998,0.19137369791666659
,246.49735413125001,416.82697823679155,0.059999999999999998,0.18933919270833321
,246.59735305937505,417.59987992506689,0.059999999999999998,0.18933919270833321
,246.69735198671873,418.7433852039394,0.059999999999999998,0.18832194010416659
,246.79735091406252,419.77317117847639,0.059999999999999998,0.18933919270833321
,246.8973498414062,420.49379576458176,0.059999999999999998,0.18933919270833321
,246.99734876874999,421.30684847511787,0.059999999999999998,0.19035644531249996
,247.09734769687503,422.47969566601108,0.059999999999999998,0.19137369791666659
,247.19734662421871,422.30482882001519,0.059999999999999998,0.19137369791666659
,247.2973455515625,420.95695614540455,0.059999999999999998,0.19239095052083321
,247.39734447890629,420.20556825141426,0.059999999999999998,0.19137369791666659
,247.4973434039062,419.15534503975215,0.059999999999999998,0.18933919270833321
,247.59734232968748,419.7422831124195,0.059999999999999998,0.18933919270833321
,247.6973412546875,420.66877651012612,0.059999999999999998,0.18933919270833321
,247.79734018046878,420.89520587573236,0.059999999999999998,0.18933919270833321
,247.8973391054688,421.42003951724769,0.059999999999999998,0.18933919270833321
,247.99733803124997,422.4282653846555,0.059999999999999998,0.19035644531249996
,248.09733695624999,423.00423006477234,0.059999999999999998,0.19137369791666659
,248.19733588203127,422.68540725671733,0.059999999999999998,0.19137369791666659
,248.29733480703129,422.19167381290833,0.059999999999999998,0.19137369791666659
,248.39733373359371,421.4509090021445,0.059999999999999998,0.19137369791666659
,248.49733266171876,420.18497943269148,0.059999999999999998,0.18933919270833321
,248.59733159062495,421.35829951972198,0.059999999999999998,0.18933919270833321
,248.69733051953125,422.31511541010525,0.059999999999999998,0.18933919270833321
,248.79732944843755,422.38712047317847,0.059999999999999998,0.18933919270833321
,248.89732837734374,422.75740270873456,0.059999999999999998,0.18933919270833321
,248.99732730546879,424.33055029508745,0.059999999999999998,0.19137369791666659
,249.09732623437498,425.46101862932704,0.059999999999999998,0.19239095052083321
,249.19732516328128,424.41278177465404,0.059999999999999998,0.19239095052083321
,249.29732409218747,423.80626711273482,0.059999999999999998,0.19239095052083321
,249.39732302031251,422.17109967969321,0.059999999999999998,0.19137369791666659
,249.49732194843745,420.99812223127657,0.059999999999999998,0.18933919270833321
,249.59732087578124,422.1608125559103,0.059999999999999998,0.19035644531249996
,249.69731980390628,423.04536582038554,0.059999999999999998,0.19035644531249996
,249.79731873124996,423.30245045584513,0.059999999999999998,0.18933919270833321
,249.89731765937501,423.48753661791312,0.059999999999999998,0.18933919270833321
,249.9973165867188,424.66973937881198,0.059999999999999998,0.19035644531249996
,250.09731551484373,425.87198327424909,0.059999999999999998,0.19137369791666659
,250.19731444218752,425.66650860369941,0.059999999999999998,0.19137369791666659
,250.29731337031245,424.74168322581988,0.059999999999999998,0.19137369791666659
,250.3973122984375,423.77542383048626,0.059999999999999998,0.19035644531249996
,250.4973112273438,422.88081913418773,0.059999999999999998,0.18933919270833321
,250.59731015624999,424.79307054084387,0.059999999999999998,0.19035644531249996
,250.69730908515629,425.58431445032772,0.059999999999999998,0.19035644531249996
,250.79730801406248,424.71085037795069,0.059999999999999998,0.18933919270833321
,250.89730694296878,425.21441046122811,0.059999999999999998,0.18933919270833321
,250.99730587109372,425.86170990420862,0.059999999999999998,0.19035644531249996
,251.09730480000002,427.17639023296664,0.059999999999999998,0.19137369791666659
,251.19730372890621,426.9812819998736,0.059999999999999998,0.19239095052083321
,251.29730265781251,426.6321064693683,0.059999999999999998,0.19239095052083321
,251.39730158359379,425.72815261183001,0.059999999999999998,0.19137369791666659
,251.49730051015621,424.37166634067626,0.059999999999999998,0.19035644531249996
,251.59729943671874,425.10137435413355,0.059999999999999998,0.19035644531249996
,251.69729836328128,425.51239255757287,0.059999999999999998,0.18933919270833321
,251.79729728906256,425.61513754478318,0.059999999999999998,0.18933919270833321
,251.89729621562498,426.42668843260356,0.059999999999999998,0.18933919270833321
,251.99729514218751,427.03262761120999,0.059999999999999998,0.19035644531249996
,252.09729406875005,428.38780573125257,0.059999999999999998,0.19137369791666659
,252.19729299453121,428.41859748574785,0.059999999999999998,0.19137369791666659
,252.29729192109374,428.24410632438406,0.059999999999999998,0.19239095052083321
,252.39729084687502,426.71426939785181,0.059999999999999998,0.19035644531249996
,252.4972897726563,425.28634011962879,0.059999999999999998,0.18933919270833321
,252.59728869843747,426.56021189776709,0.059999999999999998,0.18933919270833321
,252.69728762421875,427.42282299051595,0.059999999999999998,0.18933919270833321
,252.79728655078128,427.5460311031274,0.059999999999999998,0.18933919270833321
,252.89728547656256,427.9361537725361,0.059999999999999998,0.18933919270833321
,252.99728440234372,429.21906227281323,0.059999999999999998,0.19035644531249996
,253.097283328125,430.21418758407981,0.059999999999999998,0.19137369791666659
,253.19728225390628,429.61920742623772,0.059999999999999998,0.19137369791666659
,253.29728118359373,428.80859657711034,0.059999999999999998,0.19137369791666659
,253.39728011406254,427.80269697226612,0.059999999999999998,0.19035644531249996
,253.49727904374998,426.87858790690001,0.059999999999999998,0.18933919270833321
,253.59727797343754,428.11066444645775,0.059999999999999998,0.18933919270833321
,253.69727690312499,428.85990813525063,0.059999999999999998,0.18933919270833321
,253.7972758335938,428.63413012718303,0.059999999999999998,0.18933919270833321
,253.89727476328125,429.21906227281323,0.059999999999999998,0.18933919270833321
,253.9972736929688,430.41932335885377,0.059999999999999998,0.19035644531249996
,254.0972726234375,431.39350977364342,0.059999999999999998,0.19137369791666659
,254.19727155234381,431.06540123278705,0.059999999999999998,0.19239095052083321
,254.29727048203125,430.39881046878446,0.059999999999999998,0.19137369791666659
,254.3972694117187,429.37297113596725,0.059999999999999998,0.19137369791666659
,254.49726834140625,428.27489968567966,0.059999999999999998,0.18933919270833321
,254.5972672710937,428.91121873726797,0.059999999999999998,0.18933919270833321
,254.69726620156251,429.43453227272056,0.059999999999999998,0.18832194010416659
,254.79726513124996,429.42427217883164,0.059999999999999998,0.18832194010416659
,254.89726406093752,430.45009240756622,0.059999999999999998,0.18832194010416659
,254.99726299062496,431.88559938050736,0.059999999999999998,0.18933919270833321
,255.09726192031252,432.90025706987228,0.059999999999999998,0.19035644531249996
,255.19726084921871,432.45959298677428,0.059999999999999998,0.19137369791666659
,255.29725977812501,431.54729720973637,0.059999999999999998,0.19137369791666659
,255.3972587070312,430.88082301193117,0.059999999999999998,0.19035644531249996
,255.4972576359375,429.30114807031867,0.059999999999999998,0.18933919270833321
,255.5972565648438,430.47060491578605,0.059999999999999998,0.18933919270833321
,255.69725549374999,431.42426794714913,0.059999999999999998,0.18933919270833321
,255.79725442265629,432.07011034864973,0.059999999999999998,0.19035644531249996
,255.89725335156248,432.70555370554553,0.059999999999999998,0.19035644531249996
,255.99725228046879,433.42281404287957,0.059999999999999998,0.19137369791666659
,256.09725120937497,433.91454214621729,0.059999999999999998,0.19239095052083321
,256.19725014062504,433.18716332881195,0.059999999999999998,0.19239095052083321
,256.297249071875,432.92075136234934,0.059999999999999998,0.19239095052083321
,256.39724800312496,432.26485853940352,0.059999999999999998,0.19239095052083321
,256.49724693515628,430.99362228256678,0.059999999999999998,0.19035644531249996
,256.59724586640624,431.28072686790421,0.059999999999999998,0.19035644531249996
,256.6972447976562,432.46984178761392,0.059999999999999998,0.18933919270833321
,256.79724372968752,432.69530577975121,0.059999999999999998,0.18933919270833321
,256.89724266093748,432.82852584855459,0.059999999999999998,0.18933919270833321
,256.99724159296881,434.06818925374046,0.059999999999999998,0.19137369791666659
,257.09724052343751,435.58371737960482,0.059999999999999998,0.19239095052083321
,257.19723945156255,435.68608807233119,0.059999999999999998,0.19239095052083321
,257.29723838046874,435.03085039841,0.059999999999999998,0.19340820312499996
,257.39723730859379,434.0886748902077,0.059999999999999998,0.19340820312499996
,257.49723623671872,432.52108522101122,0.059999999999999998,0.19137369791666659
,257.59723516562502,432.62356923412756,0.059999999999999998,0.19035644531249996
,257.69723409374996,433.23839345425574,0.059999999999999998,0.19035644531249996
,257.79723302265626,433.97600201300435,0.059999999999999998,0.19035644531249996
,257.8972319507813,434.42666600686681,0.059999999999999998,0.19035644531249996
,257.99723087890624,436.2285897961894,0.059999999999999998,0.19239095052083321
,258.09722980625003,436.85284767040969,0.059999999999999998,0.19340820312499996
,258.19722873203131,436.63795501578898,0.059999999999999998,0.19340820312499996
,258.29722765859373,435.81916433341962,0.059999999999999998,0.19442545572916659
,258.39722658437501,434.32424881339466,0.059999999999999998,0.19239095052083321
,258.49722551015628,433.28962262996401,0.059999999999999998,0.19137369791666659
,258.59722443593745,434.160373423821,0.059999999999999998,0.19137369791666659
,258.69722336171873,435.11276356904227,0.059999999999999998,0.19137369791666659
,258.79722228750001,435.09228550317141,0.059999999999999998,0.19137369791666659
,258.89722121328128,435.62466610945955,0.059999999999999998,0.19137369791666659
,258.99722013906245,436.50491792186506,0.059999999999999998,0.19239095052083321
,259.09721906875001,438.07026021737698,0.059999999999999998,0.19340820312499996
,259.19721799999996,437.28258329562374,0.059999999999999998,0.19442545572916659
,259.29721693125003,436.80168425573976,0.059999999999999998,0.21273600260416659
,259.39721586249999,435.98294175334763,0.059999999999999998,0.19442545572916659
,259.49721479374995,434.54956164008792,0.059999999999999998,0.18933919270833321
,259.59721372500002,435.58371737960482,0.059999999999999998,0.18730468749999996
,259.69721265624997,436.23882466052339,0.059999999999999998,0.19239095052083321
,259.79721158750004,436.19788497726859,0.059999999999999998,0.19239095052083321
,259.89721051796874,436.77098575608522,0.059999999999999998,0.19239095052083321
,259.9972094476563,438.28504270403528,0.059999999999999998,0.19442545572916659
,260.09720837187496,439.59383761621837,0.059999999999999998,0.19544270833333321
,260.19720729531247,439.18490470082111,0.059999999999999998,0.19544270833333321
,260.29720621953123,438.10094443855877,0.059999999999999998,0.19544270833333321
,260.39720514296874,437.33373789004952,0.059999999999999998,0.19442545572916659
,260.49720406718751,436.05459134059942,0.059999999999999998,0.19442545572916659
,260.59720299062502,436.90401014596387,0.059999999999999998,0.19442545572916659
,260.69720191484379,437.65087546195895,0.059999999999999998,0.19442545572916659
,260.7972008382813,437.87591900300384,0.059999999999999998,0.19340820312499996
,260.89719976249995,438.88839114157321,0.059999999999999998,0.19442545572916659
,260.99719868593746,439.76761611917487,0.059999999999999998,0.19544270833333321
,261.09719761015623,440.44218414001114,0.059999999999999998,0.19645996093749996
,261.197196534375,439.89027684603451,0.059999999999999998,0.19747721354166659
,261.29719545859376,439.19512874829456,0.059999999999999998,0.19645996093749996
,261.39719438281253,438.74523545907255,0.059999999999999998,0.19645996093749996
,261.4971933070313,437.43604426711585,0.059999999999999998,0.19544270833333321
,261.59719223124995,438.12140039915306,0.059999999999999998,0.19544270833333321
,261.69719115546872,438.91906640953715,0.059999999999999998,0.19544270833333321
,261.79719007968748,438.82703960019472,0.059999999999999998,0.19442545572916659
,261.89718900390625,439.30759081689251,0.059999999999999998,0.19442545572916659
,261.99718792812502,440.2786672980742,0.059999999999999998,0.19645996093749996
,262.09718685312504,441.57632230731059,0.059999999999999998,0.19747721354166659
,262.1971857773438,441.21876013222385,0.059999999999999998,0.19747721354166659
,262.29718470234371,440.2991074208079,0.059999999999999998,0.19747721354166659
,262.39718362656248,439.69606156320282,0.059999999999999998,0.19645996093749996
,262.4971825515625,438.40776815903979,0.059999999999999998,0.19645996093749996
,262.59718147578127,439.54272425128096,0.059999999999999998,0.19645996093749996
,262.69718040000004,440.03337428415307,0.059999999999999998,0.19544270833333321
,262.79717932500006,439.99249004255671,0.059999999999999998,0.19544270833333321
,262.89717824921871,440.13558229672685,0.059999999999999998,0.19544270833333321
,262.99717717265622,441.94405363771847,0.059999999999999998,0.19645996093749996
,263.09717609609373,443.05717343436532,0.059999999999999998,0.19747721354166659
,263.19717501953124,442.88359610894287,0.059999999999999998,0.19747721354166659
,263.29717394296875,442.2913118676247,0.059999999999999998,0.19849446614583321
,263.39717286562501,441.57632230731059,0.059999999999999998,0.19747721354166659
,263.49717178906252,439.80850362116928,0.059999999999999998,0.19645996093749996
,263.59717071250003,440.16624397882532,0.059999999999999998,0.19645996093749996
,263.69716963593754,441.08593985345607,0.059999999999999998,0.19645996093749996
,263.79716855937505,441.35157419487052,0.059999999999999998,0.19645996093749996
,263.89716748437496,442.31173750587891,0.059999999999999998,0.19645996093749996
,263.9971664109375,443.37366974878904,0.059999999999999998,0.19747721354166659
,264.09716533828129,444.62910257005035,0.059999999999999998,0.19849446614583321
,264.19716426562496,443.85345251878562,0.059999999999999998,0.19951171874999996
,264.2971631921875,443.00612237119952,0.059999999999999998,0.19849446614583321
,264.39716211953129,442.0461928018081,0.059999999999999998,0.19849446614583321
,264.49716104687496,440.98376617534052,0.059999999999999998,0.19747721354166659
,264.59715997421875,441.99512367739743,0.059999999999999998,0.19747721354166659
,264.69715890078129,442.69979688545345,0.059999999999999998,0.19747721354166659
,264.79715782812497,443.29199662158805,0.059999999999999998,0.19747721354166659
,264.89715676015629,443.2817873173509,0.059999999999999998,0.19747721354166659
,264.99715569296876,444.47603023211997,0.059999999999999998,0.19849446614583321
,265.09715462578123,445.3943430942071,0.059999999999999998,0.20052897135416659
,265.1971535585937,445.32292917117945,0.059999999999999998,0.20052897135416659
,265.29715249140628,444.44541479288733,0.059999999999999998,0.20052897135416659
,265.39715142421875,443.7411701042098,0.059999999999999998,0.19951171874999996
,265.49715035703122,442.50577378261863,0.059999999999999998,0.19849446614583321
,265.5971492898438,442.74064217735378,0.059999999999999998,0.19849446614583321
,265.69714822265627,443.54721743564153,0.059999999999999998,0.19849446614583321
,265.79714715546874,443.343042598279,0.059999999999999998,0.19747721354166659
,265.89714608593755,444.48623530653151,0.059999999999999998,0.19849446614583321
,265.99714501640625,446.00639069031695,0.059999999999999998,0.20052897135416659
,266.09714394687495,447.43400493343307,0.059999999999999998,0.20154622395833327
,266.19714287734377,446.63870536173522,0.059999999999999998,0.20154622395833327
,266.29714180703121,445.85339082073841,0.059999999999999998,0.20154622395833327
,266.39714073750002,444.84339025362192,0.059999999999999998,0.20052897135416659
,266.49713966796872,443.29199662158805,0.059999999999999998,0.19951171874999996
,266.59713859843754,443.771793015046,0.059999999999999998,0.19951171874999996
,266.69713752890624,444.77196278606078,0.059999999999999998,0.19849446614583321
,266.79713645781254,445.48615842173689,0.059999999999999998,0.19951171874999996
,266.89713538515622,445.75138645663407,0.059999999999999998,0.19951171874999996
,266.99713431250001,446.65910034095737,0.059999999999999998,0.20052897135416659
,267.0971332398438,447.68886333636175,0.059999999999999998,0.20154622395833327
,267.19713216718748,447.40342045051494,0.059999999999999998,0.20154622395833327
,267.29713109453127,446.53672834233964,0.059999999999999998,0.20154622395833327
,267.39713002187506,445.87379126610392,0.059999999999999998,0.20154622395833327
,267.49712894843748,444.26171534978118,0.059999999999999998,0.19951171874999996
,267.59712787578127,445.12908254326072,0.059999999999999998,0.19951171874999996
,267.69712680312495,445.80238908403857,0.059999999999999998,0.19951171874999996
,267.79712573359376,445.59837322650714,0.059999999999999998,0.19849446614583321
,267.89712466484372,446.03698970355532,0.059999999999999998,0.19849446614583321
,267.99712359609379,447.53595092670207,0.059999999999999998,0.19951171874999996
,268.09712252734374,448.55521835371093,0.059999999999999998,0.20052897135416659
,268.1971214585937,448.26985866347007,0.059999999999999998,0.20154622395833327
,268.29712038984377,447.41361531329227,0.059999999999999998,0.20052897135416659
,268.39711932109373,447.13834167394037,0.059999999999999998,0.20052897135416659
,268.4971182523438,445.22090624085155,0.059999999999999998,0.19849446614583321
,268.59711718359375,445.83299023291937,0.059999999999999998,0.19849446614583321
,268.69711611484371,446.8936324383659,0.059999999999999998,0.19849446614583321
,268.79711503906248,447.14853745146297,0.059999999999999998,0.19747721354166659
,268.89711396249999,447.85196121428896,0.059999999999999998,0.19849446614583321
,268.9971128859375,449.1971781176361,0.059999999999999998,0.19951171874999996
,269.09711181015626,450.49087162689568,0.059999999999999998,0.20154622395833327
,269.19711073359377,450.08346876389794,0.059999999999999998,0.20154622395833327
,269.29710965703129,448.76922023047035,0.059999999999999998,0.20052897135416659
,269.39710858125005,446.94461520449426,0.059999999999999998,0.19951171874999996
,269.49710750468745,446.57751957485385,0.059999999999999998,0.19951171874999996
,269.59710642812496,447.66847547097865,0.059999999999999998,0.19951171874999996
,269.69710535312498,448.68769751176478,0.059999999999999998,0.19951171874999996
,269.79710428046877,448.60617257093617,0.059999999999999998,0.19951171874999996
,269.89710320859371,449.01377507163102,0.059999999999999998,0.19951171874999996
,269.9971021359375,449.79825418720515,0.059999999999999998,0.20052897135416659
,270.09710106328129,451.06114408264222,0.059999999999999998,0.20154622395833327
,270.19709999062496,450.40939542426571,0.059999999999999998,0.20154622395833327
,270.29709891796875,449.98160949998157,0.059999999999999998,0.2025634765624999
,270.39709784531254,449.72694634038737,0.059999999999999998,0.2025634765624999
,270.49709677265622,447.93350679257333,0.059999999999999998,0.20052897135416659
,270.59709570000001,448.7997906774558,0.059999999999999998,0.20154622395833327
,270.69709462656255,449.26849850054936,0.059999999999999998,0.20052897135416659
,270.79709355234371,449.54357557204725,0.059999999999999998,0.20052897135416659
,270.89709247734373,449.5843255948019,0.059999999999999998,0.20052897135416659
,270.99709140312501,451.10187375757289,0.059999999999999998,0.20154622395833327
,271.09709032890629,452.59831571778778,0.059999999999999998,0.2025634765624999
,271.1970892539062,451.39714771905966,0.059999999999999998,0.2025634765624999
,271.29708817968748,450.78620459163534,0.059999999999999998,0.2025634765624999
,271.39708710546876,450.16495371029941,0.059999999999999998,0.2025634765624999
,271.49708603125003,448.92206934491088,0.059999999999999998,0.20052897135416659
,271.59708495625006,449.41113419306998,0.059999999999999998,0.20052897135416659
,271.69708388515625,450.154768211739,0.059999999999999998,0.20052897135416659
,271.7970828148438,450.25662165878003,0.059999999999999998,0.20052897135416659
,271.89708174374999,450.63344973431089,0.059999999999999998,0.20052897135416659
,271.99708067343755,452.08940315671379,0.059999999999999998,0.20154622395833327
,272.097079603125,452.92397608913092,0.059999999999999998,0.2025634765624999
,272.1970785320313,452.36422629774285,0.059999999999999998,0.2025634765624999
,272.29707746171874,450.96950033252449,0.059999999999999998,0.20154622395833327
,272.39707639062505,450.85748757525539,0.059999999999999998,0.20154622395833327
,272.49707532031249,449.49263726904138,0.059999999999999998,0.20052897135416659
,272.59707424765628,450.33810195623488,0.059999999999999998,0.19951171874999996
,272.69707317343745,451.02041386585972,0.059999999999999998,0.19951171874999996
,272.79707209921872,450.76583771921548,0.059999999999999998,0.19849446614583321
,272.897071025,451.86545515636766,0.059999999999999998,0.19951171874999996
,272.99706995078128,453.11732087694008,0.059999999999999998,0.20052897135416659
,273.09706887656245,454.49074471705967,0.059999999999999998,0.20154622395833327
,273.19706780234372,453.90075424540288,0.059999999999999998,0.2025634765624999
,273.297066728125,453.12749658770781,0.059999999999999998,0.2025634765624999
,273.39706565390628,451.88581473591182,0.059999999999999998,0.20154622395833327
,273.49706457968745,450.33810195623488,0.059999999999999998,0.19951171874999996
,273.59706350468747,451.43787293324334,0.059999999999999998,0.19951171874999996
,273.69706242812498,451.9876106215587,0.059999999999999998,0.19951171874999996
,273.79706135156249,452.28279975745193,0.059999999999999998,0.19951171874999996
,273.897060275,452.72044234073297,0.059999999999999998,0.19951171874999996
,273.99705919921877,454.14490153035121,0.059999999999999998,0.20052897135416659
,274.09705812265628,455.30434572614325,0.059999999999999998,0.2025634765624999
,274.19705704609379,454.74501723416347,0.059999999999999998,0.2025634765624999
,274.29705597031256,453.91092742469584,0.059999999999999998,0.2025634765624999
,274.39705489374995,452.88327040051666,0.059999999999999998,0.20154622395833327
,274.49705381796872,451.65167146186741,0.059999999999999998,0.20052897135416659
,274.59705274062497,453.09696935626795,0.059999999999999998,0.20052897135416659
,274.69705166406249,454.16524628885901,0.059999999999999998,0.20154622395833327
,274.79705058671874,453.97196581376977,0.059999999999999998,0.20052897135416659
,274.89704951015625,454.34834325243469,0.059999999999999998,0.20052897135416659
,274.99704843281251,455.12130348729346,0.059999999999999998,0.20154622395833327
,275.09704735625002,455.96524523503166,0.059999999999999998,0.2025634765624999
,275.19704627968753,455.96524523503166,0.059999999999999998,0.2025634765624999
,275.29704520234378,455.25350170374958,0.059999999999999998,0.20358072916666659
,275.39704412578129,453.87023451124071,0.059999999999999998,0.20154622395833327
,275.49704304999995,452.56778331401233,0.059999999999999998,0.20154622395833327
,275.59704197734374,453.5039746951507,0.059999999999999998,0.20052897135416659
,275.69704090468753,454.65348146014827,0.059999999999999998,0.20154622395833327
,275.79703983281246,454.57211412593318,0.059999999999999998,0.20154622395833327
,275.89703876015625,454.92808092705314,0.059999999999999998,0.20052897135416659
,275.99703768750004,456.09740898304523,0.059999999999999998,0.2025634765624999
,276.09703661484372,457.12403786737184,0.059999999999999998,0.20358072916666659
,276.19703554296876,457.00207893019626,0.059999999999999998,0.20358072916666659
,276.29703447031255,456.58535185565341,0.059999999999999998,0.20459798177083327
,276.39703339765623,455.54838587800202,0.059999999999999998,0.20358072916666659
,276.49703232343751,453.44292725492454,0.059999999999999998,0.20154622395833327
,276.59703124921879,454.17541861921677,0.059999999999999998,0.20154622395833327
,276.69703017499995,454.86706085866416,0.059999999999999998,0.20154622395833327
,276.79702910078123,455.31451443434537,0.059999999999999998,0.20052897135416659
,276.89702802656251,455.98557846864844,0.059999999999999998,0.20052897135416659
,276.99702695234379,457.05289570094789,0.059999999999999998,0.20154622395833327
,277.09702587812495,458.53640348855544,0.059999999999999998,0.20358072916666659
,277.19702480390623,457.98778546799275,0.059999999999999998,0.20358072916666659
,277.29702372968751,457.27648021752208,0.059999999999999998,0.20358072916666659
,277.39702265546879,456.57518712088211,0.059999999999999998,0.20358072916666659
,277.49702157734379,455.13147277375464,0.059999999999999998,0.2025634765624999
,277.59702049843753,456.17873785540291,0.059999999999999998,0.2025634765624999
,277.69701941953127,456.70732621857582,0.059999999999999998,0.2025634765624999
,277.79701834062502,456.77847583998209,0.059999999999999998,0.20154622395833327
,277.89701726250001,457.06305896130914,0.059999999999999998,0.2025634765624999
,277.99701618359376,458.53640348855544,0.059999999999999998,0.20358072916666659
,278.0970151046875,459.95833429790309,0.059999999999999998,0.20459798177083327
,278.19701402578124,459.42010132083726,0.059999999999999998,0.2056152343749999
,278.29701294687499,458.80052112726003,0.059999999999999998,0.2056152343749999
,278.3970118703125,456.991915482222,0.059999999999999998,0.20459798177083327
,278.4970107992188,455.58905744436998,0.059999999999999998,0.2025634765624999
,278.59700972734373,456.70732621857582,0.059999999999999998,0.20358072916666659
,278.69700865546878,457.56102053431459,0.059999999999999998,0.20358072916666659
,278.79700758359371,457.80489288341016,0.059999999999999998,0.2025634765624999
,278.89700651250001,458.30274377405397,0.059999999999999998,0.20358072916666659
,278.99700544062495,459.55212850982548,0.059999999999999998,0.20459798177083327
,279.09700436874999,460.82136399526689,0.059999999999999998,0.2056152343749999
,279.19700329765629,460.29341822340791,0.059999999999999998,0.20663248697916659
,279.29700222578123,459.20681590094506,0.059999999999999998,0.20663248697916659
,279.39700115390627,458.22146703522793,0.059999999999999998,0.2056152343749999
,279.49700008281246,457.12403786737184,0.059999999999999998,0.20459798177083327
,279.59699901171876,457.9979458743602,0.059999999999999998,0.20459798177083327
,279.69699794062495,458.38401855267415,0.059999999999999998,0.20459798177083327
,279.79699686953126,458.56687965146051,0.059999999999999998,0.20459798177083327
,279.89699579843756,458.64814807796057,0.059999999999999998,0.20459798177083327
,279.99699472656249,459.49119351424798,0.059999999999999998,0.20459798177083327
,280.09699365546879,461.08530714963132,0.059999999999999998,0.2056152343749999
,280.19699258437498,460.96348968465441,0.059999999999999998,0.20663248697916659
,280.29699151328128,460.76045123013171,0.059999999999999998,0.20663248697916659
,280.39699043750005,459.58259560293692,0.059999999999999998,0.20663248697916659
,280.4969893617187,458.02842690877833,0.059999999999999998,0.20459798177083327
,280.59698828593747,458.30274377405397,0.059999999999999998,0.20459798177083327
,280.69698721015624,459.23728605967023,0.059999999999999998,0.20459798177083327
,280.79698613515626,459.67399526533472,0.059999999999999998,0.20459798177083327
,280.89698505937503,459.8669421583536,0.059999999999999998,0.20459798177083327
,280.99698398359379,460.57770659968429,0.059999999999999998,0.20459798177083327
,281.09698290781245,461.47103483650795,0.059999999999999998,0.2056152343749999
,281.19698183281247,461.01424747201293,0.059999999999999998,0.2056152343749999
,281.29698075859375,460.48633071340493,0.059999999999999998,0.2056152343749999
,281.39697968828131,459.51150529939588,0.059999999999999998,0.2056152343749999
,281.49697861796875,458.37385931245387,0.059999999999999998,0.20358072916666659
,281.59697754843745,458.95288734336219,0.059999999999999998,0.20358072916666659
,281.69697647812501,460.20203489988944,0.059999999999999998,0.20358072916666659
,281.79697540781245,460.15126535049939,0.059999999999999998,0.20358072916666659
,281.89697433750001,460.30357177811476,0.059999999999999998,0.20358072916666659
,281.99697326718746,462.16118043071378,0.059999999999999998,0.20459798177083327
,282.09697219687502,463.08455177690234,0.059999999999999998,0.2056152343749999
,282.19697112734372,462.48590911361543,0.059999999999999998,0.2056152343749999
,282.29697005859379,462.10029055955295,0.059999999999999998,0.2056152343749999
,282.39696898984374,461.15636540023968,0.059999999999999998,0.2056152343749999
,282.49696792187495,459.32869490891545,0.059999999999999998,0.20358072916666659
,282.59696685312502,459.68415063378137,0.059999999999999998,0.20358072916666659
,282.69696578515624,460.5980120285526,0.059999999999999998,0.2025634765624999
,282.79696471718745,460.96348968465441,0.059999999999999998,0.2025634765624999
,282.89696364843752,462.02925107804646,0.059999999999999998,0.20358072916666659
,282.99696258046873,463.11498862454141,0.059999999999999998,0.20358072916666659
,283.0969615117188,463.88597203993618,0.059999999999999998,0.20459798177083327
,283.19696044375002,463.15557069707438,0.059999999999999998,0.20459798177083327
,283.29695936953129,462.87148679120799,0.059999999999999998,0.2056152343749999
,283.39695829531246,461.48118500011799,0.059999999999999998,0.20459798177083327
,283.49695722109374,460.27311102528972,0.059999999999999998,0.20358072916666659
,283.59695614687502,461.25787471532351,0.059999999999999998,0.20358072916666659
,283.69695507265629,462.40472966817367,0.059999999999999998,0.20358072916666659
,283.7969539976562,462.36413926509431,0.059999999999999998,0.20358072916666659
,283.89695292343748,462.27280919732647,0.059999999999999998,0.20358072916666659
,283.99695184921876,463.66280906040839,0.059999999999999998,0.20459798177083327
,284.09695077500004,464.42353750860082,0.059999999999999998,0.2056152343749999
,284.19694970312497,463.89611549549096,0.059999999999999998,0.2056152343749999
,284.2969486351563,463.39905377007216,0.059999999999999998,0.2056152343749999
,284.39694756796877,462.29310496682871,0.059999999999999998,0.20459798177083327
,284.49694650078123,460.79090774449986,0.059999999999999998,0.2025634765624999
,284.5969454335937,461.51163531759352,0.059999999999999998,0.2025634765624999
,284.69694436640629,462.63811569311713,0.059999999999999998,0.20358072916666659
,284.79694329921875,463.4599220369131,0.059999999999999998,0.20358072916666659
,284.89694223124997,463.82511072982857,0.059999999999999998,0.20358072916666659
,284.99694116406255,465.14355318420252,0.059999999999999998,0.20459798177083327
,285.09694009687502,465.54913649324266,0.059999999999999998,0.2056152343749999
,285.19693902578121,464.43367951812968,0.059999999999999998,0.2056152343749999
,285.296937953125,463.77439221540544,0.059999999999999998,0.2056152343749999
,285.39693687968753,462.9019254030631,0.059999999999999998,0.20459798177083327
,285.49693580624995,461.90746585074379,0.059999999999999998,0.20358072916666659
,285.59693473281249,462.87148679120799,0.059999999999999998,0.2025634765624999
,285.69693366015628,463.0946974207219,0.059999999999999998,0.2025634765624999
,285.7969325867187,463.14542522081393,0.059999999999999998,0.20154622395833327
,285.89693151328123,463.42948802831137,0.059999999999999998,0.20154622395833327
,285.99693043984377,464.95088619777198,0.059999999999999998,0.2025634765624999
,286.09692936718756,465.96481556664764,0.059999999999999998,0.2025634765624999
,286.19692829531249,465.75191228657002,0.059999999999999998,0.20358072916666659
,286.29692722343754,465.26523263587296,0.059999999999999998,0.2025634765624999
,286.39692615156247,463.97726215230341,0.059999999999999998,0.2025634765624999
,286.49692507890626,462.15103219013935,0.059999999999999998,0.20052897135416659
,286.5969240070313,463.00338561969664,0.059999999999999998,0.20052897135416659
,286.69692293515624,463.63237671174807,0.059999999999999998,0.20052897135416659
,286.79692186328128,464.30183127726798,0.059999999999999998,0.19951171874999996
,286.89692079140622,464.60608953741161,0.059999999999999998,0.19951171874999996
,286.99691971953126,465.86343449255804,0.059999999999999998,0.20052897135416659
,287.09691864687505,466.67441033851128,0.059999999999999998,0.20154622395833327
,287.19691757265622,465.85329624124898,0.059999999999999998,0.20154622395833327
,287.29691649765624,465.19425342155483,0.059999999999999998,0.20154622395833327
,287.39691542265626,464.65679688012261,0.059999999999999998,0.20663248697916659

trace_size,95
trace_types,5,4
trace_names,,Value
trace_units,,
devices,Platform,Platform
raster,OnChange,OnChange
description,,
displayidentifier,,
path,,Model Root/PumpFlow
flags,,2
min,,-1.797693135e+308
max,,1.797693135e+308
minWeak,,-1.797693135e+308
maxWeak,,1.797693135e+308
trace_values,-0.76547461249998605,0.029999999999999999
,2.2505195874999799,0.029999999999999999
,5.3105474875000027,0.029999999999999999
,8.3725505875000295,0.029999999999999999
,11.437540087499997,0.029999999999999999
,14.498524787500003,0.029999999999999999
,17.564555187499991,0.029999999999999999
,20.623530287499989,0.029999999999999999
,23.685612887499985,0.029999999999999999
,26.749521787499987,0.029999999999999999
,29.813562187499997,0.029999999999999999
,32.871766687499985,0.029999999999999999
,35.96353508750002,0.029999999999999999
,39.031644587500011,0.029999999999999999
,42.093540587500001,0.029999999999999999
,45.183511787499981,0.029999999999999999
,48.245751087500025,0.029999999999999999
,51.311520887500023,0.029999999999999999
,54.371647387499991,0.029999999999999999
,56.77250088750003,0.059999999999999998
,59.843577687499987,0.059999999999999998
,62.90350728750002,0.059999999999999998
,65.963543687500021,0.059999999999999998
,69.031517387500003,0.059999999999999998
,72.093512687499981,0.059999999999999998
,75.153488787500009,0.059999999999999998
,78.219548187499981,0.059999999999999998
,81.281526287500014,0.059999999999999998
,84.339582287499979,0.059999999999999998
,87.405571487500026,0.059999999999999998
,90.463542387500013,0.059999999999999998
,93.527518787500014,0.059999999999999998
,96.593519087500056,0.059999999999999998
,99.653542887500009,0.059999999999999998
,102.71551708750002,0.059999999999999998
,105.77950748749998,0.059999999999999998
,108.84355178749996,0.059999999999999998
,111.9015175875,0.059999999999999998
,114.96751428750002,0.059999999999999998
,118.03152108750004,0.059999999999999998
,121.09150868750004,0.059999999999999998
,124.15749378749996,0.059999999999999998
,127.21758378750002,0.059999999999999998
,130.27654298750002,0.059999999999999998
,133.34355078749996,0.059999999999999998
,136.40705378750005,0.059999999999999998
,139.4644847875,0.059999999999999998
,142.53148808750001,0.059999999999999998
,145.58955798749997,0.059999999999999998
,148.65252258749996,0.059999999999999998
,151.71891138749999,0.059999999999999998
,154.78054488749996,0.059999999999999998
,157.83951148750003,0.059999999999999998
,160.90152468750006,0.059999999999999998
,163.96450998749998,0.059999999999999998
,167.0274969875,0.059999999999999998
,170.09252438749996,0.059999999999999998
,173.15653498750004,0.059999999999999998
,176.21352208750005,0.059999999999999998
,179.27952268749999,0.059999999999999998
,182.34350188750005,0.059999999999999998
,185.40152628749996,0.059999999999999998
,188.4675371875,0.059999999999999998
,191.53052618750002,0.059999999999999998
,194.59050268749996,0.059999999999999998
,197.65554088749997,0.059999999999999998
,200.71853078750001,0.059999999999999998
,203.77852718749995,0.059999999999999998
,206.84350158750004,0.059999999999999998
,209.90651278750005,0.059999999999999998
,212.96476218749996,0.059999999999999998
,216.03254458750001,0.059999999999999998
,219.09254158749997,0.059999999999999998
,222.15376818750002,0.059999999999999998
,225.22052328750004,0.059999999999999998
,228.28252268750003,0.059999999999999998
,231.33857638750004,0.059999999999999998
,234.40554168750003,0.059999999999999998
,237.4695224875,0.059999999999999998
,240.52849668749997,0.059999999999999998
,243.59350218749995,0.059999999999999998
,246.65454928749995,0.059999999999999998
,249.71648668749998,0.059999999999999998
,252.78255318750001,0.059999999999999998
,255.84253218750001,0.059999999999999998
,258.90298518749995,0.059999999999999998
,261.96654648750001,0.059999999999999998
,265.02654928750002,0.059999999999999998
,268.08955018750004,0.059999999999999998
,271.15652198749996,0.059999999999999998
,274.21855718750004,0.059999999999999998
,277.27654028750004,0.059999999999999998
,280.34259598750003,0.059999999999999998
,283.40551228750002,0.059999999999999998
,286.46550478750004,0.059999999999999998

