descriptions,General,User,Visitor
,General,DateTime,05/04/2025 21:45:41
,General,Origin,"Software revision: rl_tts1_top_hostpc_6e8x0_openloop.sdf, rl_tts1_top_hostpc_6e8x0_openloop.ppc\nVariable description: rl_tts1_top_hostpc_6e8x0_openloop.sdf\n    Platform / Device: Platform [DS1104 R&D Controller Board, assigned to 'ds1104']\nControlDesk version: 7.3"
,General,Description,
,Recording,StartCondition,None (Immediate Recording)
,Recording,StopCondition,None
,Measurement,XAxisOffset,0
,Measurement,Length,132.4985778
,Measurement,StartTimestamp,2318.075123
,Measurement,StopTimestamp,2450.573701
,MDF,Department,
,MDF,Project,
,MDF,MeasurementObject,

trace_size,1326
trace_types,5,4,4,4
trace_names,,In1,In1,In1
trace_units,,,,
devices,Platform,Platform,Platform,Platform
raster,HostService,HostService,HostService,HostService
description,,,,
displayidentifier,,,,
path,,Model Root/Height_T1\n,Model Root/TTS dSPACE RTI1104/PumpLeft,Model Root/TTS dSPACE RTI1104/ValvePos_LD
flags,,2,2,2
min,,-1.797693135e+308,-1.797693135e+308,-1.797693135e+308
max,,1.797693135e+308,1.797693135e+308,1.797693135e+308
minWeak,,-1.797693135e+308,-1.797693135e+308,-1.797693135e+308
maxWeak,,1.797693135e+308,1.797693135e+308,1.797693135e+308
trace_values,0,324.30596237471974,0.059999999999999998,0.31954752604166659
,0.099998927343676769,323.72977038886302,0.059999999999999998,0.31853027343749996
,0.19999785546860949,323.98119687303648,0.059999999999999998,0.31954752604166659
,0.299996782812741,324.19072220188923,0.059999999999999998,0.31954752604166659
,0.39999571015641777,325.5317508443926,0.059999999999999998,0.32158203124999996
,0.49999463750009454,325.21743731493348,0.059999999999999998,0.32158203124999996
,0.59999356484377131,324.09643544114107,0.059999999999999998,0.32056477864583327
,0.69999249140619213,322.64030710169726,0.059999999999999998,0.31954752604166659
,0.7999914187498689,321.42524208668289,0.059999999999999998,0.31853027343749996
,0.89999034531274447,321.68709964506644,0.059999999999999998,0.31751302083333327
,0.99998927187516529,323.03837027751308,0.059999999999999998,0.31853027343749996
,1.0999881984375861,323.42596920310189,0.059999999999999998,0.31751302083333327
,1.1999871257812629,324.33739166415018,0.059999999999999998,0.31853027343749996
,1.2999860523436837,324.88217611357874,0.059999999999999998,0.31954752604166659
,1.3999849789061045,326.17087262627774,0.059999999999999998,0.32056477864583327
,1.4999839054689801,326.04514193788702,0.059999999999999998,0.32056477864583327
,1.5999828343751687,325.43745617143406,0.059999999999999998,0.32056477864583327
,1.6999817640626134,324.50501562674327,0.059999999999999998,0.32056477864583327
,1.799980693750058,323.14312567856894,0.059999999999999998,0.31954752604166659
,1.8999796226562466,324.73550152277818,0.059999999999999998,0.32056477864583327
,1.9999785523436913,325.5317508443926,0.059999999999999998,0.32158203124999996
,2.0999774820311359,325.21743731493348,0.059999999999999998,0.32158203124999996
,2.1999764109377793,325.14409834101912,0.059999999999999998,0.32158203124999996
,2.2999753406252239,325.88797981102942,0.059999999999999998,0.32259928385416659
,2.3999742703126685,327.09292335418428,0.059999999999999998,0.32463378906249996
,2.4999731992188572,326.53759203138543,0.059999999999999998,0.32463378906249996
,2.5999721281250459,324.56787508044829,0.059999999999999998,0.32361653645833327
,2.6999710570312345,324.07548290803635,0.059999999999999998,0.32361653645833327
,2.7999699859374232,322.73458415955668,0.059999999999999998,0.32158203124999996
,2.8999689156248678,323.30026026474394,0.059999999999999998,0.32158203124999996
,2.9999678445315112,324.74597823451177,0.059999999999999998,0.32259928385416659
,3.0999667734376999,324.74597823451177,0.059999999999999998,0.32158203124999996
,3.1999657023438886,325.55270528686424,0.059999999999999998,0.32259928385416659
,3.2999646312500772,326.46424757557202,0.059999999999999998,0.32463378906249996
,3.3999635601562659,326.67380391221207,0.059999999999999998,0.32463378906249996
,3.4999624867186867,326.83097265994269,0.059999999999999998,0.32565104166666659
,3.5999614093752825,326.50615865841536,0.059999999999999998,0.32565104166666659
,3.6999603328126796,326.19182782539508,0.059999999999999998,0.32666829427083327
,3.7999592554688206,325.24886840306561,0.059999999999999998,0.32565104166666659
,3.8999581789062177,325.64700059395125,0.059999999999999998,0.32666829427083327
,3.9999571023436147,326.47472533757173,0.059999999999999998,0.32768554687499996
,4.0999560250002105,326.10800717326657,0.059999999999999998,0.32666829427083327
,4.1999549484376075,326.09752961888444,0.059999999999999998,0.32666829427083327
,4.2999538718750046,326.78906087008204,0.059999999999999998,0.32870279947916659
,4.3999527945311456,327.70066182935909,0.059999999999999998,0.32972005208333327
,4.4999517210940212,327.72161863782929,0.059999999999999998,0.32972005208333327
,4.599950648437698,327.04053294109394,0.059999999999999998,0.32972005208333327
,4.6999495750001188,325.48984203644665,0.059999999999999998,0.32870279947916659
,4.7999485015625396,323.31073596670439,0.059999999999999998,0.32666829427083327
,4.8999474289062164,324.24310399019839,0.059999999999999998,0.32666829427083327
,4.9999463554686372,325.65747788207659,0.059999999999999998,0.32768554687499996
,5.0999452820315128,326.60045893298468,0.059999999999999998,0.32768554687499996
,5.1999442085939336,326.69475967182848,0.059999999999999998,0.32768554687499996
,5.2999431359376104,327.27105176687934,0.059999999999999998,0.32870279947916659
,5.3999420632812871,328.23506658382973,0.059999999999999998,0.32972005208333327
,5.4999409906249639,327.9835804197977,0.059999999999999998,0.32972005208333327
,5.5999399179686407,327.48061656556814,0.059999999999999998,0.32972005208333327
,5.6999388453127722,326.8624065610037,0.059999999999999998,0.32972005208333327
,5.7999377734377049,324.96599076723902,0.059999999999999998,0.32768554687499996
,5.8999367007813817,325.55270528686424,0.059999999999999998,0.32870279947916659
,5.9999356281250584,326.57950327611996,0.059999999999999998,0.32870279947916659
,6.0999345554687352,326.69475967182848,0.059999999999999998,0.32870279947916659
,6.1999334835936679,327.03005487480357,0.059999999999999998,0.32972005208333327
,6.2999324109373447,327.17674829652208,0.059999999999999998,0.32972005208333327
,6.3999313375002203,328.31889591006023,0.059999999999999998,0.33073730468749996
,6.499930264843897,328.25602388738076,0.059999999999999998,0.33073730468749996
,6.5999291914063178,326.81001675381572,0.059999999999999998,0.33073730468749996
,6.6999281187499946,325.63652331216463,0.059999999999999998,0.32870279947916659
,6.7999270453124154,324.13834059518706,0.059999999999999998,0.32768554687499996
,6.8999259726560922,324.90312973617682,0.059999999999999998,0.32666829427083327
,6.9999248992189678,325.99275440902301,0.059999999999999998,0.32768554687499996
,7.0999238257813886,325.90893468135863,0.059999999999999998,0.32666829427083327
,7.1999227531250654,326.43281432451067,0.059999999999999998,0.32666829427083327
,7.2999216796874862,327.16627015988342,0.059999999999999998,0.32870279947916659
,7.3999206070311629,328.82187797924263,0.059999999999999998,0.32972005208333327
,7.4999195335940385,328.13028034854602,0.059999999999999998,0.32972005208333327
,7.5999184609377153,327.13483578222218,0.059999999999999998,0.32972005208333327
,7.6999173875001361,326.42233658582512,0.059999999999999998,0.32972005208333327
,7.7999163140625569,325.39554759587963,0.059999999999999998,0.32870279947916659
,7.8999152414062337,325.78320583157159,0.059999999999999998,0.32870279947916659
,7.9999141679686545,326.43281432451067,0.059999999999999998,0.32870279947916659
,8.0999130945315301,326.39090340486626,0.059999999999999998,0.32870279947916659
,8.1999120218752068,326.27564886100942,0.059999999999999998,0.32870279947916659
,8.2999109484376277,327.37583390433343,0.059999999999999998,0.32972005208333327
,8.3999098750000485,327.8892738236089,0.059999999999999998,0.33073730468749996
,8.4999088023437253,327.43870343864796,0.059999999999999998,0.32972005208333327
,8.599907729687402,326.32803720148985,0.059999999999999998,0.32972005208333327
,8.6999066562502776,325.14409834101912,0.059999999999999998,0.32870279947916659
,8.7999055835939544,323.37359034251,0.059999999999999998,0.32666829427083327
,8.8999045101563752,323.64596252354403,0.059999999999999998,0.32565104166666659
,8.999903437500052,324.85074573088599,0.059999999999999998,0.32565104166666659
,9.0999023648437287,324.94503706306023,0.059999999999999998,0.32463378906249996
,9.1999012914061495,325.59461424853833,0.059999999999999998,0.32463378906249996
,9.2999002164065132,326.23373829547995,0.059999999999999998,0.32565104166666659
,9.3998991382813983,327.19770458588681,0.059999999999999998,0.32666829427083327
,9.4998980609375394,326.71571545413178,0.059999999999999998,0.32666829427083327
,9.5998969835936805,326.27564886100942,0.059999999999999998,0.32565104166666659
,9.6998959062502763,325.59461424853833,0.059999999999999998,0.32565104166666659
,9.7998948289064174,323.65643848014361,0.059999999999999998,0.32361653645833327
,9.8998937507813025,324.27453315000929,0.059999999999999998,0.32361653645833327
,9.9998926734374436,325.25934544563574,0.059999999999999998,0.32361653645833327
,10.099891596094039,324.51549218473792,0.059999999999999998,0.32259928385416659
,10.19989051875018,324.72502481796289,0.059999999999999998,0.32259928385416659
,10.299889442187578,325.65747788207659,0.059999999999999998,0.32259928385416659
,10.39988836640623,326.48520310538333,0.059999999999999998,0.32361653645833327
,10.499887290624883,326.39090340486626,0.059999999999999998,0.32463378906249996
,10.599886214843991,326.13943987265827,0.059999999999999998,0.32463378906249996
,10.699885139062644,325.280299550525,0.059999999999999998,0.32463378906249996
,10.799884063281297,323.58310694398961,0.059999999999999998,0.32259928385416659
,10.89988298749995,324.77740841115536,0.059999999999999998,0.32361653645833327
,10.999881911718603,326.03466441991685,0.059999999999999998,0.32361653645833327
,11.099880835937711,324.8926529214686,0.059999999999999998,0.32361653645833327
,11.199879760156364,324.32691522715999,0.059999999999999998,0.32259928385416659
,11.299878683593761,324.56787508044829,0.059999999999999998,0.32361653645833327
,11.399877607031158,324.24310399019839,0.059999999999999998,0.32158203124999996
,11.49987653046901,324.33739166415018,0.059999999999999998,0.32158203124999996
,11.599875453125151,324.04405416342667,0.059999999999999998,0.32768554687499996
,11.699874376562548,323.5307275046722,0.059999999999999998,0.32056477864583327
,11.799873299999945,322.1584571202676,0.059999999999999998,0.31853027343749996
,11.899872223437342,322.98599287639331,0.059999999999999998,0.31853027343749996
,11.999871146875194,323.79262660542611,0.059999999999999998,0.31853027343749996
,12.099870070312591,323.74024640610349,0.059999999999999998,0.31751302083333327
,12.199868994531244,323.83453090022948,0.059999999999999998,0.31751302083333327
,12.299867919531152,324.45263294287338,0.059999999999999998,0.31853027343749996
,12.399866844531516,325.35363912430341,0.059999999999999998,0.31954752604166659
,12.499865769531425,324.90312973617682,0.059999999999999998,0.31954752604166659
,12.599864694531334,324.14881690195904,0.059999999999999998,0.31853027343749996
,12.699863620312499,323.5516792573963,0.059999999999999998,0.31853027343749996
,12.799862545312408,322.45175499494809,0.059999999999999998,0.31751302083333327
,12.899861470312771,322.94409109997019,0.059999999999999998,0.31751302083333327
,12.99986039531268,323.58310694398961,0.059999999999999998,0.31751302083333327
,13.099859320312589,323.18502806137201,0.059999999999999998,0.31649576822916659
,13.199858248437522,322.93361567598538,0.059999999999999998,0.31649576822916659
,13.299857175781199,324.24310399019839,0.059999999999999998,0.31853027343749996
,13.399856103906131,324.98694449850484,0.059999999999999998,0.31954752604166659
,13.499855032031519,324.57835168069124,0.059999999999999998,0.31954752604166659
,13.599853959375196,323.45739661250485,0.059999999999999998,0.31853027343749996
,13.699852887500128,322.35747995572871,0.059999999999999998,0.31751302083333327
,13.799851814843805,321.52998443962287,0.059999999999999998,0.31649576822916659
,13.899850742968738,322.16893192976983,0.059999999999999998,0.31547851562499996
,13.999849671093671,322.68220793411427,0.059999999999999998,0.31649576822916659
,14.099848598437347,322.62983191419511,0.059999999999999998,0.31547851562499996
,14.199847521093943,323.20597930021404,0.059999999999999998,0.31547851562499996
,14.299846443750084,323.7507224308942,0.059999999999999998,0.31649576822916659
,14.399845366406225,325.12314440829897,0.059999999999999998,0.31751302083333327
,14.499844289062366,324.40025043645215,0.059999999999999998,0.31853027343749996
,14.599843212500218,323.16407685413924,0.059999999999999998,0.31751302083333327
,14.699842135156359,322.12703274310218,0.059999999999999998,0.31649576822916659
,14.7998410578125,321.03770327204194,0.059999999999999998,0.31547851562499996
,14.899839980468641,321.61377896668381,0.059999999999999998,0.31547851562499996
,14.999838903125237,322.54603071188251,0.059999999999999998,0.31649576822916659
,15.099837826562634,321.42524208668289,0.059999999999999998,0.31446126302083327
,15.199836751562543,321.77089523697742,0.059999999999999998,0.31446126302083327
,15.299835676562452,322.26320559905827,0.059999999999999998,0.31547851562499996
,15.399834601562361,323.79262660542611,0.059999999999999998,0.31649576822916659
,15.499833526562725,323.46787243110731,0.059999999999999998,0.31649576822916659
,15.59983245234389,323.18502806137201,0.059999999999999998,0.31649576822916659
,15.699831377343799,322.82886188062412,0.059999999999999998,0.31649576822916659
,15.799830302343707,321.03770327204194,0.059999999999999998,0.31547851562499996
,15.899829227343616,321.60330461959245,0.059999999999999998,0.31547851562499996
,15.99982815234398,322.08513369359235,0.059999999999999998,0.31547851562499996
,16.099827075000121,321.15291620506923,0.059999999999999998,0.31446126302083327
,16.19982599609375,322.1479823193178,0.059999999999999998,0.31547851562499996
,16.299824917968635,323.56215514526644,0.059999999999999998,0.31649576822916659
,16.399823839843975,323.72977038886302,0.059999999999999998,0.31751302083333327
,16.499822760937604,323.42596920310189,0.059999999999999998,0.31853027343749996
,16.59982168281249,322.88123867711914,0.059999999999999998,0.31751302083333327
,16.699820604687375,322.42032990633453,0.059999999999999998,0.31751302083333327
,16.799819526562715,320.03225710883453,0.059999999999999998,0.31649576822916659
,16.899818447656344,320.9748603257658,0.059999999999999998,0.31649576822916659
,16.999817370312485,321.27860430874699,0.059999999999999998,0.31649576822916659
,17.09981629609365,321.14244225599418,0.059999999999999998,0.31547851562499996
,17.199815221875269,321.12149438543474,0.059999999999999998,0.31547851562499996
,17.299814147656434,322.67173271366204,0.059999999999999998,0.31751302083333327
,17.399813073437599,323.71929437917936,0.059999999999999998,0.31853027343749996
,17.499811999218764,323.22693057061224,0.059999999999999998,0.31853027343749996
,17.599810924999929,322.43080492749448,0.059999999999999998,0.31853027343749996
,17.699809850781094,321.84421684188965,0.059999999999999998,0.31853027343749996
,17.799808776562713,320.05320299405884,0.059999999999999998,0.31649576822916659
,17.899807702343878,320.21029838949795,0.059999999999999998,0.31649576822916659
,17.999806628125043,320.75491265985096,0.059999999999999998,0.31649576822916659
,18.099805552343696,320.70254477922731,0.059999999999999998,0.31649576822916659
,18.199804477343605,321.34144885316954,0.059999999999999998,0.31649576822916659
,18.299803402343969,322.00133600774251,0.059999999999999998,0.31751302083333327
,18.399802327343878,323.17455245380114,0.059999999999999998,0.31853027343749996
,18.499801252343786,322.69268316278743,0.059999999999999998,0.31853027343749996
,18.599800177343695,321.67662523583567,0.059999999999999998,0.31853027343749996
,18.699799102343604,320.95391275134028,0.059999999999999998,0.31751302083333327
,18.799798027343968,319.42484386838629,0.059999999999999998,0.31649576822916659
,18.899796952343877,319.86469145631935,0.059999999999999998,0.31649576822916659
,18.999795881250066,320.29408350181609,0.059999999999999998,0.31649576822916659
,19.099794810156254,320.17887913361039,0.059999999999999998,0.31547851562499996
,19.199793739062443,320.80728077645603,0.059999999999999998,0.31649576822916659
,19.299792667968632,322.1584571202676,0.059999999999999998,0.31853027343749996
,19.399791597656531,322.71363364476997,0.059999999999999998,0.31853027343749996
,19.49979052656272,321.72899737042917,0.059999999999999998,0.31954752604166659
,19.599789455468908,321.39381955631291,0.059999999999999998,0.31954752604166659
,19.699788384375097,321.44619048535412,0.059999999999999998,0.31954752604166659
,19.799787313281286,319.60287525954362,0.059999999999999998,0.31751302083333327
,19.899786242187474,319.40389919347638,0.059999999999999998,0.31751302083333327
,19.999785167968639,319.52956785850432,0.059999999999999998,0.31649576822916659
,20.099784094531515,319.96941969084719,0.059999999999999998,0.31649576822916659
,20.19978302031268,320.1893522091126,0.059999999999999998,0.31649576822916659
,20.2997819468751,320.80728077645603,0.059999999999999998,0.31751302083333327
,20.399780872656265,322.18988157440532,0.059999999999999998,0.31853027343749996
,20.499779799218686,321.63472768755071,0.059999999999999998,0.31853027343749996
,20.599778724999851,321.12149438543474,0.059999999999999998,0.31853027343749996
,20.699777651562727,320.43023563595216,0.059999999999999998,0.31853027343749996
,20.799776577343891,318.62897560206852,0.059999999999999998,0.31649576822916659
,20.899775503906312,318.97454250408367,0.059999999999999998,0.31649576822916659
,20.999774429687477,319.86469145631935,0.059999999999999998,0.31751302083333327
,21.099773356249898,319.39342687145347,0.059999999999999998,0.31649576822916659
,21.199772282031518,319.68665575621719,0.059999999999999998,0.31649576822916659
,21.299771208593938,320.65017713541101,0.059999999999999998,0.31751302083333327
,21.399770134375103,322.01181068826173,0.059999999999999998,0.31853027343749996
,21.499769060937524,321.41476790086801,0.059999999999999998,0.31853027343749996
,21.599767986718689,320.76538626431989,0.059999999999999998,0.31853027343749996
,21.69976691328111,319.91705544899185,0.059999999999999998,0.31853027343749996
,21.799765839062729,317.72846305148113,0.059999999999999998,0.31649576822916659
,21.899764759375103,318.73369161658229,0.059999999999999998,0.31649576822916659
,21.999763679687476,319.22587112392773,0.059999999999999998,0.31649576822916659
,22.099762599218593,319.5609852549573,0.059999999999999998,0.31649576822916659
,22.199761518750165,319.87516423487966,0.059999999999999998,0.31649576822916659
,22.299760438281282,321.07959875486353,0.059999999999999998,0.31751302083333327
,22.3997593578124,322.25273071288194,0.059999999999999998,0.31853027343749996
,22.499758277343972,322.00133600774251,0.059999999999999998,0.31954752604166659
,22.599757196875089,320.6082831914141,0.059999999999999998,0.31853027343749996
,22.699756116406206,319.48767813955419,0.059999999999999998,0.31853027343749996
,22.799755036719034,318.15776696814027,0.059999999999999998,0.31751302083333327
,22.899753957812663,318.94312685241999,0.059999999999999998,0.31751302083333327
,22.999752879687549,319.32012090597186,0.059999999999999998,0.31751302083333327
,23.099751800781178,319.48767813955419,0.059999999999999998,0.31751302083333327
,23.199750722656518,319.89610982197473,0.059999999999999998,0.31751302083333327
,23.299749643750147,320.91201771430644,0.059999999999999998,0.31954752604166659
,23.399748564843776,321.8965896794968,0.059999999999999998,0.32056477864583327
,23.499747486718661,321.05865099495759,0.059999999999999998,0.32056477864583327
,23.599746407812745,319.92752827745466,0.059999999999999998,0.31954752604166659
,23.699745328906374,319.03737409235464,0.059999999999999998,0.31954752604166659
,23.799744253906283,317.32011847502508,0.059999999999999998,0.31751302083333327
,23.899743182031216,317.42482054654204,0.059999999999999998,0.31751302083333327
,23.999742110937405,318.60803252827952,0.059999999999999998,0.31751302083333327
,24.099741039062337,318.4300181489873,0.059999999999999998,0.31649576822916659
,24.199739967187725,318.53473211025266,0.059999999999999998,0.31649576822916659
,24.299738896093913,320.09509488303365,0.059999999999999998,0.31853027343749996
,24.399737824218846,321.17386413077691,0.059999999999999998,0.31853027343749996
,24.499736753125035,320.32550307965897,0.059999999999999998,0.31853027343749996
,24.599735681249967,319.79138228677442,0.059999999999999998,0.31853027343749996
,24.6997346093749,318.81746519972108,0.059999999999999998,0.31853027343749996
,24.799733536719032,316.70240007598767,0.059999999999999998,0.31547851562499996
,24.899732464062708,318.13682487817374,0.059999999999999998,0.31649576822916659
,24.999731390625129,318.48237499375767,0.059999999999999998,0.31649576822916659
,25.09973031718755,318.15776696814027,0.059999999999999998,0.31547851562499996
,25.199729244531227,319.23634328041192,0.059999999999999998,0.31649576822916659
,25.299728171093648,320.32550307965897,0.059999999999999998,0.31751302083333327
,25.399727098437779,320.92249145957123,0.059999999999999998,0.31853027343749996
,25.4997260250002,320.1893522091126,0.059999999999999998,0.31853027343749996
,25.599724951562621,319.3829545597273,0.059999999999999998,0.31853027343749996
,25.699723878906298,318.91171129597433,0.059999999999999998,0.31751302083333327
,25.799722807812486,317.33058863009893,0.059999999999999998,0.31649576822916659
,25.899721736718675,318.4300181489873,0.059999999999999998,0.31751302083333327
,25.999720665624864,319.04784606059354,0.059999999999999998,0.31751302083333327
,26.099719594531507,318.86982403580396,0.059999999999999998,0.31751302083333327
,26.199718524218952,319.36200996719174,0.059999999999999998,0.31751302083333327
,26.29971745312514,319.51909541343355,0.059999999999999998,0.31853027343749996
,26.399716382031329,320.67112416446781,0.059999999999999998,0.31954752604166659
,26.499715310937518,320.58733627657966,0.059999999999999998,0.31954752604166659
,26.599714240624962,320.37786923684286,0.059999999999999998,0.32056477864583327
,26.699713169531151,319.2677598122113,0.059999999999999998,0.32056477864583327
,26.799712096875282,317.52952377119726,0.059999999999999998,0.31954752604166659
,26.899711025000215,318.5242606652551,0.070000000000000007,0.31954752604166659
,26.999709953125148,322.20035640952528,0.070000000000000007,0.31954752604166659
,27.099708880468825,320.17887913361039,0.070000000000000007,0.31853027343749996
,27.199707808593757,319.43531622126011,0.070000000000000007,0.31853027343749996
,27.29970673671869,319.11067809059068,0.070000000000000007,0.31853027343749996
,27.399705664843623,320.33597629170208,0.070000000000000007,0.32056477864583327
,27.499704592187754,320.12651390326738,0.070000000000000007,0.32056477864583327
,27.599703520312687,319.86469145631935,0.070000000000000007,0.32056477864583327
,27.69970244453134,318.37766157676253,0.070000000000000007,0.31954752604166659
,27.799701367187481,317.02695886519228,0.070000000000000007,0.31853027343749996
,27.899700289062366,318.28342043619313,0.070000000000000007,0.31954752604166659
,27.999699211718962,318.82793694564657,0.070000000000000007,0.31954752604166659
,28.099698133593847,318.76510663010549,0.070000000000000007,0.31853027343749996
,28.199697056249988,319.83327318066654,0.070000000000000007,0.31954752604166659
,28.299695978124873,320.53496915664596,0.070000000000000007,0.32056477864583327
,28.399694900781469,321.45666469819736,0.070000000000000007,0.32158203124999996
,28.499693822656354,321.27860430874699,0.070000000000000007,0.32259928385416659
,28.599692744531239,320.22077149436785,0.070000000000000007,0.32259928385416659
,28.699691669531148,319.83327318066654,0.070000000000000007,0.32158203124999996
,28.799690594531512,318.01117327140548,0.070000000000000007,0.32056477864583327
,28.899689519531421,318.57661799853855,0.070000000000000007,0.31954752604166659
,28.99968844453133,319.30964866650766,0.070000000000000007,0.32056477864583327
,29.099687369531239,318.76510663010549,0.070000000000000007,0.31954752604166659
,29.199686294531148,319.24681544729157,0.070000000000000007,0.31954752604166659
,29.299685220312767,320.27313716522559,0.070000000000000007,0.31954752604166659
,29.399684145312676,322.12703274310218,0.070000000000000007,0.32158203124999996
,29.499683070312585,321.58235595212699,0.070000000000000007,0.32158203124999996
,29.599681996875006,321.26813024985177,0.070000000000000007,0.32158203124999996
,29.699680924999939,320.12651390326738,0.070000000000000007,0.32056477864583327
,29.799679853124871,318.79652173985278,0.070000000000000007,0.31954752604166659
,29.899678781250259,319.13162218445609,0.070000000000000007,0.31954752604166659
,29.999677709375192,320.03225710883453,0.070000000000000007,0.31954752604166659
,30.099676637500124,320.05320299405884,0.070000000000000007,0.31954752604166659
,30.199675565625057,320.74443906482128,0.070000000000000007,0.31954752604166659
,30.29967449374999,322.39937988918155,0.070000000000000007,0.32056477864583327
,30.399673421874922,323.20597930021404,0.070000000000000007,0.32158203124999996
,30.499672349999855,322.96504197209822,0.070000000000000007,0.32259928385416659
,30.599671275781475,322.25273071288194,0.070000000000000007,0.32259928385416659
,30.699670202343896,321.5195101639452,0.070000000000000007,0.32158203124999996
,30.799669128125061,320.52449576136672,0.070000000000000007,0.32056477864583327
,30.899668053906225,320.54544256150314,0.070000000000000007,0.32056477864583327
,30.99966697968739,321.41476790086801,0.070000000000000007,0.32056477864583327
,31.09966590546901,320.75491265985096,0.070000000000000007,0.31954752604166659
,31.199664831250175,322.06418422040412,0.070000000000000007,0.32056477864583327
,31.29966375703134,323.14312567856894,0.070000000000000007,0.32158203124999996
,31.399662682812504,324.53644532189458,0.070000000000000007,0.32361653645833327
,31.499661608593669,323.99167306964705,0.070000000000000007,0.32361653645833327
,31.599660536718602,323.64596252354403,0.070000000000000007,0.32463378906249996
,31.69965946484399,322.70315839967486,0.070000000000000007,0.32361653645833327
,31.799658392968922,321.77089523697742,0.070000000000000007,0.32259928385416659
,31.899657321093855,322.06418422040412,0.070000000000000007,0.32259928385416659
,31.999656249218788,323.13265010267378,0.070000000000000007,0.32259928385416659
,32.09965517734372,322.29463030847796,0.070000000000000007,0.32158203124999996
,32.199654105468653,323.25835753526121,0.070000000000000007,0.32259928385416659
,32.299653033594041,323.82405481527644,0.070000000000000007,0.32361653645833327
,32.399651961718973,325.48984203644665,0.070000000000000007,0.32463378906249996
,32.499650888281394,325.18600628630838,0.070000000000000007,0.32565104166666659
,32.599649812500047,324.77740841115536,0.070000000000000007,0.32565104166666659
,32.6996487367187,324.00214927364829,0.070000000000000007,0.32463378906249996
,32.799647660937353,322.94409109997019,0.070000000000000007,0.32361653645833327
,32.899646585156461,323.45739661250485,0.070000000000000007,0.32463378906249996
,32.999645509375114,324.85074573088599,0.070000000000000007,0.32463378906249996
,33.099644433593767,324.16976953736895,0.070000000000000007,0.32361653645833327
,33.19964335781242,324.68311806801705,0.070000000000000007,0.32463378906249996
,33.299642282031527,325.54222806242575,0.070000000000000007,0.32463378906249996
,33.39964120625018,327.06148909002246,0.070000000000000007,0.32666829427083327
,33.499640132031345,326.83097265994269,0.070000000000000007,0.32768554687499996
,33.599639058593766,326.40138112599624,0.070000000000000007,0.32768554687499996
,33.699637985156187,326.77858293662933,0.070000000000000007,0.32870279947916659
,33.799636911718608,324.33739166415018,0.070000000000000007,0.32666829427083327
,33.899635838281483,324.43167991896445,0.070000000000000007,0.32666829427083327
,33.999634764843904,325.18600628630838,0.070000000000000007,0.32666829427083327
,34.099633691406325,325.09171355927435,0.070000000000000007,0.32565104166666659
,34.199632617968746,326.74714917000796,0.070000000000000007,0.32666829427083327
,34.299631544531167,327.4072686480107,0.070000000000000007,0.32870279947916659
,34.399630470312786,328.09884457041562,0.070000000000000007,0.32870279947916659
,34.499629394531439,328.1198017510701,0.070000000000000007,0.32972005208333327
,34.599628319531348,327.10340145308334,0.070000000000000007,0.32870279947916659
,34.699627243750001,326.76810500879498,0.070000000000000007,0.32870279947916659
,34.799626167968654,325.280299550525,0.070000000000000007,0.32768554687499996
,34.899625092969018,326.11848473369406,0.070000000000000007,0.32768554687499996
,34.999624017187671,326.76810500879498,0.070000000000000007,0.32768554687499996
,35.099622941406324,327.03005487480357,0.070000000000000007,0.32768554687499996
,35.199621866406233,327.53300809051643,0.070000000000000007,0.32768554687499996
,35.299620790624886,328.16171616948816,0.070000000000000007,0.32870279947916659
,35.399619717969017,328.98954091514429,0.070000000000000007,0.32972005208333327
,35.49961865000023,329.08385179183392,0.070000000000000007,0.32972005208333327
,35.599617582031442,328.04645170249211,0.070000000000000007,0.32972005208333327
,35.699616513281399,328.10932315835777,0.070000000000000007,0.32972005208333327
,35.799615445312611,326.39090340486626,0.070000000000000007,0.32870279947916659
,35.899614377343823,327.11387955739377,0.070000000000000007,0.32870279947916659
,35.99961330859378,327.60635644103758,0.070000000000000007,0.32870279947916659
,36.099612240624992,327.05101101283583,0.070000000000000007,0.32768554687499996
,36.199611172656205,328.16171616948816,0.070000000000000007,0.32870279947916659
,36.299610103906161,328.48655544932274,0.070000000000000007,0.32972005208333327
,36.399609032031094,329.55541111838761,0.070000000000000007,0.32972005208333327
,36.499607957812714,329.75451631981781,0.070000000000000007,0.33073730468749996
,36.599606882812623,328.91618824649561,0.070000000000000007,0.33073730468749996
,36.699605808593788,328.39224681404926,0.070000000000000007,0.32972005208333327
,36.799604734374952,327.22913906005209,0.070000000000000007,0.32870279947916659
,36.899603660156117,327.93118781754373,0.070000000000000007,0.32870279947916659
,36.999602585937737,328.4132042565974,0.070000000000000007,0.32870279947916659
,37.099601510937646,328.31889591006023,0.070000000000000007,0.32870279947916659
,37.199600436718811,329.00001988469705,0.070000000000000007,0.32870279947916659
,37.299599362499976,329.10480981023818,0.070000000000000007,0.32870279947916659
,37.399598286718629,330.20512771667194,0.070000000000000007,0.32972005208333327
,37.499597211718992,330.0479369464083,0.070000000000000007,0.32972005208333327
,37.599596135937645,329.59732788900493,0.070000000000000007,0.32972005208333327
,37.699595060937554,329.30391180250462,0.070000000000000007,0.32972005208333327
,37.799593985156207,328.3398532881173,0.070000000000000007,0.32870279947916659
,37.899592910156116,327.92070931171764,0.070000000000000007,0.32768554687499996
,37.99959183515648,328.66469497973117,0.070000000000000007,0.32870279947916659
,38.099590759375133,329.00001988469705,0.070000000000000007,0.32768554687499996
,38.199589684375042,329.3877446558372,0.070000000000000007,0.32768554687499996
,38.29958860937495,330.12129254163546,0.070000000000000007,0.32870279947916659
,38.399587535937371,331.14828776952527,0.070000000000000007,0.32972005208333327
,38.499586463281503,330.55095009848179,0.070000000000000007,0.32972005208333327
,38.599585389843924,330.07937503758171,0.070000000000000007,0.32972005208333327
,38.699584316406344,329.29343271380486,0.070000000000000007,0.32870279947916659
,38.799583243750021,327.38631214699694,0.070000000000000007,0.32666829427083327
,38.899582170312442,328.4132042565974,0.070000000000000007,0.32666829427083327
,38.999581096874863,329.17816300456275,0.070000000000000007,0.32666829427083327
,39.099580024218994,328.87427252931531,0.070000000000000007,0.32565104166666659
,39.199578950781415,329.54493193533591,0.070000000000000007,0.32565104166666659
,39.299577878125092,330.24704538679862,0.070000000000000007,0.32666829427083327
,39.399576807031281,331.58843727195801,0.070000000000000007,0.32768554687499996
,39.499575735156213,331.28452400973782,0.070000000000000007,0.32870279947916659
,39.599574663281146,330.84437790259778,0.070000000000000007,0.32870279947916659
,39.699573592187789,330.83389829645364,0.070000000000000007,0.32870279947916659
,39.799572520312722,328.97906194980027,0.070000000000000007,0.32666829427083327
,39.899571448437655,329.58684869060238,0.070000000000000007,0.32768554687499996
,39.999570377343844,329.88026766830251,0.070000000000000007,0.32666829427083327
,40.099569305468776,329.40870290885135,0.070000000000000007,0.32666829427083327
,40.199568233593709,329.59732788900493,0.070000000000000007,0.32565104166666659
,40.299567159374874,330.02697823661532,0.070000000000000007,0.32666829427083327
,40.399566084375238,331.28452400973782,0.070000000000000007,0.32666829427083327
,40.499565010156402,331.17972685995102,0.070000000000000007,0.32768554687499996
,40.599563935937567,330.86533712395453,0.070000000000000007,0.32768554687499996
,40.699562861718732,329.84882978158407,0.070000000000000007,0.32666829427083327
,40.799561787499897,328.73804692389359,0.070000000000000007,0.32565104166666659
,40.899560713281517,328.58086445149797,0.070000000000000007,0.32463378906249996
,40.999559639062682,329.74403706480246,0.070000000000000007,0.32463378906249996
,41.099558564843846,329.91170558778487,0.070000000000000007,0.32361653645833327
,41.199557491406267,329.86978836908031,0.070000000000000007,0.32361653645833327
,41.299556420312456,330.22608654489585,0.070000000000000007,0.32361653645833327
,41.399555349218645,332.36394941510048,0.070000000000000007,0.32463378906249996
,41.499554278125288,331.83995332483028,0.070000000000000007,0.32463378906249996
,41.599553207031477,331.20068626763435,0.070000000000000007,0.32463378906249996
,41.699552135937665,330.46711403917976,0.070000000000000007,0.32463378906249996
,41.799551064843854,328.73804692389359,0.070000000000000007,0.32259928385416659
,41.899549993750043,329.6392447207582,0.070000000000000007,0.32259928385416659
,41.999548922656231,330.54047057975555,0.070000000000000007,0.32259928385416659
,42.09954785156242,329.8593090735053,0.070000000000000007,0.32056477864583327
,42.19954677734404,330.66622501501575,0.070000000000000007,0.32158203124999996
,42.299545702343949,331.94475209172759,0.070000000000000007,0.32259928385416659
,42.399544627343857,332.37442939209717,0.070000000000000007,0.32259928385416659
,42.49954355156251,332.47922927362373,0.070000000000000007,0.32259928385416659
,42.599542476562419,331.85043319087731,0.070000000000000007,0.32361653645833327
,42.699541401562783,330.80245949623855,0.070000000000000007,0.32259928385416659
,42.799540325781436,329.28295362912002,0.070000000000000007,0.32056477864583327
,42.899539250781345,329.68116161321944,0.070000000000000007,0.32056477864583327
,42.999538175781254,330.24704538679862,0.070000000000000007,0.32056477864583327
,43.099537100781163,329.84882978158407,0.070000000000000007,0.31954752604166659
,43.199536025781526,330.46711403917976,0.070000000000000007,0.31954752604166659
,43.299534950781435,330.93869449322051,0.070000000000000007,0.31954752604166659
,43.3995338765626,331.93427220447546,0.070000000000000007,0.31954752604166659
,43.499532801562509,332.00763146378262,0.070000000000000007,0.32056477864583327
,43.599531726562418,331.87139293011336,0.070000000000000007,0.32361653645833327
,43.699530652344038,331.01205200776502,0.070000000000000007,0.32056477864583327
,43.799529577343947,329.49253607802774,0.070000000000000007,0.31751302083333327
,43.899528502343856,330.17368950010109,0.070000000000000007,0.31751302083333327
,43.999527427343764,330.99109270320463,0.070000000000000007,0.31751302083333327
,44.099526354687441,330.77102072348993,0.070000000000000007,0.31751302083333327
,44.199525284374886,331.07492999126515,0.070000000000000007,0.31751302083333327
,44.299524214843586,331.64083633158072,0.070000000000000007,0.31751302083333327
,44.399523144531486,332.4163493205013,0.070000000000000007,0.31853027343749996
,44.499522075000186,332.55258930899146,0.070000000000000007,0.31853027343749996
,44.599521004687631,331.94475209172759,0.070000000000000007,0.31853027343749996
,44.699519935156331,331.52555848463822,0.070000000000000007,0.31853027343749996
,44.799518864843776,329.82787120872973,0.070000000000000007,0.31649576822916659
,44.899517795312477,330.05841630660825,0.070000000000000007,0.31649576822916659
,44.999516724999921,330.33088089012841,0.070000000000000007,0.31547851562499996
,45.099515655468622,330.24704538679862,0.070000000000000007,0.31446126302083327
,45.199514586719033,331.08540966529358,0.070000000000000007,0.31547851562499996
,45.299513517187734,331.78755403057238,0.070000000000000007,0.31547851562499996
,45.39951244843769,333.04515188844277,0.070000000000000007,0.31751302083333327
,45.499511378906391,332.62594943916014,0.070000000000000007,0.31751302083333327
,45.599510310156347,331.67227579760794,0.070000000000000007,0.31649576822916659
,45.699509240625048,331.73515479688996,0.070000000000000007,0.31649576822916659
,45.799508171875004,329.81739192781009,0.070000000000000007,0.31446126302083327
,45.899507103124961,330.21560712907069,0.070000000000000007,0.31547851562499996
,45.999506033593661,330.80245949623855,0.070000000000000007,0.31446126302083327
,46.099504960156537,330.83389829645364,0.070000000000000007,0.31446126302083327
,46.199503887500214,331.35788217826149,0.070000000000000007,0.31547851562499996
,46.299502814062635,332.39538935222913,0.070000000000000007,0.31547851562499996
,46.399501741406311,333.37003559193465,0.070000000000000007,0.31751302083333327
,46.499500667968732,333.139472812061,0.070000000000000007,0.31751302083333327
,46.599499595312409,331.89235267882742,0.070000000000000007,0.31751302083333327
,46.69949852265654,331.13780807836991,0.070000000000000007,0.31649576822916659
,46.799497449218961,329.48205691820294,0.070000000000000007,0.31547851562499996
,46.899496376562638,330.47759353523219,0.070000000000000007,0.31547851562499996
,46.999495303906315,330.86533712395453,0.070000000000000007,0.31446126302083327
,47.099494234375015,330.83389829645364,0.070000000000000007,0.31446126302083327
,47.19949316406246,331.0644503201147,0.070000000000000007,0.31446126302083327
,47.299492093749905,332.07051091800901,0.070000000000000007,0.31547851562499996
,47.399491023437349,333.05563198467468,0.070000000000000007,0.31649576822916659
,47.499489953125249,333.46435693032049,0.070000000000000007,0.31751302083333327
,47.599488882812693,333.33859517100046,0.070000000000000007,0.31751302083333327
,47.699487812500138,331.35788217826149,0.070000000000000007,0.31649576822916659
,47.799486742187582,329.67068238443613,0.070000000000000007,0.31547851562499996
,47.899485671875027,330.34136034320267,0.070000000000000007,0.31547851562499996
,47.99948459999996,330.1946483077063,0.070000000000000007,0.31446126302083327
,48.099483526562381,330.29944255104954,0.070000000000000007,0.31344401041666659
,48.199482453125256,330.93869449322051,0.070000000000000007,0.31446126302083327
,48.299481379687677,332.65738952339888,0.070000000000000007,0.31547851562499996
,48.399480306250098,333.08707228302586,0.070000000000000007,0.31547851562499996
,48.499479233593775,332.84603037552995,0.070000000000000007,0.31649576822916659
,48.599478160156195,332.38490937114227,0.070000000000000007,0.31649576822916659
,48.699477086718616,331.55699786673227,0.070000000000000007,0.31547851562499996
,48.799476013281492,330.16321010147487,0.070000000000000007,0.31446126302083327
,48.899474939843913,330.9701334103699,0.070000000000000007,0.31446126302083327
,48.999473866406333,331.28452400973782,0.070000000000000007,0.31547851562499996
,49.099472792187498,331.13780807836991,0.070000000000000007,0.31344401041666659
,49.199471718749919,330.83389829645364,0.070000000000000007,0.31446126302083327
,49.29947064531234,332.01811136715298,0.070000000000000007,0.31446126302083327
,49.39946957109396,332.74122982972938,0.070000000000000007,0.31547851562499996
,49.49946849765638,333.30715476296444,0.070000000000000007,0.31649576822916659
,49.599467423437545,332.55258930899146,0.070000000000000007,0.31649576822916659
,49.699466349999966,332.31154956107736,0.070000000000000007,0.31649576822916659
,49.799465275781131,330.68718413181432,0.070000000000000007,0.31446126302083327
,49.899464202344006,330.46711403917976,0.070000000000000007,0.31446126302083327
,49.999463128125171,331.47315956637573,0.070000000000000007,0.31446126302083327
,50.099462053906336,330.9806130553182,0.070000000000000007,0.31344401041666659
,50.199460979687501,332.04955109089258,0.070000000000000007,0.31446126302083327
,50.299459905468666,333.16043303464312,0.070000000000000007,0.31547851562499996
,50.399458831250286,334.27133235858668,0.070000000000000007,0.31751302083333327
,50.49945775703145,333.12899270310686,0.070000000000000007,0.31649576822916659
,50.599456682812615,332.56306932183639,0.070000000000000007,0.31751302083333327
,50.69945560859378,331.37884167935846,0.070000000000000007,0.31649576822916659
,50.799454534374945,330.41471660803973,0.070000000000000007,0.31547851562499996
,50.899453463281134,331.19020656239053,0.070000000000000007,0.31547851562499996
,50.99945239453109,331.89235267882742,0.070000000000000007,0.31547851562499996
,51.099451325000246,331.08540966529358,0.070000000000000007,0.31446126302083327
,51.199450255468946,332.11243059909725,0.070000000000000007,0.31446126302083327
,51.299449186718903,332.97179126056403,0.070000000000000007,0.31547851562499996
,51.399448117187603,333.95692558861197,0.070000000000000007,0.31649576822916659
,51.49944704843756,333.9150047526378,0.070000000000000007,0.31751302083333327
,51.59944597890626,332.91939086196089,0.070000000000000007,0.31751302083333327
,51.699444910156217,332.3429894672791,0.070000000000000007,0.31649576822916659
,51.799443840624917,330.75006155700584,0.070000000000000007,0.31547851562499996
,51.899442767968594,331.55699786673227,0.070000000000000007,0.31547851562499996
,51.999441695312726,332.26962971541275,0.070000000000000007,0.31547851562499996
,52.099440622656402,332.63642946536072,0.070000000000000007,0.31547851562499996
,52.199439550000079,332.68882962444803,0.070000000000000007,0.31547851562499996
,52.299438477343756,333.88356413682044,0.070000000000000007,0.31751302083333327
,52.399437405468689,334.81630577561566,0.070000000000000007,0.31853027343749996
,52.499436332812365,334.54381884254423,0.070000000000000007,0.31853027343749996
,52.599435260156497,333.83116313225628,0.070000000000000007,0.31853027343749996
,52.699434187500174,333.14995292257532,0.070000000000000007,0.31853027343749996
,52.79943311484385,331.79803388460471,0.070000000000000007,0.31649576822916659
,52.899432039062503,331.90283255672199,0.070000000000000007,0.31649576822916659
,52.999430963281156,332.78315002665232,0.070000000000000007,0.31649576822916659
,53.099429886719008,333.19187338010062,0.070000000000000007,0.31649576822916659
,53.199428810937661,333.55867837829004,0.070000000000000007,0.31649576822916659
,53.299427735156314,334.33421380887432,0.070000000000000007,0.31751302083333327
,53.399426659374967,336.33594723896988,0.070000000000000007,0.31954752604166659
,53.49942558359362,335.25647762494981,0.070000000000000007,0.31954752604166659
,53.599424507812728,334.73246360158475,0.070000000000000007,0.31954752604166659
,53.699423432031381,334.07220797194321,0.070000000000000007,0.31954752604166659
,53.79942235703129,333.00323151978557,0.070000000000000007,0.31853027343749996
,53.899421282031199,333.85212353077213,0.070000000000000007,0.31853027343749996
,53.999420207031108,334.30277308004918,0.070000000000000007,0.31853027343749996
,54.099419132812727,333.34907530988767,0.070000000000000007,0.31853027343749996
,54.199418057812636,333.93596516852085,0.070000000000000007,0.31853027343749996
,54.299416983593801,334.7010227951169,0.070000000000000007,0.31853027343749996
,54.39941590859371,335.2879184913723,0.070000000000000007,0.31853027343749996
,54.499414833593619,336.35690778745294,0.070000000000000007,0.32056477864583327
,54.599413759375238,335.41368197236244,0.070000000000000007,0.31954752604166659
,54.699412684375147,334.38661503945428,0.070000000000000007,0.31954752604166659
,54.799411610156312,333.21283361805052,0.070000000000000007,0.31751302083333327
,54.899410535937477,334.14556954997289,0.070000000000000007,0.31751302083333327
,54.999409461718642,335.24599733655361,0.070000000000000007,0.31853027343749996
,55.099408387500262,335.44512284553355,0.070000000000000007,0.31751302083333327
,55.199407312500171,335.53944546917836,0.070000000000000007,0.31751302083333327
,55.299406238281335,336.3883486064795,0.070000000000000007,0.31853027343749996
,55.3994051640625,337.36301082255585,0.070000000000000007,0.31954752604166659
,55.499404089843665,337.57261450548719,0.070000000000000007,0.32056477864583327
,55.599403015625285,336.97524285633563,0.070000000000000007,0.32056477864583327
,55.69940194140645,335.54992576093235,0.070000000000000007,0.32056477864583327
,55.799400865625103,334.9839902144596,0.070000000000000007,0.31954752604166659
,55.899399789843756,335.97961766608012,0.070000000000000007,0.32056477864583327
,55.999398714062409,336.40930914995397,0.070000000000000007,0.32056477864583327
,56.099397638281516,336.45123023055902,0.070000000000000007,0.32056477864583327
,56.199396563281425,336.87044048137921,0.070000000000000007,0.31954752604166659
,56.299395487500078,337.16388690391847,0.070000000000000007,0.32056477864583327
,56.399394411718731,338.85118405929967,0.070000000000000007,0.32259928385416659
,56.499393335937384,338.91406383064771,0.070000000000000007,0.32361653645833327
,56.599392260156492,338.12806167783293,0.070000000000000007,0.32361653645833327
,56.699391185937657,337.34205042850141,0.070000000000000007,0.32361653645833327
,56.799390113281333,336.05297966927196,0.070000000000000007,0.32158203124999996
,56.89938904062501,337.47829290756027,0.070000000000000007,0.32259928385416659
,56.999387967968687,338.33766325728647,0.070000000000000007,0.32259928385416659
,57.099386895312364,337.90797932415626,0.070000000000000007,0.32259928385416659
,57.199385823437751,338.00230041624934,0.070000000000000007,0.32259928385416659
,57.299384750781428,338.27478285454146,0.070000000000000007,0.32361653645833327
,57.399383678125105,339.68957430076023,0.070000000000000007,0.32463378906249996
,57.499382605468782,339.47997817226866,0.070000000000000007,0.32463378906249996
,57.599381532812458,339.2913408086456,0.070000000000000007,0.32565104166666659
,57.699380460156135,337.78221768272044,0.070000000000000007,0.32463378906249996
,57.799379387500267,336.89140096312536,0.070000000000000007,0.32361653645833327
,57.899378314843943,337.70885663154621,0.070000000000000007,0.32361653645833327
,57.99937724218762,338.5158240514387,0.070000000000000007,0.32463378906249996
,58.099376170312553,338.57870420483357,0.070000000000000007,0.32361653645833327
,58.19937509765623,339.01886327955748,0.070000000000000007,0.32361653645833327
,58.299374024999906,340.15068203677981,0.070000000000000007,0.32463378906249996
,58.399372952344038,341.86930234263286,0.070000000000000007,0.32666829427083327
,58.499371880468971,340.42315218719835,0.070000000000000007,0.32666829427083327
,58.599370807812647,340.25547848684045,0.070000000000000007,0.32666829427083327
,58.699369735156324,339.45901850409166,0.070000000000000007,0.32565104166666659
,58.799368661718745,337.9918203009662,0.070000000000000007,0.32463378906249996
,58.899367589062422,339.35422001656354,0.070000000000000007,0.32463378906249996
,58.999366516406099,339.89916938610287,0.070000000000000007,0.32463378906249996
,59.09936544375023,339.80485173018457,0.070000000000000007,0.32463378906249996
,59.199364370312651,340.38123383478455,0.070000000000000007,0.32565104166666659
,59.299363297656328,341.92169776723654,0.070000000000000007,0.32666829427083327
,59.399362225000004,342.47708292817975,0.070000000000000007,0.32768554687499996
,59.499361152343681,342.45612521423283,0.070000000000000007,0.32870279947916659
,59.59936008124987,341.80642770164144,0.070000000000000007,0.32870279947916659
,59.699359011719025,340.6851407592294,0.070000000000000007,0.32768554687499996
,59.799357942187726,339.41709913824957,0.070000000000000007,0.32666829427083327
,59.899356872656426,339.89916938610287,0.070000000000000007,0.32666829427083327
,59.999355803906383,341.04144194945508,0.070000000000000007,0.32768554687499996
,60.099354734375083,341.13575631092169,0.070000000000000007,0.32666829427083327
,60.199353664843784,341.02048316419575,0.070000000000000007,0.32666829427083327
,60.299352595312484,342.37229418473373,0.070000000000000007,0.32870279947916659
,60.399351526562441,342.99054133139674,0.070000000000000007,0.32870279947916659
,60.499350457031142,342.72857411725437,0.070000000000000007,0.32972005208333327
,60.599349388281098,342.35133638419518,0.070000000000000007,0.32972005208333327
,60.699348320312765,341.78546945633605,0.070000000000000007,0.32972005208333327
,60.799347252343978,340.02492591450226,0.070000000000000007,0.32768554687499996
,60.89934618437519,340.61178415860621,0.070000000000000007,0.32768554687499996
,60.999345116406403,341.23007038703042,0.070000000000000007,0.32768554687499996
,61.099344048437615,341.36630131673587,0.070000000000000007,0.32768554687499996
,61.199342980468828,342.27798394752296,0.070000000000000007,0.32768554687499996
,61.29934191250004,343.30489810805022,0.070000000000000007,0.32870279947916659
,61.399340843749997,344.16411698476639,0.070000000000000007,0.32972005208333327
,61.499339776562465,343.54590199898689,0.070000000000000007,0.32972005208333327
,61.599338707031166,342.78096778975919,0.070000000000000007,0.33073730468749996
,61.699337637499866,342.16271541349391,0.070000000000000007,0.32972005208333327
,61.799336567969021,339.65813494668907,0.070000000000000007,0.32768554687499996
,61.899335498437722,340.78993562717579,0.070000000000000007,0.32768554687499996
,61.999334428906423,341.17767371359741,0.070000000000000007,0.32666829427083327
,62.099333359375123,341.67019882735332,0.070000000000000007,0.32666829427083327
,62.199332289843824,342.2046313029075,0.070000000000000007,0.32666829427083327
,62.299331220312524,343.30489810805022,0.070000000000000007,0.32768554687499996
,62.399330150781225,344.66705766805933,0.070000000000000007,0.32870279947916659
,62.499329081249925,344.37367716480861,0.070000000000000007,0.32870279947916659
,62.599328011718626,344.08029230168194,0.070000000000000007,0.32972005208333327
,62.699326942187781,342.53995596494872,0.070000000000000007,0.32870279947916659
,62.799325871875226,341.06240072086104,0.070000000000000007,0.32768554687499996
,62.899324802343926,341.58636534874381,0.070000000000000007,0.32666829427083327
,62.999323732031371,342.52947713647075,0.070000000000000007,0.32666829427083327
,63.099322662500072,342.50851946631474,0.070000000000000007,0.32666829427083327
,63.199321592968772,342.99054133139674,0.070000000000000007,0.32666829427083327
,63.299320522656217,344.20602919620671,0.070000000000000007,0.32768554687499996
,63.399319453124917,345.07568726045287,0.070000000000000007,0.32870279947916659
,63.499318380468594,344.96043366731203,0.070000000000000007,0.32870279947916659
,63.599317305468958,343.97551096428219,0.070000000000000007,0.32870279947916659
,63.699316231250123,342.91719080262948,0.070000000000000007,0.32768554687499996
,63.799315157031288,341.93217684012637,0.070000000000000007,0.32666829427083327
,63.899314082812452,342.02648831418492,0.070000000000000007,0.32666829427083327
,63.999313008593617,343.24202709911685,0.070000000000000007,0.32666829427083327
,64.099311933593981,343.29441961874824,0.070000000000000007,0.32565104166666659
,64.199310859375146,343.08484881592557,0.070000000000000007,0.32565104166666659
,64.299309785156311,343.75546843474774,0.070000000000000007,0.32666829427083327
,64.399308710937476,344.97091129646248,0.070000000000000007,0.32768554687499996
,64.499307638281152,344.64610206548809,0.070000000000000007,0.32768554687499996
,64.599306565625284,344.32128732628564,0.070000000000000007,0.32768554687499996
,64.699305492968961,343.40968273102555,0.070000000000000007,0.32666829427083327
,64.799304420312637,342.25702607018104,0.070000000000000007,0.32565104166666659
,64.899303346875058,343.17915591556152,0.070000000000000007,0.32565104166666659
,64.999302274218735,343.75546843474774,0.070000000000000007,0.32565104166666659
,65.099301201562412,344.00694542157049,0.070000000000000007,0.32565104166666659
,65.199300128906089,344.22698526921738,0.070000000000000007,0.32565104166666659
,65.29929905625022,345.34810194214708,0.070000000000000007,0.32666829427083327
,65.399297982812641,346.45867125116081,0.070000000000000007,0.32768554687499996
,65.499296910156318,345.79862470595833,0.070000000000000007,0.32768554687499996
,65.599295837499994,345.10711993293467,0.070000000000000007,0.32768554687499996
,65.699294764062415,344.79279079907684,0.070000000000000007,0.32768554687499996
,65.799293691406092,342.48756177860275,0.070000000000000007,0.32565104166666659
,65.899292618750223,343.54590199898689,0.070000000000000007,0.32565104166666659
,65.9992915460939,344.25841933769863,0.070000000000000007,0.32565104166666659
,66.099290472656321,343.86025087993488,0.070000000000000007,0.32463378906249996
,66.199289399999998,344.54132370977527,0.070000000000000007,0.32463378906249996
,66.299288327343675,344.86613473895858,0.070000000000000007,0.32565104166666659
,66.399287252344038,346.60534461897595,0.070000000000000007,0.32666829427083327
,66.499286177343947,346.14436666998768,0.070000000000000007,0.32768554687499996
,66.5992851015626,345.68337581151775,0.070000000000000007,0.32666829427083327
,66.699284026562509,344.61466861865932,0.070000000000000007,0.32666829427083327
,66.799282951562418,342.78096778975919,0.070000000000000007,0.32463378906249996
,66.899281876562782,343.57733709419858,0.070000000000000007,0.32463378906249996
,66.999280800781435,344.67753546073084,0.070000000000000007,0.32565104166666659
,67.099279725781344,344.56227942645705,0.070000000000000007,0.32463378906249996
,67.199278650781253,345.33762453079072,0.070000000000000007,0.32463378906249996
,67.299277575781161,346.53200810435624,0.070000000000000007,0.32565104166666659
,67.399276502344037,347.23392910391868,0.070000000000000007,0.32666829427083327
,67.499275429687714,346.8567814965262,0.070000000000000007,0.32768554687499996
,67.599274356250135,345.6624213838723,0.070000000000000007,0.32666829427083327
,67.699273283593811,344.2898533567805,0.070000000000000007,0.32565104166666659
,67.799272210156232,342.99054133139674,0.070000000000000007,0.32463378906249996
,67.899271137499909,343.53542362382433,0.070000000000000007,0.32463378906249996
,67.999270064062785,344.22698526921738,0.070000000000000007,0.32361653645833327
,68.099268991406461,344.20602919620671,0.070000000000000007,0.32361653645833327
,68.199267917968882,344.50989009227294,0.070000000000000007,0.32361653645833327
,68.299266845312559,345.98721211787864,0.070000000000000007,0.32463378906249996
,68.399265772656236,347.06630910243075,0.070000000000000007,0.32565104166666659
,68.499264699218656,347.20250049608887,0.070000000000000007,0.32565104166666659
,68.599263625781532,346.12341281591119,0.070000000000000007,0.32565104166666659
,68.699262553125209,345.56812614503616,0.070000000000000007,0.32463378906249996
,68.79926147968763,343.70307701774703,0.070000000000000007,0.32361653645833327
,68.899260407031306,344.75087984802281,0.070000000000000007,0.32361653645833327
,68.999259333593727,345.79862470595833,0.070000000000000007,0.32361653645833327
,69.099258260156148,346.07102806437024,0.070000000000000007,0.32361653645833327
,69.19925718750028,346.58439136376364,0.070000000000000007,0.32361653645833327
,69.299256113281444,347.25488147241782,0.070000000000000007,0.32463378906249996
,69.399255039843865,347.83105989025893,0.070000000000000007,0.32565104166666659
,69.49925396562503,347.78915677941461,0.070000000000000007,0.32565104166666659
,69.599252891406195,346.93011648485026,0.070000000000000007,0.32565104166666659
,69.69925181718736,346.16532049739152,0.070000000000000007,0.32463378906249996
,69.799250742968979,343.80785972241779,0.070000000000000007,0.32361653645833327
,69.899249668750144,344.59371295886876,0.070000000000000007,0.32259928385416659
,69.999248594531309,345.67289860088204,0.070000000000000007,0.32259928385416659
,70.099247520312474,345.48430772583146,0.070000000000000007,0.32259928385416659
,70.199246446093639,346.21770494886539,0.070000000000000007,0.32259928385416659
,70.299245365625211,346.60534461897595,0.070000000000000007,0.32259928385416659
,70.399244285937584,347.88343860513515,0.070000000000000007,0.32361653645833327
,70.499243206249957,348.00914672885631,0.070000000000000007,0.32463378906249996
,70.599242126562785,346.94059288317595,0.070000000000000007,0.32361653645833327
,70.699241046875159,346.20722807197228,0.070000000000000007,0.32361653645833327
,70.799239967187532,345.10711993293467,0.070000000000000007,0.32259928385416659
,70.899238886718649,345.36905674634016,0.070000000000000007,0.32158203124999996
,70.999237807031477,346.42724106812886,0.070000000000000007,0.32158203124999996
,71.09923672734385,346.67868079278236,0.070000000000000007,0.32158203124999996
,71.19923564843748,346.39581082349679,0.070000000000000007,0.32158203124999996
,71.299234573437388,347.83105989025893,0.070000000000000007,0.32259928385416659
,71.399233497656496,348.40721496464084,0.070000000000000007,0.32361653645833327
,71.499232422656405,348.10342708258264,0.070000000000000007,0.32361653645833327
,71.599231346875058,347.49583158125529,0.070000000000000007,0.32361653645833327
,71.699230271874967,346.79392265765864,0.070000000000000007,0.32259928385416659
,71.79922919609362,345.04425453396476,0.070000000000000007,0.32158203124999996
,71.899228120312728,345.90339575089797,0.070000000000000007,0.32158203124999996
,71.999227045312637,347.26535764563164,0.070000000000000007,0.32158203124999996
,72.09922596953129,346.83582857861489,0.070000000000000007,0.32056477864583327
,72.19922489609371,347.07678540711657,0.070000000000000007,0.32056477864583327
,72.299223822656131,348.28151044861778,0.070000000000000007,0.32158203124999996
,72.399222749219007,349.33948642415817,0.070000000000000007,0.32361653645833327
,72.499221675781428,348.78432149222846,0.070000000000000007,0.32259928385416659
,72.599220602343848,348.0824759478989,0.070000000000000007,0.32259928385416659
,72.699219528906269,346.91964007936713,0.070000000000000007,0.32259928385416659
,72.79921845546869,345.51573968013446,0.070000000000000007,0.32056477864583327
,72.899217381249855,346.22818181904466,0.070000000000000007,0.32056477864583327
,72.999216307812731,346.78344615972139,0.070000000000000007,0.32056477864583327
,73.099215235156407,347.29678612105204,0.070000000000000007,0.31954752604166659
,73.199214164843852,347.47487955442796,0.070000000000000007,0.32056477864583327
,73.299213094531297,348.86812149142855,0.070000000000000007,0.32158203124999996
,73.399212024218741,350.11458151102329,0.070000000000000007,0.32259928385416659
,73.499210954687442,349.3813846902932,0.070000000000000007,0.32361653645833327
,73.599209884374886,348.87859645378262,0.070000000000000007,0.32361653645833327
,73.699208814062786,347.83105989025893,0.070000000000000007,0.32259928385416659
,73.79920774375023,346.13388974628026,0.070000000000000007,0.32158203124999996
,73.899206673437675,346.52153143171955,0.070000000000000007,0.32056477864583327
,73.99920560312512,347.50630758340878,0.070000000000000007,0.32056477864583327
,74.09920452968754,347.52725956516292,0.070000000000000007,0.32056477864583327
,74.199203453124937,348.19770679756857,0.070000000000000007,0.32056477864583327
,74.299202375781533,349.36043557455048,0.070000000000000007,0.32259928385416659
,74.39920129921893,350.49163688756903,0.070000000000000007,0.32361653645833327
,74.499200221875071,349.98889374223728,0.070000000000000007,0.32361653645833327
,74.599199145312468,349.20331610559282,0.070000000000000007,0.32361653645833327
,74.699198067968609,348.44911621217551,0.070000000000000007,0.32361653645833327
,74.799196991406461,346.38533406162765,0.070000000000000007,0.32158203124999996
,74.899195914062602,346.90916366673298,0.070000000000000007,0.32158203124999996
,74.999194837499999,347.78915677941461,0.070000000000000007,0.32158203124999996
,75.09919376015614,347.84153564869393,0.070000000000000007,0.32158203124999996
,75.199192683593992,349.01477020080711,0.070000000000000007,0.32158203124999996
,75.299191607031389,349.33948642415817,0.070000000000000007,0.32259928385416659
,75.39919052968753,350.81631375459386,0.070000000000000007,0.32463378906249996
,75.499189453124927,350.72205366636865,0.070000000000000007,0.32463378906249996
,75.599188375781523,349.33948642415817,0.070000000000000007,0.32463378906249996
,75.69918729921892,348.73194622254482,0.070000000000000007,0.32361653645833327
,75.799186221875061,346.94059288317595,0.070000000000000007,0.32259928385416659
,75.899185145312458,348.03009797353081,0.070000000000000007,0.32259928385416659
,75.999184068749855,348.29198586908524,0.070000000000000007,0.32158203124999996
,76.099182996875243,348.28151044861778,0.070000000000000007,0.32158203124999996
,76.199181924218919,348.75289635528708,0.070000000000000007,0.32158203124999996
,76.299180851562596,349.43375732771921,0.070000000000000007,0.32158203124999996
,76.399179779687529,350.95246584746599,0.070000000000000007,0.32361653645833327
,76.499178707031206,350.80584044960079,0.070000000000000007,0.32361653645833327
,76.599177634374882,350.35547938492937,0.070000000000000007,0.32361653645833327
,76.69917656250027,349.36043557455048,0.070000000000000007,0.32361653645833327
,76.799175489843947,347.27583381147963,0.070000000000000007,0.32158203124999996
,76.899174417968879,348.34436285125651,0.070000000000000007,0.32158203124999996
,76.9991733445313,349.0566695286638,0.070000000000000007,0.32158203124999996
,77.099172270312465,348.93097113994719,0.070000000000000007,0.32056477864583327
,77.199171196874886,349.11951826606838,0.070000000000000007,0.32056477864583327
,77.299170122656506,350.37642679540113,0.070000000000000007,0.32158203124999996
,77.39916904843767,351.25618385502531,0.070000000000000007,0.32259928385416659
,77.499167974218835,351.39233063340453,0.070000000000000007,0.32259928385416659
,77.5991669,350.54400473747239,0.070000000000000007,0.32259928385416659
,77.699165825781165,349.87367880917651,0.070000000000000007,0.32259928385416659
,77.799164752344041,348.5119678403583,0.070000000000000007,0.32158203124999996
,77.899163678125205,348.76337140923027,0.070000000000000007,0.32158203124999996
,77.999162606250138,349.66419433538118,0.070000000000000007,0.32158203124999996
,78.099161535937583,349.87367880917651,0.070000000000000007,0.32056477864583327
,78.199160464843771,350.08315969160071,0.070000000000000007,0.32056477864583327
,78.299159394531216,351.08861631108357,0.070000000000000007,0.32158203124999996
,78.399158323437405,352.66993226591813,0.070000000000000007,0.32361653645833327
,78.499157252343593,352.63851769279268,0.070000000000000007,0.32463378906249996
,78.599156182031493,351.70650909146917,0.070000000000000007,0.32361653645833327
,78.699155110937681,350.92104627782157,0.070000000000000007,0.32361653645833327
,78.799154040625126,349.17189197983481,0.070000000000000007,0.32259928385416659
,78.899152969531315,350.19837262744306,0.070000000000000007,0.32259928385416659
,78.999151896093736,350.4706896820561,0.070000000000000007,0.32259928385416659
,79.099150822656156,350.54400473747239,0.070000000000000007,0.32259928385416659
,79.199149749219032,351.24571095695489,0.070000000000000007,0.32259928385416659
,79.299148675781453,351.77981609654796,0.070000000000000007,0.32361653645833327
,79.399147602343874,353.55997121394597,0.070000000000000007,0.32565104166666659
,79.499146528906294,352.16728766947051,0.070000000000000007,0.32565104166666659
,79.599145455468715,351.8007608639212,0.070000000000000007,0.32565104166666659
,79.699144382031136,350.66968661790958,0.070000000000000007,0.32463378906249996
,79.799143308594012,349.52802752596619,0.070000000000000007,0.32361653645833327
,79.899142234375176,350.12505543258624,0.070000000000000007,0.32361653645833327
,79.999141157031318,350.4706896820561,0.070000000000000007,0.32361653645833327
,80.099140080468715,350.7430004193015,0.070000000000000007,0.32259928385416659
,80.199139003124856,351.67509165192712,0.070000000000000007,0.32361653645833327
,80.299137925781451,351.93690085905428,0.070000000000000007,0.32463378906249996
,80.399136849218849,353.43432348459191,0.070000000000000007,0.32463378906249996
,80.49913577187499,353.06784180821421,0.070000000000000007,0.32565104166666659
,80.599134694531131,352.64898922784545,0.070000000000000007,0.32565104166666659
,80.699133617968982,351.9264286130101,0.070000000000000007,0.32463378906249996
,80.799132540625124,350.07268573357015,0.070000000000000007,0.32361653645833327
,80.899131465625032,350.99435847199408,0.070000000000000007,0.32361653645833327
,80.999130392187453,351.60178394041077,0.070000000000000007,0.32361653645833327
,81.099129317968618,351.94737309485635,0.070000000000000007,0.32361653645833327
,81.199128244531494,352.09398331709008,0.070000000000000007,0.32361653645833327
,81.299127170312659,353.30867414936768,0.070000000000000007,0.32565104166666659
,81.399126096875079,354.64884930469731,0.070000000000000007,0.32666829427083327
,81.499125022656244,354.66978803091666,0.070000000000000007,0.32768554687499996
,81.599123948437409,353.60185343164449,0.070000000000000007,0.32768554687499996
,81.699122875000285,352.5233301044459,0.070000000000000007,0.32768554687499996
,81.79912180078145,350.84773361220437,0.070000000000000007,0.32666829427083327
,81.899120729687638,351.36091229421908,0.070000000000000007,0.32565104166666659
,81.999119658593827,352.1987036648809,0.070000000000000007,0.32565104166666659
,82.09911858671876,351.45516704404167,0.070000000000000007,0.32463378906249996
,82.199117515624948,352.21964760982371,0.070000000000000007,0.32565104166666659
,82.299116444531137,353.39244055073959,0.070000000000000007,0.32666829427083327
,82.399115372656524,354.38711123210874,0.070000000000000007,0.32666829427083327
,82.499114301562713,353.52855943275671,0.070000000000000007,0.32768554687499996
,82.599113230468902,353.36102823349967,0.070000000000000007,0.32768554687499996
,82.699112158593834,352.21964760982371,0.070000000000000007,0.32666829427083327
,82.799111087500023,350.9105730686889,0.070000000000000007,0.32565104166666659
,82.899110015624956,351.9264286130101,0.070000000000000007,0.32565104166666659
,82.999108942968633,352.13587158061767,0.070000000000000007,0.32565104166666659
,83.09910787109402,352.42908475967431,0.070000000000000007,0.32463378906249996
,83.199106799218953,353.18302321923017,0.070000000000000007,0.32463378906249996
,83.29910572656263,354.85823441929745,0.070000000000000007,0.32666829427083327
,83.399104654687562,355.90508692227866,0.070000000000000007,0.32768554687499996
,83.499103582812495,355.38167607688302,0.070000000000000007,0.32870279947916659
,83.599102510937428,354.26147434773873,0.070000000000000007,0.32870279947916659
,83.699101438281104,353.44479419019115,0.070000000000000007,0.32870279947916659
,83.799100367187748,351.5703661990687,0.070000000000000007,0.32666829427083327
,83.899099296093937,352.1777596783316,0.070000000000000007,0.32666829427083327
,83.999098225000125,352.69087526123775,0.070000000000000007,0.32666829427083327
,84.099097153906314,352.81653233249068,0.070000000000000007,0.32666829427083327
,84.199096082812503,353.55997121394597,0.070000000000000007,0.32666829427083327
,84.299095011718691,354.28241394527743,0.070000000000000007,0.32768554687499996
,84.39909394062488,355.22464677919646,0.070000000000000007,0.32870279947916659
,84.499092869531523,355.17230306738128,0.070000000000000007,0.32870279947916659
,84.599091798437712,354.54415496151512,0.070000000000000007,0.32972005208333327
,84.699090727343901,352.83747502711384,0.070000000000000007,0.32768554687499996
,84.799089656250089,350.83726033590204,0.070000000000000007,0.32565104166666659
,84.899088584375022,352.38719766541192,0.070000000000000007,0.32565104166666659
,84.999087512499955,353.07831290035534,0.070000000000000007,0.32565104166666659
,85.099086441406143,353.340086633125,0.070000000000000007,0.32565104166666659
,85.199085369531531,353.71702860070269,0.070000000000000007,0.32565104166666659
,85.29908429843772,354.95245615646957,0.070000000000000007,0.32666829427083327
,85.399083226562652,355.988829745815,0.070000000000000007,0.32768554687499996
,85.499082155468841,355.46542390310088,0.070000000000000007,0.32768554687499996
,85.599081083593774,354.34523245775063,0.070000000000000007,0.32768554687499996
,85.699080011718706,353.93690465732232,0.070000000000000007,0.32768554687499996
,85.799078939062383,352.40814123360133,0.070000000000000007,0.32565104166666659
,85.899077867187771,353.15161023877528,0.070000000000000007,0.32565104166666659
,85.999076794531447,353.88455367130774,0.070000000000000007,0.32565104166666659
,86.09907572265638,353.5704417852283,0.070000000000000007,0.32463378906249996
,86.199074650000057,354.03113570990502,0.070000000000000007,0.32463378906249996
,86.299073577343734,354.91057994923909,0.070000000000000007,0.32565104166666659
,86.399072505468666,356.34472764778144,0.070000000000000007,0.32666829427083327
,86.499071432812343,355.89461901239906,0.070000000000000007,0.32768554687499996
,86.599070360937731,355.46542390310088,0.070000000000000007,0.32768554687499996
,86.699069287500151,355.16183428839491,0.070000000000000007,0.32768554687499996
,86.799068213281316,353.29820329928856,0.070000000000000007,0.32565104166666659
,86.899067139062481,353.43432348459191,0.070000000000000007,0.32565104166666659
,86.999066065624902,354.71166534053503,0.070000000000000007,0.32565104166666659
,87.099064991406522,353.87408343980712,0.070000000000000007,0.32463378906249996
,87.199063917968942,354.53368546207253,0.070000000000000007,0.32565104166666659
,87.299062843750107,355.37120754307762,0.070000000000000007,0.32565104166666659
,87.399061770312528,357.21347409908242,0.070000000000000007,0.32768554687499996
,87.499060696093693,356.95181304643074,0.070000000000000007,0.32768554687499996
,87.599059621874858,356.3970643226171,0.070000000000000007,0.32768554687499996
,87.699058553125269,355.26652152853194,0.070000000000000007,0.32768554687499996
,87.79905748359397,353.29820329928856,0.070000000000000007,0.32666829427083327
,87.89905641406267,353.95784497158212,0.070000000000000007,0.32565104166666659
,87.999055345312627,354.30335349615933,0.070000000000000007,0.32565104166666659
,88.099054275781327,354.53368546207253,0.070000000000000007,0.32565104166666659
,88.199053206250028,354.82682695715243,0.070000000000000007,0.32565104166666659
,88.299052137499984,356.09350713292019,0.070000000000000007,0.32666829427083327
,88.399051067968685,357.44372889194779,0.070000000000000007,0.32768554687499996
,88.499049998437386,357.15067620756781,0.070000000000000007,0.32768554687499996
,88.599048929687342,356.67967676044174,0.070000000000000007,0.32870279947916659
,88.699047860937753,354.93151807696398,0.070000000000000007,0.32768554687499996
,88.799046791406454,353.23537796657735,0.070000000000000007,0.32565104166666659
,88.89904572265641,353.76938049786486,0.070000000000000007,0.32565104166666659
,88.999044653906367,354.97339418770542,0.070000000000000007,0.32565104166666659
,89.099043584375067,354.84776527725148,0.070000000000000007,0.32565104166666659
,89.199042515625024,355.31886468939604,0.070000000000000007,0.32565104166666659
,89.29904144687498,356.8680797543667,0.070000000000000007,0.32666829427083327
,89.399040378124937,358.04026744926506,0.070000000000000007,0.32768554687499996
,89.499039308593638,356.78434561672748,0.070000000000000007,0.32768554687499996
,89.599038236719025,356.0097653249419,0.070000000000000007,0.32768554687499996
,89.699037164062702,355.27699018524169,0.070000000000000007,0.32768554687499996
,89.799036090625123,353.93690465732232,0.070000000000000007,0.32565104166666659
,89.899035017187543,354.3766415560944,0.070000000000000007,0.32463378906249996
,89.999033943749964,355.4235500887923,0.070000000000000007,0.32463378906249996
,90.099032871093641,355.87368315475032,0.070000000000000007,0.32463378906249996
,90.199031797656517,355.75853503673585,0.070000000000000007,0.32463378906249996
,90.299030724218937,356.93087980286157,0.070000000000000007,0.32666829427083327
,90.399029651562614,357.71583972997126,0.070000000000000007,0.32666829427083327
,90.499028578125035,357.07741139210805,0.070000000000000007,0.32666829427083327
,90.599027504687456,356.78434561672748,0.070000000000000007,0.32666829427083327
,90.699026432031133,355.988829745815,0.070000000000000007,0.32666829427083327
,90.799025358594008,354.34523245775063,0.070000000000000007,0.32463378906249996
,90.899024285937685,354.9210490191258,0.070000000000000007,0.32463378906249996
,90.999023212500106,356.08303945148486,0.070000000000000007,0.32463378906249996
,91.099022139062527,356.25052082086387,0.070000000000000007,0.32463378906249996
,91.199021066406203,356.53313816222425,0.070000000000000007,0.32463378906249996
,91.299019992968624,357.59025125786997,0.070000000000000007,0.32565104166666659
,91.399018920312756,358.5739742103446,0.070000000000000007,0.32666829427083327
,91.499017846875176,358.33328745611249,0.070000000000000007,0.32666829427083327
,91.599016772656341,357.24487286379144,0.070000000000000007,0.32666829427083327
,91.699015698437506,356.89947983815262,0.070000000000000007,0.32666829427083327
,91.799014624218671,354.72213463814865,0.070000000000000007,0.32463378906249996
,91.899013550000291,355.88415108988755,0.070000000000000007,0.32463378906249996
,91.999012475781456,356.85761303333891,0.070000000000000007,0.32565104166666659
,92.09901140156262,356.73201135272478,0.070000000000000007,0.32463378906249996
,92.199010327343785,356.43893342975076,0.070000000000000007,0.32463378906249996
,92.29900925312495,357.26580530642877,0.070000000000000007,0.32565104166666659
,92.399008178906115,358.88790213801298,0.070000000000000007,0.32666829427083327
,92.499007107031503,358.51118708364231,0.070000000000000007,0.32666829427083327
,92.599006035156435,357.72630534698158,0.070000000000000007,0.32666829427083327
,92.699004963281368,356.44940067415797,0.070000000000000007,0.32565104166666659
,92.799003892187557,355.61198069128108,0.070000000000000007,0.32463378906249996
,92.899002820312489,356.20865078578612,0.070000000000000007,0.32463378906249996
,92.999001749218678,357.066944936504,0.070000000000000007,0.32463378906249996
,93.099000677343611,357.066944936504,0.070000000000000007,0.32361653645833327
,93.198999605468998,357.53792214749586,0.070000000000000007,0.32463378906249996
,93.298998534375187,359.06578888606708,0.070000000000000007,0.32565104166666659
,93.39899746250012,360.23764241877296,0.070000000000000007,0.32666829427083327
,93.49899638906254,359.76683083413769,0.070000000000000007,0.32768554687499996
,93.598995316406217,358.87743808171399,0.070000000000000007,0.32768554687499996
,93.698994242968638,357.8623571172609,0.070000000000000007,0.32768554687499996
,93.798993169531514,356.07257175730501,0.070000000000000007,0.32565104166666659
,93.898992096093934,356.22958582898889,0.070000000000000007,0.32565104166666659
,93.998991022656355,357.39139883086449,0.070000000000000007,0.32565104166666659
,94.098989949218776,357.29720386950754,0.070000000000000007,0.32463378906249996
,94.198988875781197,357.83096076141379,0.070000000000000007,0.32565104166666659
,94.298987802343618,358.79372511346651,0.070000000000000007,0.32666829427083327
,94.398986729687749,360.15394481433094,0.070000000000000007,0.32768554687499996
,94.498985658593938,359.72497944517932,0.070000000000000007,0.32768554687499996
,94.598984586718871,358.79372511346651,0.070000000000000007,0.32768554687499996
,94.698983514843803,357.57978546305122,0.070000000000000007,0.32666829427083327
,94.798982443749992,356.40753161881378,0.070000000000000007,0.32565104166666659
,94.898981371874925,357.01461245865443,0.070000000000000007,0.32565104166666659
,94.998980299999857,357.8623571172609,0.070000000000000007,0.32565104166666659
,95.098979228906501,357.70537409924623,0.070000000000000007,0.32463378906249996
,95.198978157031434,358.37514655918199,0.070000000000000007,0.32565104166666659
,95.298977085156366,359.22274430005939,0.070000000000000007,0.32666829427083327
,95.398976012500043,360.6142695598918,0.070000000000000007,0.32768554687499996
,95.498974938281208,359.95515912466823,0.070000000000000007,0.32768554687499996
,95.598973864062373,359.35876966875162,0.070000000000000007,0.32768554687499996
,95.698972789062736,358.54258071090419,0.070000000000000007,0.32666829427083327
,95.798971714843901,356.94134643127398,0.070000000000000007,0.32565104166666659
,95.898970640625066,357.81002978859158,0.070000000000000007,0.32565104166666659
,95.998969566406231,358.64722521102152,0.070000000000000007,0.32565104166666659
,96.098968492187396,358.80418928478713,0.070000000000000007,0.32565104166666659
,96.198967417969016,358.72047551276546,0.070000000000000007,0.32565104166666659
,96.29896634375018,359.82960746985611,0.070000000000000007,0.32666829427083327
,96.398965271875113,360.49919115077574,0.070000000000000007,0.32768554687499996
,96.498964200000046,360.37364895058295,0.070000000000000007,0.32768554687499996
,96.598963128124979,359.93423399887922,0.070000000000000007,0.32768554687499996
,96.698962056249911,358.5739742103446,0.070000000000000007,0.32666829427083327
,96.798960984374844,356.84714629910519,0.070000000000000007,0.32565104166666659
,96.898959912500231,357.92514945615233,0.070000000000000007,0.32565104166666659
,96.998958840625164,358.87743808171399,0.070000000000000007,0.32565104166666659
,97.098957768750097,358.73093978440727,0.070000000000000007,0.32565104166666659
,97.19895669687503,359.00300580519826,0.070000000000000007,0.32565104166666659
,97.298955624218706,360.38411088474777,0.070000000000000007,0.32666829427083327
,97.398954551562383,361.69173035400564,0.070000000000000007,0.32768554687499996
,97.498953478906515,361.33608217119951,0.070000000000000007,0.32870279947916659
,97.598952405468935,360.15394481433094,0.070000000000000007,0.32768554687499996
,97.698951332812612,359.55757150998244,0.070000000000000007,0.32768554687499996
,97.798950259375033,357.64258002723363,0.070000000000000007,0.32565104166666659
,97.89894918671871,358.65768958268313,0.070000000000000007,0.32565104166666659
,97.998948114062387,359.01346968822776,0.070000000000000007,0.32565104166666659
,98.098947040625262,358.9925419076958,0.070000000000000007,0.32463378906249996
,98.198945967968939,359.84007019016354,0.070000000000000007,0.32565104166666659
,98.29894489453136,360.57242308102752,0.070000000000000007,0.32565104166666659
,98.398943820312525,361.46160716117919,0.070000000000000007,0.32768554687499996
,98.498942745312434,361.34654267424639,0.070000000000000007,0.32768554687499996
,98.598941671093598,360.66657731162945,0.070000000000000007,0.32768554687499996
,98.698940596875218,360.0074716760131,0.070000000000000007,0.32666829427083327
,98.798939522656383,358.09259325400973,0.070000000000000007,0.32565104166666659
,98.898938448437548,358.75186828474517,0.070000000000000007,0.32565104166666659
,98.998937373437457,360.12255796259541,0.070000000000000007,0.32565104166666659
,99.098936299218622,359.77729364409282,0.070000000000000007,0.32463378906249996
,99.198935225000241,360.23764241877296,0.070000000000000007,0.32463378906249996
,99.298934152343918,361.07456446562105,0.070000000000000007,0.32666829427083327
,99.398933079687595,361.79632924334254,0.070000000000000007,0.32666829427083327
,99.498932007031271,361.47206747378124,0.070000000000000007,0.32666829427083327
,99.598930934374948,360.48872938501989,0.070000000000000007,0.32666829427083327
,99.698929861718625,360.02839659117188,0.070000000000000007,0.32666829427083327
,99.798928789062757,358.11352347838994,0.070000000000000007,0.32463378906249996
,99.898927716406433,359.09718023070309,0.070000000000000007,0.32463378906249996
,99.99892664375011,360.0074716760131,0.070000000000000007,0.32463378906249996
,100.09892557109379,359.8819209217059,0.070000000000000007,0.32463378906249996
,100.19892449843746,360.22718027133385,0.070000000000000007,0.32463378906249996
,100.29892342421863,361.40930535973541,0.070000000000000007,0.32463378906249996
,100.3989223507815,362.78993756128182,0.070000000000000007,0.32565104166666659
,100.49892127656267,362.61214486918243,0.070000000000000007,0.32666829427083327
,100.59892020312509,361.93230539215006,0.070000000000000007,0.32666829427083327
,100.69891912890625,361.22101559415773,0.070000000000000007,0.32565104166666659
,100.79891805546868,359.11810772116331,0.070000000000000007,0.32463378906249996
,100.89891698124984,360.19579373791163,0.070000000000000007,0.32463378906249996
,100.99891590781272,360.63519270686896,0.070000000000000007,0.32463378906249996
,101.09891483359388,360.80257565735695,0.070000000000000007,0.32361653645833327
,101.19891376171881,360.94903248017243,0.070000000000000007,0.32361653645833327
,101.29891269218751,361.98460318377971,0.070000000000000007,0.32565104166666659
,101.39891162265621,363.61608699302843,0.070000000000000007,0.32666829427083327
,101.49891055312492,362.55985198853853,0.070000000000000007,0.32666829427083327
,101.59890948437487,361.95322455736834,0.070000000000000007,0.32565104166666659
,101.69890841484403,361.10594710959265,0.070000000000000007,0.32565104166666659
,101.79890734531273,359.39015978658693,0.070000000000000007,0.32463378906249996
,101.89890627578143,360.55149974923762,0.070000000000000007,0.32463378906249996
,101.99890520703138,361.46160716117919,0.070000000000000007,0.32463378906249996
,102.09890413750009,361.13732961228123,0.070000000000000007,0.32361653645833327
,102.19890306796879,361.25239757741082,0.070000000000000007,0.32361653645833327
,102.29890199843749,362.12057554417504,0.070000000000000007,0.32463378906249996
,102.39890092812493,363.77293881697051,0.070000000000000007,0.32565104166666659
,102.49889985859363,363.06184646969433,0.070000000000000007,0.32565104166666659
,102.59889878906279,362.38205310681207,0.070000000000000007,0.32565104166666659
,102.69889771953149,361.91138616223276,0.070000000000000007,0.32565104166666659
,102.79889665000019,359.79821921921888,0.070000000000000007,0.32361653645833327
,102.89889558046889,360.42595846855124,0.070000000000000007,0.32361653645833327
,102.99889451093759,361.38838452800167,0.070000000000000007,0.32361653645833327
,103.09889344062503,360.85488201562418,0.070000000000000007,0.32361653645833327
,103.19889236484369,361.86954750849338,0.070000000000000007,0.32361653645833327
,103.29889128906234,362.61214486918243,0.070000000000000007,0.32463378906249996
,103.39889021328145,364.25392682284979,0.070000000000000007,0.32565104166666659
,103.4988891375001,363.76248214906934,0.070000000000000007,0.32565104166666659
,103.59888806171875,362.82131224308381,0.070000000000000007,0.32565104166666659
,103.69888698593741,362.12057554417504,0.070000000000000007,0.32463378906249996
,103.79888591015651,360.27949085652529,0.070000000000000007,0.32361653645833327
,103.89888483515642,361.11640795952837,0.070000000000000007,0.32361653645833327
,103.99888375937508,361.60805008763407,0.070000000000000007,0.32361653645833327
,104.09888268437498,361.71265026035616,0.070000000000000007,0.32259928385416659
,104.19888161093741,361.97414365783942,0.070000000000000007,0.32259928385416659
,104.29888053750028,363.02001506746757,0.070000000000000007,0.32361653645833327
,104.3988794640627,364.28529432593353,0.070000000000000007,0.32463378906249996
,104.49887838984387,364.01343741227532,0.070000000000000007,0.32463378906249996
,104.59887731640629,363.33374400665662,0.070000000000000007,0.32463378906249996
,104.69887624296871,361.67081038350995,0.070000000000000007,0.32361653645833327
,104.79887516953113,360.84442077505201,0.070000000000000007,0.32259928385416659
,104.898874096094,361.46160716117919,0.070000000000000007,0.32259928385416659
,104.99887302265643,362.20424947595177,0.070000000000000007,0.32259928385416659
,105.09887194765633,362.00552218703979,0.070000000000000007,0.32158203124999996
,105.1988708734375,362.89451924972263,0.070000000000000007,0.32158203124999996
,105.29886979921866,363.82522189796515,0.070000000000000007,0.32259928385416659
,105.39886872500028,365.06943025406127,0.070000000000000007,0.32463378906249996
,105.49886765078145,364.3480288590037,0.070000000000000007,0.32463378906249996
,105.59886657656261,363.55334518268978,0.070000000000000007,0.32463378906249996
,105.69886550234378,362.46572376218694,0.070000000000000007,0.32361653645833327
,105.79886442734369,360.83395951893311,0.070000000000000007,0.32259928385416659
,105.89886335312485,361.5871298610399,0.070000000000000007,0.32158203124999996
,105.99886227812522,362.72718774784488,0.070000000000000007,0.32158203124999996
,106.09886119921885,362.43434738986366,0.070000000000000007,0.32158203124999996
,106.19886012109373,363.11413534394489,0.070000000000000007,0.32158203124999996
,106.29885904218736,363.63700079277419,0.070000000000000007,0.32259928385416659
,106.39885796328144,364.75578786544236,0.070000000000000007,0.32361653645833327
,106.49885688437507,364.13891129870558,0.070000000000000007,0.32361653645833327
,106.5988558054687,363.96115588777121,0.070000000000000007,0.32361653645833327
,106.69885472656279,363.12459306826429,0.070000000000000007,0.32259928385416659
,106.79885364765641,361.08502536263296,0.070000000000000007,0.32158203124999996
,106.89885256875004,361.12686879375991,0.070000000000000007,0.32056477864583327
,106.99885149140619,362.53893472049515,0.070000000000000007,0.32056477864583327
,107.09885041562484,362.63306190552839,0.070000000000000007,0.31954752604166659
,107.19884933906269,363.30237179763731,0.070000000000000007,0.32056477864583327
,107.29884826328134,364.12845523724616,0.070000000000000007,0.32158203124999996
,107.39884718671874,365.48759493725134,0.070000000000000007,0.32158203124999996
,107.49884611093739,364.54668403913479,0.070000000000000007,0.32158203124999996
,107.59884503437524,363.9088739299458,0.070000000000000007,0.32158203124999996
,107.6988439585939,363.12459306826429,0.070000000000000007,0.32158203124999996
,107.79884288281255,361.55574940134369,0.070000000000000007,0.31954752604166659
,107.89884180624995,362.16241264051939,0.070000000000000007,0.31954752604166659
,107.99884073437488,363.02001506746757,0.070000000000000007,0.31954752604166659
,108.09883966250027,363.28145690682078,0.070000000000000007,0.31954752604166659
,108.19883859140646,363.18733905996515,0.070000000000000007,0.31954752604166659
,108.29883752031265,364.33757314733668,0.070000000000000007,0.31954752604166659
,108.39883644921883,365.86391827592502,0.070000000000000007,0.32158203124999996
,108.49883537812502,364.84988226960763,0.070000000000000007,0.32158203124999996
,108.59883430703121,364.29575012527022,0.070000000000000007,0.32056477864583327
,108.6988332359374,363.11413534394489,0.070000000000000007,0.32056477864583327
,108.79883216484359,361.41976575179518,0.070000000000000007,0.31853027343749996
,108.89883109375023,361.8486280847676,0.070000000000000007,0.31853027343749996
,108.99883001875014,362.71672938736344,0.070000000000000007,0.31751302083333327
,109.09882894453131,362.88406115604789,0.070000000000000007,0.31751302083333327
,109.19882786953121,363.9088739299458,0.070000000000000007,0.31751302083333327
,109.29882679531238,364.609415931049,0.070000000000000007,0.31853027343749996
,109.398825721094,366.34474113183205,0.070000000000000007,0.32056477864583327
,109.49882464609391,365.34124058993876,0.070000000000000007,0.31954752604166659
,109.59882357187507,364.72442274377448,0.070000000000000007,0.32056477864583327
,109.69882249687498,363.82522189796515,0.070000000000000007,0.31954752604166659
,109.79882142265615,362.12057554417504,0.070000000000000007,0.31853027343749996
,109.89882034765651,362.85268677472624,0.070000000000000007,0.31853027343749996
,109.99881927265642,363.62654390147281,0.070000000000000007,0.31751302083333327
,110.09881819687507,363.38603068207721,0.070000000000000007,0.31751302083333327
,110.19881712187498,364.32711741812392,0.070000000000000007,0.31751302083333327
,110.29881604687489,365.05897576728273,0.070000000000000007,0.31853027343749996
,110.398814971094,366.62694487985908,0.070000000000000007,0.31954752604166659
,110.49881389609391,365.67575957076667,0.070000000000000007,0.31954752604166659
,110.59881282109382,365.03806673987572,0.070000000000000007,0.31954752604166659
,110.69881174531247,364.02389366511244,0.070000000000000007,0.31954752604166659
,110.79881067031238,362.57031059776097,0.070000000000000007,0.31751302083333327
,110.89880959765651,362.42388856615531,0.070000000000000007,0.31751302083333327
,110.99880852578144,363.75202546394797,0.070000000000000007,0.31649576822916659
,111.09880745312512,363.86704805219171,0.070000000000000007,0.31649576822916659
,111.19880638125005,364.15982336931819,0.070000000000000007,0.31649576822916659
,111.29880530937498,365.37260253515848,0.070000000000000007,0.31751302083333327
,111.39880423671866,367.02409724816664,0.070000000000000007,0.31853027343749996
,111.49880316484359,366.42835848124349,0.070000000000000007,0.31954752604166659
,111.59880209296898,365.37260253515848,0.070000000000000007,0.31954752604166659
,111.69880102031266,364.91261107009763,0.070000000000000007,0.31853027343749996
,111.79879994843759,362.7585627294817,0.070000000000000007,0.31751302083333327
,111.89879887500001,363.41740248330075,0.070000000000000007,0.31649576822916659
,111.99879780234369,364.44212947347404,0.070000000000000007,0.31751302083333327
,112.09879672890611,363.75202546394797,0.070000000000000007,0.31649576822916659
,112.19879565546898,364.45258500935893,0.070000000000000007,0.31649576822916659
,112.29879458281266,365.28897031911174,0.070000000000000007,0.31751302083333327
,112.39879350937508,367.2644656040473,0.070000000000000007,0.31853027343749996
,112.4987924359375,366.36564558132147,0.070000000000000007,0.31853027343749996
,112.59879136328118,365.66530613522934,0.070000000000000007,0.31853027343749996
,112.6987902898436,364.61987118445552,0.070000000000000007,0.31751302083333327
,112.79878921718773,362.9363514570997,0.070000000000000007,0.31649576822916659
,112.89878814531266,363.82522189796515,0.070000000000000007,0.31649576822916659
,112.9987870734376,364.70351257383334,0.070000000000000007,0.31649576822916659
,113.09878600156253,364.63032642015708,0.070000000000000007,0.31547851562499996
,113.19878493046872,365.15306550131368,0.070000000000000007,0.31547851562499996
,113.29878385859365,365.81165256556255,0.070000000000000007,0.31649576822916659
,113.39878278671904,367.27491617248899,0.070000000000000007,0.31751302083333327
,113.49878171562523,367.33761918005905,0.070000000000000007,0.31853027343749996
,113.59878064375016,366.03116545388508,0.070000000000000007,0.31853027343749996
,113.69877957187509,365.64439920928578,0.070000000000000007,0.31853027343749996
,113.79877849921877,364.15982336931819,0.070000000000000007,0.31751302083333327
,113.8987774273437,364.18073537014953,0.070000000000000007,0.31649576822916659
,113.99877635546864,365.42487208122299,0.070000000000000007,0.31649576822916659
,114.09877528281277,364.63032642015708,0.070000000000000007,0.31649576822916659
,114.1987742109377,365.70711976757082,0.070000000000000007,0.31649576822916659
,114.29877313906263,366.55378225845254,0.070000000000000007,0.31751302083333327
,114.39877206640631,367.77652079052814,0.070000000000000007,0.31853027343749996
,114.49877099453124,366.56423411791525,0.070000000000000007,0.31853027343749996
,114.59876992265617,365.72802647387539,0.070000000000000007,0.31853027343749996
,114.69876885078111,364.95442991310773,0.070000000000000007,0.31751302083333327
,114.79876777656273,363.18733905996515,0.070000000000000007,0.31649576822916659
,114.89876670234389,364.21210324045347,0.070000000000000007,0.31649576822916659
,114.99876562812506,365.09033917373881,0.070000000000000007,0.31649576822916659
,115.09876455390622,364.67214718579555,0.070000000000000007,0.31547851562499996
,115.19876347968739,365.90573051300606,0.070000000000000007,0.31547851562499996
,115.29876240546901,366.60604136778926,0.070000000000000007,0.31649576822916659
,115.39876133125017,368.04820461152491,0.070000000000000007,0.31751302083333327
,115.49876025703134,367.37942080079796,0.070000000000000007,0.31751302083333327
,115.5987591828125,366.282027335468,0.070000000000000007,0.31751302083333327
,115.69875810859367,365.38305648065051,0.070000000000000007,0.31751302083333327
,115.79875703515609,363.87750454756434,0.070000000000000007,0.31547851562499996
,115.89875596250022,364.27483850908067,0.070000000000000007,0.31547851562499996
,115.99875488906264,365.45623359102319,0.070000000000000007,0.31547851562499996
,116.09875381562506,365.22624539751098,0.070000000000000007,0.31446126302083327
,116.19875274218748,365.71757312988348,0.070000000000000007,0.31547851562499996
,116.2987516687499,366.77326735317052,0.070000000000000007,0.31649576822916659
,116.39875059531278,367.82876870396262,0.070000000000000007,0.31344401041666659
,116.4987495218752,367.73472210945806,0.070000000000000007,0.31242675781249996
,116.59874844843762,366.77326735317052,0.070000000000000007,0.33378906249999996
,116.69874737734381,366.06252377334562,0.070000000000000007,0.32463378906249996
,116.79874630703125,364.00298114207573,0.070000000000000007,0.31446126302083327
,116.8987452367187,364.47349602829075,0.070000000000000007,0.30123697916666659
,116.9987441671874,365.14261115836229,0.070000000000000007,0.31446126302083327
,117.09874309687484,365.20533694588153,0.070000000000000007,0.31446126302083327
,117.19874202656274,365.71757312988348,0.070000000000000007,0.31344401041666659
,117.29874095703144,367.03454825626568,0.070000000000000007,0.31446126302083327
,117.39873988671889,368.52884345114489,0.070000000000000007,0.31547851562499996
,117.49873881640633,367.63022404695954,0.070000000000000007,0.31547851562499996
,117.59873774687503,366.86732984435389,0.070000000000000007,0.31649576822916659
,117.69873667578122,366.15659773139055,0.070000000000000007,0.31547851562499996
,117.79873560468741,364.81851762851778,0.070000000000000007,0.31344401041666659
,117.89873453437485,365.19488269301274,0.070000000000000007,0.31547851562499996
,117.9987334632815,366.58513778045921,0.070000000000000007,0.31140950520833327
,118.09873239218769,366.03116545388508,0.070000000000000007,0.28699544270833327
,118.19873132109387,366.67920333046618,0.070000000000000007,0.33887532552083327
,118.29873025078132,368.01685715294559,0.070000000000000007,0.31344401041666659
,118.39872917968751,369.71980947742236,0.070000000000000007,0.31853027343749996
,118.4987281085937,369.43776236198681,0.070000000000000007,0.32972005208333327
,118.59872703671863,368.18404155735385,0.070000000000000007,0.33277180989583327
,118.69872596562527,367.29581725181248,0.070000000000000007,0.31547851562499996
,118.7987248937502,365.40396431722758,0.070000000000000007,0.31649576822916659
,118.89872382265639,365.63394571889125,0.070000000000000007,0.31649576822916659
,118.99872275156258,366.55378225845254,0.070000000000000007,0.3032714843749999
,119.09872167968751,366.55378225845254,0.070000000000000007,0.32056477864583327
,119.1987206085937,367.28536672174596,0.070000000000000007,0.31547851562499996
,119.29871953749989,367.89146555688058,0.070000000000000007,0.31547851562499996
,119.39871846562528,369.90783258522566,0.070000000000000007,0.31853027343749996
,119.49871739453147,368.63332461047895,0.070000000000000007,0.31853027343749996
,119.59871631875012,367.93326306843284,0.070000000000000007,0.31853027343749996
,119.69871524140626,366.87778113754172,0.070000000000000007,0.31751302083333327
,119.79871416328115,365.05897576728273,0.070000000000000007,0.31649576822916659
,119.89871308593774,365.30987848172651,0.070000000000000007,0.31547851562499996
,119.99871200859388,366.49107070737148,0.070000000000000007,0.31547851562499996
,120.09871093125003,366.47016670693881,0.070000000000000007,0.31547851562499996
,120.19870985390617,367.07635209808308,0.070000000000000007,0.31446126302083327
,120.29870877578151,367.92281371985001,0.070000000000000007,0.31649576822916659
,120.39870769843765,369.96006004214377,0.070000000000000007,0.31751302083333327
,120.49870662109379,369.12435927116917,0.070000000000000007,0.31751302083333327
,120.59870554921872,368.4243603046404,0.070000000000000007,0.31751302083333327
,120.69870447734365,367.78697041215884,0.070000000000000007,0.31751302083333327
,120.79870340468779,365.74893310687349,0.070000000000000007,0.31547851562499996
,120.89870233281272,366.71055817460962,0.070000000000000007,0.31547851562499996
,120.99870126093765,367.58842427899458,0.070000000000000007,0.31547851562499996
,121.09870018906258,367.35852002888998,0.070000000000000007,0.31547851562499996
,121.19869911640626,367.29581725181248,0.070000000000000007,0.31446126302083327
,121.29869804453119,369.04078203764101,0.070000000000000007,0.31649576822916659
,121.39869697265613,369.90783258522566,0.070000000000000007,0.31751302083333327
,121.49869589843775,369.99139626858602,0.070000000000000007,0.31853027343749996
,121.59869482109389,368.56018800785699,0.070000000000000007,0.31751302083333327
,121.69869374375003,368.16314378189304,0.070000000000000007,0.31751302083333327
,121.79869266640617,366.51197463279891,0.070000000000000007,0.31649576822916659
,121.89869158828151,367.47347332122865,0.070000000000000007,0.31649576822916659
,121.99869051093765,368.53929165659491,0.070000000000000007,0.31649576822916659
,122.09868943359379,367.818319160231,0.070000000000000007,0.31649576822916659
,122.19868835624993,368.57063615365769,0.070000000000000007,0.31649576822916659
,122.29868727890653,369.79293036660533,0.070000000000000007,0.31751302083333327
,122.39868620156267,370.84784726703094,0.070000000000000007,0.31853027343749996
,122.49868512734383,370.96272629915313,0.070000000000000007,0.31954752604166659
,122.59868405546877,370.05406816341878,0.070000000000000007,0.31954752604166659
,122.69868298437495,368.83183331818861,0.070000000000000007,0.31954752604166659
,122.79868191249989,367.18086036655637,0.070000000000000007,0.31853027343749996
,122.89868084062527,367.818319160231,0.070000000000000007,0.31751302083333327
,122.99867976875021,369.30195659732624,0.070000000000000007,0.31853027343749996
,123.09867869687514,368.80049031790139,0.070000000000000007,0.31751302083333327
,123.19867762500007,369.2706163180373,0.070000000000000007,0.31853027343749996
,123.29867655312501,370.45097281168989,0.070000000000000007,0.31954752604166659
,123.39867548124994,371.20291962081899,0.070000000000000007,0.32056477864583327
,123.49867441093738,371.1402615774993,0.070000000000000007,0.32158203124999996
,123.59867334062528,370.29430351402829,0.070000000000000007,0.32158203124999996
,123.69867227031273,369.68847164562112,0.070000000000000007,0.32158203124999996
,123.79867120000017,368.12134799495118,0.070000000000000007,0.32056477864583327
,123.89867012890636,368.54973984216747,0.070000000000000007,0.32056477864583327
,123.9986690585938,369.66757965524431,0.070000000000000007,0.32056477864583327
,124.09866798828125,369.54222599350641,0.070000000000000007,0.31954752604166659
,124.19866691796869,370.82695989549001,0.070000000000000007,0.32056477864583327
,124.29866584765614,371.2133625534866,0.070000000000000007,0.32259928385416659
,124.39866477578153,372.7273593616776,0.070000000000000007,0.32361653645833327
,124.4986637031252,372.34107265882625,0.070000000000000007,0.32463378906249996
,124.59866262968762,371.29690524700544,0.070000000000000007,0.32463378906249996
,124.6986615570313,370.55541639763288,0.070000000000000007,0.32463378906249996
,124.79866048437498,368.67511651653035,0.070000000000000007,0.32259928385416659
,124.8986594109374,369.37508320520629,0.070000000000000007,0.32259928385416659
,124.99865833828153,369.83471327973911,0.070000000000000007,0.32361653645833327
,125.09865726562521,369.89738703196537,0.070000000000000007,0.32259928385416659
,125.19865619218763,370.2525242425055,0.070000000000000007,0.32259928385416659
,125.2986551195313,370.79562867986749,0.070000000000000007,0.32361653645833327
,125.39865404531247,372.73779912394093,0.070000000000000007,0.32463378906249996
,125.49865297187489,372.54988002442542,0.070000000000000007,0.32565104166666659
,125.59865189765651,371.81901599758567,0.070000000000000007,0.32565104166666659
,125.69865082343767,371.08804595624093,0.070000000000000007,0.32565104166666659
,125.79864974921884,369.05122926241626,0.070000000000000007,0.32463378906249996
,125.898648675,369.47954805928748,0.070000000000000007,0.32463378906249996
,125.99864760156242,370.43008384341096,0.070000000000000007,0.32463378906249996
,126.09864652734359,370.05406816341878,0.070000000000000007,0.32361653645833327
,126.19864545312521,370.90006532616638,0.070000000000000007,0.32361653645833327
,126.29864437890637,372.2471064823784,0.070000000000000007,0.32463378906249996
,126.39864331015633,373.23888160144384,0.070000000000000007,0.32666829427083327
,126.49864224062503,372.87351401863759,0.070000000000000007,0.32666829427083327
,126.59864117109373,372.03828642304802,0.070000000000000007,0.32666829427083327
,126.69864010156243,371.41177421791951,0.070000000000000007,0.32666829427083327
,126.79863903281239,369.59445704382591,0.070000000000000007,0.32565104166666659
,126.89863796328109,370.29430351402829,0.070000000000000007,0.32463378906249996
,126.99863689375024,370.59719324529902,0.070000000000000007,0.32463378906249996
,127.09863582421895,370.50319486637665,0.070000000000000007,0.32463378906249996
,127.19863475468765,371.7354818944072,0.070000000000000007,0.32565104166666659
,127.29863368359383,372.80043723285092,0.070000000000000007,0.32666829427083327
,127.39863260703123,374.19914505249631,0.070000000000000007,0.32768554687499996
,127.49863153124988,373.31195183573556,0.070000000000000007,0.32870279947916659
,127.59863045468774,372.7273593616776,0.070000000000000007,0.32870279947916659
,127.69862937812513,371.5266405969366,0.070000000000000007,0.32768554687499996
,127.79862830156253,369.69891761006238,0.070000000000000007,0.32666829427083327
,127.89862722499993,370.60763740476091,0.070000000000000007,0.32666829427083327
,127.99862614921904,371.24469122357442,0.070000000000000007,0.32666829427083327
,128.09862507265643,371.69371432443864,0.070000000000000007,0.32565104166666659
,128.19862399609383,372.67516021878117,0.070000000000000007,0.32666829427083327
,128.29862292187499,373.04054258610836,0.070000000000000007,0.32768554687499996
,128.39862184765616,374.07390418858029,0.070000000000000007,0.32870279947916659
,128.49862077421903,373.80253772732942,0.070000000000000007,0.32870279947916659
,128.59861970078146,372.80043723285092,0.070000000000000007,0.32870279947916659
,128.69861862734388,372.12181549330535,0.070000000000000007,0.32870279947916659
,128.79861755312504,370.56586064101106,0.070000000000000007,0.32768554687499996
,128.89861647968746,370.97316972054534,0.070000000000000007,0.32666829427083327
,128.99861540624988,371.77724911890709,0.070000000000000007,0.32666829427083327
,129.0986143320315,371.80857431035605,0.070000000000000007,0.32666829427083327
,129.19861325859392,372.38283483448055,0.070000000000000007,0.32666829427083327
,129.29861218515634,372.9048323083934,0.070000000000000007,0.32768554687499996
,129.39861111171876,374.60615506298751,0.070000000000000007,0.32870279947916659
,129.49861003906244,373.8234126158091,0.070000000000000007,0.32870279947916659
,129.59860896562486,373.35370576227695,0.070000000000000007,0.32870279947916659
,129.69860789218774,372.26798800809081,0.070000000000000007,0.32870279947916659
,129.79860681875016,370.52408354172985,0.070000000000000007,0.32666829427083327
,129.89860574531258,371.05671632845457,0.070000000000000007,0.32666829427083327
,129.998604671875,372.13225652906635,0.070000000000000007,0.32666829427083327
,130.09860359843742,371.98608004703931,0.070000000000000007,0.32666829427083327
,130.1986025257811,372.60208049129528,0.070000000000000007,0.32565104166666659
,130.29860145468774,373.7399125179619,0.070000000000000007,0.32768554687499996
,130.39860038359393,375.34703164156241,0.070000000000000007,0.32870279947916659
,130.49859931250012,373.99040845387327,0.070000000000000007,0.32870279947916659
,130.59859824140631,373.87559943998548,0.070000000000000007,0.32870279947916659
,130.69859716953124,372.93615039830235,0.070000000000000007,0.32768554687499996
,130.79859609843743,371.20291962081899,0.070000000000000007,0.32666829427083327
,130.89859502734362,371.50575599386917,0.070000000000000007,0.32666829427083327
,130.99859395625026,372.34107265882625,0.070000000000000007,0.32666829427083327
,131.09859288515645,372.39327532357703,0.070000000000000007,0.32565104166666659
,131.1985918093751,373.00922516341615,0.070000000000000007,0.32565104166666659
,131.29859073124999,374.13652503171096,0.070000000000000007,0.32666829427083327
,131.39858965234362,375.21138697235557,0.070000000000000007,0.32768554687499996
,131.49858857421896,375.47223858655445,0.070000000000000007,0.32870279947916659
,131.59858749609384,374.62702642748559,0.070000000000000007,0.32870279947916659
,131.69858641796873,373.25975892321793,0.070000000000000007,0.32768554687499996
,131.79858533984361,371.99652136571081,0.070000000000000007,0.32666829427083327
,131.8985842609377,372.63340050689544,0.070000000000000007,0.32768554687499996
,131.99858318281258,373.04054258610836,0.070000000000000007,0.32666829427083327
,132.09858210468747,372.88395347075232,0.070000000000000007,0.32666829427083327
,132.19858103124989,373.14493254632549,0.070000000000000007,0.32666829427083327
,132.29857995781276,374.28263713233696,0.070000000000000007,0.32768554687499996
,132.39857888437518,375.55570800182119,0.070000000000000007,0.32870279947916659
,132.49857781171886,375.50353979385835,0.070000000000000007,0.32972005208333327

trace_size,45
trace_types,5,4
trace_names,,Value
trace_units,,
devices,Platform,Platform
raster,OnChange,OnChange
description,,
displayidentifier,,
path,,Model Root/PumpFlow
flags,,2
min,,-1.797693135e+308
max,,1.797693135e+308
minWeak,,-1.797693135e+308
maxWeak,,1.797693135e+308
trace_values,-2.3342090414062113,0.059999999999999998
,0.70687975859391372,0.059999999999999998
,3.7708141585940211,0.059999999999999998
,6.8038520585937476,0.059999999999999998
,9.9178966585936905,0.059999999999999998
,12.976928558593954,0.059999999999999998
,16.041824258593806,0.059999999999999998
,19.103996158593873,0.059999999999999998
,22.251821258593736,0.059999999999999998
,25.347799958593896,0.059999999999999998
,26.831835658593718,0.070000000000000007
,29.835851958593594,0.070000000000000007
,32.894822658593966,0.070000000000000007
,35.960870758593956,0.070000000000000007
,39.023813158593839,0.070000000000000007
,42.081803858593958,0.070000000000000007
,45.145809358593851,0.070000000000000007
,48.210836258593645,0.070000000000000007
,51.267837558593783,0.070000000000000007
,54.332803758593855,0.070000000000000007
,57.398778158593814,0.070000000000000007
,60.455839658593959,0.070000000000000007
,63.518842058593691,0.070000000000000007
,66.587020758594008,0.070000000000000007
,69.644837758593894,0.070000000000000007
,72.711831758593689,0.070000000000000007
,75.769900358593986,0.070000000000000007
,78.833809058593943,0.070000000000000007
,81.893815358593656,0.070000000000000007
,84.960817958593907,0.070000000000000007
,88.019821258593765,0.070000000000000007
,91.084789158593594,0.070000000000000007
,94.144791958593942,0.070000000000000007
,97.206839358593697,0.070000000000000007
,100.27082525859396,0.070000000000000007
,103.33594935859401,0.070000000000000007
,106.39486315859403,0.070000000000000007
,109.46083595859363,0.070000000000000007
,112.5258147585937,0.070000000000000007
,115.58284675859386,0.070000000000000007
,118.64479015859388,0.070000000000000007
,121.70580325859373,0.070000000000000007
,124.76883175859393,0.070000000000000007
,127.83684295859393,0.070000000000000007
,130.89478915859399,0.070000000000000007

