descriptions,General,User,Visitor
,General,DateTime,05/04/2025 21:30:04
,General,Origin,"Software revision: rl_tts1_top_hostpc_6e8x0_openloop.sdf, rl_tts1_top_hostpc_6e8x0_openloop.ppc\nVariable description: rl_tts1_top_hostpc_6e8x0_openloop.sdf\n    Platform / Device: Platform [DS1104 R&D Controller Board, assigned to 'ds1104']\nControlDesk version: 7.3"
,General,Description,
,Recording,StartCondition,None (Immediate Recording)
,Recording,StopCondition,None
,Measurement,XAxisOffset,0
,Measurement,Length,284.7969436
,Measurement,StartTimestamp,1380.98518
,Measurement,StopTimestamp,1665.782123
,MDF,Department,
,MDF,Project,
,MDF,MeasurementObject,

trace_size,2849
trace_types,5,4,4,4
trace_names,,In1,In1,In1
trace_units,,,,
devices,Platform,Platform,Platform,Platform
raster,HostService,HostService,HostService,HostService
description,,,,
displayidentifier,,,,
path,,Model Root/Height_T1\n,Model Root/TTS dSPACE RTI1104/PumpLeft,Model Root/TTS dSPACE RTI1104/ValvePos_LD
flags,,2,2,2
min,,-1.797693135e+308,-1.797693135e+308,-1.797693135e+308
max,,1.797693135e+308,1.797693135e+308,1.797693135e+308
minWeak,,-1.797693135e+308,-1.797693135e+308,-1.797693135e+308
maxWeak,,1.797693135e+308,1.797693135e+308,1.797693135e+308
trace_values,0,1.8747250480644393,0.029999999999999999,0.28597819010416659
,0.099998928906188667,3.512333385015781,0.029999999999999999,0.28699544270833327
,0.19999785546883686,4.0695122990337449,0.029999999999999999,0.28597819010416659
,0.29999678203125768,4.757951344238327,0.029999999999999999,0.28597819010416659
,0.3999957085936785,5.4976235755447878,0.029999999999999999,0.2880126953124999
,0.49999463515632669,7.7191323607110025,0.029999999999999999,0.28902994791666659
,0.59999356171874751,7.1029206382307617,0.029999999999999999,0.28902994791666659
,0.69999248828116833,6.3539458158978537,0.029999999999999999,0.28902994791666659
,0.79999141484381653,6.1565443398225757,0.029999999999999999,0.28902994791666659
,0.89999034140623735,4.0960193456204319,0.029999999999999999,0.2880126953124999
,0.99998926796865817,4.3874455646523796,0.029999999999999999,0.2880126953124999
,1.0999881960938183,5.0619609547564632,0.029999999999999999,0.2880126953124999
,1.1999871257812629,5.0223246001956152,0.029999999999999999,0.2880126953124999
,1.2999860554687075,6.0907157193973394,0.029999999999999999,0.2880126953124999
,1.3999849851561521,7.7846145673183056,0.029999999999999999,0.28902994791666659
,1.4999839148438241,8.3079740274404141,0.029999999999999999,0.29004720052083327
,1.5999828445312687,8.5431975757990717,0.029999999999999999,0.2910644531249999
,1.6999817742187133,8.5431975757990717,0.029999999999999999,0.2910644531249999
,1.7999807039061579,7.5226025051178294,0.029999999999999999,0.2910644531249999
,1.8999796335938299,6.51177597904144,0.029999999999999999,0.29004720052083327
,1.9999785632812745,6.6432394056498314,0.029999999999999999,0.29004720052083327
,2.0999774874999275,7.2210138071672301,0.029999999999999999,0.29004720052083327
,2.1999764085937841,7.273485168229131,0.029999999999999999,0.28902994791666659
,2.2999753296874133,8.1118178928705102,0.029999999999999999,0.29004720052083327
,2.3999742507812698,8.9478869846521381,0.029999999999999999,0.2910644531249999
,2.499973171874899,10.093818447146832,0.029999999999999999,0.2910644531249999
,2.5999720937500115,10.262746591277336,0.029999999999999999,0.29208170572916659
,2.6999710148436407,9.3520494622688286,0.029999999999999999,0.29208170572916659
,2.7999699359374972,8.5562603181809624,0.029999999999999999,0.2910644531249999
,2.8999688570311264,6.3013177907388798,0.029999999999999999,0.28902994791666659
,2.9999677781249829,7.0504202835332155,0.029999999999999999,0.28902994791666659
,3.0999667054686597,8.2556778701174895,0.029999999999999999,0.28902994791666659
,3.1999656328125639,9.026153041584033,0.029999999999999999,0.28902994791666659
,3.2999645593749847,10.132809995611646,0.029999999999999999,0.28902994791666659
,3.3999634867186614,11.274398724681786,0.029999999999999999,0.2910644531249999
,3.4999624140625656,12.566619745025745,0.029999999999999999,0.29208170572916659
,3.5999613406249864,12.360222047853215,0.029999999999999999,0.29208170572916659
,3.6999602679686632,11.520331384493092,0.029999999999999999,0.29309895833333327
,3.7999591953125673,10.444566863906582,0.029999999999999999,0.29208170572916659
,3.8999581218749881,9.1565526441603833,0.029999999999999999,0.29004720052083327
,3.9999570499999209,9.7296616853795452,0.029999999999999999,0.29004720052083327
,4.099955977343825,10.392629034382187,0.029999999999999999,0.29004720052083327
,4.1999549054687577,10.717098663962803,0.029999999999999999,0.29004720052083327
,4.2999538328124345,11.20964744336611,0.029999999999999999,0.29004720052083327
,4.3999527609373672,12.437637091883841,0.029999999999999999,0.2910644531249999
,4.4999516882812713,13.185000330618616,0.029999999999999999,0.29208170572916659
,4.5999506164062041,13.287945625998928,0.029999999999999999,0.29208170572916659
,4.6999495437498808,12.373125881651346,0.029999999999999999,0.29208170572916659
,4.7999484718750409,11.649692015107979,0.029999999999999999,0.29208170572916659
,4.8999473992187177,10.262746591277336,0.029999999999999999,0.2910644531249999
,4.9999463242186266,11.196695577422537,0.029999999999999999,0.2910644531249999
,5.0999452492187629,12.127862219067053,0.029999999999999999,0.29004720052083327
,5.1999441734374159,12.411834199277701,0.029999999999999999,0.29004720052083327
,5.2999430976562962,13.236477188292946,0.029999999999999999,0.2910644531249999
,5.3999420226562052,14.251425214397047,0.029999999999999999,0.29208170572916659
,5.4999409468750855,15.42929356168702,0.029999999999999999,0.2941162109374999
,5.5999398718749944,14.892114919038347,0.029999999999999999,0.29309895833333327
,5.6999387960936474,14.05896465874863,0.029999999999999999,0.29309895833333327
,5.7999377203125277,13.442300461452399,0.029999999999999999,0.29309895833333327
,5.8999366453124367,12.553723864361723,0.029999999999999999,0.29208170572916659
,5.9999355726561134,12.669767727418945,0.029999999999999999,0.2910644531249999
,6.0999345007812735,12.540827453951829,0.029999999999999999,0.2910644531249999
,6.1999334281249503,12.759994430429517,0.029999999999999999,0.29004720052083327
,6.2999323554686271,13.172129800085974,0.029999999999999999,0.29004720052083327
,6.3999312835937872,14.776886541557387,0.029999999999999999,0.29208170572916659
,6.4999302109374639,16.042099772656464,0.029999999999999999,0.29208170572916659
,6.5999291390623966,15.659234569395517,0.029999999999999999,0.29309895833333327
,6.6999280664063008,14.81530066376993,0.029999999999999999,0.29309895833333327
,6.7999269937499776,13.866386643604882,0.029999999999999999,0.29208170572916659
,6.8999259218749103,12.476337453399191,0.029999999999999999,0.29004720052083327
,6.9999248484375585,13.455159949072888,0.029999999999999999,0.29004720052083327
,7.0999237749999793,14.020458459560762,0.029999999999999999,0.29004720052083327
,7.1999227015624001,13.750783361869038,0.029999999999999999,0.28902994791666659
,7.2999216289063042,14.456587256465399,0.029999999999999999,0.28902994791666659
,7.3999205554687251,15.531510144737394,0.029999999999999999,0.29004720052083327
,7.4999194820311459,16.920944092092462,0.029999999999999999,0.2910644531249999
,7.5999184085937941,16.20786483821675,0.029999999999999999,0.2910644531249999
,7.6999173359374709,15.48040597156441,0.029999999999999999,0.2910644531249999
,7.7999162624998917,14.712852636104701,0.029999999999999999,0.29004720052083327
,7.8999151890625399,13.094895556457418,0.029999999999999999,0.2880126953124999
,7.9999141156249607,13.930592380036144,0.029999999999999999,0.2880126953124999
,8.0999130414061256,14.904915482268729,0.029999999999999999,0.2880126953124999
,8.1999119679687738,14.712852636104701,0.029999999999999999,0.2880126953124999
,8.2999108937499386,15.007301355479678,0.029999999999999999,0.28699544270833327
,8.3999098203125868,16.602802461879655,0.029999999999999999,0.2880126953124999
,8.4999087460937517,17.886151157290634,0.029999999999999999,0.29004720052083327
,8.5999076718749166,17.772002399501829,0.029999999999999999,0.29004720052083327
,8.6999065984375648,16.628265487988095,0.029999999999999999,0.29004720052083327
,8.7999055242187296,15.084069036014176,0.029999999999999999,0.2880126953124999
,8.8999044499998945,13.67369094756687,0.029999999999999999,0.28699544270833327
,8.9999033757812867,13.609432859276291,0.029999999999999999,0.28597819010416659
,9.0999023015624516,15.224761471861969,0.029999999999999999,0.28597819010416659
,9.1999012273436165,14.80249647463498,0.029999999999999999,0.2849609374999999
,9.2999001531250087,15.467628641448654,0.029999999999999999,0.2849609374999999
,9.3998990789061736,16.704642353331842,0.029999999999999999,0.28597819010416659
,9.4998980046875658,17.581663876993559,0.029999999999999999,0.28597819010416659
,9.5998969304687307,17.581663876993559,0.029999999999999999,0.28597819010416659
,9.6998958562498956,17.353107904726478,0.029999999999999999,0.28597819010416659
,9.7998947820312878,16.666456210109558,0.029999999999999999,0.28597819010416659
,9.8998937070311968,14.956112558589302,0.029999999999999999,0.28394368489583327
,9.9998926328123616,15.186397004335353,0.029999999999999999,0.28394368489583327
,10.099891558593754,15.761377106351931,0.029999999999999999,0.28394368489583327
,10.199890484374919,16.169619033154383,0.029999999999999999,0.28292643229166659
,10.299889410156311,16.475456775622916,0.029999999999999999,0.28292643229166659
,10.399888335937476,17.238768549823924,0.029999999999999999,0.28394368489583327
,10.499887261718641,17.987582542339958,0.029999999999999999,0.28394368489583327
,10.599886186718777,17.860788286432197,0.029999999999999999,0.2849609374999999
,10.699885112499942,17.70856881516287,0.029999999999999999,0.28394368489583327
,10.799884038281334,16.437243132836358,0.029999999999999999,0.28292643229166659
,10.899882963281243,14.892114919038347,0.029999999999999999,0.28089192708333327
,10.999881889062408,15.122445898434899,0.029999999999999999,0.28089192708333327
,11.099880814062544,15.608150969779382,0.029999999999999999,0.28089192708333327
,11.199879739843709,15.416514171744891,0.029999999999999999,0.25851236979166659
,11.299878664843618,16.424504232133806,0.029999999999999999,0.28292643229166659
,11.39987759062501,17.784687606617091,0.029999999999999999,0.27987467447916659
,11.499876515624919,18.886381785362147,0.029999999999999999,0.28089192708333327
,11.599875441406311,18.544881665548431,0.029999999999999999,0.28089192708333327
,11.69987436640622,17.403912255578994,0.029999999999999999,0.27987467447916659
,11.799873299218689,16.730097239175038,0.029999999999999999,0.27987467447916659
,11.899872231249901,14.80249647463498,0.029999999999999999,0.27784016927083327
,11.99987116406237,14.930515055618704,0.029999999999999999,0.27784016927083327
,12.099870096093809,15.620922640736849,0.029999999999999999,0.27784016927083327
,12.199869028906278,16.488193636993607,0.029999999999999999,0.27682291666666659
,12.29986796093749,17.403912255578994,0.029999999999999999,0.27682291666666659
,12.399866893749959,18.19034894685376,0.029999999999999999,0.2788574218749999
,12.499865825781171,19.177003162561924,0.029999999999999999,0.2788574218749999
,12.59986475859364,18.96222140059578,0.029999999999999999,0.27987467447916659
,12.699863689843824,18.139669381171892,0.029999999999999999,0.2788574218749999
,12.799862618750012,17.162519552199996,0.029999999999999999,0.2788574218749999
,12.899861547656201,15.365391460133212,0.029999999999999999,0.27784016927083327
,12.999860477343645,15.786907605647825,0.029999999999999999,0.27682291666666659
,13.099859406250062,16.793725557148299,0.029999999999999999,0.27682291666666659
,13.19985833515625,16.870062771435904,0.029999999999999999,0.27682291666666659
,13.299857264062439,17.009966867908567,0.029999999999999999,0.27682291666666659
,13.399856193749883,18.000259205460786,0.029999999999999999,0.27784016927083327
,13.499855122656299,18.886381785362147,0.029999999999999999,0.2788574218749999
,13.599854051562488,18.759942616949871,0.029999999999999999,0.2788574218749999
,13.699852977343653,18.114326590750352,0.029999999999999999,0.2788574218749999
,13.799851902343789,17.111676762952257,0.029999999999999999,0.2788574218749999
,13.899850827343698,15.901769454863684,0.029999999999999999,0.27784016927083327
,13.999849752343835,16.003834014680933,0.029999999999999999,0.27682291666666659
,14.099848677343743,16.386284469799705,0.029999999999999999,0.27682291666666659
,14.199847602343652,16.462719404516214,0.029999999999999999,0.27682291666666659
,14.299846527343789,17.365809750207298,0.029999999999999999,0.27784016927083327
,14.399845452343698,18.722001154937502,0.029999999999999999,0.2788574218749999
,14.499844377343834,19.694417012136569,0.029999999999999999,0.27987467447916659
,14.599843301562487,18.734648807221873,0.029999999999999999,0.2788574218749999
,14.699842232812443,17.822740209613272,0.029999999999999999,0.2788574218749999
,14.799841164843656,16.819173327039444,0.029999999999999999,0.27784016927083327
,14.899840096874868,15.403734266683434,0.029999999999999999,0.27784016927083327
,14.999839028125052,16.335317643743885,0.029999999999999999,0.27784016927083327
,15.099837960156265,16.640996237569453,0.029999999999999999,0.27784016927083327
,15.199836892187477,16.424504232133806,0.029999999999999999,0.27682291666666659
,15.299835823437434,16.615534229446325,0.029999999999999999,0.27682291666666659
,15.399834755468646,17.733943758907621,0.029999999999999999,0.27784016927083327
,15.49983368671883,19.51783259725628,0.029999999999999999,0.2788574218749999
,15.599832617968787,19.214890935398465,0.029999999999999999,0.27987467447916659
,15.699831546874975,18.494258131480734,0.029999999999999999,0.27987467447916659
,15.799830474999908,17.454708525977615,0.029999999999999999,0.2788574218749999
,15.899829403906324,15.378172910942679,0.029999999999999999,0.27784016927083327
,15.999828332812513,16.335317643743885,0.029999999999999999,0.27784016927083327
,16.099827260937445,16.946381707308419,0.029999999999999999,0.27784016927083327
,16.199826189843634,16.793725557148299,0.029999999999999999,0.27682291666666659
,16.29982511875005,17.073539352899111,0.029999999999999999,0.27682291666666659
,16.399824046874983,18.228353359865949,0.029999999999999999,0.2788574218749999
,16.499822975781171,19.568295166681636,0.029999999999999999,0.2788574218749999
,16.59982190234382,19.252774245315656,0.029999999999999999,0.27987467447916659
,16.699820826562473,18.266353265156333,0.029999999999999999,0.27987467447916659
,16.799819750781126,17.226061648590914,0.029999999999999999,0.2788574218749999
,16.899818675000006,16.449981523608919,0.029999999999999999,0.27784016927083327
,16.999817599218659,17.200646328272924,0.029999999999999999,0.27784016927083327
,17.099816523437539,17.64512264366892,0.029999999999999999,0.27784016927083327
,17.199815448437448,17.797372310631395,0.029999999999999999,0.27784016927083327
,17.299814372656328,18.126998236646187,0.029999999999999999,0.27784016927083327
,17.399813296874981,19.050678332178457,0.029999999999999999,0.2788574218749999
,17.499812221093634,20.03469968852739,0.029999999999999999,0.27987467447916659
,17.599811147656283,19.543064870422917,0.029999999999999999,0.27987467447916659
,17.699810074999959,19.189632916160107,0.029999999999999999,0.27987467447916659
,17.79980900156238,18.43096747433141,0.029999999999999999,0.2788574218749999
,17.899807928906284,17.264180834759692,0.029999999999999999,0.27784016927083327
,17.999806856249961,17.619740648870177,0.029999999999999999,0.27784016927083327
,18.099805782812382,18.570190436770879,0.029999999999999999,0.27784016927083327
,18.199804710156286,18.519570897288801,0.029999999999999999,0.27784016927083327
,18.299803637499963,19.012771200162803,0.029999999999999999,0.27784016927083327
,18.399802564062384,19.580909573629306,0.029999999999999999,0.2788574218749999
,18.499801491406288,21.128733753928124,0.029999999999999999,0.28089192708333327
,18.599800417187453,21.06595831277437,0.029999999999999999,0.28089192708333327
,18.699799343749874,20.965492301684755,0.029999999999999999,0.28089192708333327
,18.799798270312522,19.467362118166605,0.029999999999999999,0.27987467447916659
,18.899797196874943,17.302295469303481,0.029999999999999999,0.2788574218749999
,18.999796122656335,18.544881665548431,0.029999999999999999,0.2788574218749999
,19.099795049218756,19.707026481576435,0.029999999999999999,0.2788574218749999
,19.199793975781176,20.022103026922601,0.029999999999999999,0.2788574218749999
,19.299792901562569,20.689049937737764,0.029999999999999999,0.2788574218749999
,19.399791828124989,20.827300629987434,0.029999999999999999,0.27987467447916659
,19.49979075468741,22.169036214517995,0.029999999999999999,0.2819091796874999
,19.599789681250058,22.406710304086793,0.029999999999999999,0.2819091796874999
,19.699788607812479,21.367169629570874,0.029999999999999999,0.28089192708333327
,19.7997875343749,20.676478763448721,0.029999999999999999,0.28089192708333327
,19.899786460156292,19.555680265634038,0.029999999999999999,0.27987467447916659
,19.999785386718713,20.273942898018149,0.029999999999999999,0.27987467447916659
,20.099784313281134,21.141287383122119,0.029999999999999999,0.27987467447916659
,20.199783239843782,21.46751127033955,0.029999999999999999,0.27987467447916659
,20.299782166406203,21.680634327018431,0.029999999999999999,0.27987467447916659
,20.399781092968624,22.244109931021228,0.029999999999999999,0.28089192708333327
,20.499780021093784,23.604949871649588,0.029999999999999999,0.2819091796874999
,20.599778949999973,23.418014226727159,0.029999999999999999,0.28292643229166659
,20.699777878906161,22.869052564805699,0.029999999999999999,0.28292643229166659
,20.799776807812577,22.54423188702814,0.029999999999999999,0.28292643229166659
,20.899775736718766,21.291893027936752,0.029999999999999999,0.2819091796874999
,20.999774665624955,21.630500307805974,0.029999999999999999,0.2819091796874999
,21.099773594531143,22.469227307544664,0.029999999999999999,0.2819091796874999
,21.199772523437559,22.319166343029522,0.029999999999999999,0.2819091796874999
,21.299771451562492,22.881539213712955,0.029999999999999999,0.2819091796874999
,21.399770380468681,23.816681380869817,0.029999999999999999,0.28292643229166659
,21.499769306250073,25.270201886589554,0.029999999999999999,0.28394368489583327
,21.599768232031238,25.530412631958193,0.029999999999999999,0.2849609374999999
,21.699767158593659,25.121417873696991,0.029999999999999999,0.2849609374999999
,21.799766084375051,24.376488330830561,0.029999999999999999,0.2849609374999999
,21.899765010156216,22.531732322099103,0.029999999999999999,0.28394368489583327
,21.999763936718637,23.068781682313556,0.029999999999999999,0.28394368489583327
,22.099762862500029,24.15268009082444,0.029999999999999999,0.28394368489583327
,22.199761788281194,24.600144271048492,0.029999999999999999,0.28394368489583327
,22.299760714843615,25.406528326898837,0.029999999999999999,0.2849609374999999
,22.399759642187519,25.914159160215981,0.029999999999999999,0.28597819010416659
,22.499758570312451,27.407772684184586,0.029999999999999999,0.28699544270833327
,22.59975749921864,27.457033975173267,0.029999999999999999,0.2880126953124999
,22.699756428125056,26.717348304896348,0.029999999999999999,0.2880126953124999
,22.799755357031245,26.074952759268683,0.029999999999999999,0.2880126953124999
,22.899754285156178,24.413774887523452,0.029999999999999999,0.28699544270833327
,22.999753214062366,24.984973535682506,0.029999999999999999,0.28699544270833327
,23.099752142968782,25.864668489744496,0.029999999999999999,0.28699544270833327
,23.199751071874971,25.703772663178043,0.029999999999999999,0.28699544270833327
,23.299749999999904,26.285103611523695,0.029999999999999999,0.28699544270833327
,23.399748929687576,27.235300799787858,0.029999999999999999,0.2880126953124999
,23.49974785937502,28.575769871329037,0.029999999999999999,0.29004720052083327
,23.599746789062465,28.416179336897976,0.029999999999999999,0.29004720052083327
,23.699745719531165,28.465292212968727,0.029999999999999999,0.29208170572916659
,23.799744649218837,27.90005857320449,0.029999999999999999,0.2910644531249999
,23.899743578906282,26.235668339234152,0.029999999999999999,0.29004720052083327
,23.999742508593727,26.890088776691158,0.029999999999999999,0.29004720052083327
,24.099741438281171,27.493975167372035,0.029999999999999999,0.29004720052083327
,24.199740368749872,28.882461417970255,0.029999999999999999,0.29208170572916659
,24.299739298437544,30.570387155486472,0.029999999999999999,0.29309895833333327
,24.399738224999965,30.375117663707627,0.029999999999999999,0.2941162109374999
,24.499737152343641,30.106437908106543,0.029999999999999999,0.29513346354166659
,24.599736079687545,29.348096804838875,0.029999999999999999,0.29513346354166659
,24.699735007031222,28.158218488204483,0.029999999999999999,0.2941162109374999
,24.799733933593643,26.964092939869616,0.029999999999999999,0.29309895833333327
,24.899732860937547,25.183419367737976,0.029999999999999999,0.2910644531249999
,24.999731788281224,26.692663762816636,0.029999999999999999,0.2910644531249999
,25.099730714843645,28.489845951413258,0.029999999999999999,0.2910644531249999
,25.199729642187549,28.68621113230769,0.029999999999999999,0.2910644531249999
,25.299728567968714,28.624859367107028,0.029999999999999999,0.2910644531249999
,25.399727492187367,29.470525361664706,0.029999999999999999,0.29208170572916659
,25.499726415624991,30.472766492345869,0.029999999999999999,0.29309895833333327
,25.599725339843644,30.387325308627993,0.029999999999999999,0.29309895833333327
,25.699724264062525,30.20416434882398,0.029999999999999999,0.29309895833333327
,25.799723187499922,29.519484321792561,0.029999999999999999,0.29208170572916659
,25.899722111718802,27.666313319567465,0.029999999999999999,0.2910644531249999
,25.999721035937455,27.99842871569745,0.029999999999999999,0.2910644531249999
,26.099719959375079,29.090851730531234,0.029999999999999999,0.2910644531249999
,26.199718883593732,29.078597054361566,0.029999999999999999,0.29004720052083327
,26.299717809374897,29.678551818887506,0.029999999999999999,0.29004720052083327
,26.399716734375033,30.375117663707627,0.029999999999999999,0.2910644531249999
,26.499715660156198,31.545051365692338,0.029999999999999999,0.29208170572916659
,26.599714585156335,31.143341351376343,0.029999999999999999,0.29208170572916659
,26.699713510937499,30.460561929690634,0.029999999999999999,0.29208170572916659
,26.799712435937408,29.617380898630984,0.029999999999999999,0.2910644531249999
,26.899711361718801,28.367059258708629,0.029999999999999999,0.29004720052083327
,26.99971028671871,28.808881009512426,0.029999999999999999,0.29004720052083327
,27.099709211718618,29.580673015880883,0.029999999999999999,0.29004720052083327
,27.199708138281267,29.397073571076795,0.029999999999999999,0.28902994791666659
,27.299707065624943,29.800860370046578,0.029999999999999999,0.28902994791666659
,27.399705993749876,30.338492085340782,0.029999999999999999,0.28902994791666659
,27.499704921875036,31.532885303664393,0.029999999999999999,0.29004720052083327
,27.599703849218713,31.192058767877953,0.029999999999999999,0.29004720052083327
,27.699702777343646,30.667979683540629,0.029999999999999999,0.29004720052083327
,27.799701705468806,29.531722949839555,0.029999999999999999,0.28902994791666659
,27.899700632812483,27.887760269037301,0.029999999999999999,0.28699544270833327
,27.999699560937415,28.219655772897767,0.029999999999999999,0.28597819010416659
,28.099698489062575,28.894723251559626,0.029999999999999999,0.28597819010416659
,28.199697417187508,29.029573880193311,0.029999999999999999,0.2849609374999999
,28.299696344531185,29.360341664605969,0.029999999999999999,0.2849609374999999
,28.399695272656118,30.143088635766155,0.029999999999999999,0.2849609374999999
,28.499694200000022,30.887460160145245,0.029999999999999999,0.28597819010416659
,28.599693128124954,31.350342148095876,0.029999999999999999,0.28597819010416659
,28.699692055468631,30.411739277022413,0.029999999999999999,0.2849609374999999
,28.799690983593791,29.323605748530355,0.029999999999999999,0.28394368489583327
,28.899689911718724,27.161356931703018,0.029999999999999999,0.2819091796874999
,28.999688839062401,27.173682050102137,0.029999999999999999,0.2819091796874999
,29.099687767187561,28.367059258708629,0.029999999999999999,0.28089192708333327
,29.199686693749982,28.661671773076243,0.029999999999999999,0.28089192708333327
,29.299685621093658,30.008683187682507,0.029999999999999999,0.28089192708333327
,29.399684547656307,29.825316758040977,0.029999999999999999,0.2819091796874999
,29.499683474218727,31.070252120691265,0.029999999999999999,0.28292643229166659
,29.599682400781148,30.521580342702237,0.029999999999999999,0.28292643229166659
,29.699681328125052,29.519484321792561,0.029999999999999999,0.28292643229166659
,29.799680254687473,28.796616039722302,0.029999999999999999,0.28292643229166659
,29.899679181249894,27.222977961956552,0.029999999999999999,0.28089192708333327
,29.999678108593798,27.777055151672734,0.029999999999999999,0.28089192708333327
,30.099677035156219,27.99842871569745,0.029999999999999999,0.27987467447916659
,30.199675960937384,28.133640414967658,0.029999999999999999,0.27987467447916659
,30.299674886718776,27.99842871569745,0.029999999999999999,0.27987467447916659
,30.399673813281197,28.85793640718564,0.029999999999999999,0.28089192708333327
,30.499672739062362,30.130872168317396,0.029999999999999999,0.2819091796874999
,30.599671664843754,29.727480563498446,0.029999999999999999,0.2819091796874999
,30.699670590624919,28.943766108630996,0.029999999999999999,0.2819091796874999
,30.799669516406311,28.059895356897194,0.029999999999999999,0.2819091796874999
,30.899668442187476,26.421012621411016,0.029999999999999999,0.27987467447916659
,30.999667367968641,26.828406056410671,0.029999999999999999,0.27987467447916659
,31.099666293750033,27.678619782022672,0.029999999999999999,0.27987467447916659
,31.199665218749942,27.986134031154556,0.029999999999999999,0.27987467447916659
,31.299664144531334,28.391620198308907,0.029999999999999999,0.27987467447916659
,31.399663069531243,28.968284851635005,0.029999999999999999,0.28089192708333327
,31.499661994531152,29.837544287146393,0.029999999999999999,0.28089192708333327
,31.599660920312544,29.446043211999935,0.029999999999999999,0.2819091796874999
,31.699659845312453,29.078597054361566,0.029999999999999999,0.2819091796874999
,31.799658770312362,28.526673185945214,0.029999999999999999,0.2819091796874999
,31.899657696093755,26.285103611523695,0.029999999999999999,0.27987467447916659
,31.999656621093663,26.667977386321539,0.029999999999999999,0.2788574218749999
,32.099655549218824,27.210654668132939,0.029999999999999999,0.27987467447916659
,32.199654478906268,27.370821937780654,0.029999999999999999,0.2788574218749999
,32.299653408593713,28.023016728299318,0.029999999999999999,0.2788574218749999
,32.399652338281157,29.066341931302865,0.029999999999999999,0.27987467447916659
,32.499651267187573,30.20416434882398,0.029999999999999999,0.28089192708333327
,32.599650196875018,29.788631511038311,0.029999999999999999,0.2819091796874999
,32.699649126562463,29.041830344278694,0.029999999999999999,0.2819091796874999
,32.799648056249907,28.170506847696714,0.029999999999999999,0.27987467447916659
,32.899646985156323,27.025750500462486,0.029999999999999999,0.27987467447916659
,32.999645914843768,27.383139308432852,0.029999999999999999,0.27987467447916659
,33.099644838281165,28.084478849796454,0.029999999999999999,0.27987467447916659
,33.199643762500045,28.195082212730256,0.029999999999999999,0.2788574218749999
,33.299642685937442,28.956025703877295,0.029999999999999999,0.27987467447916659
,33.399641609375067,29.861998015871833,0.029999999999999999,0.28089192708333327
,33.49964053359372,30.655782155132414,0.029999999999999999,0.28089192708333327
,33.599639457031117,30.460561929690634,0.029999999999999999,0.2819091796874999
,33.699638380468741,29.923124585137714,0.029999999999999999,0.2819091796874999
,33.799637304687394,29.531722949839555,0.029999999999999999,0.2819091796874999
,33.899636228125019,28.059895356897194,0.029999999999999999,0.28089192708333327
,33.999635151562416,28.244227528681293,0.029999999999999999,0.27987467447916659
,34.09963407500004,28.723016805234494,0.029999999999999999,0.27987467447916659
,34.199632997656181,29.029573880193311,0.029999999999999999,0.27987467447916659
,34.299631920312549,29.286865821234223,0.029999999999999999,0.27987467447916659
,34.399630843749947,30.289651810217954,0.029999999999999999,0.28089192708333327
,34.499629766406315,31.934136058321037,0.029999999999999999,0.28292643229166659
,34.599628689062456,31.106798702545021,0.029999999999999999,0.2819091796874999
,34.699627611718824,30.570387155486472,0.029999999999999999,0.28292643229166659
,34.799626535156222,30.350701052123462,0.029999999999999999,0.28292643229166659
,34.899625457812363,28.808881009512426,0.029999999999999999,0.28089192708333327
,34.999624381249987,28.772084755275507,0.029999999999999999,0.28089192708333327
,35.099623306249896,29.348096804838875,0.029999999999999999,0.27987467447916659
,35.199622230468776,29.727480563498446,0.029999999999999999,0.27987467447916659
,35.299621155468685,30.253016973818958,0.029999999999999999,0.27987467447916659
,35.399620079687566,31.350342148095876,0.029999999999999999,0.28089192708333327
,35.499619004687474,32.844319317337742,0.029999999999999999,0.2819091796874999
,35.599617928906127,32.613968543655673,0.029999999999999999,0.28292643229166659
,35.699616853906264,32.249940808348683,0.029999999999999999,0.28292643229166659
,35.799615778124917,31.581546942761761,0.029999999999999999,0.28292643229166659
,35.899614703125053,30.020904075324268,0.029999999999999999,0.28089192708333327
,35.999613628124962,30.436151483884785,0.029999999999999999,0.28089192708333327
,36.099612553906127,31.155521360591301,0.029999999999999999,0.28089192708333327
,36.199611479687519,31.143341351376343,0.029999999999999999,0.28089192708333327
,36.299610404687428,32.007040019244123,0.029999999999999999,0.28089192708333327
,36.39960933046882,33.050291481603814,0.029999999999999999,0.2819091796874999
,36.499608256249985,34.681589209990577,0.029999999999999999,0.28292643229166659
,36.599607181249894,34.609250584244279,0.029999999999999999,0.28394368489583327
,36.699606107031286,33.933359123843644,0.029999999999999999,0.28394368489583327
,36.799605032812451,32.662476320892161,0.029999999999999999,0.28292643229166659
,36.899603959374872,31.654526361645772,0.029999999999999999,0.2819091796874999
,36.999602887500032,32.383462648352676,0.029999999999999999,0.28292643229166659
,37.099601815624965,32.917029503878837,0.029999999999999999,0.28292643229166659
,37.199600743749897,32.844319317337742,0.029999999999999999,0.28292643229166659
,37.299599671875058,33.510253441636031,0.029999999999999999,0.28292643229166659
,37.399598599218734,34.06622797314828,0.029999999999999999,0.28292643229166659
,37.499597527343667,35.416176323137009,0.029999999999999999,0.2849609374999999
,37.599596455468827,35.452263493738016,0.029999999999999999,0.2849609374999999
,37.69959538359376,34.597192676639921,0.029999999999999999,0.2849609374999999
,37.799594311718693,33.08662667462869,0.029999999999999999,0.28394368489583327
,37.899593238281113,32.249940808348683,0.029999999999999999,0.28394368489583327
,37.99959216328125,33.558634703051418,0.029999999999999999,0.28394368489583327
,38.099591088281159,34.331812309234508,0.029999999999999999,0.2849609374999999
,38.199590013281295,34.174900803449233,0.029999999999999999,0.28394368489583327
,38.29958893906246,34.741859854632956,0.029999999999999999,0.2849609374999999
,38.399587864062369,35.560502544976288,0.029999999999999999,0.28597819010416659
,38.499586789062505,36.940608787121143,0.029999999999999999,0.28699544270833327
,38.599585714062414,37.084306758655757,0.029999999999999999,0.2880126953124999
,38.699584639843806,36.149214661161878,0.029999999999999999,0.2880126953124999
,38.799583564062459,35.704768929950809,0.029999999999999999,0.2880126953124999
,38.899582485937572,33.957520904221013,0.029999999999999999,0.28597819010416659
,38.999581407031201,34.681589209990577,0.029999999999999999,0.28699544270833327
,39.099580328906313,35.500373896754247,0.029999999999999999,0.28699544270833327
,39.199579250781198,35.488346919876001,0.029999999999999999,0.28699544270833327
,39.299578171875055,35.800913326282391,0.029999999999999999,0.28699544270833327
,39.39957709374994,36.796851926703233,0.029999999999999999,0.2880126953124999
,39.499576014843797,38.052735252747837,0.029999999999999999,0.28902994791666659
,39.599574936718682,37.861651596599373,0.029999999999999999,0.29004720052083327
,39.699573858593794,37.227945939732798,0.029999999999999999,0.29004720052083327
,39.799572782812447,35.9090440732001,0.029999999999999999,0.28902994791666659
,39.899571711718636,34.392143917402592,0.029999999999999999,0.2880126953124999
,39.999570639843796,35.33195835453752,0.029999999999999999,0.2880126953124999
,40.099569568749985,36.401216110100847,0.029999999999999999,0.2880126953124999
,40.199568497656173,36.73693583104307,0.029999999999999999,0.2880126953124999
,40.299567425781333,36.784869527068757,0.029999999999999999,0.2880126953124999
,40.399566354687522,37.610697083440684,0.029999999999999999,0.28902994791666659
,40.499565282812455,38.363025892895948,0.029999999999999999,0.29004720052083327
,40.599564211718643,38.136301843192442,0.029999999999999999,0.29004720052083327
,40.69956314062506,37.670464368996306,0.029999999999999999,0.29004720052083327
,40.799562070312504,37.227945939732798,0.029999999999999999,0.29004720052083327
,40.899560999999949,35.704768929950809,0.029999999999999999,0.28902994791666659
,40.999559929687393,36.605084337589858,0.029999999999999999,0.28902994791666659
,41.099558860156321,37.62265135185757,0.029999999999999999,0.28902994791666659
,41.199557789843766,37.383488823213519,0.029999999999999999,0.28902994791666659
,41.299556719531211,37.550919653726382,0.029999999999999999,0.28902994791666659
,41.399555649218655,38.351096671371707,0.029999999999999999,0.29004720052083327
,41.499554578906327,39.387440283674266,0.029999999999999999,0.2910644531249999
,41.599553508593772,38.506145195654149,0.029999999999999999,0.29004720052083327
,41.699552439062472,37.801916724717657,0.029999999999999999,0.29004720052083327
,41.799551367187405,37.25188009441257,0.029999999999999999,0.28902994791666659
,41.899550296093821,36.10119376532559,0.029999999999999999,0.2880126953124999
,41.999549224218754,37.060361182060959,0.029999999999999999,0.2880126953124999
,42.099548153124942,38.124364969118659,0.029999999999999999,0.2880126953124999
,42.199547081249875,38.255648413167904,0.029999999999999999,0.2880126953124999
,42.299546009375035,39.113758360892191,0.029999999999999999,0.28902994791666659
,42.399544938281224,40.230961469763699,0.029999999999999999,0.29004720052083327
,42.499543866406157,41.119851545432233,0.029999999999999999,0.2910644531249999
,42.599542794531317,40.705310058582008,0.029999999999999999,0.29208170572916659
,42.699541721874994,40.124146421035036,0.029999999999999999,0.29208170572916659
,42.799540645312391,39.577703690220602,0.029999999999999999,0.29208170572916659
,42.899539569531271,37.718270898411447,0.029999999999999999,0.29004720052083327
,42.999538493749924,37.885542712924241,0.029999999999999999,0.29004720052083327
,43.099537417187548,38.470370794344412,0.029999999999999999,0.29004720052083327
,43.199536341406201,38.506145195654149,0.029999999999999999,0.28902994791666659
,43.299535265625082,38.768380484384465,0.029999999999999999,0.28902994791666659
,43.399534189062479,39.839150198148239,0.029999999999999999,0.29004720052083327
,43.499533113281132,40.847492429286575,0.029999999999999999,0.2910644531249999
,43.599532037500012,40.017299466810478,0.029999999999999999,0.2910644531249999
,43.699530962499921,39.470693027424794,0.029999999999999999,0.2910644531249999
,43.799529888281313,39.256575197192873,0.029999999999999999,0.2910644531249999
,43.899528813281222,38.088551926685668,0.029999999999999999,0.28902994791666659
,43.999527739062387,38.839865550388446,0.029999999999999999,0.28902994791666659
,44.099526664843779,39.399334724420861,0.029999999999999999,0.28902994791666659
,44.199525590624944,39.601479474943993,0.029999999999999999,0.28902994791666659
,44.299524516406336,39.898543159270304,0.029999999999999999,0.28902994791666659
,44.399523442187501,40.551215589400108,0.029999999999999999,0.29004720052083327
,44.499522367968666,41.923885501244321,0.029999999999999999,0.2910644531249999
,44.599521292968802,41.344688528756393,0.029999999999999999,0.2910644531249999
,44.699520215624943,40.776408278932095,0.029999999999999999,0.2910644531249999
,44.799519138281312,40.064790943575368,0.029999999999999999,0.29004720052083327
,44.899518060937453,38.506145195654149,0.029999999999999999,0.28902994791666659
,44.999516984375077,38.756464906050937,0.029999999999999999,0.2880126953124999
,45.099515907031218,39.458800969676638,0.029999999999999999,0.2880126953124999
,45.199514829687587,39.732217963610751,0.029999999999999999,0.2880126953124999
,45.299513752343728,39.993551362267688,0.029999999999999999,0.2880126953124999
,45.399512674999869,40.586781725410518,0.029999999999999999,0.28902994791666659
,45.499511597656237,41.581207657541782,0.029999999999999999,0.28902994791666659
,45.599510523437402,41.025141327645798,0.029999999999999999,0.28902994791666659
,45.69950945390633,40.646050785052346,0.029999999999999999,0.29004720052083327
,45.799508384375031,40.076662827192067,0.029999999999999999,0.28902994791666659
,45.899507314062475,38.696881008150122,0.029999999999999999,0.2880126953124999
,45.999506244531176,39.208975957556412,0.029999999999999999,0.28699544270833327
,46.099505174999877,39.779747356144647,0.029999999999999999,0.28699544270833327
,46.199504105468804,39.85102958061956,0.029999999999999999,0.28699544270833327
,46.299503035937505,39.672797318407049,0.029999999999999999,0.28597819010416659
,46.399501966406206,41.036981468123933,0.029999999999999999,0.28699544270833327
,46.499500896874906,42.254439250737597,0.029999999999999999,0.2880126953124999
,46.599499823437554,42.006552223141306,0.029999999999999999,0.2880126953124999
,46.699498749999975,41.261870174067099,0.029999999999999999,0.2880126953124999
,46.79949767578114,40.432636321449692,0.029999999999999999,0.28699544270833327
,46.899496601562532,38.863690705551264,0.029999999999999999,0.28597819010416659
,46.999495527343697,39.518257289275347,0.029999999999999999,0.28597819010416659
,47.099494453906118,40.622344335918257,0.029999999999999999,0.28597819010416659
,47.19949337968751,39.946050418627813,0.029999999999999999,0.2849609374999999
,47.299492305468675,40.195359996065633,0.029999999999999999,0.2849609374999999
,47.399491231250067,41.344688528756393,0.029999999999999999,0.2849609374999999
,47.499490157031232,42.879307164447241,0.029999999999999999,0.28597819010416659
,47.599489083593653,42.254439250737597,0.029999999999999999,0.28597819010416659
,47.699488010156301,41.392004761860917,0.029999999999999999,0.28597819010416659
,47.799486936718722,41.167197311170327,0.029999999999999999,0.28597819010416659
,47.899485862499887,39.220876364631366,0.029999999999999999,0.28394368489583327
,47.999484789062535,39.803509679099058,0.029999999999999999,0.28394368489583327
,48.099483715624956,39.87478716008011,0.029999999999999999,0.28292643229166659
,48.199482642187377,39.839150198148239,0.029999999999999999,0.28292643229166659
,48.299481567968769,40.242827840802654,0.029999999999999999,0.2819091796874999
,48.39948049453119,41.226370766200084,0.029999999999999999,0.28292643229166659
,48.499479420312582,42.478572084662495,0.029999999999999999,0.28394368489583327
,48.599478345312491,41.829386118578761,0.029999999999999999,0.28394368489583327
,48.699477269531144,41.001459877631007,0.029999999999999999,0.28394368489583327
,48.79947619453128,40.005425611765631,0.029999999999999999,0.2819091796874999
,48.899475118749933,38.386883129398022,0.029999999999999999,0.27682291666666659
,48.99947404375007,38.816038795439866,0.029999999999999999,0.27987467447916659
,49.099472967968723,39.720334626270819,0.029999999999999999,0.2788574218749999
,49.199471892968631,39.458800969676638,0.029999999999999999,0.2788574218749999
,49.299470817187512,40.397054890901927,0.029999999999999999,0.2788574218749999
,49.399469742187421,41.23820429080758,0.029999999999999999,0.27987467447916659
,49.499468670312581,42.407808245195255,0.029999999999999999,0.27987467447916659
,49.599467601562537,41.959316408037459,0.029999999999999999,0.27987467447916659
,49.699466532812494,41.250037426744804,0.029999999999999999,0.27987467447916659
,49.79946546406245,40.456355312825842,0.029999999999999999,0.2788574218749999
,49.899464395312407,38.363025892895948,0.029999999999999999,0.27784016927083327
,49.999463326562363,38.661125862395643,0.029999999999999999,0.27682291666666659
,50.099462257812547,39.304168069155317,0.029999999999999999,0.27682291666666659
,50.199461189062504,39.803509679099058,0.029999999999999999,0.27682291666666659
,50.29946012031246,40.136016334618866,0.029999999999999999,0.27682291666666659
,50.399459051562417,40.989618567983406,0.029999999999999999,0.27784016927083327
,50.499457980468833,41.072499552106478,0.029999999999999999,0.27784016927083327
,50.599456909375021,40.68160752305883,0.029999999999999999,0.27784016927083327
,50.699455837499954,42.065588328125408,0.029999999999999999,0.27987467447916659
,50.799454766406143,39.744100905212186,0.029999999999999999,0.27784016927083327
,50.899453695312559,38.064674547655251,0.029999999999999999,0.27682291666666659
,50.999452624218748,38.708798588749104,0.029999999999999999,0.27682291666666659
,51.099451553124936,39.589591780787345,0.029999999999999999,0.27682291666666659
,51.199450481249869,39.732217963610751,0.029999999999999999,0.27682291666666659
,51.299449410156285,40.171623712558244,0.029999999999999999,0.27682291666666659
,51.399448338281218,40.88302923196413,0.029999999999999999,0.27784016927083327
,51.499447264062383,41.805757414943649,0.029999999999999999,0.2788574218749999
,51.599446189843775,41.013300797500015,0.029999999999999999,0.2788574218749999
,51.699445114843684,40.302153797052839,0.029999999999999999,0.2788574218749999
,51.799444040625076,39.88666535718103,0.029999999999999999,0.2788574218749999
,51.899442966406241,38.756464906050937,0.029999999999999999,0.27784016927083327
,51.99944189140615,39.363650210037328,0.029999999999999999,0.27784016927083327
,52.099440817187542,39.601479474943993,0.029999999999999999,0.27784016927083327
,52.199439742968707,39.577703690220602,0.029999999999999999,0.27682291666666659
,52.299438667968616,39.577703690220602,0.029999999999999999,0.27682291666666659
,52.39943759531252,40.361469926837415,0.029999999999999999,0.27784016927083327
,52.499436523437453,42.041975040932329,0.029999999999999999,0.27987467447916659
,52.599435451562385,41.510268195808976,0.029999999999999999,0.27987467447916659
,52.699434379687546,40.586781725410518,0.029999999999999999,0.27987467447916659
,52.799433307812478,39.767865601423196,0.029999999999999999,0.2788574218749999
,52.899432235937411,38.172110045993897,0.029999999999999999,0.27784016927083327
,52.999431163281315,38.79221044025531,0.029999999999999999,0.27784016927083327
,53.099430091406248,39.827270420441621,0.029999999999999999,0.27784016927083327
,53.199429019531181,39.137565150855103,0.029999999999999999,0.27784016927083327
,53.299427947656113,39.767865601423196,0.029999999999999999,0.27784016927083327
,53.399426873437505,40.68160752305883,0.029999999999999999,0.2788574218749999
,53.49942579921867,41.593029546109562,0.029999999999999999,0.27987467447916659
,53.599424724218807,41.084338134468247,0.029999999999999999,0.27987467447916659
,53.699423649999972,40.266559402924415,0.029999999999999999,0.27987467447916659
,53.799422575781136,39.351754577034747,0.029999999999999999,0.2788574218749999
,53.899421500781273,38.184045307309511,0.029999999999999999,0.27784016927083327
,53.999420426562438,38.708798588749104,0.029999999999999999,0.27784016927083327
,54.09941935234383,39.553926319632772,0.029999999999999999,0.27682291666666659
,54.199418277343739,39.62525367425102,0.029999999999999999,0.27682291666666659
,54.299417204687416,39.957926246496669,0.029999999999999999,0.27682291666666659
,54.399416135156116,40.68160752305883,0.029999999999999999,0.27784016927083327
,54.499415065625044,41.711227155290693,0.029999999999999999,0.2788574218749999
,54.599413996093745,41.545739669219714,0.029999999999999999,0.2788574218749999
,54.699412926562445,41.084338134468247,0.029999999999999999,0.2788574218749999
,54.799411857031146,39.993551362267688,0.029999999999999999,0.27784016927083327
,54.899410786718818,38.482295996398847,0.029999999999999999,0.27682291666666659
,54.999409717187518,38.732632548306199,0.029999999999999999,0.2758056640624999
,55.099408647656219,39.63714017951331,0.029999999999999999,0.2758056640624999
,55.199407578124919,40.064790943575368,0.029999999999999999,0.2758056640624999
,55.299406507031335,40.871184021479081,0.029999999999999999,0.27682291666666659
,55.399405435156268,41.131688570564599,0.029999999999999999,0.27682291666666659
,55.499404362499945,42.219037196070907,0.029999999999999999,0.27784016927083327
,55.599403290624878,41.770311464222004,0.029999999999999999,0.2788574218749999
,55.699402217968782,41.392004761860917,0.029999999999999999,0.2788574218749999
,55.799401146093714,41.096176327439501,0.029999999999999999,0.2788574218749999
,55.899400074218647,39.815390247443879,0.029999999999999999,0.27784016927083327
,55.999399001562551,40.302153797052839,0.029999999999999999,0.27784016927083327
,56.099397929687484,41.025141327645798,0.029999999999999999,0.27784016927083327
,56.199396857031161,40.337744653653665,0.029999999999999999,0.27784016927083327
,56.299395779687529,40.717160739565941,0.029999999999999999,0.27784016927083327
,56.399394700781158,41.675771932866688,0.029999999999999999,0.2788574218749999
,56.499393621875015,43.02063780356152,0.029999999999999999,0.27987467447916659
,56.599392542968644,42.454985670281296,0.029999999999999999,0.27987467447916659
,56.699391464062501,42.077394394486888,0.029999999999999999,0.28089192708333327
,56.799390385937386,41.486618609971281,0.029999999999999999,0.27987467447916659
,56.899389307031242,39.351754577034747,0.029999999999999999,0.27784016927083327
,56.999388228124872,39.553926319632772,0.029999999999999999,0.27784016927083327
,57.099387149218728,40.207227547450934,0.029999999999999999,0.27784016927083327
,57.199386071874869,40.432636321449692,0.029999999999999999,0.27784016927083327
,57.299385000000029,40.811952112108941,0.029999999999999999,0.27784016927083327
,57.399383928906218,41.959316408037459,0.029999999999999999,0.2788574218749999
,57.499382857031151,43.303134860967063,0.029999999999999999,0.27987467447916659
,57.599381785156311,42.70256669866631,0.029999999999999999,0.28089192708333327
,57.699380713281244,42.112810285291843,0.029999999999999999,0.28089192708333327
,57.799379642187432,41.486618609971281,0.029999999999999999,0.27987467447916659
,57.899378570312365,39.934174196026632,0.029999999999999999,0.2788574218749999
,57.999377498437525,40.53935942702541,0.029999999999999999,0.2788574218749999
,58.099376427343714,41.060660580298816,0.029999999999999999,0.2788574218749999
,58.199375356249902,40.93040617112478,0.029999999999999999,0.27784016927083327
,58.299374285156318,41.309197278314642,0.029999999999999999,0.27784016927083327
,58.399373214843763,42.101005373015049,0.029999999999999999,0.2788574218749999
,58.499372143749952,43.373724981516233,0.029999999999999999,0.27987467447916659
,58.59937107265614,42.985310282329031,0.029999999999999999,0.27987467447916659
,58.699370002343812,42.502156967521572,0.029999999999999999,0.27987467447916659
,58.799368931250001,41.675771932866688,0.029999999999999999,0.27987467447916659
,58.89936786015619,40.290289392142917,0.029999999999999999,0.27784016927083327
,58.999366789843634,41.202702550752797,0.029999999999999999,0.2788574218749999
,59.09936571875005,41.557562719152109,0.029999999999999999,0.27784016927083327
,59.199364645312471,41.462967474099983,0.029999999999999999,0.27784016927083327
,59.299363571874892,41.687590726892253,0.029999999999999999,0.27784016927083327
,59.399362497656284,42.926423469073498,0.029999999999999999,0.2788574218749999
,59.499361423437449,43.879222572045798,0.029999999999999999,0.27987467447916659
,59.59936034999987,43.232531094696,0.029999999999999999,0.27987467447916659
,59.699359275781262,43.126599833755272,0.029999999999999999,0.28089192708333327
,59.799358201562427,42.089200076098408,0.029999999999999999,0.27987467447916659
,59.899357127343819,40.408915760289908,0.029999999999999999,0.2788574218749999
,59.99935605390624,40.918562521640567,0.029999999999999999,0.2788574218749999
,60.099354979687405,41.60485104766618,0.029999999999999999,0.27784016927083327
,60.199353904687541,41.557562719152109,0.029999999999999999,0.27784016927083327
,60.299352830468706,42.183631684597955,0.029999999999999999,0.27784016927083327
,60.399351755468615,43.150142771632545,0.029999999999999999,0.2788574218749999
,60.499350681250007,43.996680252453878,0.029999999999999999,0.27987467447916659
,60.599349606249916,43.667703863542783,0.029999999999999999,0.27987467447916659
,60.699348531250052,42.454985670281296,0.029999999999999999,0.2788574218749999
,60.799347457031217,41.971125939626795,0.029999999999999999,0.2788574218749999
,60.899346382031126,40.93040617112478,0.029999999999999999,0.27784016927083327
,60.999345307031263,41.935696188901304,0.029999999999999999,0.27784016927083327
,61.099344232812427,42.230838264976036,0.029999999999999999,0.27784016927083327
,61.19934315859382,42.171829079004453,0.029999999999999999,0.27682291666666659
,61.299342084374985,42.891086811991237,0.029999999999999999,0.27682291666666659
,61.399341010156149,44.102360029447745,0.029999999999999999,0.2788574218749999
,61.499339935156286,44.946707058595948,0.029999999999999999,0.27987467447916659
,61.599338860937451,44.348828010373175,0.029999999999999999,0.27987467447916659
,61.699337786718615,43.420777486748484,0.029999999999999999,0.27987467447916659
,61.799336712500008,42.891086811991237,0.029999999999999999,0.27987467447916659
,61.899335638281173,41.60485104766618,0.029999999999999999,0.2788574218749999
,61.999334564062565,42.077394394486888,0.029999999999999999,0.27784016927083327
,62.09933348984373,43.008862343583061,0.029999999999999999,0.27784016927083327
,62.199332417187406,42.796838960117903,0.029999999999999999,0.27682291666666659
,62.299331343750055,43.091282577797962,0.029999999999999999,0.27784016927083327
,62.399330270312475,43.973191724784861,0.029999999999999999,0.27784016927083327
,62.499329197656152,45.40325641357277,0.029999999999999999,0.27987467447916659
,62.5993281242188,44.442677139377146,0.029999999999999999,0.2788574218749999
,62.699327050781221,43.691211974176298,0.029999999999999999,0.27987467447916659
,62.799325978124898,43.0441875824947,0.029999999999999999,0.2788574218749999
,62.899324904687546,41.663952752216602,0.029999999999999999,0.27682291666666659
,62.999323832031223,41.935696188901304,0.029999999999999999,0.27682291666666659
,63.099322760156156,43.138371492600236,0.029999999999999999,0.27682291666666659
,63.199321688281316,42.808621275925603,0.029999999999999999,0.27682291666666659
,63.299320616406249,43.314900828359654,0.029999999999999999,0.27682291666666659
,63.399319545312437,44.688917360731089,0.029999999999999999,0.2788574218749999
,63.49931847343737,45.777441293198514,0.029999999999999999,0.27987467447916659
,63.59931740156253,45.40325641357277,0.029999999999999999,0.27987467447916659
,63.699316329687463,44.911564517049406,0.029999999999999999,0.27987467447916659
,63.799315257812395,44.161057877046041,0.029999999999999999,0.27987467447916659
,63.899314185937556,42.584692003131984,0.029999999999999999,0.27784016927083327
,63.99931311171872,42.820403210388484,0.029999999999999999,0.27784016927083327
,64.099312035937373,43.691211974176298,0.029999999999999999,0.27784016927083327
,64.199310960156254,43.47958460240153,0.029999999999999999,0.27784016927083327
,64.299309883593651,43.92621015769766,0.029999999999999999,0.27784016927083327
,64.399308807812531,44.99355858064925,0.029999999999999999,0.2788574218749999
,64.499307732031184,46.279659745545629,0.029999999999999999,0.27987467447916659
,64.599306656250064,45.531925036294027,0.029999999999999999,0.27987467447916659
,64.699305579687461,45.122369650099849,0.029999999999999999,0.28089192708333327
,64.799304503906114,44.208009403469305,0.029999999999999999,0.27987467447916659
,64.899303428124995,43.079509399155825,0.029999999999999999,0.2788574218749999
,64.999302353124904,43.655949242217197,0.029999999999999999,0.27784016927083327
,65.09930127812504,44.290160144811878,0.029999999999999999,0.2788574218749999
,65.199300202343693,44.278425448485201,0.029999999999999999,0.27784016927083327
,65.299299127343829,44.243219112100441,0.029999999999999999,0.27784016927083327
,65.399298052343738,45.777441293198514,0.029999999999999999,0.27987467447916659
,65.499296977343647,47.130718650913096,0.029999999999999999,0.28089192708333327
,65.599295902343783,46.827823687368131,0.029999999999999999,0.28089192708333327
,65.699294827343692,46.022795427191703,0.029999999999999999,0.2819091796874999
,65.799293752343829,44.665472999040624,0.029999999999999999,0.28089192708333327
,65.899292677343738,43.550140660216663,0.029999999999999999,0.27987467447916659
,65.99929160546867,44.642027146373984,0.029999999999999999,0.27987467447916659
,66.099290532812574,45.169198916077562,0.029999999999999999,0.27987467447916659
,66.199289460937507,44.770960891457015,0.029999999999999999,0.2788574218749999
,66.29928838906244,44.876418631020513,0.029999999999999999,0.2788574218749999
,66.399287316406117,46.139573891222923,0.029999999999999999,0.28089192708333327
,66.499286244531277,47.223867903474712,0.029999999999999999,0.2819091796874999
,66.599285171874953,46.874438852862674,0.029999999999999999,0.2819091796874999
,66.699284099999886,45.88261288771789,0.029999999999999999,0.2819091796874999
,66.799283028125046,45.461747687047634,0.029999999999999999,0.2819091796874999
,66.899281955468723,43.796979804516191,0.029999999999999999,0.27987467447916659
,66.9992808828124,45.508534062132966,0.029999999999999999,0.28089192708333327
,67.099279810156304,45.414955406742898,0.029999999999999999,0.28089192708333327
,67.199278738281237,45.145785024148914,0.029999999999999999,0.27987467447916659
,67.299277665624913,46.069511207796758,0.029999999999999999,0.27987467447916659
,67.399276592968818,46.757890053676363,0.029999999999999999,0.2819091796874999
,67.499275520312494,48.188933075100174,0.029999999999999999,0.28292643229166659
,67.599274448437427,47.572972050299278,0.029999999999999999,0.28292643229166659
,67.699273375781331,47.270433863961792,0.029999999999999999,0.28292643229166659
,67.799272303125008,46.536347248123114,0.029999999999999999,0.28292643229166659
,67.899271232031197,45.07553445391499,0.029999999999999999,0.2819091796874999
,67.999270161718641,45.239431703452468,0.029999999999999999,0.2819091796874999
,68.099269091406313,45.917663475392601,0.029999999999999999,0.2819091796874999
,68.199268020312502,45.92934627058245,0.029999999999999999,0.28089192708333327
,68.299266949999947,46.478024675995123,0.029999999999999999,0.28089192708333327
,68.399265879687391,47.351910406389592,0.029999999999999999,0.2819091796874999
,68.499264809375063,48.757515130955866,0.029999999999999999,0.28394368489583327
,68.599263739062508,49.058866160536809,0.029999999999999999,0.2849609374999999
,68.699262667968696,48.212157224461905,0.029999999999999999,0.2849609374999999
,68.799261597656141,47.119073368470289,0.029999999999999999,0.2849609374999999
,68.899260518749998,45.180905306381419,0.029999999999999999,0.28292643229166659
,68.999259439843627,46.151249723941682,0.029999999999999999,0.28292643229166659
,69.099258360156227,47.247151605513466,0.029999999999999999,0.28292643229166659
,69.199257281250084,46.384689608331193,0.029999999999999999,0.2819091796874999
,69.299256201562457,46.956001434438775,0.029999999999999999,0.28292643229166659
,69.399255122656314,47.840399425738561,0.029999999999999999,0.28292643229166659
,69.499254042968687,49.000932582775889,0.029999999999999999,0.2849609374999999
,69.599252964062543,49.116790921703945,0.029999999999999999,0.2849609374999999
,69.699251884374917,48.177320465531977,0.029999999999999999,0.2849609374999999
,69.799250806250029,47.7008957809904,0.029999999999999999,0.2849609374999999
,69.899249731249938,46.116221127840483,0.029999999999999999,0.28394368489583327
,69.999248656250074,46.956001434438775,0.029999999999999999,0.28394368489583327
,70.099247580468727,47.898510715885187,0.029999999999999999,0.28292643229166659
,70.199246505468636,47.921752726065684,0.029999999999999999,0.28292643229166659
,70.299245430468773,48.130866460112351,0.029999999999999999,0.28394368489583327
,70.399244355468682,48.699535601152398,0.029999999999999999,0.28394368489583327
,70.499243280468818,50.238795894426694,0.029999999999999999,0.28597819010416659
,70.599242204687471,49.695555061253188,0.029999999999999999,0.28597819010416659
,70.69924112968738,49.533589529197947,0.029999999999999999,0.28597819010416659
,70.799240056250028,49.290512371169022,0.029999999999999999,0.28699544270833327
,70.899238982031193,48.119252066706828,0.029999999999999999,0.28597819010416659
,70.999237908593614,48.223768764360997,0.029999999999999999,0.28597819010416659
,71.099236834375006,49.267354086103289,0.029999999999999999,0.28699544270833327
,71.199235760937427,49.97305083594992,0.029999999999999999,0.28699544270833327
,71.299234686718819,50.204143929135043,0.029999999999999999,0.2880126953124999
,71.39923361328124,51.08103356415819,0.029999999999999999,0.28902994791666659
,71.499232539843661,51.725891719144414,0.029999999999999999,0.29004720052083327
,71.599231465625053,51.702879520423124,0.029999999999999999,0.29208170572916659
,71.699230392187474,50.192592579120934,0.029999999999999999,0.2910644531249999
,71.799229317187383,49.406282707927652,0.029999999999999999,0.2910644531249999
,71.899228242187519,47.968232452962184,0.029999999999999999,0.29004720052083327
,71.999227167187428,48.618349377709876,0.029999999999999999,0.29004720052083327
,72.09922609296882,49.232614020470159,0.029999999999999999,0.29004720052083327
,72.199225017968729,48.815485810041174,0.029999999999999999,0.28902994791666659
,72.299223942968638,49.498873696167678,0.029999999999999999,0.29004720052083327
,72.399222867968774,50.157936443599603,0.029999999999999999,0.2910644531249999
,72.499221792968683,51.507220755745479,0.029999999999999999,0.29208170572916659
,72.599220717968819,50.815869505957849,0.029999999999999999,0.29208170572916659
,72.699219643749984,50.873529358106325,0.029999999999999999,0.29309895833333327
,72.799218568749893,49.926815500999304,0.029999999999999999,0.29208170572916659
,72.899217493750029,48.815485810041174,0.029999999999999999,0.2910644531249999
,72.999216419531194,49.417857809731856,0.029999999999999999,0.2910644531249999
,73.099215344531331,50.504357211472808,0.029999999999999999,0.2910644531249999
,73.19921426953124,50.215694931656046,0.029999999999999999,0.2910644531249999
,73.299213195312404,50.238795894426694,0.029999999999999999,0.2910644531249999
,73.399212120312541,51.438141160814624,0.029999999999999999,0.29208170572916659
,73.49921104531245,52.231816066455806,0.029999999999999999,0.29309895833333327
,73.599209971093615,52.266287001310076,0.029999999999999999,0.2941162109374999
,73.699208896875007,51.438141160814624,0.029999999999999999,0.2941162109374999
,73.799207822656172,50.965767211089869,0.029999999999999999,0.2941162109374999
,73.899206748437564,48.62994847318852,0.029999999999999999,0.29208170572916659
,73.999205674999985,49.626149665019121,0.029999999999999999,0.29208170572916659
,74.09920460078115,50.134830614832651,0.029999999999999999,0.29208170572916659
,74.199203527343798,49.938374857720731,0.029999999999999999,0.2910644531249999
,74.299202453124963,50.861998076850853,0.029999999999999999,0.2910644531249999
,74.399201378906128,51.679865958631055,0.029999999999999999,0.29309895833333327
,74.499200305468776,53.390671547184667,0.029999999999999999,0.2941162109374999
,74.599199231249941,52.782986486488497,0.029999999999999999,0.2941162109374999
,74.699198160156129,52.955068240755523,0.029999999999999999,0.29513346354166659
,74.799197089843801,51.806423686428445,0.029999999999999999,0.2941162109374999
,74.899196019531246,50.354279876371734,0.029999999999999999,0.29309895833333327
,74.99919494921869,51.000350727387769,0.029999999999999999,0.29309895833333327
,75.099193878906135,51.207786874205254,0.029999999999999999,0.29309895833333327
,75.199192808593807,51.150176882170058,0.029999999999999999,0.29309895833333327
,75.299191738281252,51.24234875320272,0.029999999999999999,0.29309895833333327
,75.39919066718744,52.518980926930169,0.029999999999999999,0.2941162109374999
,75.499189596874885,53.413584682571482,0.029999999999999999,0.29513346354166659
,75.599188526562557,53.482316094791173,0.029999999999999999,0.29615071614583327
,75.69918745468749,52.53046313339847,0.029999999999999999,0.29615071614583327
,75.799186382031166,52.024926450265141,0.029999999999999999,0.29615071614583327
,75.899185310156327,50.088614783218851,0.029999999999999999,0.2941162109374999
,75.999184238281259,51.288426459163176,0.029999999999999999,0.29513346354166659
,76.099183166406192,51.645343059284698,0.029999999999999999,0.2941162109374999
,76.199182093749869,51.829429756423821,0.029999999999999999,0.2941162109374999
,76.299181021875029,52.553426535163922,0.029999999999999999,0.2941162109374999
,76.399179949999962,53.425040750516544,0.029999999999999999,0.29513346354166659
,76.499178878124894,54.626083976445102,0.029999999999999999,0.29615071614583327
,76.599177806250054,53.676990061511518,0.029999999999999999,0.29615071614583327
,76.699176734374987,53.172930220104774,0.029999999999999999,0.2971679687499999
,76.799175661718664,52.03642319936236,0.029999999999999999,0.29615071614583327
,76.899174589843824,50.619761503067352,0.029999999999999999,0.29513346354166659
,76.999173517187501,51.161699566855376,0.029999999999999999,0.29513346354166659
,77.099172445312433,51.955938827982834,0.029999999999999999,0.29513346354166659
,77.199171372656338,52.323731795051955,0.029999999999999999,0.29513346354166659
,77.29917030078127,52.805935083980486,0.029999999999999999,0.29513346354166659
,77.399169228124947,54.066050416353221,0.029999999999999999,0.29615071614583327
,77.49916815624988,54.443302699127429,0.029999999999999999,0.2971679687499999
,77.599167083593784,54.454728991260737,0.029999999999999999,0.29818522135416659
,77.699166010156205,53.654092226431928,0.029999999999999999,0.29818522135416659
,77.799164937499881,52.587869110651198,0.029999999999999999,0.2971679687499999
,77.899163864843786,51.104082710487575,0.029999999999999999,0.29615071614583327
,77.999162791406206,51.564777689198266,0.029999999999999999,0.29513346354166659
,78.099161718749883,52.45008060669953,0.029999999999999999,0.29615071614583327
,78.199160646093787,52.461564836686762,0.029999999999999999,0.29513346354166659
,78.299159573437464,53.081213586080523,0.029999999999999999,0.29513346354166659
,78.399158499999885,54.088924410819672,0.029999999999999999,0.29615071614583327
,78.499157425781277,55.139707099898203,0.029999999999999999,0.29818522135416659
,78.599156347656162,55.185330520029879,0.029999999999999999,0.29818522135416659
,78.699155270312531,53.883010869322248,0.029999999999999999,0.29818522135416659
,78.799154192968672,53.218780514287118,0.029999999999999999,0.2971679687499999
,78.899153114843784,51.426626698460552,0.029999999999999999,0.29615071614583327
,78.999152037499925,52.185850082069479,0.029999999999999999,0.29513346354166659
,79.099150960156294,52.53046313339847,0.029999999999999999,0.29513346354166659
,79.199149882031179,52.185850082069479,0.029999999999999999,0.2941162109374999
,79.299148804687547,52.794460953183943,0.029999999999999999,0.2941162109374999
,79.399147727343689,53.425040750516544,0.029999999999999999,0.29513346354166659
,79.499146649218801,54.945749419470886,0.029999999999999999,0.29615071614583327
,79.599145571874942,54.557550842118545,0.029999999999999999,0.29615071614583327
,79.699144493750055,54.671766176268761,0.029999999999999999,0.29615071614583327
,79.799143416406196,53.551035524633889,0.029999999999999999,0.29513346354166659
,79.899142339062564,52.40414031191662,0.029999999999999999,0.2941162109374999
,79.999141261718705,52.771511683843102,0.029999999999999999,0.2941162109374999
,80.099140183593818,53.860124970958168,0.029999999999999999,0.2941162109374999
,80.199139106249959,53.218780514287118,0.029999999999999999,0.29309895833333327
,80.299138028906327,53.459406955968277,0.029999999999999999,0.2941162109374999
,80.399136950781212,54.340451277213049,0.029999999999999999,0.2941162109374999
,80.499135877343633,55.515944848604732,0.029999999999999999,0.29513346354166659
,80.599134804687537,55.276561747979073,0.029999999999999999,0.29615071614583327
,80.699133732031214,54.717443134737223,0.029999999999999999,0.29615071614583327
,80.799132658593635,54.500430874877779,0.029999999999999999,0.29615071614583327
,80.899131585937539,52.53046313339847,0.029999999999999999,0.2941162109374999
,80.999130513281216,53.51667730682405,0.029999999999999999,0.2941162109374999
,81.099129439843637,54.340451277213049,0.029999999999999999,0.2941162109374999
,81.199128367187541,53.860124970958168,0.029999999999999999,0.2941162109374999
,81.299127293749962,54.134668438262125,0.029999999999999999,0.2941162109374999
,81.399126221874894,55.242352475793965,0.029999999999999999,0.29513346354166659
,81.499125151562566,56.028428281271928,0.029999999999999999,0.29615071614583327
,81.599124080468755,55.413369607241762,0.029999999999999999,0.29615071614583327
,81.6991230101562,55.139707099898203,0.029999999999999999,0.29615071614583327
,81.799121939062388,53.814349199784274,0.029999999999999999,0.29513346354166659
,81.89912086875006,52.691178654437678,0.029999999999999999,0.2941162109374999
,81.999119798437505,52.955068240755523,0.029999999999999999,0.2941162109374999
,82.099118727343694,53.722781748304726,0.029999999999999999,0.2941162109374999
,82.199117657031138,54.351880528494704,0.029999999999999999,0.2941162109374999
,82.299116585937554,54.386166308564952,0.029999999999999999,0.2941162109374999
,82.399115512499975,55.709626536337183,0.029999999999999999,0.29513346354166659
,82.499114436718628,56.335605431590523,0.029999999999999999,0.29615071614583327
,82.599113360937508,55.777962477988865,0.029999999999999999,0.29615071614583327
,82.699112285156161,54.968572861001874,0.029999999999999999,0.29513346354166659
,82.799111209375042,53.814349199784274,0.029999999999999999,0.29513346354166659
,82.899110133593695,52.358194614942164,0.029999999999999999,0.29309895833333327
,82.999109057812575,52.53046313339847,0.029999999999999999,0.29208170572916659
,83.099107982031228,54.111797084654512,0.029999999999999999,0.29309895833333327
,83.199106906249881,53.928778693630392,0.029999999999999999,0.29208170572916659
,83.299105830468761,54.648925731727743,0.029999999999999999,0.29309895833333327
,83.399104760156206,55.436166374285577,0.029999999999999999,0.2941162109374999
,83.499103689062395,56.494790490418538,0.029999999999999999,0.29513346354166659
,83.599102618750067,56.619820515628732,0.029999999999999999,0.29513346354166659
,83.699101548437511,55.276561747979073,0.029999999999999999,0.29513346354166659
,83.799100478124956,54.603240910017973,0.029999999999999999,0.2941162109374999
,83.8990994078124,52.702655810162454,0.029999999999999999,0.29309895833333327
,83.999098337500072,53.940219822415315,0.029999999999999999,0.29309895833333327
,84.099097267187517,54.683185907137087,0.029999999999999999,0.29309895833333327
,84.199096196093706,54.591818884999327,0.029999999999999999,0.29208170572916659
,84.299095124999894,55.014215829140369,0.029999999999999999,0.29309895833333327
,84.399094050000031,55.766573961474279,0.029999999999999999,0.29309895833333327
,84.499092975781195,57.403221864896068,0.029999999999999999,0.29513346354166659
,84.599091900781332,56.381093276591955,0.029999999999999999,0.29513346354166659
,84.699090825781241,55.755185122188635,0.029999999999999999,0.29513346354166659
,84.799089751562406,54.865857090579553,0.029999999999999999,0.2941162109374999
,84.899088676562542,53.43649648536389,0.029999999999999999,0.29309895833333327
,84.999087601562451,53.482316094791173,0.029999999999999999,0.29208170572916659
,85.099086527343616,54.46615495485203,0.029999999999999999,0.29208170572916659
,85.199085452343752,54.785948751946009,0.029999999999999999,0.29208170572916659
,85.299084379687429,55.037035356551399,0.029999999999999999,0.29208170572916659
,85.399083307812361,56.073950778250463,0.029999999999999999,0.29309895833333327
,85.499082235937522,57.278432898954108,0.029999999999999999,0.2941162109374999
,85.599081164062454,56.847048978676668,0.029999999999999999,0.29513346354166659
,85.699080092187387,55.925983843232501,0.029999999999999999,0.2941162109374999
,85.799079020312547,55.379172024142221,0.029999999999999999,0.2941162109374999
,85.89907794843748,54.306161548887161,0.029999999999999999,0.29309895833333327
,85.999076876562413,54.763114855072175,0.029999999999999999,0.29309895833333327
,86.099075804687573,55.242352475793965,0.029999999999999999,0.29208170572916659
,86.199074732812505,54.785948751946009,0.029999999999999999,0.29208170572916659
,86.29907366249995,55.299366304740772,0.029999999999999999,0.29208170572916659
,86.399072591406139,56.267364054712431,0.029999999999999999,0.29309895833333327
,86.499071520312555,57.584664931103845,0.029999999999999999,0.2941162109374999
,86.599070448437487,57.074150223291184,0.029999999999999999,0.2941162109374999
,86.699069377343676,56.346977873135614,0.029999999999999999,0.2941162109374999
,86.799068306249865,55.777962477988865,0.029999999999999999,0.2941162109374999
,86.899067235156281,54.111797084654512,0.029999999999999999,0.29309895833333327
,86.999066164062469,54.626083976445102,0.029999999999999999,0.29309895833333327
,87.099065092968658,55.196735561628913,0.029999999999999999,0.29309895833333327
,87.199064020312562,55.584313766413359,0.029999999999999999,0.29309895833333327
,87.299062943749959,56.176357597992677,0.029999999999999999,0.29309895833333327
,87.399061866406328,57.323815127628194,0.029999999999999999,0.2941162109374999
,87.499060789062469,58.400164240200723,0.029999999999999999,0.29513346354166659
,87.599059712499866,57.732028066702441,0.029999999999999999,0.29615071614583327
,87.699058635156234,57.403221864896068,0.029999999999999999,0.29615071614583327
,87.799057557812375,55.834900220744444,0.029999999999999999,0.29513346354166659
,87.89905648125,54.740279649470111,0.029999999999999999,0.2941162109374999
,87.999055403906141,54.865857090579553,0.029999999999999999,0.29309895833333327
,88.099054326562509,55.333570703843122,0.029999999999999999,0.2941162109374999
,88.199053252343674,55.755185122188635,0.029999999999999999,0.2941162109374999
,88.299052182031119,55.857673060197115,0.029999999999999999,0.29309895833333327
,88.399051110937535,56.937904720545902,0.029999999999999999,0.29513346354166659
,88.499050040624979,58.037920422349245,0.029999999999999999,0.29615071614583327
,88.599048970312424,57.92465360256314,0.029999999999999999,0.29615071614583327
,88.699047899218613,57.006033184269981,0.029999999999999999,0.29615071614583327
,88.799046828906285,56.665276404741547,0.029999999999999999,0.29615071614583327
,88.899045758593729,54.820197144271674,0.029999999999999999,0.2941162109374999
,88.999044687499918,54.808781340494079,0.029999999999999999,0.2941162109374999
,89.099043617187363,55.504548895714422,0.029999999999999999,0.2941162109374999
,89.199042542968755,54.854442594222405,0.029999999999999999,0.29208170572916659
,89.299041467187408,55.903214871041939,0.029999999999999999,0.29309895833333327
,89.399040391406288,56.778893815731379,0.029999999999999999,0.29309895833333327
,89.499039315624941,58.615095579750573,0.029999999999999999,0.29513346354166659
,89.599038240625077,57.686691223970783,0.029999999999999999,0.29513346354166659
,89.69903716484373,57.051445812369266,0.029999999999999999,0.29513346354166659
,89.799036089062383,56.426576000305445,0.029999999999999999,0.2941162109374999
,89.899035013281264,54.351880528494704,0.029999999999999999,0.29309895833333327
,89.999033938281173,55.002805576345608,0.029999999999999999,0.29208170572916659
,90.099032862500053,55.595707453259422,0.029999999999999999,0.29208170572916659
,90.19903178593745,55.641278965937815,0.029999999999999999,0.29208170572916659
,90.29903071015633,56.369721795586628,0.029999999999999999,0.29208170572916659
,90.399029633593727,57.267086551492554,0.029999999999999999,0.29309895833333327
,90.49902855781238,58.422793877992007,0.029999999999999999,0.2941162109374999
,90.599027481250005,57.981290926373703,0.029999999999999999,0.2941162109374999
,90.699026405468658,57.57332710282266,0.029999999999999999,0.2941162109374999
,90.799025328906282,56.585725249073818,0.029999999999999999,0.2941162109374999
,90.899024253124935,55.139707099898203,0.029999999999999999,0.29309895833333327
,90.999023176562559,55.789350671782415,0.029999999999999999,0.29208170572916659
,91.099022100781212,55.789350671782415,0.029999999999999999,0.29208170572916659
,91.199021022656325,56.108089275855789,0.029999999999999999,0.2910644531249999
,91.299019945312466,56.358349994451075,0.029999999999999999,0.2910644531249999
,91.399018867968834,57.743361491774991,0.029999999999999999,0.29208170572916659
,91.499017790624976,58.309633233157157,0.029999999999999999,0.29309895833333327
,91.599016713281117,58.275678963964097,0.029999999999999999,0.2941162109374999
,91.699015635937485,57.516633237167326,0.029999999999999999,0.29309895833333327
,91.799014558593626,56.551627109841263,0.029999999999999999,0.29309895833333327
,91.899013481249995,55.493152618903309,0.029999999999999999,0.29208170572916659
,91.99901240312488,55.664062782153579,0.029999999999999999,0.2910644531249999
,92.09901132734376,56.881122265860171,0.029999999999999999,0.2910644531249999
,92.199010250781157,56.278738418679765,0.029999999999999999,0.2910644531249999
,92.299009175000037,57.153605676848088,0.029999999999999999,0.2910644531249999
,92.399008098437434,57.80002390593566,0.029999999999999999,0.29208170572916659
,92.499007022656315,59.597828855857543,0.029999999999999999,0.29309895833333327
,92.599005946093712,58.660329994566737,0.029999999999999999,0.29309895833333327
,92.699004870312365,57.754694602701747,0.029999999999999999,0.29309895833333327
,92.799003793749989,56.665276404741547,0.029999999999999999,0.29208170572916659
,92.899002717187386,55.151113443091802,0.029999999999999999,0.2910644531249999
,92.999001642187523,55.880444610163181,0.029999999999999999,0.2910644531249999
,93.099000569531199,56.187734527975834,0.029999999999999999,0.2910644531249999
,93.198999496874876,56.608455745880804,0.029999999999999999,0.29004720052083327
,93.29899842421878,56.676639579798035,0.029999999999999999,0.29004720052083327
,93.398997351562457,58.071894365127321,0.029999999999999999,0.2910644531249999
,93.498996278906134,58.569856199021245,0.029999999999999999,0.29208170572916659
,93.598995206250038,58.64902185624598,0.029999999999999999,0.29208170572916659
,93.698994133593715,58.173799311848327,0.029999999999999999,0.29208170572916659
,93.798993060937391,57.289778930249099,0.029999999999999999,0.2910644531249999
,93.898991988281296,55.925983843232501,0.029999999999999999,0.29004720052083327
,93.99899091406246,55.96013488610086,0.029999999999999999,0.29004720052083327
,94.098989837500085,56.301486185080009,0.029999999999999999,0.29004720052083327
,94.198988760156226,56.460684684158835,0.029999999999999999,0.28902994791666659
,94.298987683593623,57.164955188692176,0.029999999999999999,0.28902994791666659
,94.398986606249991,58.286997365467641,0.029999999999999999,0.29004720052083327
,94.498985529687388,59.360830738269058,0.029999999999999999,0.2910644531249999
,94.598984453125013,58.84121805723926,0.029999999999999999,0.29208170572916659
,94.698983375781154,58.026595149086262,0.029999999999999999,0.29208170572916659
,94.798982299218778,57.414564421616149,0.029999999999999999,0.2910644531249999
,94.898981222656175,55.629886572874099,0.029999999999999999,0.28902994791666659
,94.9989801460938,56.437945881405327,0.029999999999999999,0.28902994791666659
,95.098979069531197,56.994679233986759,0.029999999999999999,0.29004720052083327
,95.198977993750077,56.778893815731379,0.029999999999999999,0.28902994791666659
,95.298976917187474,57.437248588382502,0.029999999999999999,0.28902994791666659
,95.398975841406127,57.969964088034843,0.029999999999999999,0.29004720052083327
,95.498974764843751,59.744474292270027,0.029999999999999999,0.29208170572916659
,95.598973689062404,59.259218677063686,0.029999999999999999,0.29208170572916659
,95.698972612500029,57.664020916451108,0.029999999999999999,0.2910644531249999
,95.798971536718682,57.267086551492554,0.029999999999999999,0.2910644531249999
,95.898970460156306,55.299366304740772,0.029999999999999999,0.28902994791666659
,95.998969385937471,56.119468132441611,0.029999999999999999,0.28902994791666659
,96.098968311718636,56.631184966339191,0.029999999999999999,0.28902994791666659
,96.198967238281284,56.437945881405327,0.029999999999999999,0.2880126953124999
,96.298966164062449,57.289778930249099,0.029999999999999999,0.28902994791666659
,96.398965089843614,58.128511349332939,0.029999999999999999,0.28902994791666659
,96.498964015625006,59.631674698528556,0.029999999999999999,0.2910644531249999
,96.598962941406171,59.349541738505067,0.029999999999999999,0.2910644531249999
,96.698961867187563,58.513299985027757,0.029999999999999999,0.2910644531249999
,96.798960792968728,57.403221864896068,0.029999999999999999,0.29004720052083327
,96.898959721093661,56.05119017280893,0.029999999999999999,0.28902994791666659
,96.998958653124873,56.017046853093035,0.029999999999999999,0.28902994791666659
,97.098957585937569,56.767533507994955,0.029999999999999999,0.28902994791666659
,97.198956517968782,56.631184966339191,0.029999999999999999,0.2880126953124999
,97.298955449999994,57.176304383875745,0.029999999999999999,0.2880126953124999
,97.398954382031206,57.93598169384677,0.029999999999999999,0.28902994791666659
,97.498953314062419,59.089809857952318,0.029999999999999999,0.29004720052083327
,97.598952246093631,58.818611385004857,0.029999999999999999,0.29004720052083327
,97.698951178125071,58.23040223908167,0.029999999999999999,0.29004720052083327
,97.79895011093754,57.539311728476378,0.029999999999999999,0.28902994791666659
,97.89894903749996,55.732406475104568,0.029999999999999999,0.2880126953124999
,97.998947962499869,56.608455745880804,0.029999999999999999,0.2880126953124999
,98.098946887500006,57.074150223291184,0.029999999999999999,0.28699544270833327
,98.198945812499915,56.847048978676668,0.029999999999999999,0.28699544270833327
,98.298944737500051,57.278432898954108,0.029999999999999999,0.28699544270833327
,98.39894366249996,58.411479214721396,0.029999999999999999,0.28902994791666659
,98.498942587499869,59.552696779541733,0.029999999999999999,0.29004720052083327
,98.598941512500005,58.942932772984264,0.029999999999999999,0.29004720052083327
,98.69894043828117,58.96553264340595,0.029999999999999999,0.2910644531249999
,98.79893936250005,57.822686673957307,0.029999999999999999,0.29004720052083327
,98.898938287499959,56.142224881988241,0.029999999999999999,0.2880126953124999
,98.998937213281124,56.369721795586628,0.029999999999999999,0.2880126953124999
,99.09893613828126,56.960615478525114,0.029999999999999999,0.2880126953124999
,99.198935064062425,56.494790490418538,0.029999999999999999,0.28699544270833327
,99.298933989062562,57.403221864896068,0.029999999999999999,0.28699544270833327
,99.39893291406247,57.92465360256314,0.029999999999999999,0.2880126953124999
,99.498931839843635,58.863823491902366,0.029999999999999999,0.28902994791666659
,99.598930764843772,58.829914875842874,0.029999999999999999,0.28902994791666659
,99.698929690624936,57.822686673957307,0.029999999999999999,0.28902994791666659
,99.798928615625073,57.686691223970783,0.029999999999999999,0.28902994791666659
,99.898927539843726,55.971517923145171,0.029999999999999999,0.28699544270833327
,99.998926464843635,56.881122265860171,0.029999999999999999,0.28699544270833327
,100.09892538984377,57.006033184269981,0.029999999999999999,0.28699544270833327
,100.19892431406242,57.25573988781494,0.029999999999999999,0.28699544270833327
,100.29892323906256,57.630013096371471,0.029999999999999999,0.28597819010416659
,100.39892216328121,58.332267854083369,0.029999999999999999,0.28699544270833327
,100.49892108828112,59.349541738505067,0.029999999999999999,0.2880126953124999
,100.59892001328126,59.30438266695036,0.029999999999999999,0.2880126953124999
,100.69891893749991,58.931632374367027,0.029999999999999999,0.2880126953124999
,100.7989178632813,57.845348186773236,0.029999999999999999,0.2880126953124999
,100.89891678828121,56.562993475521253,0.029999999999999999,0.28699544270833327
,100.99891571328112,56.437945881405327,0.029999999999999999,0.28597819010416659
,101.09891463828126,57.062798176382984,0.029999999999999999,0.28597819010416659
,101.19891356406242,56.89247939239398,0.029999999999999999,0.28597819010416659
,101.29891248906256,58.275678963964097,0.029999999999999999,0.28597819010416659
,101.39891141406247,59.710637624130513,0.029999999999999999,0.2880126953124999
,101.49891033984363,60.139032604802722,0.029999999999999999,0.28902994791666659
,101.59890926484377,59.936163514712135,0.029999999999999999,0.29004720052083327
,101.69890818984368,58.863823491902366,0.029999999999999999,0.28902994791666659
,101.79890711796884,57.913325197920486,0.029999999999999999,0.28902994791666659
,101.89890604609377,56.039809387827319,0.029999999999999999,0.28699544270833327
,101.9989049742187,56.540260424825959,0.029999999999999999,0.28699544270833327
,102.09890390234364,57.119555240858006,0.029999999999999999,0.28699544270833327
,102.1989028304688,57.414564421616149,0.029999999999999999,0.28699544270833327
,102.29890175937498,58.037920422349245,0.029999999999999999,0.28699544270833327
,102.39890068749992,58.354901228638127,0.029999999999999999,0.28699544270833327
,102.49889961562508,59.530128903615704,0.029999999999999999,0.28902994791666659
,102.59889854375001,59.49627479142444,0.029999999999999999,0.28902994791666659
,102.69889747109369,59.022026915327558,0.029999999999999999,0.28902994791666659
,102.79889639843736,57.085501953143378,0.029999999999999999,0.28699544270833327
,102.89889532578127,55.857673060197115,0.029999999999999999,0.28597819010416659
,102.99889425312494,56.153602775048697,0.029999999999999999,0.2849609374999999
,103.09889318046862,57.176304383875745,0.029999999999999999,0.2849609374999999
,103.19889210781253,57.199001824458819,0.029999999999999999,0.2849609374999999
,103.2988910351562,57.743361491774991,0.029999999999999999,0.2849609374999999
,103.39888996249988,58.96553264340595,0.029999999999999999,0.28597819010416659
,103.49888888984378,59.902342409913928,0.029999999999999999,0.28699544270833327
,103.59888781718746,59.800862629762804,0.029999999999999999,0.2880126953124999
,103.69888674609365,58.886427689384576,0.029999999999999999,0.28699544270833327
,103.79888567421881,57.811355446871787,0.029999999999999999,0.28699544270833327
,103.898884603125,56.619820515628732,0.029999999999999999,0.28597819010416659
,103.99888353203119,57.074150223291184,0.029999999999999999,0.2849609374999999
,104.09888246015612,57.92465360256314,0.029999999999999999,0.28597819010416659
,104.19888138906254,57.437248588382502,0.029999999999999999,0.2849609374999999
,104.29888031718747,58.332267854083369,0.029999999999999999,0.2849609374999999
,104.39887924609366,59.157581701044435,0.029999999999999999,0.28597819010416659
,104.49887817421882,60.251695103532057,0.029999999999999999,0.28699544270833327
,104.59887710312501,59.744474292270027,0.029999999999999999,0.28699544270833327
,104.69887603046868,58.875125745266715,0.029999999999999999,0.28699544270833327
,104.79887495781259,58.207762004633167,0.029999999999999999,0.28699544270833327
,104.89887388515626,56.210487425213429,0.029999999999999999,0.2849609374999999
,104.99887281249994,56.937904720545902,0.029999999999999999,0.2849609374999999
,105.09887173984362,57.39187899255225,0.029999999999999999,0.2849609374999999
,105.19887066718752,57.845348186773236,0.029999999999999999,0.28394368489583327
,105.2988695945312,58.139833808552012,0.029999999999999999,0.28394368489583327
,105.39886852187487,58.954232862647615,0.029999999999999999,0.2849609374999999
,105.49886744921878,60.060150781924534,0.029999999999999999,0.28597819010416659
,105.59886637656246,59.879793482672824,0.029999999999999999,0.28699544270833327
,105.69886530703116,59.383407816387546,0.029999999999999999,0.28699544270833327
,105.79886423828111,57.992617451599145,0.029999999999999999,0.28597819010416659
,105.89886316875004,56.801613476224205,0.029999999999999999,0.28394368489583327
,105.99886209921874,57.664020916451108,0.029999999999999999,0.2849609374999999
,106.09886102968744,58.931632374367027,0.029999999999999999,0.2849609374999999
,106.19885996015614,58.105865493419913,0.029999999999999999,0.28394368489583327
,106.29885889062507,58.434108230061454,0.029999999999999999,0.2849609374999999
,106.39885782187503,58.886427689384576,0.029999999999999999,0.28597819010416659
,106.49885675234373,60.612011501981655,0.029999999999999999,0.28699544270833327
,106.59885568281243,59.992525929766103,0.029999999999999999,0.28699544270833327
,106.69885461406238,59.236634836773291,0.029999999999999999,0.28699544270833327
,106.79885354609382,58.151155955344933,0.029999999999999999,0.28597819010416659
,106.89885247734378,56.608455745880804,0.029999999999999999,0.2849609374999999
,106.99885140859374,57.709360273923323,0.029999999999999999,0.2849609374999999
,107.09885033984369,57.868008444776933,0.029999999999999999,0.2849609374999999
,107.19884927187491,58.015269562906369,0.029999999999999999,0.2849609374999999
,107.29884820312486,58.445422270978781,0.029999999999999999,0.2849609374999999
,107.39884713437505,59.958709394433271,0.029999999999999999,0.28597819010416659
,107.498846065625,60.386850067196463,0.029999999999999999,0.28699544270833327
,107.5988449890624,60.10522793310443,0.029999999999999999,0.28699544270833327
,107.69884391250002,59.293092130693836,0.029999999999999999,0.28699544270833327
,107.79884283593742,58.637713407702279,0.029999999999999999,0.28597819010416659
,107.8988417601563,57.108204461877335,0.029999999999999999,0.2849609374999999
,107.9988406835937,57.732028066702441,0.029999999999999999,0.2849609374999999
,108.09883960703132,58.23040223908167,0.029999999999999999,0.2849609374999999
,108.19883853046872,57.845348186773236,0.029999999999999999,0.28394368489583327
,108.29883745390612,58.931632374367027,0.029999999999999999,0.2849609374999999
,108.398836378125,59.394695894839245,0.029999999999999999,0.2849609374999999
,108.49883530234365,60.915788028383773,0.029999999999999999,0.28597819010416659
,108.5988342289063,60.206633746658127,0.029999999999999999,0.28597819010416659
,108.69883315546872,59.947436606888218,0.029999999999999999,0.28699544270833327
,108.79883208203114,58.434108230061454,0.029999999999999999,0.28597819010416659
,108.89883100859379,57.596002444550095,0.029999999999999999,0.2849609374999999
,108.99882993515621,57.958636936533509,0.029999999999999999,0.28394368489583327
,109.09882886249989,58.773394326260643,0.029999999999999999,0.2849609374999999
,109.19882778906253,59.168875929843793,0.029999999999999999,0.2849609374999999
,109.29882671562495,59.315672895811076,0.029999999999999999,0.2849609374999999
,109.39882564218738,59.98125405582384,0.029999999999999999,0.28597819010416659
,109.49882457031254,60.341803260712908,0.029999999999999999,0.28597819010416659
,109.59882349921872,60.780803338784537,0.029999999999999999,0.28699544270833327
,109.69882242812491,59.688078317211549,0.029999999999999999,0.28597819010416659
,109.79882135703133,59.134992319312502,0.029999999999999999,0.28597819010416659
,109.89882028593752,57.289778930249099,0.029999999999999999,0.28394368489583327
,109.99881921406245,57.913325197920486,0.029999999999999999,0.28394368489583327
,110.09881814296864,58.309633233157157,0.029999999999999999,0.28394368489583327
,110.19881707187506,58.67163782271345,0.029999999999999999,0.28394368489583327
,110.29881600078124,58.818611385004857,0.029999999999999999,0.28394368489583327
,110.39881492968743,59.338252431539843,0.029999999999999999,0.2849609374999999
,110.49881385937488,61.208106526690756,0.029999999999999999,0.28597819010416659
,110.59881278906255,60.454411195469874,0.029999999999999999,0.28597819010416659
,110.69881171874999,60.015068764386456,0.029999999999999999,0.28597819010416659
,110.79881064843744,59.157581701044435,0.029999999999999999,0.2849609374999999
,110.89880957812488,58.015269562906369,0.029999999999999999,0.28394368489583327
,110.99880850781256,58.094542096627904,0.029999999999999999,0.28394368489583327
,111.09880743828126,58.954232862647615,0.029999999999999999,0.28394368489583327
,111.1988063679687,58.84121805723926,0.029999999999999999,0.28394368489583327
,111.29880529765614,59.969981877395682,0.029999999999999999,0.28394368489583327
,111.39880422656256,60.172834542219178,0.029999999999999999,0.2849609374999999
,111.49880315546875,61.196867253395581,0.040000000000000001,0.28597819010416659
,111.59880208437494,60.093959101361378,0.040000000000000001,0.28597819010416659
,111.69880101328113,59.101105935651162,0.040000000000000001,0.28597819010416659
,111.79879994218754,58.96553264340595,0.040000000000000001,0.28597819010416659
,111.89879887109373,57.80002390593566,0.040000000000000001,0.28394368489583327
,111.99879779999992,58.626404648886776,0.040000000000000001,0.28394368489583327
,112.09879672812508,59.134992319312502,0.040000000000000001,0.28394368489583327
,112.19879565703127,59.326962817324741,0.040000000000000001,0.28292643229166659
,112.29879458593746,59.530128903615704,0.040000000000000001,0.28292643229166659
,112.39879351640616,60.690789465883213,0.040000000000000001,0.28394368489583327
,112.49879244687509,62.061419225670249,0.040000000000000001,0.28597819010416659
,112.59879137812504,61.74724062270711,0.040000000000000001,0.28597819010416659
,112.69879030859374,61.084458051801946,0.040000000000000001,0.28597819010416659
,112.7987892398437,60.510703817662105,0.040000000000000001,0.28597819010416659
,112.8987881703124,59.428558288347446,0.040000000000000001,0.2849609374999999
,112.99878710156258,59.721916819093749,0.040000000000000001,0.28394368489583327
,113.09878603203128,60.634520999863895,0.040000000000000001,0.28394368489583327
,113.19878496328124,60.319278040023391,0.040000000000000001,0.28394368489583327
,113.29878389374994,61.365424954613502,0.040000000000000001,0.2849609374999999
,113.39878281875008,61.66865963734989,0.040000000000000001,0.2849609374999999
,113.49878174296873,62.823461605935933,0.040000000000000001,0.28597819010416659
,113.59878066718738,62.498639151976676,0.040000000000000001,0.28597819010416659
,113.69877959140626,61.814584171618662,0.040000000000000001,0.28597819010416659
,113.79877851562492,61.488991231190042,0.040000000000000001,0.28597819010416659
,113.8987774398438,59.710637624130513,0.040000000000000001,0.28394368489583327
,113.99877636406245,59.913616416273399,0.040000000000000001,0.28394368489583327
,114.09877528828133,60.409371653762108,0.040000000000000001,0.28394368489583327
,114.19877421249998,60.870797943716354,0.040000000000000001,0.28394368489583327
,114.29877313749989,61.657432593572665,0.040000000000000001,0.28394368489583327
,114.39877206640631,63.036142919306783,0.040000000000000001,0.2849609374999999
,114.4987709953125,64.042156468534913,0.040000000000000001,0.28597819010416659
,114.59876992421869,64.187276417225036,0.040000000000000001,0.28699544270833327
,114.69876885312488,63.226347522579843,0.040000000000000001,0.28699544270833327
,114.79876778203129,62.319321085650188,0.040000000000000001,0.28597819010416659
,114.89876671093748,60.825803048208371,0.040000000000000001,0.2849609374999999
,114.99876563984367,61.500222739855019,0.040000000000000001,0.2849609374999999
,115.09876456875008,62.296901030083276,0.040000000000000001,0.2849609374999999
,115.19876349687502,62.072635597523416,0.040000000000000001,0.28394368489583327
,115.29876242656246,63.315826488983092,0.040000000000000001,0.2849609374999999
,115.39876135468739,63.539442672874685,0.040000000000000001,0.28597819010416659
,115.49876028359381,65.034703869356292,0.040000000000000001,0.28699544270833327
,115.59875921171874,64.287715690562706,0.040000000000000001,0.28699544270833327
,115.69875814062493,64.019826016440035,0.040000000000000001,0.28699544270833327
,115.79875706953112,63.036142919306783,0.040000000000000001,0.28699544270833327
,115.89875599765628,61.309246526379582,0.040000000000000001,0.2849609374999999
,115.99875492656247,62.050202558208596,0.040000000000000001,0.2849609374999999
,116.09875385546866,63.013760373468813,0.040000000000000001,0.2849609374999999
,116.19875278359382,62.610674742915421,0.040000000000000001,0.28394368489583327
,116.29875171250001,63.640032171456099,0.040000000000000001,0.2849609374999999
,116.3987506414062,64.097977572752669,0.040000000000000001,0.2849609374999999
,116.49874957031238,65.335368923034423,0.040000000000000001,0.28597819010416659
,116.59874849843754,64.823001099977404,0.040000000000000001,0.28699544270833327
,116.69874742734373,64.901008767214904,0.040000000000000001,0.28699544270833327
,116.79874635624992,64.23191895862611,0.040000000000000001,0.28699544270833327
,116.89874528515634,62.74507874311719,0.040000000000000001,0.2849609374999999
,116.99874421406253,63.248719007319636,0.040000000000000001,0.2849609374999999
,117.09874314296871,63.908156507960726,0.040000000000000001,0.28597819010416659
,117.19874207265616,63.997494414978306,0.040000000000000001,0.2849609374999999
,117.29874100156258,64.443908491667315,0.040000000000000001,0.2849609374999999
,117.39873993125002,65.557951262343806,0.040000000000000001,0.28597819010416659
,117.49873886093746,66.036123276907361,0.040000000000000001,0.28699544270833327
,117.59873778984365,66.202805948396474,0.040000000000000001,0.2880126953124999
,117.69873671953133,65.324236849843814,0.040000000000000001,0.2880126953124999
,117.79873564843751,64.856434660297083,0.040000000000000001,0.28699544270833327
,117.89873457812496,63.148038167081836,0.040000000000000001,0.28597819010416659
,117.99873350703115,64.432753720697818,0.040000000000000001,0.28597819010416659
,118.09873243671882,64.878722281244848,0.040000000000000001,0.28597819010416659
,118.19873136484375,64.923294118579761,0.040000000000000001,0.28597819010416659
,118.29873029218743,65.16835820610045,0.040000000000000001,0.28597819010416659
,118.39872921953133,65.724814257155629,0.040000000000000001,0.28699544270833327
,118.49872814687501,67.345677664680437,0.040000000000000001,0.2880126953124999
,118.59872707421869,66.880005503699167,0.040000000000000001,0.2880126953124999
,118.69872600156236,66.369426017466395,0.040000000000000001,0.2880126953124999
,118.79872492968752,65.702569504086256,0.040000000000000001,0.2880126953124999
,118.8987238570312,64.577743482716727,0.040000000000000001,0.28699544270833327
,118.99872278437488,64.67809278880344,0.040000000000000001,0.28699544270833327
,119.09872171171878,65.913849440409237,0.040000000000000001,0.2880126953124999
,119.1987206382812,65.680323629775771,0.040000000000000001,0.28699544270833327
,119.29871956562488,66.169474427268227,0.040000000000000001,0.2880126953124999
,119.39871849218753,66.602589237917925,0.040000000000000001,0.2880126953124999
,119.4987174195312,67.644783352697729,0.040000000000000001,0.28902994791666659
,119.59871634687488,67.733369100910025,0.040000000000000001,0.29004720052083327
,119.69871527343753,67.223762679200476,0.040000000000000001,0.29004720052083327
,119.79871420078121,66.41384748286508,0.040000000000000001,0.28902994791666659
,119.89871312734363,64.744979517852911,0.040000000000000001,0.2880126953124999
,119.99871205468753,66.147252021403887,0.040000000000000001,0.2880126953124999
,120.09871098203121,66.447160669491126,0.040000000000000001,0.2880126953124999
,120.19870991249991,66.236134965428633,0.040000000000000001,0.28699544270833327
,120.29870884296884,67.356759203210004,0.040000000000000001,0.2880126953124999
,120.39870777343754,68.40826487770525,0.040000000000000001,0.28902994791666659
,120.49870670390624,69.258753800877599,0.040000000000000001,0.29004720052083327
,120.59870563437494,68.938625806425847,0.040000000000000001,0.2910644531249999
,120.69870456406238,68.651423644000118,0.040000000000000001,0.2910644531249999
,120.79870349453131,67.40108262314871,0.040000000000000001,0.29004720052083327
,120.89870242500001,66.125028501686273,0.040000000000000001,0.28902994791666659
,120.99870135546871,66.102803867746687,0.040000000000000001,0.28902994791666659
,121.09870028515616,67.079638582148633,0.040000000000000001,0.28902994791666659
,121.19869921562508,66.857818546820681,0.040000000000000001,0.2880126953124999
,121.29869814531253,67.390002178199666,0.040000000000000001,0.28902994791666659
,121.39869707499997,68.297695131412041,0.040000000000000001,0.29004720052083327
,121.49869600546867,69.655843355220711,0.040000000000000001,0.2910644531249999
,121.59869493515612,69.644817720498821,0.040000000000000001,0.2910644531249999
,121.69869386562505,69.082159159231338,0.040000000000000001,0.2910644531249999
,121.79869279531249,68.3640402114697,0.040000000000000001,0.2910644531249999
,121.89869172499994,66.458264510531137,0.040000000000000001,0.28902994791666659
,121.99869065546864,67.434322318492192,0.040000000000000001,0.28902994791666659
,122.09868958203128,68.187098425280524,0.040000000000000001,0.28902994791666659
,122.1986885085937,68.319811236008178,0.040000000000000001,0.28902994791666659
,122.29868743593738,68.231340345813351,0.040000000000000001,0.28902994791666659
,122.39868636250003,69.468371616612984,0.040000000000000001,0.29004720052083327
,122.49868528906245,70.39396160145003,0.040000000000000001,0.2910644531249999
,122.59868421562487,70.537042403621726,0.040000000000000001,0.2910644531249999
,122.69868314296878,69.755062190524185,0.040000000000000001,0.2910644531249999
,122.7986820695312,69.269788705852676,0.040000000000000001,0.2910644531249999
,122.89868099609362,67.722296834560254,0.040000000000000001,0.28902994791666659
,122.99867992265627,68.021152717236149,0.040000000000000001,0.28902994791666659
,123.09867884999994,69.126314205857611,0.040000000000000001,0.29004720052083327
,123.19867777812487,68.574069046487509,0.040000000000000001,0.28902994791666659
,123.29867670546878,69.369090902777444,0.040000000000000001,0.29004720052083327
,123.39867563281246,70.074622217447725,0.040000000000000001,0.29004720052083327
,123.49867456015613,71.207835239552153,0.040000000000000001,0.29208170572916659
,123.59867348750004,70.49302223469887,0.040000000000000001,0.29208170572916659
,123.69867241484371,70.305889953855413,0.040000000000000001,0.29208170572916659
,123.79867134218739,69.435280430323843,0.040000000000000001,0.2910644531249999
,123.89867027031255,68.330868884021967,0.040000000000000001,0.29004720052083327
,123.99866919843748,69.126314205857611,0.040000000000000001,0.29004720052083327
,124.0986681304687,69.545575118039096,0.040000000000000001,0.29004720052083327
,124.19866706171865,69.755062190524185,0.040000000000000001,0.29004720052083327
,124.29866599374986,70.052590691019688,0.040000000000000001,0.29004720052083327
,124.39866492500005,70.746081338415337,0.040000000000000001,0.2910644531249999
,124.49866385703126,71.328695508797324,0.040000000000000001,0.2910644531249999
,124.59866278828122,71.515418346352092,0.040000000000000001,0.29208170572916659
,124.69866172031243,70.482016540919844,0.040000000000000001,0.2910644531249999
,124.79866065156239,69.655843355220711,0.040000000000000001,0.2910644531249999
,124.89865958359383,68.430375595768666,0.040000000000000001,0.28902994791666659
,124.99865851406253,68.927582911704192,0.040000000000000001,0.28902994791666659
,125.09865744453123,69.688918675223064,0.040000000000000001,0.28902994791666659
,125.19865637421867,69.887320756156626,0.040000000000000001,0.28902994791666659
,125.29865530468737,70.680079183672987,0.040000000000000001,0.28902994791666659
,125.3986542351563,71.603262249402874,0.040000000000000001,0.29004720052083327
,125.498653165625,72.918965859570307,0.040000000000000001,0.29208170572916659
,125.59865209531245,72.020297263500055,0.040000000000000001,0.2910644531249999
,125.69865102578115,71.460507570724801,0.040000000000000001,0.29208170572916659
,125.79864995625007,70.724081659207528,0.040000000000000001,0.2910644531249999
,125.89864888593752,69.501460419528428,0.040000000000000001,0.29004720052083327
,125.99864781249994,70.1186821223706,0.040000000000000001,0.29004720052083327
,126.09864673984362,70.867061019213111,0.040000000000000001,0.29004720052083327
,126.19864566640626,70.316899824309729,0.040000000000000001,0.28902994791666659
,126.29864459374994,70.537042403621726,0.040000000000000001,0.28902994791666659
,126.39864352031236,71.526399731671432,0.040000000000000001,0.29004720052083327
,126.49864244765627,72.787559347090024,0.040000000000000001,0.2910644531249999
,126.59864137421869,72.820414366868761,0.040000000000000001,0.29208170572916659
,126.69864030156236,72.283498284583203,0.040000000000000001,0.29208170572916659
,126.79863922812501,71.086943778903859,0.040000000000000001,0.2910644531249999
,126.89863815859371,70.052590691019688,0.040000000000000001,0.29004720052083327
,126.99863709296869,70.73508162865437,0.040000000000000001,0.29004720052083327
,127.09863602734367,71.416574328738392,0.040000000000000001,0.29004720052083327
,127.19863496171865,71.00999658229928,0.040000000000000001,0.28902994791666659
,127.29863389609363,71.734997368185404,0.040000000000000001,0.29004720052083327
,127.39863283046861,72.436964753058334,0.040000000000000001,0.29004720052083327
,127.49863176484382,73.641057805220953,0.040000000000000001,0.29208170572916659
,127.5986306992188,73.619192169872804,0.040000000000000001,0.29208170572916659
,127.69862963359378,72.688980704619468,0.040000000000000001,0.29208170572916659
,127.79862856796876,72.283498284583203,0.040000000000000001,0.2910644531249999
,127.89862749687495,70.625070240991917,0.040000000000000001,0.29004720052083327
,127.99862642421863,71.734997368185404,0.040000000000000001,0.2910644531249999
,128.09862535078128,71.855722217349154,0.040000000000000001,0.2910644531249999
,128.19862427812495,71.965445285055878,0.040000000000000001,0.29004720052083327
,128.29862320546863,71.976416190044148,0.040000000000000001,0.29004720052083327
,128.39862213281253,73.192613460079613,0.040000000000000001,0.2910644531249999
,128.49862105937495,73.968923461075107,0.040000000000000001,0.29208170572916659
,128.59861998671863,73.772230792470168,0.040000000000000001,0.29208170572916659
,128.69861891406254,73.389543005143238,0.040000000000000001,0.29208170572916659
,128.79861784218747,72.601338120157038,0.040000000000000001,0.29208170572916659
,128.89861677421868,70.977015334556881,0.040000000000000001,0.29004720052083327
,128.99861570546864,71.108926367152506,0.040000000000000001,0.29004720052083327
,129.09861463750008,72.294461821284074,0.040000000000000001,0.29004720052083327
,129.19861356953129,71.658156361189484,0.040000000000000001,0.28902994791666659
,129.2986125015625,72.634205979590163,0.040000000000000001,0.29004720052083327
,129.39861143359371,73.291088335266977,0.040000000000000001,0.29004720052083327
,129.49861036562493,74.765804517774541,0.040000000000000001,0.29208170572916659
,129.59860929687488,73.859659642866475,0.040000000000000001,0.29208170572916659
,129.69860822890632,73.63012511159819,0.040000000000000001,0.29208170572916659
,129.79860715859377,72.897067285478641,0.040000000000000001,0.2910644531249999
,129.89860608359368,71.40559037600103,0.040000000000000001,0.29004720052083327
,129.99860500859381,72.382160995425366,0.040000000000000001,0.29004720052083327
,130.09860393359372,72.951811838852223,0.040000000000000001,0.28902994791666659
,130.19860285781238,72.962759996959079,0.040000000000000001,0.28902994791666659
,130.29860178281251,73.269206776923639,0.040000000000000001,0.28902994791666659
,130.39860070781242,74.078162603213798,0.040000000000000001,0.29004720052083327
,130.49859963281256,74.972998319141453,0.040000000000000001,0.2910644531249999
,130.59859855781247,75.114711978604305,0.040000000000000001,0.29208170572916659
,130.69859748203112,74.143694261958345,0.040000000000000001,0.2910644531249999
,130.79859640546874,73.444231324934606,0.040000000000000001,0.2910644531249999
,130.8985953296874,72.382160995425366,0.040000000000000001,0.28902994791666659
,130.99859425312502,72.995602966928857,0.040000000000000001,0.28902994791666659
,131.09859317656242,73.159784006135723,0.040000000000000001,0.28902994791666659
,131.1985921007813,73.181670558662674,0.040000000000000001,0.28902994791666659
,131.29859102421869,73.673854397907562,0.040000000000000001,0.28902994791666659
,131.39858994765632,74.351152784188301,0.040000000000000001,0.29004720052083327
,131.49858887187497,75.56138733615856,0.040000000000000001,0.2910644531249999
,131.59858779531237,74.853054715191149,0.040000000000000001,0.2910644531249999
,131.69858671874999,74.667629407970921,0.040000000000000001,0.2910644531249999
,131.7985856437499,73.925220897340836,0.040000000000000001,0.29004720052083327
,131.89858456875004,72.404083257382567,0.040000000000000001,0.28902994791666659
,131.99858349374995,72.743749133517241,0.040000000000000001,0.2880126953124999
,132.09858241953111,73.575457921078836,0.040000000000000001,0.2880126953124999
,132.19858134453125,73.094118347877,0.040000000000000001,0.28699544270833327
,132.29858026953116,73.783160264702886,0.040000000000000001,0.28699544270833327
,132.39857919531255,74.820337716883799,0.040000000000000001,0.2880126953124999
,132.49857812031246,75.735589844121293,0.040000000000000001,0.2880126953124999
,132.59857704531237,76.007658425372796,0.040000000000000001,0.28902994791666659
,132.69857596953125,75.212797447345636,0.040000000000000001,0.28902994791666659
,132.79857489218739,74.678538728941575,0.040000000000000001,0.28902994791666659
,132.89857381562501,72.864217541613314,0.040000000000000001,0.28699544270833327
,132.99857273828115,73.80501846672351,0.040000000000000001,0.28699544270833327
,133.09857166093752,74.154615343587039,0.040000000000000001,0.28699544270833327
,133.19857058359366,74.034469904720737,0.040000000000000001,0.28699544270833327
,133.29856950625003,74.613079142221679,0.040000000000000001,0.28699544270833327
,133.39856842968743,75.223694622896517,0.040000000000000001,0.2880126953124999
,133.4985673523438,76.442658059774104,0.040000000000000001,0.28902994791666659
,133.59856627499994,75.877084169541021,0.040000000000000001,0.28902994791666659
,133.69856520078133,75.855318445952889,0.040000000000000001,0.29004720052083327
,133.79856412812501,75.038409716627896,0.040000000000000001,0.28902994791666659
,133.89856305546868,74.20921706219751,0.040000000000000001,0.2880126953124999
,133.99856198281236,74.187377112487397,0.040000000000000001,0.28699544270833327
,134.09856091015627,75.299968083296207,0.040000000000000001,0.2880126953124999
,134.19855983749994,75.223694622896517,0.040000000000000001,0.2880126953124999
,134.29855876484362,75.877084169541021,0.040000000000000001,0.2880126953124999
,134.39855769218752,76.236080691335047,0.040000000000000001,0.28902994791666659
,134.4985566195312,77.485114856435558,0.040000000000000001,0.2910644531249999
,134.59855554687488,77.116158916397751,0.040000000000000001,0.2910644531249999
,134.69855447734381,76.149075075081328,0.040000000000000001,0.29004720052083327
,134.79855340781251,75.278176874264517,0.040000000000000001,0.29004720052083327
,134.89855233828121,74.198297210269388,0.040000000000000001,0.28902994791666659
,134.99855126796865,75.299968083296207,0.040000000000000001,0.28902994791666659
,135.09855019843758,75.517827096299911,0.040000000000000001,0.28902994791666659
,135.19854912890628,75.56138733615856,0.040000000000000001,0.28902994791666659
,135.29854805937498,75.539607697384227,0.040000000000000001,0.2880126953124999
,135.39854698984368,76.627417895809188,0.040000000000000001,0.28902994791666659
,135.49854592031238,77.420024604178337,0.040000000000000001,0.29004720052083327
,135.59854485078131,77.365776313096461,0.040000000000000001,0.2910644531249999
,135.69854378125001,76.975015997762853,0.040000000000000001,0.2910644531249999
,135.79854271093745,76.007658425372796,0.040000000000000001,0.29004720052083327
,135.89854164140615,74.482133584020346,0.040000000000000001,0.2880126953124999
,135.99854057187508,74.885769524045799,0.040000000000000001,0.2880126953124999
,136.09853950234378,76.192579787411844,0.040000000000000001,0.28902994791666659
,136.19853843281248,75.702931555441893,0.040000000000000001,0.2880126953124999
,136.29853736328118,76.562216351565638,0.040000000000000001,0.28902994791666659
,136.39853629374988,76.89899952182526,0.040000000000000001,0.28902994791666659
,136.49853522421881,78.168057796500875,0.040000000000000001,0.29004720052083327
,136.59853415078123,77.91883594300522,0.040000000000000001,0.2910644531249999
,136.6985330765624,77.127014421765878,0.040000000000000001,0.2910644531249999
,136.79853200234379,76.475267708867989,0.040000000000000001,0.29004720052083327
,136.89853092812496,74.798525167744273,0.040000000000000001,0.28902994791666659
,136.99852985390612,75.56138733615856,0.040000000000000001,0.2880126953124999
,137.09852877968751,76.083810859882334,0.040000000000000001,0.2880126953124999
,137.19852770546868,76.475267708867989,0.040000000000000001,0.2880126953124999
,137.29852663125007,76.540480611250572,0.040000000000000001,0.2880126953124999
,137.39852555703123,78.048879971832434,0.040000000000000001,0.28902994791666659
,137.4985244828124,78.666136411196092,0.040000000000000001,0.29004720052083327
,137.59852340937505,78.633667802545958,0.040000000000000001,0.2910644531249999
,137.69852233671872,78.005535659065998,0.040000000000000001,0.29004720052083327
,137.79852126328115,77.246409520179185,0.040000000000000001,0.29004720052083327
,137.89852019062505,75.376229709370179,0.040000000000000001,0.2880126953124999
,137.99851911718747,75.887966672428121,0.040000000000000001,0.2880126953124999
,138.09851804453115,76.877278411841615,0.040000000000000001,0.2880126953124999
,138.1985169710938,76.583951145538265,0.040000000000000001,0.28699544270833327
,138.29851589843747,77.192142533209264,0.040000000000000001,0.2880126953124999
,138.39851482499989,78.048879971832434,0.040000000000000001,0.28902994791666659
,138.49851375312505,79.271840905190984,0.040000000000000001,0.29004720052083327
,138.59851268203124,78.644490900622188,0.040000000000000001,0.29004720052083327
,138.69851161093743,78.384673374172763,0.040000000000000001,0.29004720052083327
,138.79851053984362,77.137869692741759,0.040000000000000001,0.28902994791666659
,138.89850946875004,76.257829715992116,0.040000000000000001,0.2880126953124999
,138.99850839765622,77.040163812301685,0.040000000000000001,0.2880126953124999
,139.09850732656241,77.550196720480088,0.040000000000000001,0.2880126953124999
,139.19850625546883,77.495962416046396,0.040000000000000001,0.28699544270833327
,139.29850518437502,78.059715472844786,0.040000000000000001,0.2880126953124999
,139.39850411328121,78.860904923942741,0.040000000000000001,0.28902994791666659
,139.49850304062488,79.617638890243171,0.040000000000000001,0.28902994791666659
,139.59850196718753,79.725653485237373,0.040000000000000001,0.29004720052083327
,139.69850089453121,78.622844475888101,0.040000000000000001,0.29004720052083327
,139.79849982109363,77.91883594300522,0.040000000000000001,0.28902994791666659
,139.89849874843753,76.627417895809188,0.040000000000000001,0.2880126953124999
,139.99849767499995,77.550196720480088,0.040000000000000001,0.2880126953124999
,140.09849660234363,77.71286474159146,0.040000000000000001,0.2880126953124999
,140.19849552890628,77.767075802021097,0.040000000000000001,0.28699544270833327
,140.29849445624995,78.092220591319347,0.040000000000000001,0.28699544270833327
,140.39849338281238,78.969077758321319,0.040000000000000001,0.2880126953124999
,140.49849231171879,80.286968562521736,0.040000000000000001,0.28902994791666659
,140.59849124062498,79.444768758877714,0.040000000000000001,0.28902994791666659
,140.69849016953117,79.509601813403194,0.040000000000000001,0.29004720052083327
,140.79848909843759,78.557899713401923,0.040000000000000001,0.28902994791666659
,140.89848802734377,77.365776313096461,0.040000000000000001,0.2880126953124999
,140.99848695624996,77.409175412645169,0.040000000000000001,0.28699544270833327
,141.09848588515615,79.055599658523334,0.040000000000000001,0.28902994791666659
,141.19848481406257,78.69860296373318,0.040000000000000001,0.2880126953124999
,141.29848374296876,78.969077758321319,0.040000000000000001,0.2880126953124999
,141.39848267109369,79.855241381139237,0.040000000000000001,0.28902994791666659
,141.49848159609382,80.70756013098142,0.040000000000000001,0.29004720052083327
,141.59848052109373,80.394844687171158,0.040000000000000001,0.29004720052083327
,141.69847944609364,79.65004562746185,0.040000000000000001,0.29004720052083327
,141.79847837031252,78.752709318532538,0.040000000000000001,0.28902994791666659
,141.89847729531243,77.561042882936221,0.040000000000000001,0.2880126953124999
,141.99847622031257,78.449640128365616,0.040000000000000001,0.2880126953124999
,142.09847514531248,78.622844475888101,0.040000000000000001,0.2880126953124999
,142.19847407031239,78.850086388782074,0.040000000000000001,0.2880126953124999
,142.29847299453127,79.14210703297455,0.040000000000000001,0.28699544270833327
,142.39847192031243,79.844443622317968,0.040000000000000001,0.28902994791666659
,142.49847084531257,80.880013281305281,0.040000000000000001,0.28902994791666659
,142.59846977109373,80.739899394883523,0.040000000000000001,0.29004720052083327
,142.69846869609364,79.779652364905161,0.040000000000000001,0.28902994791666659
,142.79846762187503,79.14210703297455,0.040000000000000001,0.28902994791666659
,142.89846654687494,78.276377083050178,0.040000000000000001,0.2880126953124999
,142.99846547265633,78.330528100436354,0.040000000000000001,0.28699544270833327
,143.09846439765624,79.487991696589248,0.040000000000000001,0.2880126953124999
,143.19846332343741,79.315078289320212,0.040000000000000001,0.28699544270833327
,143.29846224843754,79.585230129658598,0.040000000000000001,0.28699544270833327
,143.39846117734373,79.876836227082421,0.040000000000000001,0.2880126953124999
,143.49846010546867,81.472392413890233,0.040000000000000001,0.28902994791666659
,143.59845903437508,80.793793757453003,0.040000000000000001,0.28902994791666659
,143.69845796250002,80.071149590353173,0.040000000000000001,0.28902994791666659
,143.7984568914062,79.660847423756678,0.040000000000000001,0.2880126953124999
,143.89845581953114,77.430873562453897,0.040000000000000001,0.28597819010416659
,143.99845474843755,78.113889516917681,0.040000000000000001,0.2849609374999999
,144.09845367656249,79.250220856463244,0.040000000000000001,0.28597819010416659
,144.19845260546867,79.22859990285292,0.040000000000000001,0.2849609374999999
,144.29845153281258,79.304269282350432,0.040000000000000001,0.2849609374999999
,144.39845046171877,80.685999518383596,0.040000000000000001,0.28597819010416659
,144.49844939062496,81.472392413890233,0.040000000000000001,0.28699544270833327
,144.59844831874989,81.493921018168507,0.040000000000000001,0.2880126953124999
,144.6984472476563,80.481129610726853,0.040000000000000001,0.28699544270833327
,144.79844617656249,79.790451468070572,0.040000000000000001,0.28597819010416659
,144.89844510468743,78.200555999464655,0.040000000000000001,0.2849609374999999
,144.99844403359361,78.774350263287047,0.040000000000000001,0.2849609374999999
,145.09844296171877,79.509601813403194,0.040000000000000001,0.28394368489583327
,145.19844189062496,79.14210703297455,0.040000000000000001,0.28292643229166659
,145.29844082109366,80.243811891309022,0.040000000000000001,0.28394368489583327
,145.39843975390613,80.588965829305707,0.040000000000000001,0.28394368489583327
,145.49843868593757,82.074865212053268,0.040000000000000001,0.2849609374999999
,145.59843761875004,81.224750767420474,0.040000000000000001,0.2849609374999999
,145.69843655156251,80.793793757453003,0.040000000000000001,0.2849609374999999
,145.79843548359372,79.844443622317968,0.040000000000000001,0.28394368489583327
,145.89843441640619,78.795990295873537,0.040000000000000001,0.28292643229166659
,145.99843334921866,79.098855160143799,0.040000000000000001,0.2819091796874999
,146.09843228124987,79.984797033489968,0.040000000000000001,0.2819091796874999
,146.19843121406257,79.682450342426307,0.040000000000000001,0.2819091796874999
,146.29843014062499,80.103528117022847,0.040000000000000001,0.2819091796874999
,146.3984290656249,81.493921018168507,0.040000000000000001,0.28292643229166659
,146.49842799140629,81.988839216745205,0.040000000000000001,0.28292643229166659
,146.5984269164062,82.33286051637738,0.040000000000000001,0.28394368489583327
,146.69842584140633,81.762955198324818,0.040000000000000001,0.28394368489583327
,146.7984247671875,81.009316170292564,0.040000000000000001,0.28292643229166659
,146.89842369218741,79.131294404821176,0.040000000000000001,0.2819091796874999
,146.99842261718754,79.660847423756678,0.040000000000000001,0.2819091796874999
,147.09842154296871,80.006386512409307,0.040000000000000001,0.28089192708333327
,147.19842046874987,80.254601392665009,0.040000000000000001,0.28089192708333327
,147.29841939531252,80.750678708348801,0.040000000000000001,0.28089192708333327
,147.39841832187494,81.095500528810646,0.040000000000000001,0.2819091796874999
,147.49841724921862,82.569247628197729,0.040000000000000001,0.28292643229166659
,147.59841617578127,82.375847703078236,0.040000000000000001,0.28292643229166659
,147.69841510234369,81.730678260306021,0.040000000000000001,0.28394368489583327
,147.79841402890634,80.405631078709817,0.040000000000000001,0.28292643229166659
,147.89841295625001,79.455574831419099,0.040000000000000001,0.2819091796874999
,147.99841188281243,79.747253710037171,0.040000000000000001,0.28089192708333327
,148.09841080937508,79.909226817364896,0.040000000000000001,0.2819091796874999
,148.19840973906253,79.822847432770459,0.040000000000000001,0.27987467447916659
,148.29840867109374,80.146696364534435,0.040000000000000001,0.27987467447916659
,148.39840760312495,81.138587445635594,0.040000000000000001,0.28089192708333327
,148.49840653515616,82.289869896627764,0.040000000000000001,0.2819091796874999
,148.59840546718738,82.579990036341712,0.040000000000000001,0.28292643229166659
,148.69840440000007,81.601550983273341,0.040000000000000001,0.28292643229166659
,148.79840333203128,81.063183039588381,0.040000000000000001,0.2819091796874999
,148.8984022640625,79.390735013179878,0.040000000000000001,0.28089192708333327
,148.99840119609371,79.682450342426307,0.040000000000000001,0.28089192708333327
,149.09840012812492,80.491914228826374,0.040000000000000001,0.27987467447916659
,149.19839905468757,80.319333731921262,0.040000000000000001,0.27987467447916659
,149.29839798046874,80.912341971175749,0.040000000000000001,0.27987467447916659
,149.3983969062499,81.353969509415435,0.040000000000000001,0.28089192708333327
,149.49839583203129,83.063177891547539,0.040000000000000001,0.2819091796874999
,149.59839475781246,82.268373298555602,0.040000000000000001,0.2819091796874999
,149.69839368359362,82.171627969647815,0.040000000000000001,0.2819091796874999
,149.79839260937501,81.095500528810646,0.040000000000000001,0.2819091796874999
,149.89839153515618,80.006386512409307,0.040000000000000001,0.28089192708333327
,149.99839046093757,80.125112686553592,0.040000000000000001,0.27987467447916659
,150.09838938593748,80.890789731235344,0.040000000000000001,0.27987467447916659
,150.19838830937488,80.69677993504267,0.040000000000000001,0.2788574218749999
,150.29838723359376,81.149358627111866,0.040000000000000001,0.27987467447916659
,150.39838615703115,82.096369554760216,0.040000000000000001,0.28089192708333327
,150.49838508046878,82.912898921164512,0.040000000000000001,0.28089192708333327
,150.59838400468743,83.009511602811557,0.040000000000000001,0.2819091796874999
,150.69838292812506,82.042607081406516,0.040000000000000001,0.2819091796874999
,150.79838185156245,81.698399370882967,0.040000000000000001,0.28089192708333327
,150.89838077578133,80.071149590353173,0.040000000000000001,0.2788574218749999
,150.99837969921873,80.69677993504267,0.040000000000000001,0.2788574218749999
,151.09837862265613,80.750678708348801,0.040000000000000001,0.2788574218749999
,151.19837754609375,80.944668681897866,0.040000000000000001,0.27784016927083327
,151.29837646953115,81.300132190132445,0.040000000000000001,0.27784016927083327
,151.39837539375003,81.849017501139414,0.040000000000000001,0.2788574218749999
,151.49837431718743,83.245603688844525,0.040000000000000001,0.27987467447916659
,151.59837324062505,83.063177891547539,0.040000000000000001,0.27987467447916659
,151.6983721648437,82.461811787621556,0.040000000000000001,0.27987467447916659
,151.79837108828133,81.235520197948247,0.040000000000000001,0.2788574218749999
,151.89837001171873,80.103528117022847,0.040000000000000001,0.27784016927083327
,151.99836893593738,80.664438022741265,0.040000000000000001,0.27784016927083327
,152.09836786328128,81.849017501139414,0.040000000000000001,0.2788574218749999
,152.19836679062496,81.741437456414403,0.040000000000000001,0.27784016927083327
,152.29836571796864,82.042607081406516,0.040000000000000001,0.27784016927083327
,152.39836464531254,82.945105058545096,0.040000000000000001,0.2788574218749999
,152.49836357343747,83.813952118785664,0.040000000000000001,0.27987467447916659
,152.59836250078115,83.149032939869855,0.040000000000000001,0.27987467447916659
,152.69836142812505,82.375847703078236,0.040000000000000001,0.27987467447916659
,152.79836035546873,81.838260471035852,0.040000000000000001,0.27987467447916659
,152.89835928359366,79.801250347075836,0.040000000000000001,0.27784016927083327
,152.99835821093757,81.020089983067351,0.040000000000000001,0.27784016927083327
,153.09835713828124,81.095500528810646,0.040000000000000001,0.27784016927083327
,153.19835606484367,81.257058402986772,0.040000000000000001,0.27784016927083327
,153.29835499218757,81.644596882426384,0.040000000000000001,0.27682291666666659
,153.39835391874999,83.245603688844525,0.040000000000000001,0.2788574218749999
,153.49835284609367,84.049697525990027,0.040000000000000001,0.27987467447916659
,153.59835177343757,83.728201451779768,0.040000000000000001,0.27987467447916659
,153.69835069999999,83.406516942206594,0.040000000000000001,0.28089192708333327
,153.79834962734367,82.526275858399615,0.040000000000000001,0.28089192708333327
,153.89834855468757,81.063183039588381,0.040000000000000001,0.2788574218749999
,153.99834748046874,81.063183039588381,0.040000000000000001,0.27784016927083327
,154.0983464062499,81.838260471035852,0.040000000000000001,0.2788574218749999
,154.19834533203129,81.300132190132445,0.040000000000000001,0.27682291666666659
,154.29834425781246,82.472556334392323,0.040000000000000001,0.27784016927083327
,154.39834318359362,83.20268546932131,0.040000000000000001,0.2788574218749999
,154.49834210937502,84.863318124747408,0.040000000000000001,0.27987467447916659
,154.59834103515618,83.963983603804834,0.040000000000000001,0.27987467447916659
,154.69833996093757,83.309974684047717,0.040000000000000001,0.27987467447916659
,154.79833888671874,82.246875841256269,0.040000000000000001,0.2788574218749999
,154.8983378124999,80.966218723395158,0.040000000000000001,0.27784016927083327
,154.9983367382813,81.569264277316719,0.040000000000000001,0.27784016927083327
,155.09833566406246,81.945821039888557,0.040000000000000001,0.27682291666666659
,155.19833459062488,82.665921613749688,0.040000000000000001,0.27784016927083327
,155.29833351640627,82.665921613749688,0.040000000000000001,0.27682291666666659
,155.39833244218744,83.888972976339574,0.040000000000000001,0.27784016927083327
,155.49833136875009,85.280372739112636,0.040000000000000001,0.27987467447916659
,155.59833029453125,85.02376055194884,0.040000000000000001,0.27987467447916659
,155.69832922031242,83.963983603804834,0.040000000000000001,0.27987467447916659
,155.79832814609381,83.492317963468338,0.040000000000000001,0.27987467447916659
,155.89832707265623,81.590788965316349,0.040000000000000001,0.2788574218749999
,155.99832600078116,82.25762467732946,0.040000000000000001,0.2788574218749999
,156.09832492812507,82.88069087217977,0.040000000000000001,0.2788574218749999
,156.19832385625,82.590732230843642,0.040000000000000001,0.27784016927083327
,156.29832278437493,83.363611379289381,0.040000000000000001,0.27784016927083327
,156.39832171249986,84.10326196011701,0.040000000000000001,0.27987467447916659
,156.49832064062502,85.48344083358505,0.040000000000000001,0.28089192708333327
,156.59831956874996,85.173465281485193,0.040000000000000001,0.28089192708333327
,156.69831849609363,84.959589112604547,0.040000000000000001,0.2819091796874999
,156.79831742421879,83.685321094610657,0.040000000000000001,0.28089192708333327
,156.89831635156247,81.870530912251823,0.040000000000000001,0.2788574218749999
,156.99831527890615,81.805988082051201,0.040000000000000001,0.27784016927083327
,157.09831420625005,82.955840013057625,0.040000000000000001,0.2788574218749999
,157.19831313281247,83.342157333644408,0.040000000000000001,0.27784016927083327
,157.29831206015615,83.653158626795602,0.040000000000000001,0.2788574218749999
,157.3983109867188,84.617216690951579,0.040000000000000001,0.27987467447916659
,157.49830991406247,85.558236915356673,0.040000000000000001,0.28089192708333327
,157.5983088406249,85.707799304203576,0.040000000000000001,0.28089192708333327
,157.6983077679688,84.734930949224577,0.040000000000000001,0.28089192708333327
,157.79830669453122,84.306759431233445,0.040000000000000001,0.28089192708333327
,157.89830562421866,82.773316888999332,0.040000000000000001,0.2788574218749999
,157.99830455390634,83.245603688844525,0.040000000000000001,0.27987467447916659
,158.09830348437504,83.899689406278029,0.040000000000000001,0.2788574218749999
,158.19830241406248,84.253214729411738,0.040000000000000001,0.2788574218749999
,158.29830134374993,84.338883765199441,0.040000000000000001,0.2788574218749999
,158.39830027421863,84.841922315853495,0.040000000000000001,0.27987467447916659
,158.4982992039063,86.508354540281857,0.040000000000000001,0.2819091796874999
,158.59829813359374,86.284312712989035,0.040000000000000001,0.2819091796874999
,158.69829706406244,85.280372739112636,0.040000000000000001,0.2819091796874999
,158.79829599374989,84.499477495707723,0.040000000000000001,0.2819091796874999
,158.89829492500007,83.084642923875435,0.040000000000000001,0.28089192708333327
,158.99829385625003,83.588828029534241,0.040000000000000001,0.28089192708333327
,159.09829278828124,84.296050905495591,0.040000000000000001,0.27987467447916659
,159.1982917195312,84.938196994582299,0.040000000000000001,0.28089192708333327
,159.29829065078115,85.013065823779471,0.040000000000000001,0.28089192708333327
,159.39828958203111,86.348333647667729,0.040000000000000001,0.2819091796874999
,159.4982885132813,87.062747493156536,0.040000000000000001,0.28292643229166659
,159.59828744453125,86.817601304147431,0.040000000000000001,0.28292643229166659
,159.69828637578121,85.94274592724237,0.040000000000000001,0.28292643229166659
,159.79828530546865,85.707799304203576,0.040000000000000001,0.28292643229166659
,159.89828423359381,84.156821194612192,0.040000000000000001,0.2819091796874999
,159.99828316171875,84.627919016823995,0.040000000000000001,0.2819091796874999
,160.09828208906242,85.077231124626081,0.040000000000000001,0.2819091796874999
,160.19828101718758,85.301751785508031,0.040000000000000001,0.2819091796874999
,160.29827994531252,86.017481225633389,0.040000000000000001,0.2819091796874999
,160.39827887343745,86.369672360724152,0.040000000000000001,0.28292643229166659
,160.49827780156238,88.148667020282659,0.040000000000000001,0.28394368489583327
,160.59827672968754,87.574021494754987,0.040000000000000001,0.2849609374999999
,160.69827565781247,87.030777828483423,0.040000000000000001,0.2849609374999999
,160.79827458515615,86.060182688350295,0.040000000000000001,0.2849609374999999
,160.89827351328131,84.884713112897643,0.040000000000000001,0.28292643229166659
,160.99827244062499,85.141389067042141,0.040000000000000001,0.28292643229166659
,161.09827136796866,85.739843230489839,0.040000000000000001,0.28292643229166659
,161.19827029609382,85.611656608069097,0.040000000000000001,0.28292643229166659
,161.2982692234375,86.305653824110337,0.040000000000000001,0.28292643229166659
,161.39826815078118,87.254528251935398,0.040000000000000001,0.28394368489583327
,161.49826707812508,88.531450577040857,0.040000000000000001,0.28597819010416659
,161.59826600625001,88.35072277470708,0.040000000000000001,0.28597819010416659
,161.69826493359369,87.765632992150955,0.040000000000000001,0.28597819010416659
,161.79826386171862,86.86024293703835,0.040000000000000001,0.2849609374999999
,161.89826278906253,84.767030516829578,0.040000000000000001,0.28394368489583327
,161.99826171718746,86.028156892662381,0.040000000000000001,0.28394368489583327
,162.09826064453114,86.678994098895473,0.040000000000000001,0.28394368489583327
,162.1982595726563,86.945516705848817,0.040000000000000001,0.28394368489583327
,162.29825849999997,87.563374558006473,0.040000000000000001,0.2849609374999999
,162.39825742812491,88.47830110625867,0.040000000000000001,0.28597819010416659
,162.49825635546881,89.444874595713927,0.040000000000000001,0.28699544270833327
,162.59825528359374,88.595223609875717,0.040000000000000001,0.28699544270833327
,162.69825421093742,88.286923215830342,0.040000000000000001,0.2880126953124999
,162.79825313750007,87.531432575405816,0.040000000000000001,0.28699544270833327
,162.89825206406249,85.900035616091273,0.040000000000000001,0.28597819010416659
,162.99825099062491,86.657666937175776,0.040000000000000001,0.28597819010416659
,163.09824991718756,86.828262009362717,0.040000000000000001,0.2849609374999999
,163.19824884453124,87.062747493156536,0.040000000000000001,0.28394368489583327
,163.29824777109366,87.818847206792157,0.040000000000000001,0.2849609374999999
,163.3982466976563,89.00958050182571,0.040000000000000001,0.28597819010416659
,163.49824562421873,89.869246139824611,0.040000000000000001,0.28699544270833327
,163.59824455078115,89.92227148051208,0.040000000000000001,0.2880126953124999
,163.69824347890631,88.956474036627696,0.040000000000000001,0.2880126953124999
,163.79824240703124,88.286923215830342,0.040000000000000001,0.28699544270833327
,163.89824133515617,86.657666937175776,0.040000000000000001,0.28597819010416659
,163.99824026328133,87.414296912549148,0.040000000000000001,0.28597819010416659
,164.09823919140626,88.063570055673281,0.040000000000000001,0.28597819010416659
,164.1982381195312,87.616607288845742,0.040000000000000001,0.2849609374999999
,164.29823704765613,88.775876425928132,0.040000000000000001,0.28597819010416659
,164.39823597578129,89.147635071021284,0.040000000000000001,0.28597819010416659
,164.49823490390622,90.642954053375291,0.040000000000000001,0.2880126953124999
,164.5982338312499,90.007102306128942,0.040000000000000001,0.2880126953124999
,164.69823275625004,89.996499106598023,0.040000000000000001,0.28902994791666659
,164.79823168046869,89.434261449984362,0.040000000000000001,0.28902994791666659
,164.89823060546883,88.180575192097649,0.040000000000000001,0.2880126953124999
,164.99822953046873,88.488931384432234,0.040000000000000001,0.2880126953124999
,165.09822845546864,88.467670636000562,0.040000000000000001,0.28699544270833327
,165.19822738046878,88.233751615960117,0.040000000000000001,0.28597819010416659
,165.29822630468743,88.212481625560898,0.040000000000000001,0.28597819010416659
,165.39822522968757,89.275041601420384,0.040000000000000001,0.28699544270833327
,165.49822415468748,89.985895720378892,0.040000000000000001,0.28699544270833327
,165.59822308203115,90.589991875210927,0.040000000000000001,0.2880126953124999
,165.69822201250008,89.92227148051208,0.040000000000000001,0.2880126953124999
,165.79822094218753,89.243192526171853,0.040000000000000001,0.28699544270833327
,165.89821987265623,88.074207853342671,0.040000000000000001,0.28597819010416659
,165.99821880234367,88.850246823140111,0.040000000000000001,0.28699544270833327
,166.09821773281237,89.519161335963233,0.040000000000000001,0.28699544270833327
,166.19821666250004,89.646488565576078,0.040000000000000001,0.28699544270833327
,166.29821559296875,89.519161335963233,0.040000000000000001,0.28597819010416659
,166.39821452343745,89.699533587299115,0.040000000000000001,0.28699544270833327
,166.49821345312489,90.844168324601881,0.040000000000000001,0.2880126953124999
,166.59821238203131,91.108822948913712,0.040000000000000001,0.28902994791666659
,166.69821130937498,90.303916249575963,0.040000000000000001,0.28902994791666659
,166.79821023749992,89.869246139824611,0.040000000000000001,0.28902994791666659
,166.89820916562508,88.499561470559243,0.040000000000000001,0.28699544270833327
,166.99820809375001,88.467670636000562,0.040000000000000001,0.28597819010416659
,167.09820702109369,89.190106946428969,0.040000000000000001,0.28699544270833327
,167.19820594921862,89.317504385834596,0.040000000000000001,0.28597819010416659
,167.29820487734378,89.444874595713927,0.040000000000000001,0.28597819010416659
,167.39820380546871,90.759454623839261,0.040000000000000001,0.28699544270833327
,167.49820273359364,91.933813795993146,0.040000000000000001,0.2880126953124999
,167.59820165859378,91.405100536657656,0.040000000000000001,0.28902994791666659
,167.69820058359369,90.484053669530624,0.040000000000000001,0.2880126953124999
,167.79819950859383,89.848034693845221,0.040000000000000001,0.2880126953124999
,167.89819843437499,88.329457025651038,0.040000000000000001,0.28597819010416659
,167.9981973593749,89.306888973466172,0.040000000000000001,0.28699544270833327
,168.09819628437504,90.049513238119346,0.040000000000000001,0.28597819010416659
,168.19819520937494,89.572217641187763,0.040000000000000001,0.28597819010416659
,168.29819413515634,90.081319478721056,0.040000000000000001,0.28597819010416659
,168.39819306015625,90.907695883616228,0.040000000000000001,0.28699544270833327
,168.4981919843749,91.743529072607785,0.040000000000000001,0.2880126953124999
,168.59819090703127,91.383942586627384,0.040000000000000001,0.2880126953124999
,168.69818982968741,90.981803021363959,0.040000000000000001,0.2880126953124999
,168.79818875234378,90.42048187001194,0.040000000000000001,0.2880126953124999
,168.89818767499992,88.988338486578272,0.040000000000000001,0.28597819010416659
,168.99818659765629,89.253809073895681,0.040000000000000001,0.28597819010416659
,169.09818552031243,90.113124041825102,0.040000000000000001,0.28597819010416659
,169.1981844429688,90.356903403562299,0.040000000000000001,0.2849609374999999
,169.29818336562494,90.31451405143028,0.040000000000000001,0.2849609374999999
,169.3981822882813,91.574337991456119,0.040000000000000001,0.28597819010416659
,169.49818121328121,92.884367407900442,0.040000000000000001,0.2880126953124999
,169.59818013906238,92.641585281091437,0.040000000000000001,0.2880126953124999
,169.69817906406251,92.124040233649822,0.040000000000000001,0.2880126953124999
,169.79817798984368,90.918283167722507,0.040000000000000001,0.28699544270833327
,169.89817691562507,89.614659297722085,0.040000000000000001,0.28597819010416659
,169.99817584140624,90.187328171142696,0.040000000000000001,0.28597819010416659
,170.0981747671874,90.674729147060106,0.040000000000000001,0.28597819010416659
,170.19817369296879,90.282720089020202,0.040000000000000001,0.2849609374999999
,170.29817261874996,90.77004448004493,0.040000000000000001,0.2849609374999999
,170.39817154453112,92.039502332286062,0.040000000000000001,0.28699544270833327
,170.4981704742188,92.736598136932756,0.040000000000000001,0.28699544270833327
,170.5981694046875,92.271953970520158,0.040000000000000001,0.28699544270833327
,170.69816833437494,92.039502332286062,0.040000000000000001,0.2880126953124999
,170.79816726406239,91.426257759735762,0.040000000000000001,0.28699544270833327
,170.89816619453131,89.625269241662835,0.040000000000000001,0.28597819010416659
,170.99816512421876,90.144926928442175,0.040000000000000001,0.28597819010416659
,171.0981640539062,90.812402065608993,0.040000000000000001,0.2849609374999999
,171.19816298359365,90.907695883616228,0.040000000000000001,0.2849609374999999
,171.29816191406258,91.405100536657656,0.040000000000000001,0.2849609374999999
,171.39816084375002,92.198001486988758,0.040000000000000001,0.28597819010416659
,171.49815977265621,92.947686493715167,0.040000000000000001,0.28699544270833327
,171.59815870078114,92.557117344286553,0.040000000000000001,0.28699544270833327
,171.69815762968756,92.124040233649822,0.040000000000000001,0.28699544270833327
,171.79815655859375,91.457992231964496,0.040000000000000001,0.28597819010416659
,171.89815548671868,90.303916249575963,0.040000000000000001,0.2849609374999999
,171.99815441562487,90.77004448004493,0.040000000000000001,0.2849609374999999
,172.09815334453128,91.362783909349091,0.040000000000000001,0.2849609374999999
,172.19815227343747,91.28872280752519,0.040000000000000001,0.2849609374999999
,172.2981512015624,91.584913791062334,0.040000000000000001,0.2849609374999999
,172.39815012812505,92.462077318083232,0.040000000000000001,0.28597819010416659
,172.49814905234371,92.831596646930947,0.040000000000000001,0.28597819010416659
,172.59814797656259,92.778821466442054,0.040000000000000001,0.28699544270833327
,172.69814690078124,92.388147327736448,0.040000000000000001,0.28597819010416659
,172.79814582578115,92.007797658098482,0.040000000000000001,0.28597819010416659
,172.89814475000003,90.473458832250131,0.040000000000000001,0.2849609374999999
,172.99814367421868,90.62176973559923,0.040000000000000001,0.28394368489583327
,173.09814259921882,90.992389022151343,0.040000000000000001,0.28394368489583327
,173.19814152343747,91.341624504526976,0.040000000000000001,0.28394368489583327
,173.29814044843738,91.859821119074994,0.040000000000000001,0.28394368489583327
,173.39813937343752,92.757710155759725,0.040000000000000001,0.2849609374999999
,173.49813829843742,93.517273473677079,0.040000000000000001,0.28597819010416659
,173.59813722265631,93.295828176078771,0.040000000000000001,0.28597819010416659
,173.69813614765621,92.863259633563217,0.040000000000000001,0.28597819010416659
,173.79813507265612,92.113473623679056,0.040000000000000001,0.28597819010416659
,173.89813399765626,90.971216837356664,0.040000000000000001,0.28394368489583327
,173.99813292265617,91.627215178755463,0.040000000000000001,0.28394368489583327
,174.0981318476563,91.902103728843144,0.040000000000000001,0.28394368489583327
,174.19813077265621,92.007797658098482,0.040000000000000001,0.28394368489583327
,174.29812969765612,92.377585187573914,0.040000000000000001,0.28394368489583327
,174.39812862421877,93.46455539210794,0.040000000000000001,0.2849609374999999
,174.49812755078119,94.423345798251106,0.040000000000000001,0.28597819010416659
,174.59812647812487,94.002075811883685,0.040000000000000001,0.28597819010416659
,174.69812540468752,93.295828176078771,0.040000000000000001,0.28597819010416659
,174.79812433124994,92.578235394138062,0.040000000000000001,0.28597819010416659
,174.89812325781259,91.098238961096001,0.040000000000000001,0.28394368489583327
,174.99812218437501,91.479147638955894,0.040000000000000001,0.28394368489583327
,175.09812111093743,92.018366062415353,0.040000000000000001,0.28394368489583327
,175.19812003750008,91.732955985779185,0.040000000000000001,0.28292643229166659
,175.29811896015622,92.314208599915617,0.040000000000000001,0.28292643229166659
,175.39811788046882,93.169253341995628,0.040000000000000001,0.28394368489583327
,175.49811680078119,94.22327687331817,0.040000000000000001,0.2849609374999999
,175.59811572109379,93.822952501474049,0.040000000000000001,0.2849609374999999
,175.69811464140616,93.074305624189165,0.040000000000000001,0.2849609374999999
,175.79811356250002,92.409271073150876,0.040000000000000001,0.28394368489583327
,175.89811248281239,91.172323038848461,0.040000000000000001,0.28292643229166659
,175.99811140312499,91.669513671049103,0.040000000000000001,0.28292643229166659
,176.09811032343737,92.462077318083232,0.040000000000000001,0.28292643229166659
,176.19810924374997,92.176870595749207,0.040000000000000001,0.2819091796874999
,176.29810816640634,92.778821466442054,0.040000000000000001,0.2819091796874999
,176.39810708906248,93.569987194795459,0.040000000000000001,0.28292643229166659
,176.49810601171862,94.275932600297338,0.040000000000000001,0.28394368489583327
,176.59810493437499,94.328584031800489,0.040000000000000001,0.28394368489583327
,176.69810385703113,94.170616846366173,0.040000000000000001,0.2849609374999999
,176.7981027796875,93.675401573787937,0.040000000000000001,0.28394368489583327
,176.89810170234364,91.817535626879419,0.040000000000000001,0.2819091796874999
,176.99810062500001,91.828107270284733,0.040000000000000001,0.2819091796874999
,177.09809954765615,92.715485409669242,0.040000000000000001,0.2819091796874999
,177.19809847265628,92.715485409669242,0.040000000000000001,0.2819091796874999
,177.29809740234373,93.095406347701939,0.040000000000000001,0.2819091796874999
,177.39809633203117,93.865103663767201,0.040000000000000001,0.28292643229166659
,177.49809526171862,94.444402083176598,0.040000000000000001,0.28292643229166659
,177.59809419140629,94.318054088922196,0.040000000000000001,0.28394368489583327
,177.69809312109373,93.833490552010431,0.040000000000000001,0.28394368489583327
,177.79809205078118,92.947686493715167,0.040000000000000001,0.28292643229166659
,177.89809098046862,91.584913791062334,0.040000000000000001,0.28089192708333327
,177.9980899101563,92.419832678475984,0.040000000000000001,0.28089192708333327
,178.098088840625,92.557117344286553,0.040000000000000001,0.27987467447916659
,178.19808776874993,92.620469362248087,0.040000000000000001,0.27987467447916659
,178.29808669765612,93.454011252141441,0.040000000000000001,0.27987467447916659
,178.39808562578128,94.202213378785956,0.040000000000000001,0.28089192708333327
,178.49808455468747,95.075773406138538,0.040000000000000001,0.2819091796874999
,178.5980834828124,94.612827727552357,0.040000000000000001,0.28292643229166659
,178.69808241093756,94.370702087280549,0.040000000000000001,0.28292643229166659
,178.79808133984375,93.348560241542543,0.040000000000000001,0.2819091796874999
,178.89808026796868,92.134606664388016,0.040000000000000001,0.27987467447916659
,178.99807919687487,92.863259633563217,0.040000000000000001,0.28089192708333327
,179.09807812500003,93.612155035208204,0.040000000000000001,0.28089192708333327
,179.1980770578125,93.211447760105571,0.040000000000000001,0.27987467447916659
,179.29807598984371,94.244339679854718,0.040000000000000001,0.28089192708333327
,179.39807492265618,94.91798794700037,0.040000000000000001,0.28089192708333327
,179.49807385546865,95.485837841668726,0.040000000000000001,0.28292643229166659
,179.59807278750009,95.14939359265199,0.040000000000000001,0.28292643229166659
,179.69807172031256,94.91798794700037,0.040000000000000001,0.28292643229166659
,179.79807065234377,94.160084324583153,0.040000000000000001,0.28292643229166659
,179.89806958515624,92.303645210516777,0.040000000000000001,0.2819091796874999
,179.99806851718745,92.726041861873853,0.040000000000000001,0.2819091796874999
,180.09806744687489,93.411832945558146,0.040000000000000001,0.28089192708333327
,180.19806637109377,93.380197380552289,0.040000000000000001,0.28089192708333327
,180.29806529531243,93.696482361928645,0.040000000000000001,0.28089192708333327
,180.39806422031256,94.823298358970405,0.040000000000000001,0.2819091796874999
,180.49806314453122,95.527881273956595,0.040000000000000001,0.28292643229166659
,180.59806206874987,95.223005505678685,0.040000000000000001,0.28292643229166659
,180.69806099375,94.539146892905791,0.040000000000000001,0.28292643229166659
,180.79805991796866,94.04421521086563,0.040000000000000001,0.2819091796874999
,180.89805884218754,92.768265899600706,0.040000000000000001,0.28089192708333327
,180.99805776718745,93.390742743728566,0.040000000000000001,0.28089192708333327
,181.09805669140633,93.854566133120869,0.040000000000000001,0.28089192708333327
,181.19805561562498,93.949397675890125,0.040000000000000001,0.28089192708333327
,181.29805453906238,94.623352878106246,0.040000000000000001,0.2819091796874999
,181.39805346328126,95.065255560536613,0.040000000000000001,0.28292643229166659
,181.49805238749991,96.326199675944551,0.040000000000000001,0.28394368489583327
,181.59805131093754,95.517370667321387,0.040000000000000001,0.28292643229166659
,181.69805023515619,94.686500199365298,0.040000000000000001,0.28292643229166659
,181.79804915937507,93.928325211195329,0.040000000000000001,0.2819091796874999
,181.89804808359372,92.937133753908142,0.040000000000000001,0.28089192708333327
,181.99804700703112,93.559444799190473,0.040000000000000001,0.28089192708333327
,182.09804593515628,94.065283874545585,0.040000000000000001,0.28089192708333327
,182.19804486328121,94.04421521086563,0.040000000000000001,0.28089192708333327
,182.2980437921874,94.739118280224019,0.040000000000000001,0.28089192708333327
,182.39804272031256,95.559412088612532,0.040000000000000001,0.2819091796874999
,182.49804164843749,96.168712754280023,0.040000000000000001,0.28292643229166659
,182.59804057656243,95.906151790133464,0.040000000000000001,0.28292643229166659
,182.69803950468759,95.496348951213008,0.040000000000000001,0.28292643229166659
,182.79803843281252,94.465457683125834,0.040000000000000001,0.2819091796874999
,182.89803736093745,93.19035090213643,0.040000000000000001,0.28089192708333327
,182.99803628828113,93.959933648815962,0.040000000000000001,0.28089192708333327
,183.09803521406252,94.686500199365298,0.040000000000000001,0.28089192708333327
,183.19803413984368,94.865384318305885,0.040000000000000001,0.28089192708333327
,183.29803306562508,95.18094256774458,0.040000000000000001,0.28089192708333327
,183.39803199140624,95.759072288796204,0.040000000000000001,0.2819091796874999
,183.49803091718741,96.72500078607024,0.040000000000000001,0.28292643229166659
,183.59802984218754,96.578101638178268,0.040000000000000001,0.28394368489583327
,183.69802876796871,96.042696427061571,0.040000000000000001,0.28394368489583327
,183.79802769374987,95.096808590089026,0.040000000000000001,0.28292643229166659
,183.89802661953127,93.991540530339961,0.040000000000000001,0.2819091796874999
,183.99802554453117,94.581251251726954,0.040000000000000001,0.2819091796874999
,184.09802447031257,94.949548088346475,0.040000000000000001,0.2819091796874999
,184.19802339531248,94.970587334893452,0.040000000000000001,0.2819091796874999
,184.29802232109364,95.643486895448518,0.040000000000000001,0.2819091796874999
,184.39802124609378,96.651555224851649,0.040000000000000001,0.28292643229166659
,184.49802017187494,97.804779658218493,0.040000000000000001,0.28394368489583327
,184.59801909687508,97.291312385849466,0.040000000000000001,0.2849609374999999
,184.69801802265624,96.798438333881535,0.040000000000000001,0.2849609374999999
,184.79801694765615,96.221212524076222,0.040000000000000001,0.2849609374999999
,184.89801587343754,95.170426411500955,0.040000000000000001,0.28394368489583327
,184.99801479921871,95.201974374048447,0.040000000000000001,0.28394368489583327
,185.09801372578113,95.590941396139982,0.040000000000000001,0.28394368489583327
,185.19801265234378,95.201974374048447,0.040000000000000001,0.28292643229166659
,185.29801157812494,95.527881273956595,0.040000000000000001,0.28394368489583327
,185.39801050468736,97.270346321799522,0.040000000000000001,0.2849609374999999
,185.49800943125001,98.202714172128793,0.040000000000000001,0.28597819010416659
,185.59800835703118,97.720974605642411,0.040000000000000001,0.28597819010416659
,185.69800728359382,97.312277803306529,0.040000000000000001,0.28699544270833327
,185.79800621015625,96.473153997319869,0.040000000000000001,0.28597819010416659
,185.89800513749992,94.728595004675796,0.040000000000000001,0.2849609374999999
,185.99800406796862,95.233520818580288,0.040000000000000001,0.28394368489583327
,186.09800299921881,96.011188616493413,0.040000000000000001,0.28394368489583327
,186.19800192968751,96.000685681147999,0.040000000000000001,0.28394368489583327
,186.29800086093746,96.494144839426497,0.040000000000000001,0.28394368489583327
,186.39799979140616,97.207444247298596,0.040000000000000001,0.2849609374999999
,186.49799872187486,97.961886555816207,0.040000000000000001,0.28597819010416659
,186.59799765312505,97.815254569687767,0.040000000000000001,0.28699544270833327
,186.69799658359375,98.087546242043871,0.040000000000000001,0.2880126953124999
,186.79799551484371,96.934801132243678,0.040000000000000001,0.28699544270833327
,186.89799443984361,95.37020456017008,0.040000000000000001,0.28597819010416659
,186.99799336171873,95.675012188653142,0.040000000000000001,0.2849609374999999
,187.09799228359361,96.462658329710209,0.040000000000000001,0.2849609374999999
,187.19799120468747,96.252710402930276,0.040000000000000001,0.2849609374999999
,187.29799012656258,96.72500078607024,0.040000000000000001,0.28597819010416659
,187.39798904765621,97.500937509803407,0.040000000000000001,0.28597819010416659
,187.49798796953132,98.705041131052184,0.040000000000000001,0.28699544270833327
,187.59798689062495,98.23412027455602,0.040000000000000001,0.2880126953124999
,187.69798581250006,97.490457784955154,0.040000000000000001,0.28699544270833327
,187.79798473437495,96.567607612811457,0.040000000000000001,0.28699544270833327
,187.89798366015611,95.159910086481958,0.040000000000000001,0.2849609374999999
,187.99798258671876,95.538391713026513,0.040000000000000001,0.2849609374999999
,188.09798151328118,96.032193989414836,0.040000000000000001,0.2849609374999999
,188.19798043984383,96.189713158166185,0.040000000000000001,0.2849609374999999
,188.29797936640625,96.662047938956178,0.040000000000000001,0.2849609374999999
,188.39797829218742,97.186475594083049,0.040000000000000001,0.28597819010416659
,188.49797721875007,98.129427712996375,0.040000000000000001,0.28597819010416659
,188.59797614531249,97.616203868054015,0.040000000000000001,0.28699544270833327
,188.69797507187491,97.134051125475352,0.040000000000000001,0.28597819010416659
,188.7979739976563,96.315701703280425,0.040000000000000001,0.2849609374999999
,188.8979729210937,94.844341678402799,0.040000000000000001,0.28292643229166659
,188.99797184531258,94.939028210803642,0.040000000000000001,0.28292643229166659
,189.09797076874997,95.738058265176932,0.040000000000000001,0.28292643229166659
,189.19796969218737,95.874637501206465,0.040000000000000001,0.2819091796874999
,189.297968615625,96.525629870332651,0.040000000000000001,0.2819091796874999
,189.39796753906239,97.658114087952413,0.040000000000000001,0.28292643229166659
,189.49796646328127,98.443457876051582,0.040000000000000001,0.28394368489583327
,189.59796538671867,97.930468049624196,0.040000000000000001,0.28394368489583327
,189.69796431015629,97.071136411073695,0.040000000000000001,0.28394368489583327
,189.79796323749997,95.990182579832393,0.040000000000000001,0.28292643229166659
,189.89796216718742,94.560199414015059,0.040000000000000001,0.2819091796874999
,189.99796109687509,95.286094855378408,0.040000000000000001,0.28089192708333327
,190.09796002656253,95.590941396139982,0.040000000000000001,0.28089192708333327
,190.19795895624998,95.433279777625074,0.040000000000000001,0.27987467447916659
,190.29795788593742,95.706535978243366,0.040000000000000001,0.27987467447916659
,190.39795681562487,96.745983759755745,0.040000000000000001,0.28089192708333327
,190.49795574531254,97.794304586807485,0.040000000000000001,0.2819091796874999
,190.59795467499998,97.354206699559114,0.040000000000000001,0.2819091796874999
,190.69795360468743,96.72500078607024,0.040000000000000001,0.2819091796874999
,190.79795253203133,95.801098334903415,0.040000000000000001,0.28089192708333327
,190.89795145937501,94.739118280224019,0.040000000000000001,0.27987467447916659
,190.99795038671868,94.74964138553203,0.040000000000000001,0.2788574218749999
,191.09794931484362,95.244035962920421,0.040000000000000001,0.2788574218749999
,191.19794824218752,95.422767661302984,0.040000000000000001,0.2788574218749999
,191.29794717031245,95.727551003101865,0.040000000000000001,0.2788574218749999
,191.39794609765613,96.357692604823328,0.040000000000000001,0.2788574218749999
,191.49794502500004,97.668591241768951,0.040000000000000001,0.27987467447916659
,191.59794395312497,96.641062346962386,0.040000000000000001,0.27987467447916659
,191.69794288046864,96.074202745170226,0.040000000000000001,0.27987467447916659
,191.79794180937506,95.391230304670074,0.040000000000000001,0.2788574218749999
,191.89794073749999,93.717562454858751,0.040000000000000001,0.27784016927083327
,191.99793966640618,94.002075811883685,0.040000000000000001,0.27682291666666659
,192.09793859531237,94.833820103645664,0.040000000000000001,0.27682291666666659
,192.19793752343753,94.412817398832459,0.040000000000000001,0.2758056640624999
,192.29793645234372,94.949548088346475,0.040000000000000001,0.2758056640624999
,192.39793538124991,95.948168514159931,0.040000000000000001,0.27682291666666659
,192.49793430937507,96.997728522015777,0.040000000000000001,0.27784016927083327
,192.59793323828126,96.683032875951412,0.040000000000000001,0.27784016927083327
,192.69793216640619,95.653995493644118,0.040000000000000001,0.27784016927083327
,192.79793109453112,94.339113803039552,0.040000000000000001,0.27682291666666659
,192.89793002343754,93.211447760105571,0.040000000000000001,0.27478841145833327
,192.99792895156247,94.191681373431578,0.040000000000000001,0.27478841145833327
,193.0979278796874,94.602302406328391,0.040000000000000001,0.27478841145833327
,193.19792680781256,94.360172830743608,0.040000000000000001,0.27478841145833327
,193.29792573671875,94.265401798683456,0.040000000000000001,0.27377115885416659
,193.39792466484369,95.401742924861068,0.040000000000000001,0.27478841145833327
,193.49792359296862,96.882357163058899,0.040000000000000001,0.2758056640624999
,193.59792252187503,96.273708163161203,0.040000000000000001,0.27682291666666659
,193.69792144609369,95.443791726061946,0.040000000000000001,0.2758056640624999
,193.79792037109382,94.981106703968976,0.040000000000000001,0.2758056640624999
,193.89791929609373,93.685942054777669,0.040000000000000001,0.27377115885416659
,193.99791822109364,94.033680620127001,0.040000000000000001,0.27478841145833327
,194.09791714609378,94.328584031800489,0.040000000000000001,0.27377115885416659
,194.19791607109369,94.560199414015059,0.040000000000000001,0.27377115885416659
,194.29791499609382,94.812776444341338,0.040000000000000001,0.2727539062499999
,194.39791392109373,95.422767661302984,0.040000000000000001,0.27377115885416659
,194.49791284531238,96.462658329710209,0.040000000000000001,0.27478841145833327
,194.59791177109378,96.147711688774208,0.040000000000000001,0.2758056640624999
,194.69791069687494,95.706535978243366,0.040000000000000001,0.2758056640624999
,194.79790962265633,94.90746756066855,0.040000000000000001,0.2758056640624999
,194.89790854921876,93.643779087423937,0.040000000000000001,0.27377115885416659
,194.99790747499992,94.202213378785956,0.040000000000000001,0.27377115885416659
,195.09790640078131,94.518093688112216,0.040000000000000001,0.27377115885416659
,195.19790532734373,94.570725418277746,0.040000000000000001,0.2727539062499999
,195.2979042531249,94.739118280224019,0.040000000000000001,0.2727539062499999
,195.39790317890629,95.864132405488249,0.040000000000000001,0.27377115885416659
,195.49790210546871,96.368189918195867,0.040000000000000001,0.27478841145833327
,195.59790103124988,96.525629870332651,0.040000000000000001,0.27478841145833327
,195.69789995781252,96.231711982209006,0.040000000000000001,0.2758056640624999
,195.79789888359369,95.244035962920421,0.040000000000000001,0.27478841145833327
,195.89789781015634,93.917788719354178,0.040000000000000001,0.2727539062499999
,195.9978967359375,94.328584031800489,0.040000000000000001,0.2727539062499999
,196.09789566249992,94.433874026353863,0.040000000000000001,0.2727539062499999
,196.19789458828132,94.318054088922196,0.040000000000000001,0.27173665364583327
,196.29789351484374,95.023182486451475,0.040000000000000001,0.2727539062499999
,196.3978924406249,95.979679312511138,0.040000000000000001,0.27377115885416659
,196.49789136718755,96.651555224851649,0.040000000000000001,0.27377115885416659
,196.59789029531248,96.609582730234436,0.040000000000000001,0.27478841145833327
,196.69788922421867,95.811604429734572,0.040000000000000001,0.27478841145833327
,196.79788815234383,95.191458555248559,0.040000000000000001,0.27377115885416659
,196.89788708125002,94.04421521086563,0.040000000000000001,0.2727539062499999
,196.99788601015621,94.28646323009221,0.040000000000000001,0.2727539062499999
,197.0978849390624,95.086291082644109,0.040000000000000001,0.2727539062499999
,197.19788386796881,94.939028210803642,0.040000000000000001,0.27173665364583327
,197.29788279609375,95.212490024179928,0.040000000000000001,0.27173665364583327
,197.39788172499993,96.557113423378667,0.040000000000000001,0.27377115885416659
,197.49788065390612,97.720974605642411,0.040000000000000001,0.27478841145833327
,197.59787958281254,97.217928330997395,0.040000000000000001,0.27478841145833327
,197.69787851171873,96.620076099688916,0.040000000000000001,0.27478841145833327
,197.79787744062492,95.601450830564033,0.040000000000000001,0.27377115885416659
,197.89787636953133,94.244339679854718,0.040000000000000001,0.2727539062499999
,197.99787529921878,94.54967323890304,0.040000000000000001,0.2727539062499999
,198.09787422812497,95.359691435789955,0.040000000000000001,0.2727539062499999
,198.19787315703115,95.412255377060177,0.040000000000000001,0.27173665364583327
,198.29787208593757,95.822110357958366,0.040000000000000001,0.2727539062499999
,198.39787101484376,96.861378434541749,0.040000000000000001,0.27377115885416659
,198.49786994062492,97.301795175384669,0.040000000000000001,0.27478841145833327
,198.59786886406255,97.15502139919073,0.040000000000000001,0.27478841145833327
,198.69786778749994,96.756475001377908,0.040000000000000001,0.27478841145833327
,198.79786671093757,96.242211275148577,0.040000000000000001,0.27478841145833327
,198.89786563437497,94.781209680373109,0.040000000000000001,0.2727539062499999
,198.99786455781236,95.18094256774458,0.040000000000000001,0.2727539062499999
,199.09786348124999,95.517370667321387,0.040000000000000001,0.2727539062499999
,199.19786240468738,95.843121714725527,0.040000000000000001,0.27173665364583327
,199.29786132812501,96.252710402930276,0.040000000000000001,0.27173665364583327
,199.39786025156241,97.217928330997395,0.040000000000000001,0.2727539062499999
,199.49785917812505,98.265524950297689,0.040000000000000001,0.27478841145833327
,199.59785810390622,97.888574474520169,0.040000000000000001,0.27478841145833327
,199.69785703046864,97.37517017891301,0.040000000000000001,0.27478841145833327
,199.79785595703129,96.651555224851649,0.040000000000000001,0.27377115885416659
,199.89785488359371,95.317637256571615,0.040000000000000001,0.2727539062499999
,199.99785381015613,96.032193989414836,0.040000000000000001,0.2727539062499999
,200.09785273671878,96.662047938956178,0.040000000000000001,0.2727539062499999
,200.1978516632812,96.609582730234436,0.040000000000000001,0.27173665364583327
,200.29785058906236,97.092108631696689,0.040000000000000001,0.27173665364583327
,200.39784951562501,97.794304586807485,0.040000000000000001,0.2727539062499999
,200.49784843828115,98.820106651787356,0.040000000000000001,0.27478841145833327
,200.59784736171878,98.171306642081959,0.040000000000000001,0.27478841145833327
,200.69784628437492,98.244588658277777,0.040000000000000001,0.27478841145833327
,200.79784520781254,97.689545068255839,0.040000000000000001,0.27478841145833327
,200.89784413046868,96.095206128569743,0.040000000000000001,0.2727539062499999
,200.99784305390631,96.462658329710209,0.040000000000000001,0.2727539062499999
,201.09784197656245,97.228412252803508,0.040000000000000001,0.27173665364583327
,201.19784090000007,96.934801132243678,0.040000000000000001,0.27173665364583327
,201.29783982265621,97.710498253446318,0.040000000000000001,0.27173665364583327
,201.39783874921864,98.474853064404044,0.040000000000000001,0.2727539062499999
,201.4978376773438,99.353345403963601,0.040000000000000001,0.27377115885416659
,201.59783660624998,99.395150959729492,0.040000000000000001,0.27478841145833327
,201.69783553515617,98.94561106665212,0.040000000000000001,0.27478841145833327
,201.79783446406236,98.024719264766063,0.040000000000000001,0.27377115885416659
,201.89783339218752,96.766966079566458,0.040000000000000001,0.2727539062499999
,201.99783232109371,97.459017644357957,0.040000000000000001,0.2727539062499999
,202.0978312499999,97.95141387988626,0.040000000000000001,0.2727539062499999
,202.19783017812506,97.993303627218097,0.040000000000000001,0.2727539062499999
,202.29782910703125,98.631807731774487,0.040000000000000001,0.2727539062499999
,202.39782803281241,99.896625183769373,0.040000000000000001,0.27478841145833327
,202.49782695781255,100.7003383600938,0.040000000000000001,0.27478841145833327
,202.59782588281246,100.56470953772778,0.040000000000000001,0.2758056640624999
,202.69782480703134,100.19942805395314,0.040000000000000001,0.27682291666666659
,202.79782373203125,99.353345403963601,0.040000000000000001,0.2758056640624999
,202.89782265703116,97.731450797618677,0.040000000000000001,0.27478841145833327
,202.99782158203129,98.202714172128793,0.040000000000000001,0.27478841145833327
,203.0978205070312,99.207006434522839,0.040000000000000001,0.27478841145833327
,203.19781943203134,98.74688533373272,0.040000000000000001,0.27478841145833327
,203.29781835703125,99.112915313068015,0.040000000000000001,0.27478841145833327
,203.3978172812499,100.33512570384292,0.040000000000000001,0.2758056640624999
,203.49781620625004,101.26344827592023,0.040000000000000001,0.27784016927083327
,203.59781513124994,100.60644419577655,0.040000000000000001,0.27784016927083327
,203.69781405625008,100.04282190058652,0.040000000000000001,0.2788574218749999
,203.79781298046873,99.384699802928935,0.040000000000000001,0.27173665364583327
,203.89781190546864,97.961886555816207,0.040000000000000001,0.27682291666666659
,203.99781083046878,98.359730426745216,0.040000000000000001,0.2758056640624999
,204.09780975468743,99.144280419637553,0.040000000000000001,0.27682291666666659
,204.19780867968757,99.238367344688825,0.040000000000000001,0.2758056640624999
,204.29780760234371,99.666826835503386,0.040000000000000001,0.2758056640624999
,204.39780652265631,100.99237571114111,0.040000000000000001,0.27784016927083327
,204.49780544296868,102.16977147680858,0.040000000000000001,0.2788574218749999
,204.59780436250003,101.62819508367319,0.040000000000000001,0.2788574218749999
,204.6978032828124,100.418619207311,0.040000000000000001,0.2788574218749999
,204.797802203125,100.14722981053212,0.040000000000000001,0.2788574218749999
,204.89780112343738,98.861943959238786,0.040000000000000001,0.27682291666666659
,204.99780004374998,99.165189713001013,0.040000000000000001,0.27682291666666659
,205.09779896406258,100.09502776082394,0.040000000000000001,0.27682291666666659
,205.19779788359369,100.82551162568002,0.040000000000000001,0.27784016927083327
,205.29779681406239,101.26344827592023,0.040000000000000001,0.27784016927083327
,205.39779574609383,101.19047711001679,0.040000000000000001,0.27784016927083327
,205.49779467812505,102.05524026106409,0.040000000000000001,0.2788574218749999
,205.59779361015626,101.88861783164005,0.040000000000000001,0.27987467447916659
,205.69779254218747,101.61777626012,0.040000000000000001,0.27987467447916659
,205.79779147421868,101.03408574651884,0.040000000000000001,0.27987467447916659
,205.8977904062499,99.948841736075948,0.040000000000000001,0.2788574218749999
,205.99778933828134,100.418619207311,0.040000000000000001,0.2788574218749999
,206.09778827031255,100.99237571114111,0.040000000000000001,0.2788574218749999
,206.19778720078125,100.99237571114111,0.040000000000000001,0.2788574218749999
,206.29778612812493,101.37810253980746,0.040000000000000001,0.2788574218749999
,206.39778505625009,102.0135881654973,0.040000000000000001,0.27987467447916659
,206.49778398359376,102.87739287242728,0.040000000000000001,0.28089192708333327
,206.59778291093744,102.36755661242155,0.040000000000000001,0.28089192708333327
,206.69778183828112,101.94069136689706,0.040000000000000001,0.28089192708333327
,206.79778076562502,101.24260011508817,0.040000000000000001,0.28089192708333327
,206.8977796929687,100.02193848859271,0.040000000000000001,0.27987467447916659
,206.99777862031237,100.34556292216571,0.040000000000000001,0.2788574218749999
,207.09777754765628,101.09664631884101,0.040000000000000001,0.27987467447916659
,207.19777647656247,100.68990627745293,0.040000000000000001,0.2788574218749999
,207.29777540546866,101.44063366443154,0.040000000000000001,0.2788574218749999
,207.39777433359382,102.15936027745357,0.040000000000000001,0.27987467447916659
,207.4977732625,103.27253871260372,0.040000000000000001,0.28089192708333327
,207.59777219140619,102.91899689700617,0.040000000000000001,0.2819091796874999
,207.69777112031238,102.19059343834125,0.040000000000000001,0.2819091796874999
,207.7977700492188,101.33641215837926,0.040000000000000001,0.28089192708333327
,207.89776897812499,100.09502776082394,0.040000000000000001,0.27987467447916659
,207.99776790703118,100.78378960755401,0.040000000000000001,0.27987467447916659
,208.09776683593736,101.49273886266538,0.040000000000000001,0.27987467447916659
,208.19776576328127,101.18005206250696,0.040000000000000001,0.2788574218749999
,208.29776469062494,102.26346571683277,0.040000000000000001,0.27987467447916659
,208.39776361796862,102.84618834751456,0.040000000000000001,0.28089192708333327
,208.49776254531253,103.75059852289699,0.040000000000000001,0.2819091796874999
,208.5977614726562,103.24135047926323,0.040000000000000001,0.2819091796874999
,208.69776039999988,102.30510381846402,0.040000000000000001,0.2819091796874999
,208.79775932734378,101.2842958421854,0.040000000000000001,0.28089192708333327
,208.89775825468746,100.0637047022166,0.040000000000000001,0.27987467447916659
,208.99775718203114,101.00280344417409,0.040000000000000001,0.27987467447916659
,209.0977561101563,101.82612474999458,0.040000000000000001,0.27987467447916659
,209.19775503906249,101.63861375975654,0.040000000000000001,0.2788574218749999
,209.29775396796867,101.82612474999458,0.040000000000000001,0.2788574218749999
,209.39775289765612,102.43000418256162,0.040000000000000001,0.27987467447916659
,209.49775182656253,103.76098780886167,0.040000000000000001,0.28089192708333327
,209.59775075546872,103.43885435915259,0.040000000000000001,0.2819091796874999
,209.69774968515617,103.06459293437472,0.040000000000000001,0.28089192708333327
,209.79774861406258,102.40918890583025,0.040000000000000001,0.28089192708333327
,209.89774754296877,101.07579339180764,0.040000000000000001,0.27987467447916659
,209.99774647265622,101.72195786351888,0.040000000000000001,0.27987467447916659
,210.09774539999989,102.27387546031437,0.040000000000000001,0.27987467447916659
,210.19774432500003,102.0135881654973,0.040000000000000001,0.2788574218749999
,210.2977432507812,102.54447785083423,0.040000000000000001,0.27987467447916659
,210.39774217656259,103.44924788114317,0.040000000000000001,0.28089192708333327
,210.49774110234375,103.82332057122825,0.040000000000000001,0.2819091796874999
,210.59774002812492,103.573959103685,0.040000000000000001,0.2819091796874999
,210.69773895390631,103.07499157857015,0.040000000000000001,0.2819091796874999
,210.79773787890622,102.59650555205461,0.040000000000000001,0.2819091796874999
,210.89773680468738,101.15920152072314,0.040000000000000001,0.27987467447916659
,210.99773573046878,101.69070492929541,0.040000000000000001,0.27987467447916659
,211.09773466015622,102.13853744140019,0.040000000000000001,0.27987467447916659
,211.19773359062492,102.20100420058539,0.040000000000000001,0.27987467447916659
,211.29773252109362,102.86699150765214,0.040000000000000001,0.27987467447916659
,211.39773145156255,103.93758417080522,0.040000000000000001,0.2819091796874999
,211.49773038281251,104.93407875250395,0.040000000000000001,0.2819091796874999
,211.59772931328121,104.86146071788848,0.040000000000000001,0.28292643229166659
,211.69772824374991,104.17644422681461,0.040000000000000001,0.28292643229166659
,211.79772717421883,103.21016096492953,0.040000000000000001,0.2819091796874999
,211.89772610468754,102.07606543209857,0.040000000000000001,0.28089192708333327
,211.99772503437498,102.33633086886773,0.040000000000000001,0.28089192708333327
,212.09772395937489,102.50285308828761,0.040000000000000001,0.28089192708333327
,212.19772288437503,102.6381251140422,0.040000000000000001,0.28089192708333327
,212.29772181015619,103.17897016871507,0.040000000000000001,0.28089192708333327
,212.39772073515633,104.01028853907712,0.040000000000000001,0.2819091796874999
,212.49771966015624,105.51478225154223,0.040000000000000001,0.28394368489583327
,212.59771858515614,104.99631743789502,0.040000000000000001,0.28394368489583327
,212.69771751015628,104.2906555548368,0.040000000000000001,0.28394368489583327
,212.79771643515619,103.09578843841723,0.040000000000000001,0.28292643229166659
,212.89771536015633,102.00317477609944,0.040000000000000001,0.2819091796874999
,212.99771428515623,102.39878105002103,0.040000000000000001,0.28089192708333327
,213.09771321171866,103.38688462291294,0.040000000000000001,0.2819091796874999
,213.1977121382813,102.99179842219044,0.040000000000000001,0.28089192708333327
,213.29771106484372,103.82332057122825,0.040000000000000001,0.2819091796874999
,213.39770999062489,104.62281119403062,0.040000000000000001,0.28292643229166659
,213.49770891718754,105.29706843569701,0.040000000000000001,0.28394368489583327
,213.59770784374996,105.0585511974656,0.040000000000000001,0.28394368489583327
,213.69770677031238,104.25950868102316,0.040000000000000001,0.28394368489583327
,213.79770569609377,104.05183081363735,0.040000000000000001,0.28394368489583327
,213.89770462265619,102.36755661242155,0.040000000000000001,0.2819091796874999
,213.99770354921861,103.10618665413467,0.040000000000000001,0.2819091796874999
,214.09770247421875,103.3557010789584,0.040000000000000001,0.2819091796874999
,214.19770139999991,103.50121336661294,0.040000000000000001,0.2819091796874999
,214.29770032578131,103.79215482272488,0.040000000000000001,0.2819091796874999
,214.39769925156247,104.68507461320877,0.040000000000000001,0.28292643229166659
,214.49769817734364,105.83606041244228,0.040000000000000001,0.28394368489583327
,214.59769710312503,105.78425010388585,0.040000000000000001,0.2849609374999999
,214.69769602890619,104.87183513431954,0.040000000000000001,0.2849609374999999
,214.79769495468759,104.02067431750071,0.040000000000000001,0.28394368489583327
,214.89769388125001,103.03339614430553,0.040000000000000001,0.28292643229166659
,214.9976928101562,102.97099870253012,0.040000000000000001,0.28292643229166659
,215.09769173828113,103.84409703435513,0.040000000000000001,0.28292643229166659
,215.19769066718754,103.49082055267409,0.040000000000000001,0.28292643229166659
,215.29768959609373,104.40485006011156,0.040000000000000001,0.28292643229166659
,215.39768852421867,104.76808478996266,0.040000000000000001,0.28394368489583327
,215.49768745312508,105.96039146954833,0.040000000000000001,0.2849609374999999
,215.59768638125001,105.44221762002,0.040000000000000001,0.2849609374999999
,215.6976853101562,104.85108616420925,0.040000000000000001,0.2849609374999999
,215.79768423906239,104.01028853907712,0.040000000000000001,0.28394368489583327
,215.89768316718755,102.23223561362782,0.040000000000000001,0.28292643229166659
,215.99768209453123,103.10618665413467,0.040000000000000001,0.2819091796874999
,216.09768102187491,103.61552498735942,0.040000000000000001,0.2819091796874999
,216.19767994843755,103.62591610531712,0.040000000000000001,0.2819091796874999
,216.29767887578123,103.95835754765673,0.040000000000000001,0.2819091796874999
,216.39767780312491,105.30743711684271,0.040000000000000001,0.28292643229166659
,216.49767673046881,105.76352503998632,0.040000000000000001,0.28394368489583327
,216.59767565703123,105.80497463024197,0.040000000000000001,0.28394368489583327
,216.69767458437491,104.98594466592225,0.040000000000000001,0.28394368489583327
,216.79767351171881,103.9895165624673,0.040000000000000001,0.28394368489583327
,216.89767243984375,102.6381251140422,0.040000000000000001,0.2819091796874999
,216.99767136796868,103.06459293437472,0.040000000000000001,0.28089192708333327
,217.09767029609384,103.61552498735942,0.040000000000000001,0.28089192708333327
,217.19766922421877,103.3245162572627,0.040000000000000001,0.27987467447916659
,217.2976681523437,104.16606054313074,0.040000000000000001,0.28089192708333327
,217.39766708046864,104.66432069168705,0.040000000000000001,0.28089192708333327
,217.49766600937505,105.98111143711617,0.040000000000000001,0.28292643229166659
,217.59766493749999,105.25559235185295,0.040000000000000001,0.28292643229166659
,217.69766386562492,104.91333142820842,0.040000000000000001,0.28292643229166659
,217.79766279375008,103.44924788114317,0.040000000000000001,0.28089192708333327
,217.89766172343752,102.26346571683277,0.040000000000000001,0.27987467447916659
,217.99766065312497,102.62772043999533,0.040000000000000001,0.2788574218749999
,218.09765958281241,103.34530628040822,0.040000000000000001,0.27987467447916659
,218.19765851250008,103.68825985071256,0.040000000000000001,0.2788574218749999
,218.29765744218753,103.68825985071256,0.040000000000000001,0.2788574218749999
,218.39765637187497,104.83033664497702,0.040000000000000001,0.27987467447916659
,218.49765530156242,105.59770514648774,0.040000000000000001,0.28089192708333327
,218.59765423124986,105.40074913723339,0.040000000000000001,0.28089192708333327
,218.69765316093753,104.17644422681461,0.040000000000000001,0.28089192708333327
,218.79765208984372,103.6674791662865,0.040000000000000001,0.28089192708333327
,218.8976510171874,102.15936027745357,0.040000000000000001,0.2788574218749999
,218.99764994531256,102.56528936471881,0.040000000000000001,0.2788574218749999
,219.09764887343749,102.99179842219044,0.040000000000000001,0.2788574218749999
,219.19764780078117,102.97099870253012,0.040000000000000001,0.27784016927083327
,219.29764672890633,103.74020909620606,0.040000000000000001,0.27784016927083327
,219.39764565703126,104.28027340263988,0.040000000000000001,0.2788574218749999
,219.49764458437494,105.49405017625602,0.040000000000000001,0.27987467447916659
,219.59764351249987,104.93407875250395,0.040000000000000001,0.28089192708333327
,219.69764244062503,104.4878900677441,0.040000000000000001,0.27987467447916659
,219.79764136718745,103.30372566583824,0.040000000000000001,0.27987467447916659
,219.89764029218736,102.37796490334986,0.040000000000000001,0.27784016927083327
,219.99763921796875,102.6381251140422,0.040000000000000001,0.27784016927083327
,220.09763814374992,102.98139863393797,0.040000000000000001,0.27784016927083327
,220.19763706875005,102.48203983909578,0.040000000000000001,0.27682291666666659
,220.29763599453122,103.37649025017798,0.040000000000000001,0.27784016927083327
,220.39763492031238,103.70903997144853,0.040000000000000001,0.27784016927083327
,220.49763384531252,104.56054280712615,0.040000000000000001,0.2788574218749999
,220.59763277109369,104.32180117737204,0.040000000000000001,0.2788574218749999
,220.69763169687508,103.36609573553743,0.040000000000000001,0.2788574218749999
,220.79763061874996,102.95019841011631,0.040000000000000001,0.2788574218749999
,220.89762954062508,101.5240002064828,0.040000000000000001,0.27682291666666659
,220.99762846328122,102.59650555205461,0.040000000000000001,0.27784016927083327
,221.09762738515633,102.92939754468546,0.040000000000000001,0.27682291666666659
,221.19762630703121,103.05419414728743,0.040000000000000001,0.27682291666666659
,221.29762522968758,102.46122601093829,0.040000000000000001,0.27682291666666659
,221.39762415156247,103.21016096492953,0.040000000000000001,0.27784016927083327
,221.49762307343758,104.09337085172351,0.040000000000000001,0.2788574218749999
,221.59762199609372,103.69864998152543,0.040000000000000001,0.2788574218749999
,221.69762091953112,103.13738044485765,0.040000000000000001,0.2788574218749999
,221.79761984687502,101.65945066964747,0.040000000000000001,0.27784016927083327
,221.8976187742187,101.06536670443859,0.040000000000000001,0.2758056640624999
,221.99761770156238,101.26344827592023,0.040000000000000001,0.2758056640624999
,222.09761662890628,102.18018253042668,0.040000000000000001,0.2758056640624999
,222.19761555624996,101.65945066964747,0.040000000000000001,0.27478841145833327
,222.29761448359363,102.49244653604585,0.040000000000000001,0.27478841145833327
,222.39761341093754,102.98139863393797,0.040000000000000001,0.2758056640624999
,222.49761233828121,104.13490865542109,0.040000000000000001,0.27682291666666659
,222.59761126640615,103.41806689001255,0.040000000000000001,0.27682291666666659
,222.69761019062503,102.9085961059737,0.040000000000000001,0.27682291666666659
,222.79760911484368,102.05524026106409,0.040000000000000001,0.2758056640624999
,222.89760803906256,100.25162249532687,0.040000000000000001,0.27377115885416659
,222.99760696328121,101.15920152072314,0.040000000000000001,0.27377115885416659
,223.09760588671884,101.76362638227047,0.040000000000000001,0.2727539062499999
,223.19760481093749,102.12812580463527,0.040000000000000001,0.2727539062499999
,223.29760373515614,102.07606543209857,0.040000000000000001,0.2727539062499999
,223.39760265937502,102.98139863393797,0.040000000000000001,0.27478841145833327
,223.49760158359368,103.77137695413272,0.040000000000000001,0.2758056640624999
,223.5976005070313,103.6674791662865,0.040000000000000001,0.2758056640624999
,223.69759943359372,102.77337276239986,0.040000000000000001,0.27478841145833327
,223.79759836015614,102.05524026106409,0.040000000000000001,0.27478841145833327
,223.89759728593754,100.8046509168593,0.040000000000000001,0.2727539062499999
,223.99759621249996,101.22175135942096,0.040000000000000001,0.2727539062499999
,224.09759513906238,102.26346571683277,0.040000000000000001,0.2727539062499999
,224.19759406562503,102.08647779854503,0.040000000000000001,0.2727539062499999
,224.29759299140619,102.92939754468546,0.040000000000000001,0.2727539062499999
,224.39759191796861,102.9397980490445,0.040000000000000001,0.27377115885416659
,224.49759084453126,103.9895165624673,0.040000000000000001,0.27478841145833327
,224.59758977109368,103.09578843841723,0.040000000000000001,0.27478841145833327
,224.69758869687507,102.78377542002634,0.040000000000000001,0.27478841145833327
,224.79758762187498,101.7011227212614,0.040000000000000001,0.27377115885416659
,224.89758654765615,100.54384130345515,0.040000000000000001,0.27173665364583327
,224.99758547343754,101.00280344417409,0.040000000000000001,0.27173665364583327
,225.0975843992187,101.84695636419606,0.040000000000000001,0.27173665364583327
,225.19758332499987,102.06565291961601,0.040000000000000001,0.27173665364583327
,225.29758225,102.30510381846402,0.040000000000000001,0.27173665364583327
,225.39758117578117,103.28293450587206,0.040000000000000001,0.2727539062499999
,225.49758010156256,103.48042759719047,0.040000000000000001,0.2727539062499999
,225.59757902890624,103.44924788114317,0.040000000000000001,0.27377115885416659
,225.69757795703117,102.70055013033773,0.040000000000000001,0.27377115885416659
,225.79757688515633,102.34673959521368,0.040000000000000001,0.2727539062499999
,225.89757581328126,100.90894846150856,0.040000000000000001,0.27173665364583327
,225.99757474218745,101.64903228840352,0.040000000000000001,0.27173665364583327
,226.09757367031239,102.0135881654973,0.040000000000000001,0.27071940104166659
,226.19757259843755,102.11771402200053,0.040000000000000001,0.27071940104166659
,226.29757152734373,102.64852964384414,0.040000000000000001,0.27071940104166659
,226.39757045546867,103.3245162572627,0.040000000000000001,0.27173665364583327
,226.49756938359383,104.40485006011156,0.040000000000000001,0.2727539062499999
,226.59756831171876,104.06221603274686,0.040000000000000001,0.27377115885416659
,226.69756723984369,103.94797092928383,0.040000000000000001,0.27377115885416659
,226.79756616796863,102.50285308828761,0.040000000000000001,0.2727539062499999
,226.89756509531253,101.35725764577326,0.040000000000000001,0.27173665364583327
,226.99756402343746,101.69070492929541,0.040000000000000001,0.27071940104166659
,227.0975629515624,102.43000418256162,0.040000000000000001,0.27071940104166659
,227.19756187968756,102.15936027745357,0.040000000000000001,0.27071940104166659
,227.29756080781249,102.5756949049298,0.040000000000000001,0.27071940104166659
,227.39755973593742,103.83370887302412,0.040000000000000001,0.27173665364583327
,227.49755866406258,105.0585511974656,0.040000000000000001,0.27377115885416659
,227.59755759296877,104.5086486848646,0.040000000000000001,0.27377115885416659
,227.69755652265621,103.64669791790863,0.040000000000000001,0.27377115885416659
,227.7975554515624,103.45964126145778,0.040000000000000001,0.2727539062499999
,227.89755438125007,101.65945066964747,0.040000000000000001,0.27071940104166659
,227.99755331015626,102.05524026106409,0.040000000000000001,0.27173665364583327
,228.09755223906245,102.6381251140422,0.040000000000000001,0.27071940104166659
,228.1975511687499,102.83578655208605,0.040000000000000001,0.27071940104166659
,228.29755009765631,103.14777808973191,0.040000000000000001,0.27071940104166659
,228.39754902734376,104.12452441385659,0.040000000000000001,0.27173665364583327
,228.4975479570312,104.96519871136273,0.040000000000000001,0.27173665364583327
,228.59754688671865,104.94445220910251,0.040000000000000001,0.2727539062499999
,228.69754581640632,104.71620446208681,0.040000000000000001,0.2727539062499999
,228.79754474609376,103.49082055267409,0.040000000000000001,0.2727539062499999
,228.89754367578121,102.31551298052608,0.040000000000000001,0.27173665364583327
,228.99754260546865,102.58610030069738,0.040000000000000001,0.27173665364583327
,229.09754153515632,103.58435078644564,0.040000000000000001,0.27173665364583327
,229.19754046484377,103.12698265732197,0.040000000000000001,0.27071940104166659
,229.29753939453121,103.37649025017798,0.040000000000000001,0.27071940104166659
,229.39753832421866,104.03105995604685,0.040000000000000001,0.27173665364583327
,229.49753725234382,105.40074913723339,0.040000000000000001,0.2727539062499999
,229.59753618046875,105.42148364964304,0.040000000000000001,0.27377115885416659
,229.69753510781243,104.59167762198159,0.040000000000000001,0.2727539062499999
,229.79753403593759,103.75059852289699,0.040000000000000001,0.27173665364583327
,229.89753296328126,102.55488368003134,0.040000000000000001,0.27071940104166659
,229.9975318914062,103.28293450587206,0.040000000000000001,0.27071940104166659
,230.09753081874987,103.39727885377518,0.040000000000000001,0.27071940104166659
,230.19752974687503,103.61552498735942,0.040000000000000001,0.2697021484374999
,230.29752867421871,103.95835754765673,0.040000000000000001,0.2697021484374999
,230.39752760156239,105.07929469056697,0.040000000000000001,0.27173665364583327
,230.49752652656252,105.8878673653517,0.040000000000000001,0.27173665364583327
,230.59752545156243,105.72207329853269,0.040000000000000001,0.2727539062499999
,230.69752437656257,105.40074913723339,0.040000000000000001,0.2727539062499999
,230.79752330156248,105.02743493297223,0.040000000000000001,0.2727539062499999
,230.89752222578113,103.23095411686171,0.040000000000000001,0.27173665364583327
,230.99752115078127,103.08539007990669,0.040000000000000001,0.27071940104166659
,231.09752007578118,104.15567672002558,0.040000000000000001,0.27071940104166659
,231.19751900078131,103.93758417080522,0.040000000000000001,0.27071940104166659
,231.29751792578122,104.53978557300903,0.040000000000000001,0.27071940104166659
,231.39751684999987,105.31780566212664,0.040000000000000001,0.27173665364583327
,231.49751577421875,106.58175875786577,0.040000000000000001,0.2727539062499999
,231.59751469921866,105.83606041244228,0.040000000000000001,0.2727539062499999
,231.69751362343754,105.73243643568296,0.040000000000000001,0.2727539062499999
,231.7975125476562,104.60205561737769,0.040000000000000001,0.2727539062499999
,231.89751147187508,103.11658472709193,0.040000000000000001,0.27071940104166659
,231.99751039687499,103.573959103685,0.040000000000000001,0.27071940104166659
,232.09750932109364,103.99990262074354,0.040000000000000001,0.27071940104166659
,232.19750824531252,104.47751055157929,0.040000000000000001,0.2697021484374999
,232.29750716953117,104.75770899959524,0.040000000000000001,0.27071940104166659
,232.39750609843736,106.02254976716645,0.040000000000000001,0.27173665364583327
,232.49750502734378,107.15092803391705,0.040000000000000001,0.2727539062499999
,232.59750395624997,107.03712585330535,0.040000000000000001,0.27377115885416659
,232.69750288515615,106.14685193502214,0.040000000000000001,0.27377115885416659
,232.79750181406257,105.30743711684271,0.040000000000000001,0.2727539062499999
,232.89750074296876,103.43885435915259,0.040000000000000001,0.27071940104166659
,232.9974996726562,104.08298605175737,0.040000000000000001,0.27071940104166659
,233.09749860156239,105.16226320274009,0.040000000000000001,0.27071940104166659
,233.19749753046881,104.92370515888334,0.040000000000000001,0.27071940104166659
,233.29749645859374,105.50441628152475,0.040000000000000001,0.27071940104166659
,233.39749538437491,106.22970938209554,0.040000000000000001,0.27173665364583327
,233.4974943101563,107.45087656307834,0.040000000000000001,0.27377115885416659
,233.59749323593746,106.55070173070045,0.040000000000000001,0.2727539062499999
,233.69749216249988,106.62316628052126,0.040000000000000001,0.27377115885416659
,233.79749108828128,105.67025559347164,0.040000000000000001,0.2727539062499999
,233.89749001406244,104.5086486848646,0.040000000000000001,0.27173665364583327
,233.99748893984383,104.90295756044689,0.040000000000000001,0.27173665364583327
,234.09748786640625,105.55624477974141,0.040000000000000001,0.27173665364583327
,234.19748679218742,105.17263365301741,0.040000000000000001,0.27071940104166659
,234.29748571796881,105.77388763914502,0.040000000000000001,0.27173665364583327
,234.39748464374998,106.93365561999225,0.040000000000000001,0.2727539062499999
,234.49748356953114,107.61631881739784,0.040000000000000001,0.27478841145833327
,234.59748249531253,107.49224022431245,0.040000000000000001,0.27478841145833327
,234.6974814210937,106.7370261000179,0.040000000000000001,0.27478841145833327
,234.79748034687486,106.58175875786577,0.040000000000000001,0.27478841145833327
,234.89747927343751,104.85108616420925,0.040000000000000001,0.2727539062499999
,234.99747819921868,105.39038167768602,0.040000000000000001,0.2727539062499999
,235.09747712500007,105.29706843569701,0.040000000000000001,0.2727539062499999
,235.19747605078123,105.40074913723339,0.040000000000000001,0.2727539062499999
,235.29747497734365,105.47331755983643,0.040000000000000001,0.27173665364583327
,235.39747390468756,106.29184687996644,0.040000000000000001,0.27377115885416659
,235.49747283203124,107.53360181910324,0.040000000000000001,0.27478841145833327
,235.59747175859366,107.03712585330535,0.040000000000000001,0.27478841145833327
,235.69747068593756,106.43681579182018,0.040000000000000001,0.27478841145833327
,235.79746961328124,105.92931051429962,0.040000000000000001,0.27478841145833327
,235.89746853984366,105.01706257138773,0.040000000000000001,0.27377115885416659
,235.99746746718756,105.19337414476358,0.040000000000000001,0.2727539062499999
,236.09746639453124,106.10542001407721,0.040000000000000001,0.2727539062499999
,236.19746532109366,105.35927848528797,0.040000000000000001,0.27173665364583327
,236.29746424843756,106.08470325335998,0.040000000000000001,0.2727539062499999
,236.39746317499998,106.60246278293036,0.040000000000000001,0.27377115885416659
,236.49746210156241,107.81273868684985,0.040000000000000001,0.27478841145833327
,236.59746102812505,107.22333939866675,0.040000000000000001,0.27478841145833327
,236.69745995546873,106.76807601570643,0.040000000000000001,0.27478841145833327
,236.79745888203115,106.3746894402926,0.040000000000000001,0.27478841145833327
,236.8974578085938,104.99631743789502,0.040000000000000001,0.2727539062499999
,236.99745673515622,105.64952756850471,0.040000000000000001,0.2727539062499999
,237.09745566171864,105.86714498660969,0.040000000000000001,0.2727539062499999
,237.19745458906254,105.9396709666114,0.040000000000000001,0.2727539062499999
,237.29745351640622,106.42646173102564,0.040000000000000001,0.2727539062499999
,237.3974524437499,107.55428184221087,0.040000000000000001,0.27377115885416659
,237.4974513710938,108.32941252680894,0.040000000000000001,0.2758056640624999
,237.59745029843748,107.84374811498891,0.040000000000000001,0.2758056640624999
,237.69744922578116,106.86121867268595,0.040000000000000001,0.27478841145833327
,237.79744815312506,105.8878673653517,0.040000000000000001,0.27478841145833327
,237.89744707968748,105.03780715782521,0.040000000000000001,0.27377115885416659
,237.99744600703116,105.42148364964304,0.040000000000000001,0.27377115885416659
,238.09744493437506,106.11577819432679,0.040000000000000001,0.27377115885416659
,238.19744386406251,105.84642207134797,0.040000000000000001,0.2727539062499999
,238.29744279453121,106.67492271846655,0.040000000000000001,0.27377115885416659
,238.39744172499991,107.13023790130741,0.040000000000000001,0.27377115885416659
,238.49744065468758,108.20543982119538,0.040000000000000001,0.2758056640624999
,238.59743958515628,107.65767422492087,0.040000000000000001,0.2758056640624999
,238.69743851562498,107.64733556609401,0.040000000000000001,0.2758056640624999
,238.79743744531243,106.55070173070045,0.040000000000000001,0.27478841145833327
,238.89743637578113,105.12078003818419,0.040000000000000001,0.27377115885416659
,238.99743530625005,105.47331755983643,0.040000000000000001,0.2727539062499999
,239.09743423515624,106.2504224130977,0.040000000000000001,0.27377115885416659
,239.1974331593749,106.19863883791592,0.040000000000000001,0.2727539062499999
,239.29743208281252,106.08470325335998,0.040000000000000001,0.2727539062499999
,239.39743100624992,107.0578183324901,0.040000000000000001,0.27377115885416659
,239.49742992968754,108.05044821688514,0.040000000000000001,0.27478841145833327
,239.59742885312494,107.90576351378608,0.040000000000000001,0.2758056640624999
,239.69742777656256,107.27505790229829,0.040000000000000001,0.27478841145833327
,239.79742669999996,107.01643285196496,0.040000000000000001,0.27478841145833327
,239.89742562343758,105.51478225154223,0.040000000000000001,0.27377115885416659
,239.99742454765624,105.82569861931067,0.040000000000000001,0.2727539062499999
,240.09742347187489,106.51964351529124,0.040000000000000001,0.27377115885416659
,240.19742239921879,106.13649415476736,0.040000000000000001,0.2727539062499999
,240.29742132578122,106.66457169429712,0.040000000000000001,0.2727539062499999
,240.39742025234364,107.46121767222594,0.040000000000000001,0.27478841145833327
,240.49741917890628,108.80447279293834,0.040000000000000001,0.2758056640624999
,240.59741810546871,107.92643428986446,0.040000000000000001,0.2758056640624999
,240.69741703203113,107.95743949529192,0.040000000000000001,0.27682291666666659
,240.79741595859377,106.7370261000179,0.040000000000000001,0.2758056640624999
,240.89741488515619,105.9396709666114,0.040000000000000001,0.27478841145833327
,240.99741381171862,105.98111143711617,0.040000000000000001,0.27377115885416659
,241.09741273828126,107.07851028977176,0.040000000000000001,0.27478841145833327
,241.19741166484368,106.51964351529124,0.040000000000000001,0.27377115885416659
,241.29741059218736,107.10954724767849,0.040000000000000001,0.27478841145833327
,241.39740951953127,108.02978050511324,0.040000000000000001,0.27478841145833327
,241.49740844609369,108.79414822354545,0.040000000000000001,0.27682291666666659
,241.59740737343736,108.45336699936485,0.040000000000000001,0.27682291666666659
,241.69740630000001,107.64733556609401,0.040000000000000001,0.27682291666666659
,241.79740522734369,107.25437089050662,0.040000000000000001,0.2758056640624999
,241.89740415468737,105.48368393570399,0.040000000000000001,0.27478841145833327
,241.99740308125001,106.05362711126035,0.040000000000000001,0.27478841145833327
,242.09740200937495,106.41610753782278,0.040000000000000001,0.27377115885416659
,242.19740093749988,106.42646173102564,0.040000000000000001,0.27377115885416659
,242.29739986562504,106.76807601570643,0.040000000000000001,0.27377115885416659
,242.39739879296872,107.87475639035256,0.040000000000000001,0.27478841145833327
,242.49739772109365,108.87674127512247,0.040000000000000001,0.2758056640624999
,242.59739664921881,108.44303815507372,0.040000000000000001,0.27682291666666659
,242.69739557734374,108.22610320726696,0.040000000000000001,0.27682291666666659
,242.79739450468742,107.32677316059305,0.040000000000000001,0.2758056640624999
,242.89739343281258,106.07434467282849,0.040000000000000001,0.27478841145833327
,242.99739235859374,106.18828172368158,0.040000000000000001,0.27377115885416659
,243.09739128203114,107.16127290491846,0.040000000000000001,0.27478841145833327
,243.19739020546876,106.9750452818064,0.040000000000000001,0.27377115885416659
,243.29738912890616,107.4405353246523,0.040000000000000001,0.27377115885416659
,243.39738805234379,108.02978050511324,0.040000000000000001,0.27478841145833327
,243.49738697578118,109.0212598791487,0.040000000000000001,0.2758056640624999
,243.59738589921881,108.8147972371419,0.040000000000000001,0.27682291666666659
,243.69738482187495,108.26742845649881,0.040000000000000001,0.27682291666666659
,243.79738374531257,107.93676948613435,0.040000000000000001,0.2758056640624999
,243.89738266874997,106.26077872915909,0.040000000000000001,0.27478841145833327
,243.9973815968749,106.91296000408221,0.040000000000000001,0.27478841145833327
,244.09738052500006,106.85087001330433,0.040000000000000001,0.27478841145833327
,244.197379453125,107.22333939866675,0.040000000000000001,0.27478841145833327
,244.29737838124993,107.53360181910324,0.040000000000000001,0.27478841145833327
,244.39737730937509,108.43270918450659,0.040000000000000001,0.27478841145833327
,244.49737623750002,108.96964889853898,0.040000000000000001,0.27682291666666659
,244.59737516562495,108.97997134392511,0.040000000000000001,0.27682291666666659
,244.69737409374989,108.20543982119538,0.040000000000000001,0.2758056640624999
,244.79737302187505,107.39916907753474,0.040000000000000001,0.2758056640624999
,244.89737194921872,106.2089958190418,0.040000000000000001,0.27478841145833327
,244.99737087578114,106.7473762033281,0.040000000000000001,0.27478841145833327
,245.09736980234379,107.49224022431245,0.040000000000000001,0.27478841145833327
,245.19736872812496,106.88191559825194,0.040000000000000001,0.27377115885416659
,245.29736765468738,107.61631881739784,0.040000000000000001,0.27377115885416659
,245.39736658125003,108.08144882866631,0.040000000000000001,0.27478841145833327
,245.49736550703119,109.57846088171392,0.040000000000000001,0.2758056640624999
,245.59736443359361,109.26894931447265,0.040000000000000001,0.27682291666666659
,245.697363359375,108.52566537628695,0.040000000000000001,0.27682291666666659
,245.79736228593742,107.11989263963616,0.040000000000000001,0.2758056640624999
,245.89736121093756,106.09506170043227,0.040000000000000001,0.27478841145833327
,245.99736013593747,106.799124749144,0.040000000000000001,0.27478841145833327
,246.09735906093738,107.71970347732376,0.040000000000000001,0.27478841145833327
,246.19735798515626,107.58530090971932,0.040000000000000001,0.27377115885416659
,246.29735691015617,107.70936558992818,0.040000000000000001,0.27377115885416659
,246.39735583437505,108.71154715786741,0.040000000000000001,0.2758056640624999
,246.49735475937496,109.27926815717471,0.040000000000000001,0.27682291666666659
,246.59735368359384,109.2483112576426,0.040000000000000001,0.27682291666666659
,246.69735260859375,108.48435277489318,0.040000000000000001,0.27682291666666659
,246.79735153359366,107.50258081666064,0.040000000000000001,0.2758056640624999
,246.89735045781254,106.38504416344657,0.040000000000000001,0.27478841145833327
,246.99734938281244,107.13023790130741,0.040000000000000001,0.27478841145833327
,247.09734830781258,107.57496134946169,0.040000000000000001,0.27478841145833327
,247.19734723281249,107.27505790229829,0.040000000000000001,0.27478841145833327
,247.2973461578124,108.18477592715409,0.040000000000000001,0.27478841145833327
,247.39734508281254,108.52566537628695,0.040000000000000001,0.2758056640624999
,247.49734400781244,109.98066071441289,0.040000000000000001,0.27682291666666659
,247.59734293203132,109.28958687610923,0.040000000000000001,0.27682291666666659
,247.69734185703123,108.42238008763235,0.040000000000000001,0.27784016927083327
,247.79734078203114,107.67835115665511,0.040000000000000001,0.27682291666666659
,247.89733970781253,105.950031285017,0.040000000000000001,0.27478841145833327
,247.99733863281244,106.59211083634817,0.040000000000000001,0.27478841145833327
,248.09733755781258,107.16127290491846,0.040000000000000001,0.27478841145833327
,248.19733648359374,107.17161764575971,0.040000000000000001,0.27478841145833327
,248.29733540859365,107.67835115665511,0.040000000000000001,0.27478841145833327
,248.39733433359379,108.31908216515168,0.040000000000000001,0.2758056640624999
,248.4973332585937,109.45466957181907,0.040000000000000001,0.27682291666666659
,248.59733218437486,108.71154715786741,0.040000000000000001,0.27682291666666659
,248.697331109375,108.43270918450659,0.040000000000000001,0.27784016927083327
,248.79733003671868,107.54394189515487,0.040000000000000001,0.27682291666666659
,248.89732896562487,106.1779244763069,0.040000000000000001,0.2758056640624999
,248.99732789531254,106.63351783159338,0.040000000000000001,0.27478841145833327
,249.09732682421873,107.18196225647232,0.040000000000000001,0.27478841145833327
,249.19732575390617,106.93365561999225,0.040000000000000001,0.27478841145833327
,249.29732468359362,107.16127290491846,0.040000000000000001,0.27478841145833327
,249.39732361250003,108.32941252680894,0.040000000000000001,0.2758056640624999
,249.49732254218748,108.8870648438682,0.040000000000000001,0.2758056640624999
,249.59732147109366,108.8147972371419,0.040000000000000001,0.27682291666666659
,249.69732040078134,108.05044821688514,0.040000000000000001,0.27682291666666659
,249.79731932734376,107.80240195448505,0.040000000000000001,0.27682291666666659
,249.89731825312492,106.35397959625102,0.040000000000000001,0.27478841145833327
,249.99731717812506,106.799124749144,0.040000000000000001,0.27478841145833327
,250.09731610390622,107.04747215815142,0.040000000000000001,0.27478841145833327
,250.19731502890613,106.49893737779284,0.040000000000000001,0.27377115885416659
,250.29731395468752,107.33711582315806,0.040000000000000001,0.27478841145833327
,250.39731287968743,107.895427933915,0.040000000000000001,0.27478841145833327
,250.49731180546883,109.00061586073929,0.040000000000000001,0.2758056640624999
,250.59731073046873,108.28809032015791,0.040000000000000001,0.2758056640624999
,250.6973096562499,107.57496134946169,0.040000000000000001,0.27682291666666659
,250.7973085765625,106.9750452818064,0.040000000000000001,0.2758056640624999
,250.89730749765613,105.82569861931067,0.040000000000000001,0.27377115885416659
,250.99730641874999,106.78877530263991,0.040000000000000001,0.27478841145833327
,251.09730533984362,107.01643285196496,0.040000000000000001,0.27377115885416659
,251.19730426093747,107.15092803391705,0.040000000000000001,0.27377115885416659
,251.29730318125007,107.08885607277787,0.040000000000000001,0.27377115885416659
,251.3973021023437,108.39139203885578,0.040000000000000001,0.2758056640624999
,251.49730102343756,109.28958687610923,0.040000000000000001,0.2758056640624999
,251.59729994453119,109.11415180086337,0.040000000000000001,0.27682291666666659
,251.69729886718756,107.82307529103457,0.040000000000000001,0.27682291666666659
,251.79729779140621,107.55428184221087,0.040000000000000001,0.27682291666666659
,251.89729671640612,106.16756709576003,0.040000000000000001,0.27478841145833327
,251.997295640625,106.47823071155098,0.040000000000000001,0.27478841145833327
,252.09729456562491,107.27505790229829,0.040000000000000001,0.27478841145833327
,252.19729348984379,106.48858411078074,0.040000000000000001,0.27377115885416659
,252.2972924148437,107.30608744646359,0.040000000000000001,0.27377115885416659
,252.39729133984383,108.11244829414495,0.040000000000000001,0.27478841145833327
,252.49729026406249,109.48561906100996,0.040000000000000001,0.27682291666666659
,252.59728918906239,108.72187272989076,0.040000000000000001,0.2758056640624999
,252.69728811484379,108.41205086441992,0.040000000000000001,0.27682291666666659
,252.7972870398437,107.26471446132493,0.040000000000000001,0.2758056640624999
,252.89728596562509,106.07434467282849,0.040000000000000001,0.27478841145833327
,252.997284890625,106.70597500122314,0.040000000000000001,0.27478841145833327
,253.09728381640616,106.99573932821623,0.040000000000000001,0.27377115885416659
,253.19728274218755,107.37848517748762,0.040000000000000001,0.27478841145833327
,253.29728166718746,107.28540121345821,0.040000000000000001,0.27478841145833327
,253.39728059296863,108.42238008763235,0.040000000000000001,0.2758056640624999
,253.49727951796876,108.78382352893226,0.040000000000000001,0.27682291666666659
,253.59727844374993,108.67024361478026,0.040000000000000001,0.27682291666666659
,253.69727736796881,108.15377913310309,0.040000000000000001,0.27682291666666659
,253.79727629218746,107.71970347732376,0.040000000000000001,0.2758056640624999
,253.89727521640611,106.56105420507367,0.040000000000000001,0.27478841145833327
,253.997274140625,106.47823071155098,0.040000000000000001,0.27478841145833327
,254.09727306484365,107.38882719224476,0.040000000000000001,0.27478841145833327
,254.19727198906253,106.89226386449951,0.040000000000000001,0.27377115885416659
,254.29727091328118,107.84374811498891,0.040000000000000001,0.27478841145833327
,254.39726983750006,108.23643470989204,0.040000000000000001,0.2758056640624999
,254.49726876171871,109.37213217565203,0.040000000000000001,0.27682291666666659
,254.59726768671862,108.87674127512247,0.040000000000000001,0.27682291666666659
,254.69726661484378,108.48435277489318,0.040000000000000001,0.27784016927083327
,254.79726554296872,107.60597964365601,0.040000000000000001,0.27682291666666659
,254.89726447031239,106.08470325335998,0.040000000000000001,0.2758056640624999
,254.99726339843755,106.2089958190418,0.040000000000000001,0.27478841145833327
,255.09726232578123,106.77842572483793,0.040000000000000001,0.27478841145833327
,255.19726125390616,107.36814303323182,0.040000000000000001,0.27478841145833327
,255.29726018125007,107.38882719224476,0.040000000000000001,0.27478841145833327
,255.397259109375,108.67024361478026,0.040000000000000001,0.2758056640624999
,255.49725803749993,108.938680814093,0.040000000000000001,0.2758056640624999
,255.59725696484384,108.89738828767238,0.040000000000000001,0.27682291666666659
,255.69725589140626,108.84576981892648,0.040000000000000001,0.27682291666666659
,255.79725481874993,108.05044821688514,0.040000000000000001,0.27682291666666659
,255.89725374531258,107.21299530815348,0.040000000000000001,0.2758056640624999
,255.99725267265626,107.02677941792041,0.040000000000000001,0.27478841145833327
,256.09725159921868,107.59564034110694,0.040000000000000001,0.27478841145833327
,256.19725052656258,106.86121867268595,0.040000000000000001,0.27377115885416659
,256.29724945390626,107.4405353246523,0.040000000000000001,0.27478841145833327
,256.39724838046868,108.5050093277689,0.040000000000000001,0.2758056640624999
,256.49724730781259,109.04190339940074,0.040000000000000001,0.27682291666666659
,256.59724623515626,108.8560937626826,0.040000000000000001,0.27682291666666659
,256.69724516249994,107.95743949529192,0.040000000000000001,0.27682291666666659
,256.79724408984362,107.77139098799685,0.040000000000000001,0.27682291666666659
,256.89724301718752,106.32291383537731,0.040000000000000001,0.27478841145833327
,256.9972419445312,107.01643285196496,0.040000000000000001,0.27478841145833327
,257.09724087187487,107.29574439483612,0.040000000000000001,0.27478841145833327
,257.19723979921878,107.24402718981185,0.040000000000000001,0.27377115885416659
,257.29723872656245,107.46121767222594,0.040000000000000001,0.27377115885416659
,257.39723765390613,108.62893806221381,0.040000000000000001,0.27478841145833327
,257.49723657968752,109.82599047256369,0.040000000000000001,0.2758056640624999
,257.59723550234366,109.01093793222913,0.040000000000000001,0.2758056640624999
,257.69723442500003,108.58763049818153,0.040000000000000001,0.2758056640624999
,257.79723334687492,108.36040285219481,0.040000000000000001,0.2758056640624999
,257.89723226953129,106.93365561999225,0.040000000000000001,0.27377115885416659
,257.99723119218743,107.45087656307834,0.040000000000000001,0.27478841145833327
,258.0972301148438,107.60597964365601,0.040000000000000001,0.27377115885416659
,258.19722903671868,108.1021152663003,0.040000000000000001,0.27377115885416659
,258.29722795937505,108.14344661416422,0.040000000000000001,0.27377115885416659
,258.39722688203119,108.91803480058003,0.040000000000000001,0.27478841145833327
,258.49722580781258,110.3620638044918,0.040000000000000001,0.27682291666666659
,258.59722473515626,110.02190148416612,0.040000000000000001,0.27682291666666659
,258.69722366249994,109.81567814714295,0.040000000000000001,0.27682291666666659
,258.79722258984361,108.24676608561829,0.040000000000000001,0.2758056640624999
,258.89722151718752,107.13023790130741,0.040000000000000001,0.27478841145833327
,258.99722044374994,107.51292127988755,0.040000000000000001,0.27478841145833327
,259.09721937109362,108.04011442474514,0.040000000000000001,0.27478841145833327
,259.19721829843752,107.67835115665511,0.040000000000000001,0.27377115885416659
,259.2972172257812,108.19510793768657,0.040000000000000001,0.27377115885416659
,259.39721615312487,109.23799204345289,0.040000000000000001,0.27478841145833327
,259.49721508281255,109.68160678812268,0.040000000000000001,0.2758056640624999
,259.5972140140625,109.84661475702045,0.040000000000000001,0.27682291666666659
,259.6972129445312,109.25863034797224,0.040000000000000001,0.2758056640624999
,259.79721187578116,108.42238008763235,0.040000000000000001,0.2758056640624999
,259.89721080625009,107.11989263963616,0.040000000000000001,0.27377115885416659
,259.99720973750004,107.66801275509746,0.040000000000000001,0.27377115885416659
,260.09720866796874,108.42238008763235,0.040000000000000001,0.27478841145833327
,260.1972075992187,108.43270918450659,0.040000000000000001,0.27377115885416659
,260.2972065296874,109.29990547130699,0.040000000000000001,0.27478841145833327
,260.39720545937507,109.7331751431134,0.040000000000000001,0.2758056640624999
,260.49720438359373,110.86691145177997,0.040000000000000001,0.27682291666666659
,260.59720330781238,109.91879590879589,0.040000000000000001,0.27682291666666659
,260.69720223203126,109.41340186067212,0.040000000000000001,0.27784016927083327
,260.79720115703117,108.70122146037569,0.040000000000000001,0.27682291666666659
,260.89720008125005,107.80240195448505,0.040000000000000001,0.2758056640624999
,260.9971990054687,108.04011442474514,0.040000000000000001,0.27478841145833327
,261.09719792968758,108.40172151483807,0.040000000000000001,0.2758056640624999
,261.19719685468749,108.56697596124469,0.040000000000000001,0.27478841145833327
,261.29719577890614,109.03158170152895,0.040000000000000001,0.2758056640624999
,261.3971947070313,110.2383836621655,0.040000000000000001,0.27682291666666659
,261.49719363671875,110.4651173270766,0.040000000000000001,0.27682291666666659
,261.59719256718745,110.52694366691694,0.040000000000000001,0.27784016927083327
,261.69719149687489,109.9394179977929,0.040000000000000001,0.27784016927083327
,261.79719042734382,109.34117861534733,0.040000000000000001,0.27784016927083327
,261.89718935703127,108.01944645795818,0.040000000000000001,0.2758056640624999
,261.99718828749997,108.28809032015791,0.040000000000000001,0.27682291666666659
,262.09718721718741,108.7321981764768,0.040000000000000001,0.27682291666666659
,262.19718614765611,108.45336699936485,0.040000000000000001,0.2758056640624999
,262.29718507734378,109.37213217565203,0.040000000000000001,0.27682291666666659
,262.397184009375,109.72286171706683,0.040000000000000001,0.27682291666666659
,262.49718294140621,110.89781116838182,0.040000000000000001,0.2788574218749999
,262.59718187343742,110.96990634458642,0.040000000000000001,0.2788574218749999
,262.69718080546863,110.1456121317965,0.040000000000000001,0.2788574218749999
,262.79717973828133,109.43403596285661,0.040000000000000001,0.27784016927083327
,262.89717867031254,108.25709733447681,0.040000000000000001,0.27784016927083327
,262.99717760234375,109.05222497279506,0.040000000000000001,0.27784016927083327
,263.09717653437497,109.09351002221507,0.040000000000000001,0.27784016927083327
,263.19717546640618,109.31022394279888,0.040000000000000001,0.27784016927083327
,263.29717439609362,108.76317376392096,0.040000000000000001,0.27784016927083327
,263.39717331953125,109.79505312976337,0.040000000000000001,0.2788574218749999
,263.49717224218739,110.43420253425913,0.040000000000000001,0.2788574218749999
,263.59717116562501,110.39298112565149,0.040000000000000001,0.27987467447916659
,263.69717008906241,110.1456121317965,0.040000000000000001,0.27987467447916659
,263.79716901250004,109.37213217565203,0.040000000000000001,0.27987467447916659
,263.89716793515618,107.91609896575881,0.040000000000000001,0.2788574218749999
,263.9971668585938,108.06078188156455,0.040000000000000001,0.27784016927083327
,264.0971657820312,108.8870648438682,0.040000000000000001,0.27784016927083327
,264.19716470468757,108.21577157771181,0.040000000000000001,0.27682291666666659
,264.29716362968747,108.80447279293834,0.040000000000000001,0.27784016927083327
,264.39716255546864,109.72286171706683,0.040000000000000001,0.27784016927083327
,264.49716148046878,111.2479333211509,0.040000000000000001,0.27987467447916659
,264.59716040624994,110.71239677919807,0.040000000000000001,0.27987467447916659
,264.69715933203133,110.51663957727725,0.040000000000000001,0.28089192708333327
,264.79715825703124,109.59909104501239,0.040000000000000001,0.27987467447916659
,264.89715718281241,107.53360181910324,0.040000000000000001,0.2788574218749999
,264.9971561085938,108.36040285219481,0.040000000000000001,0.2788574218749999
,265.09715503359371,108.58763049818153,0.040000000000000001,0.2788574218749999
,265.19715395937487,109.0212598791487,0.040000000000000001,0.2788574218749999
,265.29715288906255,109.15543386727204,0.040000000000000001,0.2788574218749999
,265.39715181796873,110.17653706486463,0.040000000000000001,0.27987467447916659
,265.49715074765618,110.57846231478609,0.040000000000000001,0.28089192708333327
,265.59714967656237,110.56815882515484,0.040000000000000001,0.2819091796874999
,265.69714860625004,110.0322113726359,0.040000000000000001,0.2819091796874999
,265.79714753515623,108.90771160656602,0.040000000000000001,0.28089192708333327
,265.89714646484367,107.895427933915,0.040000000000000001,0.27987467447916659
,265.99714539375009,108.07111541881453,0.040000000000000001,0.2788574218749999
,266.09714432343753,108.7321981764768,0.040000000000000001,0.2788574218749999
,266.19714325234372,108.87674127512247,0.040000000000000001,0.2788574218749999
,266.29714218203117,109.14511353695369,0.040000000000000001,0.27987467447916659
,266.39714111093758,109.80536569955306,0.040000000000000001,0.27987467447916659
,266.49714004062503,110.90811083593562,0.040000000000000001,0.2819091796874999
,266.59713897031247,110.27961230831804,0.040000000000000001,0.2819091796874999
,266.69713789999992,109.72286171706683,0.040000000000000001,0.2819091796874999
,266.79713682890633,109.29990547130699,0.040000000000000001,0.28089192708333327
,266.89713575859378,107.67835115665511,0.040000000000000001,0.27987467447916659
,266.99713468828122,108.39139203885578,0.040000000000000001,0.27987467447916659
,267.09713361718741,108.67024361478026,0.040000000000000001,0.27987467447916659
,267.19713254453131,108.80447279293834,0.040000000000000001,0.27987467447916659
,267.29713146874997,108.78382352893226,0.040000000000000001,0.27987467447916659
,267.39713039374988,109.79505312976337,0.040000000000000001,0.28089192708333327
,267.49712931796876,111.00080249527082,0.040000000000000001,0.28292643229166659
,267.59712824296867,110.66088591761134,0.040000000000000001,0.28292643229166659
,267.69712716718755,109.96003959958365,0.040000000000000001,0.28292643229166659
,267.79712609218745,108.7321981764768,0.040000000000000001,0.2819091796874999
,267.89712501640633,107.77139098799685,0.040000000000000001,0.28089192708333327
,267.99712394140624,108.16411152489358,0.040000000000000001,0.28089192708333327
,268.0971228656249,109.07286774627468,0.040000000000000001,0.28089192708333327
,268.1971217929688,108.86641758140426,0.040000000000000001,0.27987467447916659
,268.29712071953122,109.60940594242601,0.040000000000000001,0.28089192708333327
,268.3971196468749,110.0940681524736,0.040000000000000001,0.2819091796874999
,268.4971185742188,110.44450758549402,0.040000000000000001,0.28292643229166659
,268.59711750156248,110.51663957727725,0.040000000000000001,0.28394368489583327
,268.69711642890616,109.67129274954377,0.040000000000000001,0.28394368489583327
,268.79711535625006,109.22767270537234,0.040000000000000001,0.28292643229166659
,268.89711428281248,107.94710455459978,0.040000000000000001,0.2819091796874999
,268.99711321015616,108.29842106185731,0.040000000000000001,0.2819091796874999
,269.09711213671881,108.76317376392096,0.040000000000000001,0.2819091796874999
,269.19711105859369,108.71154715786741,0.040000000000000001,0.2819091796874999
,269.29710998125006,109.27926815717471,0.040000000000000001,0.2819091796874999
,269.3971089039062,109.65066430455951,0.040000000000000001,0.2819091796874999
,269.49710782578131,110.91841038454977,0.040000000000000001,0.28394368489583327
,269.59710674843745,110.17653706486463,0.040000000000000001,0.28394368489583327
,269.69710567031257,109.55783022691563,0.040000000000000001,0.28394368489583327
,269.79710459296871,108.94900363365382,0.040000000000000001,0.28394368489583327
,269.89710351484382,107.86442042659866,0.040000000000000001,0.28292643229166659
,269.99710243749996,108.67024361478026,0.040000000000000001,0.28292643229166659
,270.09710136406238,108.90771160656602,0.040000000000000001,0.28292643229166659
,270.19710029609382,109.05222497279506,0.040000000000000001,0.28292643229166659
,270.29709922734378,108.99029366464826,0.040000000000000001,0.28292643229166659
,270.39709815859374,110.1456121317965,0.040000000000000001,0.28394368489583327
,270.49709708984369,110.50633536754461,0.040000000000000001,0.2849609374999999
,270.59709602109365,110.2383836621655,0.040000000000000001,0.2849609374999999
,270.69709495234383,109.98066071441289,0.040000000000000001,0.28597819010416659
,270.79709388359379,108.97997134392511,0.040000000000000001,0.2849609374999999
,270.89709281484375,107.29574439483612,0.040000000000000001,0.28394368489583327
,270.99709174687496,107.97810899348161,0.040000000000000001,0.28394368489583327
,271.09709067265612,108.1021152663003,0.040000000000000001,0.28292643229166659
,271.19708959765626,108.43270918450659,0.040000000000000001,0.28292643229166659
,271.29708852265617,108.80447279293834,0.040000000000000001,0.28292643229166659
,271.3970874476563,109.18639411352422,0.040000000000000001,0.28394368489583327
,271.49708637265621,110.02190148416612,0.040000000000000001,0.28394368489583327
,271.59708529765612,110.01159147413951,0.040000000000000001,0.2849609374999999
,271.69708422265626,109.52688332261806,0.040000000000000001,0.2849609374999999
,271.79708314765617,108.57730329264905,0.040000000000000001,0.2849609374999999
,271.8970820726563,107.54394189515487,0.040000000000000001,0.28394368489583327
,271.99708099921872,107.51292127988755,0.040000000000000001,0.28292643229166659
,272.09707992968742,108.16411152489358,0.040000000000000001,0.28292643229166659
,272.19707886015613,107.81273868684985,0.040000000000000001,0.28292643229166659
,272.29707779140631,108.31908216515168,0.040000000000000001,0.28292643229166659
,272.39707672187501,109.4959353110626,0.040000000000000001,0.28394368489583327
,272.49707565312497,110.71239677919807,0.040000000000000001,0.2849609374999999
,272.59707458359367,110.35175778971342,0.040000000000000001,0.28597819010416659
,272.69707351484362,109.45466957181907,0.040000000000000001,0.28597819010416659
,272.79707244531255,108.79414822354545,0.040000000000000001,0.2849609374999999
,272.89707137656251,107.19230673708775,0.040000000000000001,0.28394368489583327
,272.99707030468744,107.33711582315806,0.040000000000000001,0.28292643229166659
,273.09706923124986,108.3707327075653,0.040000000000000001,0.28394368489583327
,273.19706815859377,108.21577157771181,0.040000000000000001,0.28394368489583327
,273.29706708515619,108.19510793768657,0.040000000000000001,0.28394368489583327
,273.39706601171883,109.29990547130699,0.040000000000000001,0.2849609374999999
,273.49706493828126,109.98066071441289,0.040000000000000001,0.28597819010416659
,273.59706386562493,109.78474043774331,0.040000000000000001,0.28699544270833327
,273.69706279218758,109.20703365741514,0.040000000000000001,0.28699544270833327
,273.79706171875,108.21577157771181,0.040000000000000001,0.28597819010416659
,273.89706064531242,106.87156720099127,0.040000000000000001,0.2849609374999999
,273.99705957578112,106.8301723011856,0.040000000000000001,0.2849609374999999
,274.09705850625005,107.53360181910324,0.040000000000000001,0.2849609374999999
,274.19705743671875,107.68868942962521,0.040000000000000001,0.28394368489583327
,274.29705636718745,108.29842106185731,0.040000000000000001,0.2849609374999999
,274.39705529765615,109.16575407345269,0.040000000000000001,0.2849609374999999
,274.49705422812508,109.4959353110626,0.040000000000000001,0.28597819010416659
,274.59705315859378,109.7331751431134,0.040000000000000001,0.28699544270833327
,274.69705208906248,108.92835786974537,0.040000000000000001,0.28699544270833327
,274.79705101953118,107.9987779809537,0.040000000000000001,0.28597819010416659
,274.89704994921863,106.7370261000179,0.040000000000000001,0.2849609374999999
,274.99704887578127,106.77842572483793,0.040000000000000001,0.2849609374999999
,275.0970478023437,107.35780075944596,0.040000000000000001,0.2849609374999999
,275.19704672812509,107.51292127988755,0.040000000000000001,0.2849609374999999
,275.29704565468751,108.21577157771181,0.040000000000000001,0.2849609374999999
,275.39704458124993,108.38106243644189,0.040000000000000001,0.28597819010416659
,275.49704350781258,109.59909104501239,0.040000000000000001,0.28699544270833327
,275.597042434375,108.89738828767238,0.040000000000000001,0.28699544270833327
,275.69704136093742,108.29842106185731,0.040000000000000001,0.28699544270833327
,275.79704028750007,108.08144882866631,0.040000000000000001,0.28699544270833327
,275.89703921249998,105.950031285017,0.040000000000000001,0.2849609374999999
,275.99703813437486,106.50929051261909,0.040000000000000001,0.2849609374999999
,276.09703705703123,107.29574439483612,0.040000000000000001,0.2849609374999999
,276.19703597890611,107.15092803391705,0.040000000000000001,0.28394368489583327
,276.29703490156248,107.46121767222594,0.040000000000000001,0.2849609374999999
,276.39703382343737,108.72187272989076,0.040000000000000001,0.28597819010416659
,276.49703274609374,109.32054229061571,0.040000000000000001,0.28699544270833327
,276.59703166796862,109.07286774627468,0.040000000000000001,0.28699544270833327
,276.69703059062499,108.76317376392096,0.040000000000000001,0.28699544270833327
,276.79702951249988,107.87475639035256,0.040000000000000001,0.28699544270833327
,276.89702844140629,106.44716972023822,0.040000000000000001,0.28597819010416659
,276.99702737109374,106.26077872915909,0.040000000000000001,0.2849609374999999
,277.09702630156244,106.88191559825194,0.040000000000000001,0.2849609374999999
,277.19702523203114,106.3746894402926,0.040000000000000001,0.28394368489583327
,277.29702416250007,107.03712585330535,0.040000000000000001,0.2849609374999999
,277.39702309296877,108.25709733447681,0.040000000000000001,0.28597819010416659
,277.49702202343747,109.13479308246671,0.040000000000000001,0.2880126953124999
,277.59702095390617,108.86641758140426,0.040000000000000001,0.2880126953124999
,277.69701988359361,107.33711582315806,0.040000000000000001,0.28699544270833327
,277.79701881406254,107.14058303272387,0.040000000000000001,0.28699544270833327
,277.8970177398437,105.78425010388585,0.040000000000000001,0.28597819010416659
,277.99701666562487,106.31255831634247,0.040000000000000001,0.28597819010416659
,278.09701559140626,106.64386925089227,0.040000000000000001,0.28597819010416659
,278.19701451718743,106.58175875786577,0.040000000000000001,0.28597819010416659
,278.29701344296882,107.20265108763763,0.040000000000000001,0.28597819010416659
,278.39701236874998,107.51292127988755,0.040000000000000001,0.28699544270833327
,278.49701129453115,108.87674127512247,0.040000000000000001,0.2880126953124999
,278.59701022031254,107.87475639035256,0.040000000000000001,0.28699544270833327
,278.69700914609371,107.59564034110694,0.040000000000000001,0.2880126953124999
,278.79700807031259,106.98539237035978,0.040000000000000001,0.28699544270833327
,278.89700699296873,105.38001408253407,0.040000000000000001,0.2849609374999999
,278.99700591640612,105.53551378595176,0.040000000000000001,0.2849609374999999
,279.09700483906249,106.30220266454948,0.040000000000000001,0.2849609374999999
,279.19700376249989,105.9396709666114,0.040000000000000001,0.2849609374999999
,279.29700268593751,107.0578183324901,0.040000000000000001,0.2849609374999999
,279.39700160859365,107.41985245983909,0.040000000000000001,0.28597819010416659
,279.49700053203128,108.59795757787319,0.040000000000000001,0.28699544270833327
,279.59699945468742,107.84374811498891,0.040000000000000001,0.28699544270833327
,279.69699837812504,107.58530090971932,0.040000000000000001,0.2880126953124999
,279.79699730312495,106.06398595880592,0.040000000000000001,0.28597819010416659
,279.89699622890612,105.29706843569701,0.040000000000000001,0.28597819010416659
,279.99699515546877,105.328174071581,0.040000000000000001,0.28597819010416659
,280.09699408124993,106.05362711126035,0.040000000000000001,0.28597819010416659
,280.19699300703132,106.2504224130977,0.040000000000000001,0.28597819010416659
,280.29699193281249,106.47823071155098,0.040000000000000001,0.28597819010416659
,280.39699085937491,106.94400323164913,0.040000000000000001,0.28699544270833327
,280.4969897851563,107.49224022431245,0.040000000000000001,0.28699544270833327
,280.59698871093747,107.35780075944596,0.040000000000000001,0.2880126953124999
,280.69698763671863,106.54034912430015,0.040000000000000001,0.28699544270833327
,280.79698656484379,106.29184687996644,0.040000000000000001,0.28699544270833327
,280.89698549296872,104.92370515888334,0.040000000000000001,0.2849609374999999
,280.99698442109366,105.25559235185295,0.040000000000000001,0.2849609374999999
,281.09698334921882,105.46295104862135,0.040000000000000001,0.2849609374999999
,281.19698227734375,105.59770514648774,0.040000000000000001,0.2849609374999999
,281.29698120546868,105.85678359605978,0.040000000000000001,0.2849609374999999
,281.39698013359362,106.77842572483793,0.040000000000000001,0.28597819010416659
,281.49697906093752,107.92643428986446,0.040000000000000001,0.28699544270833327
,281.59697798906245,107.76105374259839,0.040000000000000001,0.2880126953124999
,281.69697691640613,107.13023790130741,0.040000000000000001,0.2880126953124999
,281.79697584296878,105.81533669192127,0.040000000000000001,0.28699544270833327
,281.89697476874994,104.72658080293441,0.040000000000000001,0.28597819010416659
,281.99697369531236,104.83033664497702,0.040000000000000001,0.2849609374999999
,282.09697262109376,105.76352503998632,0.040000000000000001,0.28597819010416659
,282.19697154765618,105.16226320274009,0.040000000000000001,0.2849609374999999
,282.29697047343757,105.7117100268045,0.040000000000000001,0.2849609374999999
,282.39696939999999,106.46787718007181,0.040000000000000001,0.28597819010416659
,282.49696832578115,107.40951083338906,0.040000000000000001,0.28699544270833327
,282.5969672523438,106.98539237035978,0.040000000000000001,0.28699544270833327
,282.6969661757812,106.11577819432679,0.040000000000000001,0.28699544270833327
,282.79696509921882,105.39038167768602,0.040000000000000001,0.28597819010416659
,282.89696402265622,104.10375551204039,0.040000000000000001,0.2849609374999999
,282.99696294609362,105.0585511974656,0.040000000000000001,0.28597819010416659
,283.09696186874999,105.06892301231754,0.040000000000000001,0.2849609374999999
,283.19696079218738,105.16226320274009,0.040000000000000001,0.2849609374999999
,283.29695971562501,105.33854234523791,0.040000000000000001,0.2849609374999999
,283.39695863828115,106.21935266709104,0.040000000000000001,0.28597819010416659
,283.49695756171877,106.87156720099127,0.040000000000000001,0.28699544270833327
,283.59695648515617,106.52999638584097,0.040000000000000001,0.28699544270833327
,283.69695540937505,105.60806990068789,0.040000000000000001,0.28699544270833327
,283.7969543335937,104.43599110213245,0.040000000000000001,0.28597819010416659
,283.89695325703133,103.15817559197762,0.040000000000000001,0.28394368489583327
,283.99695218124998,103.41806689001255,0.040000000000000001,0.28394368489583327
,284.09695110546863,104.67469772136312,0.040000000000000001,0.28394368489583327
,284.19695002968751,104.14529275746654,0.040000000000000001,0.28292643229166659
,284.29694895312491,105.20374418629683,0.040000000000000001,0.28394368489583327
,284.39694787734379,105.65989164837328,0.040000000000000001,0.28394368489583327
,284.49694680156244,106.58175875786577,0.040000000000000001,0.2849609374999999
,284.59694572578132,105.83606041244228,0.040000000000000001,0.2849609374999999
,284.69694464843747,105.60806990068789,0.040000000000000001,0.28597819010416659
,284.79694357187486,104.71620446208681,0.040000000000000001,0.2849609374999999

trace_size,94
trace_types,5,4
trace_names,,Value
trace_units,,
devices,Platform,Platform
raster,OnChange,OnChange
description,,
displayidentifier,,
path,,Model Root/PumpFlow
flags,,2
min,,-1.797693135e+308
max,,1.797693135e+308
minWeak,,-1.797693135e+308
maxWeak,,1.797693135e+308
trace_values,-1.5472227476561784,0.029999999999999999
,1.5197541523436939,0.029999999999999999
,4.5788051523436479,0.029999999999999999
,7.6407652523437264,0.029999999999999999
,10.702782152343616,0.029999999999999999
,13.767752952343699,0.029999999999999999
,16.826762752343711,0.029999999999999999
,19.893749352343775,0.029999999999999999
,22.956994952343621,0.029999999999999999
,26.015749852343788,0.029999999999999999
,29.082747652343642,0.029999999999999999
,32.142740352343708,0.029999999999999999
,35.203768852343728,0.029999999999999999
,38.267761752343631,0.029999999999999999
,41.331770852343652,0.029999999999999999
,44.390927352343624,0.029999999999999999
,47.457741052343636,0.029999999999999999
,50.516758152343755,0.029999999999999999
,53.578740452343709,0.029999999999999999
,56.643768152343682,0.029999999999999999
,59.705754452343626,0.029999999999999999
,62.766824852343689,0.029999999999999999
,65.851058852343613,0.029999999999999999
,68.905752252343746,0.029999999999999999
,71.971739552343706,0.029999999999999999
,75.032374552343754,0.029999999999999999
,78.095110052343671,0.029999999999999999
,81.158193852343629,0.029999999999999999
,84.217737652343658,0.029999999999999999
,87.280756352343815,0.029999999999999999
,90.343727652343659,0.029999999999999999
,93.404788452343837,0.029999999999999999
,96.469423752343801,0.029999999999999999
,99.537299452343632,0.029999999999999999
,102.5980899523438,0.029999999999999999
,105.65590445234375,0.029999999999999999
,108.72271225234363,0.029999999999999999
,111.45279265234376,0.040000000000000001
,114.53105595234365,0.040000000000000001
,117.59273345234374,0.040000000000000001
,120.65476725234362,0.040000000000000001
,123.72424715234365,0.040000000000000001
,126.78772395234364,0.040000000000000001
,129.84274575234372,0.040000000000000001
,132.90671255234383,0.040000000000000001
,135.96870075234369,0.040000000000000001
,139.03245105234373,0.040000000000000001
,142.09677925234382,0.040000000000000001
,145.15673405234384,0.040000000000000001
,148.2177716523438,0.040000000000000001
,151.28078475234383,0.040000000000000001
,154.34775835234382,0.040000000000000001
,157.40682025234378,0.040000000000000001
,160.47074055234361,0.040000000000000001
,163.53075515234377,0.040000000000000001
,166.59271755234363,0.040000000000000001
,169.65574185234368,0.040000000000000001
,172.7237520523438,0.040000000000000001
,175.78215675234378,0.040000000000000001
,178.84675745234381,0.040000000000000001
,181.90802475234364,0.040000000000000001
,184.96894785234372,0.040000000000000001
,188.03194585234382,0.040000000000000001
,191.10033635234367,0.040000000000000001
,194.15862955234365,0.040000000000000001
,197.22281275234377,0.040000000000000001
,200.28672185234382,0.040000000000000001
,203.34374325234376,0.040000000000000001
,206.40606825234363,0.040000000000000001
,209.47320035234384,0.040000000000000001
,212.52976525234362,0.040000000000000001
,215.59823935234363,0.040000000000000001
,218.66174665234371,0.040000000000000001
,221.71974795234382,0.040000000000000001
,224.78110775234381,0.040000000000000001
,227.84884935234368,0.040000000000000001
,230.90769585234375,0.040000000000000001
,233.97192165234378,0.040000000000000001
,237.03275235234378,0.040000000000000001
,240.09494435234365,0.040000000000000001
,243.15477085234374,0.040000000000000001
,246.2217650523437,0.040000000000000001
,249.28136215234372,0.040000000000000001
,252.34681295234373,0.040000000000000001
,255.4123677523437,0.040000000000000001
,258.46878355234367,0.040000000000000001
,261.53080445234377,0.040000000000000001
,264.59475035234368,0.040000000000000001
,267.65660465234373,0.040000000000000001
,270.72329995234372,0.040000000000000001
,273.78580645234365,0.040000000000000001
,276.84472675234383,0.040000000000000001
,279.91074495234375,0.040000000000000001
,282.97074245234376,0.040000000000000001

