descriptions,General,User,Visitor
,General,DateTime,20/04/2025 16:56:25
,General,Origin,"Software revision: rl_tts1_top_hostpc_6e8x0_openloop.sdf, rl_tts1_top_hostpc_6e8x0_openloop.ppc\nVariable description: rl_tts1_top_hostpc_6e8x0_openloop.sdf\n    Platform / Device: Platform [DS1104 R&D Controller Board, assigned to 'ds1104']\nControlDesk version: 7.3"
,General,Description,
,Recording,StartCondition,None (Immediate Recording)
,Recording,StopCondition,None
,Measurement,XAxisOffset,0
,Measurement,Length,345.529538
,Measurement,StartTimestamp,297.2254085
,Measurement,StopTimestamp,642.7549466
,MDF,Department,
,MDF,Project,
,MDF,MeasurementObject,

trace_size,3456
trace_types,5,4,4,4
trace_names,,In1,In1,In1
trace_units,,,,
devices,Platform,Platform,Platform,Platform
raster,HostService,HostService,HostService,HostService
description,,,,
displayidentifier,,,,
path,,Model Root/Height_T1\n,Model Root/TTS dSPACE RTI1104/PumpLeft,Model Root/TTS dSPACE RTI1104/ValvePos_LD
flags,,2,2,2
min,,-1.797693135e+308,-1.797693135e+308,-1.797693135e+308
max,,1.797693135e+308,1.797693135e+308,1.797693135e+308
minWeak,,-1.797693135e+308,-1.797693135e+308,-1.797693135e+308
maxWeak,,1.797693135e+308,1.797693135e+308,1.797693135e+308
trace_values,0,-18.791971217213394,0,0.80579427083333333
,0.10000851093747087,-21.537116761617998,0,0.80375976562499996
,0.20001710234373604,-19.168623281691698,0,0.80579427083333333
,0.30002561406246286,-21.07313968832964,0,0.80477701822916659
,0.40003420546872803,-21.57933258966111,0,0.80477701822916659
,0.50004275703122403,-19.433961501268811,0,0.80681152343749996
,0.6000512656249839,-20.623915886204625,0,0.80579427083333333
,0.70005985390622527,-24.038225451271909,0,0.80477701822916659
,0.80006836171872919,-22.156886902053007,0,0.80477701822916659
,0.90007694999997057,-23.032410750511502,0,0.80375976562499996
,1.0000854984374996,-20.217394408534229,0,0.80579427083333333
,1.1000940062499467,-18.819854992206146,0,0.80681152343749996
,1.2001025945312449,-20.932684033383723,0,0.80579427083333333
,1.3001111023437488,-20.09134586847216,0,0.80681152343749996
,1.4001196906249902,-18.499349501228345,0,0.80782877604166659
,1.5001282382812064,-20.581836066047153,0,0.80681152343749996
,1.6001367460937104,-18.401872939970097,0,0.80884602864583333
,1.7001453335936958,-22.170987694046705,0,0.80579427083333333
,1.8001538406250006,-23.103130707231326,0,0.80579427083333333
,1.900162428124986,-19.308245404807447,0,0.80681152343749996
,2.0001709749999463,-19.461905645939005,0,0.80681152343749996
,2.1001794820311943,-19.461905645939005,0,0.80782877604166659
,2.2001880695312366,-16.860428149083162,0,0.80884602864583333
,2.3001965765624846,-20.932684033383723,0,0.80681152343749996
,2.40020516406247,-18.527205821575894,0,0.80884602864583333
,2.5002137132811981,-18.262676148614677,0,0.80884602864583333
,2.6002222281249487,-20.413576526795612,0,0.80884602864583333
,2.7002308234374937,-20.455632454479332,0,0.80782877604166659
,2.8002393382812443,-20.932684033383723,0,0.80782877604166659
,2.9002479335937323,-20.904600895731388,0,0.80681152343749996
,3.0002564890624512,-16.55586201595629,0,0.80986328124999996
,3.1002650039062019,-18.527205821575894,0,0.80884602864583333
,3.2002735984374908,-18.123544512389334,0,0.80986328124999996
,3.3002821140624974,-17.664871453001059,0,0.80986328124999996
,3.4002907085937295,-18.485422320324492,0,0.80986328124999996
,3.5002992601562255,-17.59543719369487,0,0.81088053385416659
,3.6003077687499854,-17.414983909012733,0,0.81088053385416659
,3.7003163578124827,-21.748256167922538,0,0.80782877604166659
,3.8003248664062426,-19.01511475951385,0,0.80986328124999996
,3.9003334546874839,-17.956672448569247,0,0.80986328124999996
,4.0003420031249561,-17.873271519820818,0,0.80986328124999996
,4.100350511718716,-15.837212988677255,0,0.81189778645833333
,4.2003591007812133,-16.832727449989136,0,0.81088053385416659
,4.3003676093749732,-18.360107056830319,0,0.81088053385416659
,4.4003761976562146,-15.106520511762206,0,0.81291503906249996
,4.5003847499999665,-17.401107418230364,0,0.81189778645833333
,4.6003932624999493,-16.597375435299263,0,0.81291503906249996
,4.7004018546874704,-18.973262570547146,0,0.81088053385416659
,4.8004103664061972,-21.241774480909335,0,0.80986328124999996
,4.9004189593749743,-17.623208952979951,0,0.81088053385416659
,5.0004275117187262,-15.864821341472526,0,0.81189778645833333
,5.1004360234374531,-17.331734666786524,0,0.81088053385416659
,5.2004446156249742,-14.955091117177506,0,0.81291503906249996
,5.3004531281249569,-17.845476406729148,0,0.81189778645833333
,5.400461721093734,-16.874279464643642,0,0.81189778645833333
,5.5004702718749741,-15.795805248489062,0,0.81291503906249996
,5.6004787835937009,-17.817683890889136,0,0.81189778645833333
,5.7004873742187101,-18.680462286976081,0,0.81189778645833333
,5.8004958851562378,-18.805912777475754,0,0.81088053385416659
,5.9005044765624461,-19.392050217898372,0,0.80986328124999996
,6.000513028124999,-15.147832761179551,0,0.81291503906249996
,6.1005215390624699,-16.735795281654557,0,0.81088053385416659
,6.2005301296874791,-17.109850438220612,0,0.81189778645833333
,6.3005386414062059,-16.486685830791469,0,0.81189778645833333
,6.4005472296874473,-17.276248104131778,0,0.81189778645833333
,6.5005557757812085,-17.151441137194148,0,0.81189778645833333
,6.6005642820312005,-15.644026004614098,0,0.81291503906249996
,6.7005728687499868,-20.469652423620044,0,0.80986328124999996
,6.8005813749999788,-18.443644693795449,0,0.81088053385416659
,6.9005899617187083,-17.054405207751163,0,0.81088053385416659
,7.0005985078124695,-17.262378079306995,0,0.81088053385416659
,7.1006070140624615,-15.106520511762206,0,0.81291503906249996
,7.2006156007812478,-16.445187824678307,0,0.81088053385416659
,7.3006241070312399,-18.680462286976081,0,0.81088053385416659
,7.4006326945312253,-14.295204547811043,0,0.81393229166666659
,7.5006412414062424,-16.901984028162232,0,0.81189778645833333
,7.6006497492187464,-16.929691168705752,0,0.81189778645833333
,7.7006583367187318,-17.692649694612875,0,0.81189778645833333
,7.8006668437499798,-20.455632454479332,0,0.80884602864583333
,7.9006754312499652,-17.179171497681676,0,0.81088053385416659
,8.0006839789062383,-15.354479756095648,0,0.81189778645833333
,8.1006924859374863,-17.567668026298254,0,0.81088053385416659
,8.2007010734374717,-15.175377435042684,0,0.81189778645833333
,8.3007096218749439,-17.401107418230364,0,0.81088053385416659
,8.4007181781249756,-16.874279464643642,0,0.81189778645833333
,8.5007267335936945,-14.528747865452921,0,0.81291503906249996
,8.600735249218701,-17.206904441133375,0,0.81189778645833333
,8.700743845312445,-19.853400302075517,0,0.80986328124999996
,8.8007524015624767,-18.054003104116376,0,0.80986328124999996
,8.9007609570311956,-18.847741385370242,0,0.80884602864583333
,9.0007695124999714,-15.423393874398677,0,0.81088053385416659
,9.1007780289062339,-15.450963975632018,0,0.81088053385416659
,9.200786624218722,-17.442738831666176,0,0.80986328124999996
,9.3007951765624739,-16.611214526898678,0,0.81088053385416659
,9.400803723437491,-15.782003945199069,0,0.81189778645833333
,9.5008122710937073,-17.734321920916653,0,0.80986328124999996
,9.6008207781249553,-15.740603864614355,0,0.81189778645833333
,9.7008293656249975,-19.993345155133799,0,0.80884602864583333
,9.8008379132812138,-19.517801831799435,0,0.80884602864583333
,9.9008464609374869,-16.846577477556377,0,0.80986328124999996
,10.000855007812447,-18.040096774054774,0,0.80782877604166659
,10.100863515624951,-16.376037316383304,0,0.80986328124999996
,10.200872102343737,-15.147832761179551,0,0.80986328124999996
,10.300880651562466,-19.070926856771671,0,0.80782877604166659
,10.400889200781251,-15.437178606805123,0,0.81088053385416659
,10.500897749999979,-16.196321020289346,0,0.80986328124999996
,10.600906259374995,-18.736211519345922,0,0.80884602864583333
,10.700914848437492,-18.499349501228345,0,0.80884602864583333
,10.800923398437476,-19.951354763699712,0,0.80681152343749996
,10.900931947656204,-18.847741385370242,0,0.80782877604166659
,11.000940496874989,-15.478536622841887,0,0.80884602864583333
,11.100949005468749,-17.831579824189969,0,0.80681152343749996
,11.200957594531246,-16.196321020289346,0,0.80884602864583333
,11.300966140624951,-16.929691168705752,0,0.80782877604166659
,11.400974686718712,-18.415796205513807,0,0.80681152343749996
,11.500983232031217,-16.514354378240728,0,0.80884602864583333
,11.600991737499953,-17.24850870066906,0,0.80782877604166659
,11.701000323437484,-21.551188035030108,0,0.80579427083333333
,11.801008869531245,-18.42972012343072,0.10000000000000001,0.80681152343749996
,11.901017415624949,-8.5822593874781816,0.10000000000000001,0.80681152343749996
,12.001025960937454,-11.956105116511527,0.10000000000000001,0.80681152343749996
,12.101034467187446,-13.965806370366476,0.10000000000000001,0.80782877604166659
,12.201043052343721,-17.317862056470844,0.10000000000000001,0.80579427083333333
,12.301051599999994,-17.831579824189969,0.10000000000000001,0.80681152343749996
,12.401060146874954,-15.740603864614355,0.10000000000000001,0.80782877604166659
,12.501068693749971,-18.903522028609469,0.10000000000000001,0.80579427083333333
,12.601077200781219,-17.165305994604509,0.10000000000000001,0.80782877604166659
,12.701085787499949,-19.811429721509512,0.10000000000000001,0.80477701822916659
,12.801094335156222,-22.086393028235882,0.10000000000000001,0.80274251302083333
,12.901102882031239,-17.609322749314146,0.10000000000000001,0.80172526041666659
,13.001111428906199,-17.873271519820818,0.10000000000000001,0.79256998697916659
,13.101119935937447,-18.638657227799591,0.10000000000000001,0.78341471354166659
,13.201128524999945,-15.354479756095648,0.10000000000000001,0.77527669270833333
,13.301137073437474,-17.609322749314146,0.10000000000000001,0.76205240885416659
,13.401145622656202,-14.391347361438843,0.10000000000000001,0.75289713541666659
,13.501154171093731,-12.17419644551417,0.10000000000000001,0.74069010416666659
,13.601162680468747,-15.533689557548298,0.10000000000000001,0.72746582031249996
,13.701171269531244,-15.230474403620837,0.10000000000000001,0.71525878906249996
,13.801179817968716,-14.693711844005634,0.10000000000000001,0.70203450520833333
,13.901188367187444,-14.034401100084818,0.10000000000000001,0.68982747395833333
,14.001196916406229,-8.8788358391568192,0.10000000000000001,0.68067220052083333
,14.101205424218733,-9.770315204210787,0.10000000000000001,0.66643066406249996
,14.201214012499975,-9.7297362761412796,0.10000000000000001,0.65524088541666659
,14.301222560156248,-8.1648489371703921,0.10000000000000001,0.65524088541666659
,14.40123110859372,-8.4610164013967584,0.10000000000000001,0.63286132812499996
,14.501239656249993,-8.5148961762264754,0.10000000000000001,0.63896484374999996
,14.601248164062497,-7.1305363950743654,0.10000000000000001,0.61048177083333333
,14.701256752343738,-11.085318599062917,0.10000000000000001,0.59522298177083333
,14.801265299999955,-8.8383764677940171,0.10000000000000001,0.58505045572916659
,14.901273847656228,-6.3805168681488134,0.10000000000000001,0.57284342447916659
,15.001282395312444,-5.512271583449607,0.10000000000000001,0.56063639322916659
,15.101290903906204,-3.0545489285693392,0.10000000000000001,0.55046386718749996
,15.201299493749957,-3.7035927735041589,0.10000000000000001,0.53723958333333321
,15.301308042968742,-4.8726903117685403,0.10000000000000001,0.52299804687499996
,15.40131659218747,-1.3392176169002141,0.10000000000000001,0.51384277343749996
,15.501325141406198,-2.7635879120081803,0.10000000000000001,0.49960123697916659
,15.601333650781214,-2.1033367527377713,0.10000000000000001,0.48739420572916659
,15.701342239843711,-3.1471853535793919,0.10000000000000001,0.47315266927083327
,15.801350789062496,-4.1149240582002484,0.10000000000000001,0.45891113281249996
,15.901359338281225,0.30117992910601288,0.10000000000000001,0.45077311197916659
,16.001367887499953,1.4769031047962144,0.10000000000000001,0.43856608072916659
,16.101376396874969,1.39866005868695,0.10000000000000001,0.42635904947916659
,16.20138498515621,4.3323245352295494,0.10000000000000001,0.41720377604166659
,16.301393532812483,0.6935833884302447,0.10000000000000001,0.40296223958333327
,16.401402081249955,3.180322315467059,0.10000000000000001,0.39380696614583327
,16.501410628906228,5.3384732082547366,0.10000000000000001,0.38363444010416659
,16.601419137499988,2.6352018637088754,0.10000000000000001,0.36939290364583327
,16.70142772578123,2.4012867143545442,0.10000000000000001,0.35820312499999996
,16.801436273437446,3.6727076495082684,0.10000000000000001,0.34497884114583327
,16.901444821874975,3.9703540323669948,0.10000000000000001,0.33277180989583327
,17.001453370312447,7.5714384245631443,0.10000000000000001,0.32361653645833327
,17.101461878906207,7.6865086075283102,0.10000000000000001,0.31140950520833327
,17.201470467968704,6.9185829319608914,0.10000000000000001,0.29920247395833327
,17.301479016406233,8.2612340472245904,0.10000000000000001,0.29208170572916659
,17.401487565624961,8.9240686967445946,0.10000000000000001,0.29208170572916659
,17.501496114062491,9.0513787399442833,0.10000000000000001,0.2910644531249999
,17.60150462265625,10.435773236562142,0.10000000000000001,0.29208170572916659
,17.701513211718748,6.7263098516004582,0.10000000000000001,0.2880126953124999
,17.801521760937476,8.8349213679838208,0.10000000000000001,0.28902994791666659
,17.901530309374948,11.814207854393587,0.10000000000000001,0.29004720052083327
,18.001538860156245,11.612238837676564,0.10000000000000001,0.2880126953124999
,18.101547372656228,14.253082245176451,0.10000000000000001,0.29004720052083327
,18.201555965624948,15.091132486448309,0.10000000000000001,0.29004720052083327
,18.3015645179687,11.940374165990214,0.10000000000000001,0.28902994791666659
,18.401573071093708,16.909920686647411,0.10000000000000001,0.29208170572916659
,18.50158162343746,15.740078876505216,0.10000000000000001,0.29004720052083327
,18.601590135937499,15.303429889372239,0.10000000000000001,0.29004720052083327
,18.70159872890622,15.927035871841866,0.10000000000000001,0.29004720052083327
,18.801607281249971,13.437978966266911,0.10000000000000001,0.28699544270833327
,18.901615833593723,16.524582475936725,0.10000000000000001,0.28902994791666659
,19.001624385937475,19.988855801446554,0.10000000000000001,0.29004720052083327
,19.101632897656202,17.778383441054643,0.10000000000000001,0.2880126953124999
,19.201641489062467,20.812479261299927,0.10000000000000001,0.2910644531249999
,19.301650040624963,19.631731170295502,0.10000000000000001,0.28902994791666659
,19.401658592187459,19.767237276545494,0.10000000000000001,0.28902994791666659
,19.501667143749955,22.905449220914214,0.10000000000000001,0.29208170572916659
,19.601675655468739,21.940137608241791,0.10000000000000001,0.29004720052083327
,19.701684247656203,18.768124150172291,0.10000000000000001,0.2880126953124999
,19.801692799218699,22.258139878502284,0.10000000000000001,0.28902994791666659
,19.901701349999996,21.964609974411026,0.10000000000000001,0.2880126953124999
,20.001709896093701,24.840001287110113,0.10000000000000001,0.28902994791666659
,20.101718402343749,26.401538399464918,0.10000000000000001,0.29004720052083327
,20.201726988281223,25.131058294030218,0.10000000000000001,0.28902994791666659
,20.301735534374984,25.845524851273048,0.10000000000000001,0.29004720052083327
,20.401744080468745,28.148361320050704,0.10000000000000001,0.2910644531249999
,20.50175262656245,25.9664737545584,0.10000000000000001,0.28902994791666659
,20.601761132812499,28.028172530340946,0.10000000000000001,0.2910644531249999
,20.701769718749972,25.458202143085387,0.10000000000000001,0.2880126953124999
,20.801778264843733,25.797133379461634,0.10000000000000001,0.28699544270833327
,20.901786814843717,30.041881201793345,0.10000000000000001,0.29004720052083327
,21.001795367968725,30.053833036803404,0.10000000000000001,0.2880126953124999
,21.101803881249964,31.115929498411845,0.10000000000000001,0.29004720052083327
,21.201812474218741,32.637889186479605,0.10000000000000001,0.29004720052083327
,21.301821027343749,29.587410532093706,0.10000000000000001,0.2880126953124999
,21.4018295804687,32.981808928279165,0.10000000000000001,0.2910644531249999
,21.501838133593708,32.898824019386318,0.10000000000000001,0.29004720052083327
,21.601846646093747,31.842049280563636,0.10000000000000001,0.28902994791666659
,21.701855239843724,33.005515377413253,0.10000000000000001,0.28902994791666659
,21.801863792968732,31.830157619785702,0.10000000000000001,0.28699544270833327
,21.901872342968716,32.993662348596239,0.10000000000000001,0.28699544270833327
,22.001880892187444,37.048381953091997,0.10000000000000001,0.29004720052083327
,22.101889400781204,35.82728852830865,0.10000000000000001,0.2880126953124999
,22.201897989843701,36.860785287998461,0.10000000000000001,0.28902994791666659
,22.301906539062486,36.91941950671648,0.10000000000000001,0.28902994791666659
,22.401915087499958,36.684826579507032,0.10000000000000001,0.2880126953124999
,22.501923636718743,38.814157688986967,0.10000000000000001,0.29004720052083327
,22.601932145312446,39.466892316906161,0.10000000000000001,0.29004720052083327
,22.701940734375,36.121191846216846,0.10000000000000001,0.28699544270833327
,22.801949283593729,39.280512809122456,0.10000000000000001,0.2880126953124999
,22.901957837499992,39.560047349781236,0.10000000000000001,0.2880126953124999
,23.001966391406199,40.710936781458479,0.10000000000000001,0.2880126953124999
,23.101974904687495,43.002302804606401,0.10000000000000001,0.29004720052083327
,23.201983498437471,41.55733538029957,0.10000000000000001,0.2880126953124999
,23.301992052343735,41.626818678464197,0.10000000000000001,0.28902994791666659
,23.402000606249999,44.717659207303072,0.10000000000000001,0.29004720052083327
,23.502009160156206,42.505848295453681,0.10000000000000001,0.2880126953124999
,23.602017673437445,45.050643246798586,0.10000000000000001,0.29004720052083327
,23.702026267187478,43.175334098318757,0.10000000000000001,0.2880126953124999
,23.802034818749974,41.881482527802397,0.10000000000000001,0.28597819010416659
,23.902043365624991,46.196702340274811,0.10000000000000001,0.28902994791666659
,24.002051911718695,47.088326148131102,0.10000000000000001,0.28902994791666659
,24.102060417968744,46.665626141248069,0.10000000000000001,0.28902994791666659
,24.202069004687473,48.956555249406591,0.10000000000000001,0.2910644531249999
,24.30207755156249,46.128032719008431,0.10000000000000001,0.2880126953124999
,24.402086097656195,48.399273980188227,0.10000000000000001,0.29004720052083327
,24.502094644531212,49.683279719989102,0.10000000000000001,0.2910644531249999
,24.602103150781204,47.761435329624078,0.10000000000000001,0.28902994791666659
,24.70211173749999,48.228523588701933,0.10000000000000001,0.28902994791666659
,24.802120287499974,48.729186387947536,0.10000000000000001,0.2880126953124999
,24.902128838281214,48.524444939394456,0.10000000000000001,0.28699544270833327
,25.002137389062455,53.219014263336661,0.10000000000000001,0.29004720052083327
,25.102145899999982,51.776735723131509,0.10000000000000001,0.28902994791666659
,25.202154491406247,52.013701655985457,0.10000000000000001,0.29004720052083327
,25.302163042187487,53.590048767975446,0.10000000000000001,0.29004720052083327
,25.402171593749983,53.320237897645654,0.10000000000000001,0.28902994791666659
,25.502180144531224,54.331142197302043,0.10000000000000001,0.2910644531249999
,25.602188655468694,55.104543335478098,0.10000000000000001,0.2910644531249999
,25.702197246093704,51.426681369905893,0.10000000000000001,0.2880126953124999
,25.802205798437456,54.17404876397957,0.10000000000000001,0.28902994791666659
,25.902214350781207,55.272489071021482,0.10000000000000001,0.28902994791666659
,26.002222903124959,56.178264773418576,0.10000000000000001,0.28902994791666659
,26.102231415624999,58.540049804981592,0.10000000000000001,0.2910644531249999
,26.202240008593719,57.739358990232205,0.10000000000000001,0.29004720052083327
,26.302248560937471,57.16017523231649,0.10000000000000001,0.29004720052083327
,26.402257113281223,60.314221978832336,0.10000000000000001,0.29208170572916659
,26.502265665624975,58.228842439765444,0.10000000000000001,0.29004720052083327
,26.602274177343702,59.69406044500262,0.10000000000000001,0.2910644531249999
,26.702282770312479,59.195095080215879,0.10000000000000001,0.29004720052083327
,26.802291323437487,57.3941684617172,0.10000000000000001,0.2880126953124999
,26.902299876562495,61.342259308346655,0.10000000000000001,0.29004720052083327
,27.002308430468702,62.676364416670637,0.10000000000000001,0.29004720052083327
,27.102316943749997,61.783714097407014,0.10000000000000001,0.29004720052083327
,27.202325537499974,64.697778026679202,0.10000000000000001,0.29309895833333327
,27.302334090624981,61.894011432642415,0.10000000000000001,0.29004720052083327
,27.402342643749989,63.369461174660188,0.10000000000000001,0.2910644531249999
,27.502351197656196,65.464527841938889,0.10000000000000001,0.29208170572916659
,27.602359710937492,63.435416689762093,0.10000000000000001,0.2910644531249999
,27.702368303124956,63.556310988912486,0.10000000000000001,0.2910644531249999
,27.802376853124997,64.379761855860963,0.10000000000000001,0.29004720052083327
,27.902385403906237,64.061531635255704,0.10000000000000001,0.28902994791666659
,28.002393953906221,67.986185074393802,0.10000000000000001,0.29208170572916659
,28.102402464062493,67.343365417835514,0.10000000000000001,0.2910644531249999
,28.202411054687445,66.721533791051598,0.10000000000000001,0.29004720052083327
,28.302419605468742,68.367123017733704,0.10000000000000001,0.29208170572916659
,28.402428155468726,68.269195552961733,0.10000000000000001,0.2910644531249999
,28.502436706249966,68.225666019757725,0.10000000000000001,0.29208170572916659
,28.602445216406238,70.11569864629665,0.10000000000000001,0.29309895833333327
,28.702453803906224,66.557761802630296,0.10000000000000001,0.28902994791666659
,28.802462350781241,68.029735699679904,0.10000000000000001,0.29004720052083327
,28.902470898437457,70.484188226187541,0.10000000000000001,0.2910644531249999
,29.00247944609373,70.73330937102854,0.10000000000000001,0.29004720052083327
,29.102487953124978,72.948430421666615,0.10000000000000001,0.29208170572916659
,29.202496540624963,72.819024302237295,0.10000000000000001,0.29208170572916659
,29.302505087499981,70.917364305762831,0.10000000000000001,0.2910644531249999
,29.402513635156197,74.455834147121124,0.10000000000000001,0.29309895833333327
,29.50252218281247,72.98077697337871,0.10000000000000001,0.29208170572916659
,29.60253069140623,72.754309279532066,0.10000000000000001,0.29208170572916659
,29.702539282812495,73.314908404878679,0.10000000000000001,0.2910644531249999
,29.802547834374991,71.901479891860276,0.10000000000000001,0.28902994791666659
,29.902556385156231,74.928712220558637,0.10000000000000001,0.2910644531249999
,30.002564936718727,77.586386150812373,0.10000000000000001,0.29208170572916659
,30.102573447656198,75.594339043168276,0.10000000000000001,0.2910644531249999
,30.202582039062463,77.81084691940967,0.10000000000000001,0.2941162109374999
,30.302590589843703,76.751884772380748,0.10000000000000001,0.29208170572916659
,30.402599141406199,76.634097824520055,0.10000000000000001,0.29208170572916659
,30.502607692187496,79.283664042357145,0.10000000000000001,0.2941162109374999
,30.602616200781199,78.024535832021328,0.10000000000000001,0.29309895833333327
,30.702624788281241,76.066226284459589,0.10000000000000001,0.2910644531249999
,30.802633335937458,78.899817929118527,0.10000000000000001,0.29208170572916659
,30.902641882812475,78.88915186274231,0.10000000000000001,0.29208170572916659
,31.002650430468748,81.454005550640915,0.10000000000000001,0.2941162109374999
,31.102658937499996,82.822328402324558,0.10000000000000001,0.2941162109374999
,31.202667524999981,81.730043204383435,0.10000000000000001,0.2941162109374999
,31.302676071874998,82.186287091374012,0.10000000000000001,0.29513346354166659
,31.402684618749959,83.002418645736199,0.10000000000000001,0.29513346354166659
,31.502693166406232,81.209711415501019,0.10000000000000001,0.2941162109374999
,31.602701676562447,83.595281149260217,0.10000000000000001,0.29615071614583327
,31.7027102664062,81.241581580769704,0.10000000000000001,0.29309895833333327
,31.802718817187497,81.305316764965909,0.10000000000000001,0.29309895833333327
,31.902727367187481,85.201615744901446,0.10000000000000001,0.29513346354166659
,32.002735917187465,84.758173881944145,0.10000000000000001,0.2941162109374999
,32.102744427343737,85.855651356918003,0.10000000000000001,0.29615071614583327
,32.202753017968746,87.07753615121257,0.10000000000000001,0.29615071614583327
,32.30276156796873,83.976104695729049,0.10000000000000001,0.2941162109374999
,32.402770117968714,87.740182108812476,0.10000000000000001,0.2971679687499999
,32.50277866953121,87.971424690032336,0.10000000000000001,0.2971679687499999
,32.602787182812449,86.192955144371339,0.10000000000000001,0.29615071614583327
,32.702795775781226,86.709107995036206,0.10000000000000001,0.29513346354166659
,32.802804328906234,86.561677971146864,0.10000000000000001,0.2941162109374999
,32.902812882031242,87.508858185012897,0.10000000000000001,0.29513346354166659
,33.00282143515625,90.949421209567475,0.10000000000000001,0.2971679687499999
,33.102829947656232,89.011019817212556,0.10000000000000001,0.29513346354166659
,33.202838541406209,89.818482236718864,0.10000000000000001,0.29615071614583327
,33.302847094531216,89.98614625615393,0.10000000000000001,0.29615071614583327
,33.402855647656224,89.587876845164416,0.10000000000000001,0.29513346354166659
,33.502864197656208,91.399189208187025,0.10000000000000001,0.29615071614583327
,33.602872705468712,91.859118617036543,0.10000000000000001,0.29615071614583327
,33.702881293749954,89.430601003434603,0.10000000000000001,0.29309895833333327
,33.802889841406227,92.141199885189664,0.10000000000000001,0.29513346354166659
,33.9028983890625,92.715464581241889,0.10000000000000001,0.2941162109374999
,34.002906936718716,93.75841143311078,0.10000000000000001,0.29513346354166659
,34.10291544453122,95.923031872002667,0.10000000000000001,0.29818522135416659
,34.202924032812462,93.998078352117446,0.10000000000000001,0.29513346354166659
,34.302932580468735,93.67503066971824,0.10000000000000001,0.29615071614583327
,34.402941128906207,96.712410141867352,0.10000000000000001,0.29818522135416659
,34.50294967656248,94.747837641566235,0.10000000000000001,0.29615071614583327
,34.60295818515624,96.857734037855948,0.10000000000000001,0.29818522135416659
,34.702966772656225,95.288862137046365,0.10000000000000001,0.29615071614583327
,34.802975321093697,93.925144521497444,0.10000000000000001,0.2941162109374999
,34.902983869531226,98.599530556448059,0.10000000000000001,0.2971679687499999
,35.0029924171875,98.80663431259913,0.10000000000000001,0.2971679687499999
,35.103000925781203,97.998627946194858,0.10000000000000001,0.29615071614583327
,35.203009514062444,100.7921737768675,0.10000000000000001,0.29920247395833327
,35.303018061718717,98.071174619165404,0.10000000000000001,0.29615071614583327
,35.40302660937499,100.20321270734982,0.10000000000000001,0.29920247395833327
,35.503035157812462,101.58713729773325,0.10000000000000001,0.29920247395833327
,35.603043665624966,99.479357231997071,0.10000000000000001,0.29818522135416659
,35.703052253906208,99.33450987416731,0.10000000000000001,0.2971679687499999
,35.803060801562481,100.25489252627591,0.10000000000000001,0.2971679687499999
,35.903069349999953,100.1205183349593,0.10000000000000001,0.29615071614583327
,36.003077897656226,103.96767537335907,0.10000000000000001,0.29920247395833327
,36.103086406249986,103.52502854045606,0.10000000000000001,0.29818522135416659
,36.203094993749971,102.78336195504878,0.10000000000000001,0.29818522135416659
,36.3031035421875,104.35867167566427,0.10000000000000001,0.29920247395833327
,36.40311209296874,104.451251520977,0.10000000000000001,0.29920247395833327
,36.50312064374998,104.33809710423922,0.10000000000000001,0.3002197265624999
,36.603129154687451,105.94154143479595,0.10000000000000001,0.30123697916666659
,36.703137746093716,102.58754079077606,0.10000000000000001,0.2971679687499999
,36.803146296874957,104.43067903114205,0.10000000000000001,0.29818522135416659
,36.903154848437453,106.70119661169635,0.10000000000000001,0.29920247395833327
,37.003163399218749,106.18798222034555,0.10000000000000001,0.29818522135416659
,37.10317191015622,108.36215783038558,0.10000000000000001,0.30123697916666659
,37.203180501562485,108.15725152365648,0.10000000000000001,0.3002197265624999
,37.303189052343726,106.20851607449954,0.10000000000000001,0.29920247395833327
,37.403197604687477,109.9180982534575,0.10000000000000001,0.30225423177083327
,37.503206157031229,109.45770327526394,0.10000000000000001,0.30123697916666659
,37.603214669531212,109.1711319286329,0.10000000000000001,0.30123697916666659
,37.703223261718733,108.9971031738318,0.10000000000000001,0.3002197265624999
,37.803231814843741,107.48076172865096,0.10000000000000001,0.29818522135416659
,37.903240367187493,110.20446384903697,0.10000000000000001,0.3002197265624999
,38.003248919531245,112.35997362937569,0.10000000000000001,0.30123697916666659
,38.103257432031228,110.73607971158522,0.10000000000000001,0.3002197265624999
,38.203266024999948,113.47183806318053,0.10000000000000001,0.30225423177083327
,38.303274576562444,111.6351369868042,0.10000000000000001,0.3002197265624999
,38.403283128124997,112.33956218676398,0.10000000000000001,0.30123697916666659
,38.503291680468749,114.48076436504688,0.10000000000000001,0.3032714843749999
,38.603300192187476,112.48243444656127,0.10000000000000001,0.30123697916666659
,38.703308784374997,111.56364834779556,0.10000000000000001,0.3002197265624999
,38.803317335937493,113.50242448061159,0.10000000000000001,0.3002197265624999
,38.903325888281245,113.13533358435846,0.10000000000000001,0.3002197265624999
,39.003334439843741,115.63131693157969,0.10000000000000001,0.30225423177083327
,39.103342952343723,116.21127086881297,0.10000000000000001,0.30225423177083327
,39.203351543749989,115.53972019361139,0.10000000000000001,0.30123697916666659
,39.303360100781219,116.00780933475703,0.10000000000000001,0.30225423177083327
,39.403368660156218,117.05528242995082,0.10000000000000001,0.30225423177083327
,39.503377220312473,116.14006313351344,0.10000000000000001,0.30225423177083327
,39.603385739843702,118.49796546618823,0.10000000000000001,0.30428873697916659
,39.70339433906247,115.79413862732626,0.10000000000000001,0.3002197265624999
,39.803402899218725,116.23161518579504,0.10000000000000001,0.3002197265624999
,39.903411458593723,119.70576737717722,0.10000000000000001,0.3032714843749999
,40.003420017968722,119.49270376559402,0.10000000000000001,0.30123697916666659
,40.103428537499951,120.6590810908091,0.10000000000000001,0.3032714843749999
,40.203437137499975,121.59149360735488,0.10000000000000001,0.3032714843749999
,40.303445689062471,118.53858144373392,0.10000000000000001,0.30123697916666659
,40.403454240624967,121.19630517277797,0.10000000000000001,0.30428873697916659
,40.503462792187463,121.41924514710105,0.10000000000000001,0.3032714843749999
,40.603471303906247,120.51713912986399,0.10000000000000001,0.30225423177083327
,40.703479895312455,121.06455180237852,0.10000000000000001,0.30225423177083327
,40.803488447656207,120.21292981581173,0.10000000000000001,0.30123697916666659
,40.903496999218703,121.14563222047288,0.10000000000000001,0.30123697916666659
,41.003505550781199,124.65828976695538,0.10000000000000001,0.30428873697916659
,41.103514062499983,122.86753647657802,0.10000000000000001,0.30225423177083327
,41.203522654687447,124.25377622804116,0.10000000000000001,0.3032714843749999
,41.303531207812455,124.47627117872976,0.10000000000000001,0.3032714843749999
,41.403539760156207,124.40548065659893,0.10000000000000001,0.3032714843749999
,41.503548313281215,126.31576256332725,0.10000000000000001,0.30530598958333327
,41.603556826562453,126.04299758807871,0.10000000000000001,0.30428873697916659
,41.70356541953123,122.54356461956785,0.10000000000000001,0.30123697916666659
,41.803573972656238,125.17389923420576,0.10000000000000001,0.30225423177083327
,41.90358252499999,125.91165085742814,0.10000000000000001,0.30225423177083327
,42.003591078124998,127.47706389916642,0.10000000000000001,0.3032714843749999
,42.103599591406237,128.7788569495263,0.10000000000000001,0.30428873697916659
,42.203608183593701,127.30544097743935,0.10000000000000001,0.3032714843749999
,42.303616733593742,127.38620673836185,0.10000000000000001,0.3032714843749999
,42.403625283593726,129.68655563191629,0.10000000000000001,0.30530598958333327
,42.503633834374966,127.83035411897545,0.10000000000000001,0.3032714843749999
,42.603642344531238,129.39412118385184,0.10000000000000001,0.30428873697916659
,42.703650934374991,127.63857649557936,0.10000000000000001,0.30123697916666659
,42.803659485156231,127.20447867533001,0.10000000000000001,0.3002197265624999
,42.903668035156215,130.34185591593302,0.10000000000000001,0.3032714843749999
,43.003676585937455,130.45273182940804,0.10000000000000001,0.30123697916666659
,43.103685096093727,130.86594379911844,0.10000000000000001,0.30225423177083327
,43.203693682031201,132.77977966618835,0.10000000000000001,0.30428873697916659
,43.303702228124962,130.60391656196811,0.10000000000000001,0.30123697916666659
,43.403710774218723,132.97107188013916,0.10000000000000001,0.30428873697916659
,43.503719320312484,133.40393738078114,0.10000000000000001,0.30428873697916659
,43.603727826562476,131.41004911221626,0.10000000000000001,0.30225423177083327
,43.70373641249995,131.23877185980348,0.10000000000000001,0.30123697916666659
,43.803744958593711,131.86336381283564,0.10000000000000001,0.3002197265624999
,43.903753504687472,132.37700616072743,0.10000000000000001,0.3002197265624999
,44.003762050781233,135.47657781659672,0.10000000000000001,0.30225423177083327
,44.103770557031226,134.6416954104568,0.10000000000000001,0.30123697916666659
,44.2037791421875,134.98372890536319,0.10000000000000001,0.30225423177083327
,44.303787686718749,135.30560022718993,0.10000000000000001,0.30225423177083327
,44.403796232031198,135.00384706461745,0.10000000000000001,0.30123697916666659
,44.503804777343703,136.05982826317876,0.10000000000000001,0.30225423177083327
,44.60381328203124,136.37151272989428,0.10000000000000001,0.30225423177083327
,44.703821867187457,133.33347643098239,0.10000000000000001,0.29920247395833327
,44.803830411718707,135.24525246593436,0.10000000000000001,0.3002197265624999
,44.903838957031212,136.90430946686536,0.10000000000000001,0.3002197265624999
,45.003847502343717,137.10533807165029,0.10000000000000001,0.29920247395833327
,45.103856009374965,139.19520975900832,0.10000000000000001,0.30123697916666659
,45.203864599999974,137.94950256088549,0.10000000000000001,0.3002197265624999
,45.30387315156247,137.32645288591033,0.10000000000000001,0.3002197265624999
,45.40388170234371,140.20949295088548,0.10000000000000001,0.30225423177083327
,45.503890253124951,138.04998193587215,0.10000000000000001,0.29920247395833327
,45.603898764062478,139.56681571010802,0.10000000000000001,0.30123697916666659
,45.703907355468743,138.78337896671979,0.10000000000000001,0.29920247395833327
,45.803915906249983,137.40685398742175,0.10000000000000001,0.2971679687499999
,45.903924417187454,140.63118259913864,0.10000000000000001,0.29920247395833327
,46.003933007812464,141.50451973174364,0.10000000000000001,0.29920247395833327
,46.103941515624967,140.59102392900638,0.10000000000000001,0.29818522135416659
,46.203950103906209,143.48132063699535,0.10000000000000001,0.3002197265624999
,46.303958651562482,141.0427821506488,0.10000000000000001,0.29818522135416659
,46.403967159374986,141.95616284767624,0.10000000000000001,0.29920247395833327
,46.503975746874971,143.47128859270759,0.10000000000000001,0.29920247395833327
,46.603984254687475,141.50451973174364,0.10000000000000001,0.2971679687499999
,46.703992842968717,141.15320308420843,0.10000000000000001,0.2971679687499999
,46.80400139062499,142.37764732894692,0.10000000000000001,0.29615071614583327
,46.904009898437494,141.66511028580442,0.10000000000000001,0.29513346354166659
,47.004018486718735,145.06609271444393,0.10000000000000001,0.2971679687499999
,47.104026995312495,145.17640435272784,0.10000000000000001,0.29615071614583327
,47.204035583593736,144.71508388334246,0.10000000000000001,0.29615071614583327
,47.304044132031208,145.8883554223446,0.10000000000000001,0.2971679687499999
,47.404052640624968,145.85827505297721,0.10000000000000001,0.29615071614583327
,47.50406122890621,145.6978433770272,0.10000000000000001,0.29615071614583327
,47.60406973749997,146.62025707547735,0.10000000000000001,0.2971679687499999
,47.704078326562467,143.39103136888565,0.10000000000000001,0.29309895833333327
,47.804086874999996,144.89560601526557,0.10000000000000001,0.2941162109374999
,47.9040953828125,147.38213156774225,0.10000000000000001,0.29513346354166659
,48.004103971093741,146.92100943652736,0.10000000000000001,0.2941162109374999
,48.104112477343733,148.62497841890098,0.10000000000000001,0.29513346354166659
,48.204121064062463,148.74524096556394,0.10000000000000001,0.29513346354166659
,48.30412961093748,146.5901809255048,0.10000000000000001,0.2941162109374999
,48.404138117187472,149.93773174414332,0.10000000000000001,0.29615071614583327
,48.504146703906201,149.02584519104317,0.10000000000000001,0.2941162109374999
,48.60415521015625,148.62497841890098,0.10000000000000001,0.29513346354166659
,48.70416379687498,148.83543645100275,0.10000000000000001,0.2941162109374999
,48.804172343749997,147.20169692991794,0.10000000000000001,0.29208170572916659
,48.904180849999989,149.59704024209429,0.10000000000000001,0.29309895833333327
,49.004189436718718,152.18193785968271,0.10000000000000001,0.2941162109374999
,49.104197943749966,150.08803196112291,0.10000000000000001,0.29208170572916659
,49.204206531249952,152.5325472428645,0.10000000000000001,0.2941162109374999
,49.304215078124969,152.14186748270487,0.10000000000000001,0.29513346354166659
,49.404223585156217,152.13184986444247,0.10000000000000001,0.28394368489583327
,49.504232171874946,153.85475158213768,0.10000000000000001,0.29615071614583327
,49.604240678906194,152.5525817248174,0.10000000000000001,0.2941162109374999
,49.704249266406237,150.70924273221959,0.10000000000000001,0.31649576822916659
,49.804257813281197,152.41233958937005,0.10000000000000001,0.29309895833333327
,49.904266319531246,152.10179695176299,0.10000000000000001,0.29208170572916659
,50.004274904687463,154.47574273148956,0.10000000000000001,0.29309895833333327
,50.104283408593744,155.53738521648893,0.10000000000000001,0.2941162109374999
,50.204291993749962,154.30547343556907,0.10000000000000001,0.29309895833333327
,50.304300538281211,155.10672600440586,0.10000000000000001,0.2941162109374999
,50.404309042187492,156.13829141925999,0.10000000000000001,0.2941162109374999
,50.50431762734371,154.87636958590059,0.10000000000000001,0.29309895833333327
,50.604326131249991,156.81930287515416,0.10000000000000001,0.2941162109374999
,50.704334716406208,153.20368352628668,0.10000000000000001,0.29004720052083327
,50.804343260937458,153.33389970273549,0.10000000000000001,0.28902994791666659
,50.90435176718745,156.9595094551986,0.10000000000000001,0.2910644531249999
,51.004360356249947,156.6790957787818,0.10000000000000001,0.29004720052083327
,51.104368864843707,157.86082777125534,0.10000000000000001,0.2910644531249999
,51.204377453906204,159.09261633176624,0.10000000000000001,0.29208170572916659
,51.304386003124989,156.69912539708349,0.10000000000000001,0.29004720052083327
,51.404394511718749,160.25431035199574,0.10000000000000001,0.29309895833333327
,51.504403100781246,159.17273267508631,0.10000000000000001,0.2910644531249999
,51.604411609374949,157.78071111810851,0.10000000000000001,0.29004720052083327
,51.704420198437447,158.83223842604917,0.10000000000000001,0.2910644531249999
,51.804428746874976,157.48027288694237,0.10000000000000001,0.2880126953124999
,51.904437257031248,159.10263087258363,0.10000000000000001,0.28902994791666659
,52.0044458476562,162.55777432254462,0.10000000000000001,0.29208170572916659
,52.104454357812472,160.17419284115647,0.10000000000000001,0.28902994791666659
,52.204462948437481,162.13712602379621,0.10000000000000001,0.2910644531249999
,52.304471499218721,162.01694233701375,0.10000000000000001,0.2910644531249999
,52.404480009374993,161.03546430607446,0.10000000000000001,0.29004720052083327
,52.504488599999945,163.05855807985682,0.10000000000000001,0.29208170572916659
,52.604497110937473,162.54775878463755,0.10000000000000001,0.29004720052083327
,52.704505701562482,159.72353406522114,0.10000000000000001,0.2880126953124999
,52.804514252343722,162.56778986562347,0.10000000000000001,0.29004720052083327
,52.90452275937497,162.51771220181769,0.10000000000000001,0.2880126953124999
,53.004531346874955,163.77971263152182,0.10000000000000001,0.28902994791666659
,53.104539853906203,165.5126382129742,0.10000000000000001,0.2910644531249999
,53.204548441406246,163.78972890157695,0.10000000000000001,0.28902994791666659
,53.304556988281206,164.30056788871406,0.10000000000000001,0.29004720052083327
,53.404565495312454,166.6847633178441,0.10000000000000001,0.2910644531249999
,53.504574082812496,164.64113777295927,0.10000000000000001,0.29004720052083327
,53.604582589843744,166.12372980000225,0.10000000000000001,0.2910644531249999
,53.70459117734373,164.38070119362112,0.10000000000000001,0.2880126953124999
,53.804599724999946,163.30895530860397,0.10000000000000001,0.28699544270833327
,53.904608231249995,166.91519701543615,0.10000000000000001,0.29004720052083327
,54.004616817968724,166.93523498993,0.10000000000000001,0.28902994791666659
,54.104625324999972,167.34602292232989,0.10000000000000001,0.28902994791666659
,54.204633911718702,169.00941135267499,0.10000000000000001,0.2910644531249999
,54.304642458593719,166.58457645779271,0.10000000000000001,0.28902994791666659
,54.404650964843711,169.4303232504376,0.10000000000000001,0.2910644531249999
,54.504659551562497,169.76105633466835,0.10000000000000001,0.2910644531249999
,54.604668058593745,167.54641397337093,0.10000000000000001,0.28902994791666659
,54.704676645312475,167.71674991369025,0.10000000000000001,0.29004720052083327
,54.80468519062498,167.63659141405742,0.10000000000000001,0.2880126953124999
,54.904693694531204,167.93718959658941,0.10000000000000001,0.2880126953124999
,55.004702278906223,171.59540549885537,0.10000000000000001,0.2910644531249999
,55.104710783593703,169.8312137574739,0.10000000000000001,0.28902994791666659
,55.204719367968721,169.65081032186072,0.10000000000000001,0.28902994791666659
,55.304727911718714,170.92375524459266,0.10000000000000001,0.29004720052083327
,55.404736416406195,170.83353880064641,0.10000000000000001,0.28902994791666659
,55.504745000781213,171.50517976709244,0.10000000000000001,0.29004720052083327
,55.604753504687494,172.47768133769205,0.10000000000000001,0.29004720052083327
,55.704762089843712,168.90919763742806,0.10000000000000001,0.28597819010416659
,55.804770636718729,171.13426504712641,0.10000000000000001,0.2880126953124999
,55.904779143749977,172.46765476107407,0.10000000000000001,0.28699544270833327
,56.004787731249962,172.26712672912009,0.10000000000000001,0.28699544270833327
,56.10479623828121,174.73410653709897,0.10000000000000001,0.28902994791666659
,56.204804824999997,173.6910237904076,0.10000000000000001,0.2880126953124999
,56.304813371874957,172.9990866429219,0.10000000000000001,0.2880126953124999
,56.404821878906205,176.09845042781205,0.10000000000000001,0.2910644531249999
,56.504830466406247,174.26268853153692,0.10000000000000001,0.2880126953124999
,56.604838973437495,174.85447528383321,0.10000000000000001,0.29004720052083327
,56.704847562499992,174.15236262322406,0.10000000000000001,0.2880126953124999
,56.804856114843744,172.79854068845407,0.10000000000000001,0.28597819010416659
,56.904864626562471,176.04828419895676,0.10000000000000001,0.2880126953124999
,57.004873218749992,177.26245251599772,0.10000000000000001,0.2880126953124999
,57.104881730468719,175.81752607686713,0.10000000000000001,0.28699544270833327
,57.20489032265624,178.69778568931912,0.10000000000000001,0.29004720052083327
,57.304898874218736,177.01156605314577,0.10000000000000001,0.2880126953124999
,57.404907385937463,177.53342498973183,0.10000000000000001,0.28902994791666659
,57.504915978124984,179.41060529657631,0.10000000000000001,0.2910644531249999
,57.604924489843711,176.98146057339659,0.10000000000000001,0.2880126953124999
,57.704933082031232,176.12855040970504,0.10000000000000001,0.28699544270833327
,57.80494163515624,178.23602050619519,0.10000000000000001,0.2880126953124999
,57.904950147656223,177.24238110653403,0.10000000000000001,0.28597819010416659
,58.004958740625,181.06761999792417,0.10000000000000001,0.28902994791666659
,58.104967253124983,180.85669037912641,0.10000000000000001,0.28902994791666659
,58.204975846093703,179.16963912010959,0.10000000000000001,0.28699544270833327
,58.304984399218711,181.08770910452046,0.10000000000000001,0.28902994791666659
,58.40499291171875,181.28860566374846,0.10000000000000001,0.2880126953124999
,58.505001504687471,180.57546783186126,0.10000000000000001,0.2880126953124999
,58.605010016406197,182.68511769412737,0.10000000000000001,0.29004720052083327
,58.705018607031207,179.00900244772839,0.10000000000000001,0.28597819010416659
,58.805027157031247,180.29426447570683,0.10000000000000001,0.28699544270833327
,58.905035667187462,182.86599759966572,0.10000000000000001,0.2880126953124999
,59.005044257031216,182.28319273022117,0.10000000000000001,0.28597819010416659
,59.105052767187487,184.02182311071772,0.10000000000000001,0.28902994791666659
,59.205061357812497,184.47420035547651,0.10000000000000001,0.28902994791666659
,59.305069907812481,182.17267065852064,0.10000000000000001,0.28699544270833327
,59.405078417968696,185.68081561731333,0.10000000000000001,0.29004720052083327
,59.505087007812449,184.1726093420167,0.10000000000000001,0.2880126953124999
,59.605095517968721,183.01673738601897,0.10000000000000001,0.2880126953124999
,59.70510410859373,183.90119855357102,0.10000000000000001,0.2880126953124999
,59.805112660156226,182.644923316318,0.10000000000000001,0.2849609374999999
,59.905121171093697,184.72554522043549,0.10000000000000001,0.28699544270833327
,60.005129762499962,187.32046348305636,0.10000000000000001,0.28902994791666659
,60.10513827343749,185.37912370312347,0.10000000000000001,0.28699544270833327
,60.205146864062499,187.6323870217177,0.10000000000000001,0.28902994791666659
,60.305155415624995,186.91802379577621,0.10000000000000001,0.2880126953124999
,60.405163926562466,186.66652300456064,0.10000000000000001,0.2880126953124999
,60.505172517968731,188.45761479143908,0.10000000000000001,0.29004720052083327
,60.60518103124997,187.65251210976322,0.10000000000000001,0.2880126953124999
,60.705189627343714,185.35901181912374,0.10000000000000001,0.28597819010416659
,60.805198182031234,187.72295086476748,0.10000000000000001,0.28699544270833327
,60.90520669765624,187.47139063719078,0.10000000000000001,0.28597819010416659
,61.005215292968728,189.61529403403887,0.10000000000000001,0.2880126953124999
,61.105223808593735,190.78346078602567,0.10000000000000001,0.28902994791666659
,61.205232403906223,188.57839700383158,0.10000000000000001,0.28699544270833327
,61.305240959374999,189.91736519560044,0.10000000000000001,0.28902994791666659
,61.405249474218749,191.24681862607645,0.10000000000000001,0.28902994791666659
,61.505258069531237,189.14210596776536,0.10000000000000001,0.28699544270833327
,61.605266585156244,191.43822557411255,0.10000000000000001,0.29004720052083327
,61.705275180468732,188.80990860976908,0.10000000000000001,0.28597819010416659
,61.805283735156195,188.95083670403437,0.10000000000000001,0.28597819010416659
,61.905292250781201,192.54660365760947,0.10000000000000001,0.2880126953124999
,62.005300846093746,192.06289873241656,0.10000000000000001,0.28699544270833327
,62.105309360937497,192.3349733580859,0.10000000000000001,0.2880126953124999
,62.205317956249985,194.1292609678228,0.10000000000000001,0.28902994791666659
,62.305326511718704,191.33748361132518,0.10000000000000001,0.28699544270833327
,62.405335026562454,193.96793283292999,0.10000000000000001,0.28902994791666659
,62.505343621093743,194.63346796537576,0.10000000000000001,0.28902994791666659
,62.605352135937494,192.51636986043081,0.10000000000000001,0.2880126953124999
,62.705360730468726,193.24206399656532,0.10000000000000001,0.2880126953124999
,62.805369285156246,192.86911616461907,0.10000000000000001,0.28699544270833327
,62.905377799218741,193.4235147398943,0.10000000000000001,0.28699544270833327
,63.005386393749973,197.11543626929966,0.10000000000000001,0.28902994791666659
,63.105394908593723,195.21845622124187,0.10000000000000001,0.2880126953124999
,63.205403503124955,196.56033911212512,0.10000000000000001,0.29004720052083327
,63.305412057812475,197.63025964746237,0.10000000000000001,0.2910644531249999
,63.405420572656226,195.69258434902696,0.10000000000000001,0.28902994791666659
,63.505429163281235,196.18697071484701,0.10000000000000001,0.29004720052083327
,63.605437674218706,196.89338443665002,0.10000000000000001,0.29004720052083327
,63.705446264843715,193.5142442171379,0.10000000000000001,0.28597819010416659
,63.805454815624955,195.89436448544853,0.10000000000000001,0.2880126953124999
,63.905463325781227,197.23656276364903,0.10000000000000001,0.2880126953124999
,64.005471916406236,197.86246560250891,0.10000000000000001,0.2880126953124999
,64.105480427343707,199.85215190932229,0.10000000000000001,0.29004720052083327
,64.205489017968716,198.82178101278703,0.10000000000000001,0.2880126953124999
,64.305497568749956,198.37742555932653,0.10000000000000001,0.28902994791666659
,64.405506078906228,201.27712678109532,0.10000000000000001,0.29004720052083327
,64.505514670312493,198.59959442471472,0.10000000000000001,0.28902994791666659
,64.605523182812476,199.2965119776963,0.10000000000000001,0.29004720052083327
,64.705531774218741,198.83188082510685,0.10000000000000001,0.2880126953124999
,64.805540326562493,197.36778897112617,0.10000000000000001,0.28597819010416659
,64.90554883828122,201.11538987410995,0.10000000000000001,0.28902994791666659
,65.005557430468741,202.39944447278612,0.10000000000000001,0.28902994791666659
,65.105565942187468,200.99409354467241,0.10000000000000001,0.28902994791666659
,65.205574534374989,203.50200001648767,0.10000000000000001,0.2910644531249999
,65.305583086718741,200.86269532065552,0.10000000000000001,0.28902994791666659
,65.405591596874956,202.08595709270821,0.10000000000000001,0.29004720052083327
,65.505600183593742,203.91684178563924,0.10000000000000001,0.2910644531249999
,65.60560869062499,202.1870780347781,0.10000000000000001,0.28902994791666659
,65.705617278124976,200.96377031181947,0.10000000000000001,0.2880126953124999
,65.805625824999993,202.65228371691916,0.10000000000000001,0.28902994791666659
,65.905634332812497,202.39944447278612,0.10000000000000001,0.2880126953124999
,66.005642919531226,205.41486638967098,0.10000000000000001,0.29004720052083327
,66.105651426562474,205.34399445777012,0.10000000000000001,0.29004720052083327
,66.20566001406246,204.190066025916,0.10000000000000001,0.28902994791666659
,66.305668560937477,205.45536550628037,0.10000000000000001,0.29004720052083327
,66.405677071093749,205.59711739993747,0.10000000000000001,0.29004720052083327
,66.505685661718701,205.17188496727715,0.10000000000000001,0.28902994791666659
,66.605694172656229,207.08598286834405,0.10000000000000001,0.2910644531249999
,66.705702763281238,203.79541791382144,0.10000000000000001,0.2880126953124999
,66.805711314843734,205.23262819050683,0.10000000000000001,0.28902994791666659
,66.905719824999949,207.83580720183318,0.10000000000000001,0.29004720052083327
,67.005728416406214,207.0454580956378,0.10000000000000001,0.28902994791666659
,67.105736927343742,208.57571540268208,0.10000000000000001,0.2910644531249999
,67.205745517968694,208.67708951633381,0.10000000000000001,0.29004720052083327
,67.305754068749991,206.87323496947039,0.10000000000000001,0.28902994791666659
,67.405762579687462,210.37064025985774,0.10000000000000001,0.29208170572916659
,67.505771171093727,209.2854196565047,0.10000000000000001,0.2910644531249999
,67.605779682031198,208.64667685563381,0.10000000000000001,0.29004720052083327
,67.705788272656207,208.31216170530547,0.10000000000000001,0.29004720052083327
,67.805796823437447,207.29874846383444,0.10000000000000001,0.28699544270833327
,67.905805334374975,209.89389677401488,0.10000000000000001,0.29004720052083327
,68.005813924999984,212.49173184104916,0.10000000000000001,0.2910644531249999
,68.105822435937455,210.56339212895818,0.10000000000000001,0.29004720052083327
,68.20583102734372,212.27852588389374,0.10000000000000001,0.2910644531249999
,68.305839577343704,211.26351096868177,0.10000000000000001,0.2910644531249999
,68.405848084374952,211.17217996512227,0.10000000000000001,0.2910644531249999
,68.505856671874994,213.24317574423924,0.10000000000000001,0.29208170572916659
,68.605865179687498,212.78618935107454,0.10000000000000001,0.2910644531249999
,68.705873767187484,210.11704200424833,0.10000000000000001,0.28902994791666659
,68.8058823148437,212.4206611465965,0.10000000000000001,0.29004720052083327
,68.905890821874948,212.4308139778849,0.10000000000000001,0.28902994791666659
,69.00589940937499,214.34028947548319,0.10000000000000001,0.2910644531249999
,69.105907917187494,215.72253928617846,0.10000000000000001,0.29208170572916659
,69.20591650468748,214.8585415701217,0.10000000000000001,0.2910644531249999
,69.305925053906208,214.6146445658926,0.10000000000000001,0.2910644531249999
,69.405933564062479,216.68854637624713,0.10000000000000001,0.29208170572916659
,69.505942154687489,215.17361120618563,0.10000000000000001,0.2910644531249999
,69.60595066562496,216.4444662638283,0.10000000000000001,0.29208170572916659
,69.705959256249969,214.73659002922307,0.10000000000000001,0.28902994791666659
,69.805967806249953,214.6248064557966,0.10000000000000001,0.28902994791666659
,69.905976316406225,217.95001819998276,0.10000000000000001,0.2910644531249999
,70.005984907031234,217.83808689377349,0.10000000000000001,0.2910644531249999
,70.105993417968705,217.97036990276411,0.10000000000000001,0.2910644531249999
,70.206002008593714,219.82309289105427,0.10000000000000001,0.29208170572916659
,70.306010554687475,217.62441422410888,0.10000000000000001,0.2910644531249999
,70.406019060937467,219.70089150611705,0.10000000000000001,0.29208170572916659
,70.506027647656197,220.54624468466659,0.10000000000000001,0.29309895833333327
,70.606036153906246,218.67260855393562,0.10000000000000001,0.2910644531249999
,70.706044740624975,218.69296634082167,0.10000000000000001,0.29208170572916659
,70.806053286718736,219.56851366614353,0.10000000000000001,0.2910644531249999
,70.906061792968728,219.82309289105427,0.10000000000000001,0.2910644531249999
,71.006070379687458,223.11468271615587,0.10000000000000001,0.29309895833333327
,71.10607888593745,222.05435930812735,0.10000000000000001,0.29208170572916659
,71.206087472656236,221.88108177325824,0.10000000000000001,0.29208170572916659
,71.306096021093708,222.77818315570136,0.10000000000000001,0.29309895833333327
,71.406104528906212,223.28804941341718,0.10000000000000001,0.29309895833333327
,71.50611311796871,223.99184305778181,0.10000000000000001,0.2941162109374999
,71.606121625781213,224.58359773768188,0.10000000000000001,0.29513346354166659
,71.706130214062455,220.97412696686501,0.10000000000000001,0.29208170572916659
,71.806138762499984,223.32884340026408,0.10000000000000001,0.2941162109374999
,71.906147271093744,225.00199533057878,0.10000000000000001,0.2941162109374999
,72.006155859374985,225.30818624593195,0.10000000000000001,0.2941162109374999
,72.106164367968745,227.31981356896665,0.10000000000000001,0.29615071614583327
,72.206172954687474,226.27804928702801,0.10000000000000001,0.29513346354166659
,72.306181502343748,225.20611825573991,0.10000000000000001,0.29513346354166659
,72.406190009374995,228.57666183633893,0.10000000000000001,0.29818522135416659
,72.506198596093725,226.94186628274144,0.10000000000000001,0.29615071614583327
,72.606207103124973,227.38110794033247,0.10000000000000001,0.29818522135416659
,72.706215690624958,226.29847168062963,0.10000000000000001,0.29615071614583327
,72.806224237499976,225.22653150561104,0.10000000000000001,0.2941162109374999
,72.906232744531223,228.71975954268385,0.10000000000000001,0.2971679687499999
,73.006241332031209,229.98756933612447,0.10000000000000001,0.2971679687499999
,73.106249838281201,228.5971038426847,0.10000000000000001,0.29615071614583327
,73.206258425781243,231.409539711832,0.10000000000000001,0.29920247395833327
,73.306266974218715,229.65010289627276,0.10000000000000001,0.2971679687499999
,73.406275481249963,230.52966020290415,0.10000000000000001,0.29818522135416659
,73.506284069531205,232.51496070653451,0.10000000000000001,0.3002197265624999
,73.606292577343709,230.88771183037704,0.10000000000000001,0.29920247395833327
,73.706301164843694,229.78303855538246,0.10000000000000001,0.29818522135416659
,73.806309712499967,231.49140534139906,0.10000000000000001,0.29920247395833327
,73.906318220312471,231.25604916636036,0.10000000000000001,0.29818522135416659
,74.006326808593712,234.41992972123961,0.10000000000000001,0.30123697916666659
,74.106335317968728,234.41992972123961,0.10000000000000001,0.30123697916666659
,74.206343909374993,233.03714140386313,0.10000000000000001,0.3002197265624999
,74.306352461718745,234.29698318116681,0.10000000000000001,0.30225423177083327
,74.406360973437472,235.13724224977886,0.10000000000000001,0.30225423177083327
,74.506369565624993,234.48140533246129,0.10000000000000001,0.30225423177083327
,74.60637807734372,235.92653103183244,0.10000000000000001,0.3032714843749999
,74.706386669531241,232.02359983301363,0.10000000000000001,0.29920247395833327
,74.806395221874993,233.50822485804582,0.10000000000000001,0.3002197265624999
,74.90640373359372,236.24436901834594,0.10000000000000001,0.30123697916666659
,75.006412325781241,235.76250186762007,0.10000000000000001,0.3002197265624999
,75.106420835937456,237.92652425020702,0.10000000000000001,0.3032714843749999
,75.206429425781209,238.07017651476815,0.10000000000000001,0.30225423177083327
,75.306437974999994,235.68049143577423,0.10000000000000001,0.30123697916666659
,75.406446485156209,238.97332633740263,0.10000000000000001,0.30428873697916659
,75.506455074999963,238.02913215092582,0.10000000000000001,0.30225423177083327
,75.606463584374978,237.32122519282723,0.10000000000000001,0.30123697916666659
,75.706472174218732,237.39303250183201,0.10000000000000001,0.30123697916666659
,75.806480724218716,236.37766826896279,0.10000000000000001,0.3002197265624999
,75.906489233593732,238.62434269331646,0.10000000000000001,0.30123697916666659
,76.006497823437485,241.31484678755152,0.10000000000000001,0.3032714843749999
,76.106506331249989,239.81519649221656,0.10000000000000001,0.30123697916666659
,76.20651491953123,242.04445651135939,0.10000000000000001,0.3032714843749999
,76.306523467968702,241.38677063014171,0.10000000000000001,0.3032714843749999
,76.406531976562462,240.67789801716754,0.10000000000000001,0.30225423177083327
,76.506540564843704,242.06501199452765,0.10000000000000001,0.30428873697916659
,76.606549072656207,241.32512149471415,0.10000000000000001,0.3032714843749999
,76.706557660937449,238.92200210480331,0.10000000000000001,0.3002197265624999
,76.806566209374978,241.22237633589299,0.10000000000000001,0.30123697916666659
,76.906574717187482,242.03417883334174,0.10000000000000001,0.30123697916666659
,77.006583305468723,243.33978239993462,0.10000000000000001,0.30225423177083327
,77.106591816406194,244.95473530718266,0.10000000000000001,0.3032714843749999
,77.206600407812459,243.90541241948381,0.10000000000000001,0.30225423177083327
,77.306608958593699,243.68942956970932,0.10000000000000001,0.30225423177083327
,77.406617469531227,245.13995516596793,0.10000000000000001,0.3032714843749999
,77.506626060156236,243.33978239993462,0.10000000000000001,0.30123697916666659
,77.606634571093707,245.20169812792363,0.10000000000000001,0.3032714843749999
,77.706643161718716,243.5454513106352,0.10000000000000001,0.3002197265624999
,77.806651713281212,242.74343794100963,0.10000000000000001,0.29920247395833327
,77.90666022421874,246.35450892332875,0.10000000000000001,0.30123697916666659
,78.006668813281237,246.8487303157379,0.10000000000000001,0.30123697916666659
,78.106677320312485,246.68397923821135,0.10000000000000001,0.30123697916666659
,78.206685907812471,248.13621225608068,0.10000000000000001,0.30225423177083327
,78.306694455468744,245.99419945160741,0.10000000000000001,0.30123697916666659
,78.406702962499992,248.1053051480485,0.10000000000000001,0.30225423177083327
,78.506711549999977,248.90901001189343,0.10000000000000001,0.3032714843749999
,78.606720057031225,246.36480422749702,0.10000000000000001,0.30123697916666659
,78.706728644531211,246.68397923821135,0.10000000000000001,0.30123697916666659
,78.806737191406228,247.50784053457517,0.10000000000000001,0.3002197265624999
,78.906745699218732,247.38424447778539,0.10000000000000001,0.3002197265624999
,79.006754289843741,251.05343650465005,0.10000000000000001,0.30225423177083327
,79.106762800781212,250.55841299797254,0.10000000000000001,0.30123697916666659
,79.206771392968733,249.75419888003756,0.10000000000000001,0.30123697916666659
,79.306779944531229,250.82653917149878,0.10000000000000001,0.30225423177083327
,79.406788456249956,250.41404869894421,0.10000000000000001,0.30123697916666659
,79.506797047656221,250.8162261208829,0.10000000000000001,0.30225423177083327
,79.606805559374948,252.1263059518721,0.10000000000000001,0.3032714843749999
,79.706814150781213,248.20833028004716,0.10000000000000001,0.29920247395833327
,79.806822702343709,250.58934923754987,0.10000000000000001,0.30123697916666659
,79.906831213281237,252.43586817190209,0.10000000000000001,0.30123697916666659
,80.006839801562478,252.04376211116806,0.10000000000000001,0.3002197265624999
,80.106848310156238,253.96356663057048,0.10000000000000001,0.30225423177083327
,80.206856898437479,253.4989716909256,0.10000000000000001,0.30123697916666659
,80.306865446874951,252.09535171113663,0.10000000000000001,0.30123697916666659
,80.406873954687455,255.74008660263451,0.10000000000000001,0.3032714843749999
,80.506882542968697,253.7157726875983,0.10000000000000001,0.30123697916666659
,80.606891051562457,254.47987705917802,0.10000000000000001,0.30225423177083327
,80.706899639843698,253.8499915789713,0.10000000000000001,0.30123697916666659
,80.806908188281227,251.94058591726309,0.10000000000000001,0.29920247395833327
,80.906916696093731,255.48179950995114,0.10000000000000001,0.30123697916666659
,81.006925283593716,256.99053930977402,0.10000000000000001,0.30225423177083327
,81.106933790624964,254.98595673596191,0.10000000000000001,0.3002197265624999
,81.20694237812495,257.41437475386198,0.10000000000000001,0.3032714843749999
,81.306950925781223,255.6987590301955,0.10000000000000001,0.30123697916666659
,81.406959432812471,256.3704091929136,0.10000000000000001,0.30225423177083327
,81.506968020312456,257.94167477723875,0.10000000000000001,0.3032714843749999
,81.606976527343704,256.0913961143138,0.10000000000000001,0.30123697916666659
,81.706985114843746,255.1099089768137,0.10000000000000001,0.3002197265624999
,81.806993662499963,257.09390784201031,0.10000000000000001,0.30123697916666659
,81.907002169531211,256.42208138392135,0.10000000000000001,0.29920247395833327
,82.007010757031196,259.07932646670878,0.10000000000000001,0.30123697916666659
,82.107019263281245,259.74144388687949,0.10000000000000001,0.30123697916666659
,82.20702785078123,258.10712274924606,0.10000000000000001,0.3002197265624999
,82.307036397656248,259.83456652364561,0.10000000000000001,0.30225423177083327
,82.407044904687496,260.14499727555813,0.10000000000000001,0.30123697916666659
,82.507053491406225,259.07932646670878,0.10000000000000001,0.30123697916666659
,82.607061998437473,261.20071338754673,0.10000000000000001,0.30225423177083327
,82.707070585156202,258.04507861373554,0.10000000000000001,0.29818522135416659
,82.807079132812476,258.53112774959658,0.10000000000000001,0.29818522135416659
,82.907087645312458,261.85296627347088,0.10000000000000001,0.3002197265624999
,83.007096238281235,260.90051939060834,0.10000000000000001,0.29920247395833327
,83.107104750781218,262.19468094393829,0.10000000000000001,0.3002197265624999
,83.207113342968739,262.898946131267,0.10000000000000001,0.3002197265624999
,83.307121896093747,260.59000678382614,0.10000000000000001,0.29920247395833327
,83.40713040859373,264.02819268915266,0.10000000000000001,0.30123697916666659
,83.507139000781194,263.12683275904544,0.10000000000000001,0.3002197265624999
,83.607147513281234,261.95651194482036,0.10000000000000001,0.29920247395833327
,83.707156106249954,262.26717101665452,0.10000000000000001,0.29920247395833327
,83.807164657031194,261.25247412689782,0.10000000000000001,0.2971679687499999
,83.90717316640621,262.65036264815524,0.10000000000000001,0.29818522135416659
,84.007181756249963,265.88356862931744,0.10000000000000001,0.3002197265624999
,84.107190266406235,264.10072777829549,0.10000000000000001,0.29818522135416659
,84.207198856249988,265.1785987600465,0.10000000000000001,0.29920247395833327
,84.307207405468716,265.5414304630649,0.10000000000000001,0.29920247395833327
,84.407215915624988,264.81581058197446,0.10000000000000001,0.29818522135416659
,84.507224505468741,265.9872544459331,0.10000000000000001,0.3002197265624999
,84.6072330148437,266.07020563392592,0.10000000000000001,0.29920247395833327
,84.70724160546871,262.32930679493842,0.10000000000000001,0.29615071614583327
,84.807250153124983,265.7487823373076,0.10000000000000001,0.2971679687499999
,84.907258660156231,266.08057469072241,0.10000000000000001,0.29615071614583327
,85.007267247656216,266.87909733282555,0.10000000000000001,0.2971679687499999
,85.107275754687464,269.08906727441939,0.10000000000000001,0.29818522135416659
,85.20728434218745,267.23175759083625,0.10000000000000001,0.29615071614583327
,85.307292889843723,267.0657948173793,0.10000000000000001,0.2971679687499999
,85.407301396874971,269.59768322233975,0.10000000000000001,0.29818522135416659
,85.507309984374956,267.25250356220135,0.10000000000000001,0.29615071614583327
,85.60731849218746,269.21361877889768,0.10000000000000001,0.29818522135416659
,85.707327081249957,267.34586214927981,0.10000000000000001,0.29513346354166659
,85.807335634374965,266.55758924524832,0.10000000000000001,0.2941162109374999
,85.90734414843746,269.94026607881528,0.10000000000000001,0.29615071614583327
,86.007352741406237,270.0337041086222,0.10000000000000001,0.29513346354166659
,86.107361254687476,269.68073025122436,0.10000000000000001,0.29513346354166659
,86.207369848437452,272.57832517640452,0.10000000000000001,0.2971679687499999
,86.307378402343716,269.25513703018987,0.10000000000000001,0.29513346354166659
,86.407386915624954,270.87476799420386,0.10000000000000001,0.29615071614583327
,86.507395509374987,272.11079826168231,0.10000000000000001,0.2971679687499999
,86.607404022656226,269.67034925485564,0.10000000000000001,0.2941162109374999
,86.707412613281235,269.53539936460288,0.10000000000000001,0.2941162109374999
,86.807421161718707,270.02332197134513,0.10000000000000001,0.29309895833333327
,86.907429671093723,270.75015217344168,0.10000000000000001,0.29309895833333327
,87.007438260156221,274.16840373253211,0.10000000000000001,0.29513346354166659
,87.10744676874998,272.94200250255057,0.10000000000000001,0.29309895833333327
,87.207455358593734,272.10040952155987,0.10000000000000001,0.31547851562499996
,87.307463907031206,273.42003829816463,0.10000000000000001,0.29615071614583327
,87.407472416406222,272.59910567302404,0.10000000000000001,0.29309895833333327
,87.507481005468719,273.20179615329818,0.10000000000000001,0.2941162109374999
,87.607489514062479,273.93971905931016,0.10000000000000001,0.29309895833333327
,87.707498101562464,270.18944018232975,0.10000000000000001,0.28902994791666659
,87.80750664687497,272.77574510985033,0.10000000000000001,0.2910644531249999
,87.907515152343706,274.84415210804315,0.10000000000000001,0.2910644531249999
,88.007523738281236,274.59462956007604,0.10000000000000001,0.2910644531249999
,88.107532244531228,276.66412742678028,0.10000000000000001,0.29309895833333327
,88.207540829687446,275.4264413064713,0.10000000000000001,0.2910644531249999
,88.307549375781207,274.03327002898021,0.10000000000000001,0.2910644531249999
,88.40755788125,277.39237965915447,0.10000000000000001,0.29309895833333327
,88.507566467187473,275.39524477086957,0.10000000000000001,0.2910644531249999
,88.607574973437465,275.53043177199595,0.10000000000000001,0.2910644531249999
,88.707583563281219,275.07289693317438,0.10000000000000001,0.29004720052083327
,88.807592113281203,273.69026236767206,0.10000000000000001,0.2880126953124999
,88.907600622656219,276.83057201448634,0.10000000000000001,0.29004720052083327
,89.007609212499972,278.38095701851574,0.10000000000000001,0.2910644531249999
,89.107617722656244,276.44568071516852,0.10000000000000001,0.28902994791666659
,89.207626312499997,278.60992890627,0.10000000000000001,0.2910644531249999
,89.307634862499981,277.18429249966488,0.10000000000000001,0.29004720052083327
,89.407643371874997,277.86061962838329,0.10000000000000001,0.2910644531249999
,89.50765196171875,279.86952739485542,0.10000000000000001,0.29208170572916659
,89.607660468749998,277.96468116679097,0.10000000000000001,0.29004720052083327
,89.707669053906216,276.19604380120865,0.10000000000000001,0.28902994791666659
,89.807677598437465,278.21444098705024,0.10000000000000001,0.28902994791666659
,89.907686103124945,277.82940174775399,0.10000000000000001,0.2880126953124999
,90.007694687499963,280.83793555304874,0.10000000000000001,0.2910644531249999
,90.1077031921875,280.89000747925297,0.10000000000000001,0.29004720052083327
,90.207711777343718,279.7237669830576,0.10000000000000001,0.28902994791666659
,90.307720321874967,280.94208011224936,0.10000000000000001,0.2910644531249999
,90.407728826562447,281.82742236212846,0.10000000000000001,0.29004720052083327
,90.507737410937466,280.45262533132535,0.10000000000000001,0.29004720052083327
,90.607745923437449,283.00471704933273,0.10000000000000001,0.29208170572916659
,90.70775451562497,279.78623503900349,0.10000000000000001,0.28902994791666659
,90.807763068749978,280.32766821875839,0.10000000000000001,0.28902994791666659
,90.907771580468705,282.51500321261159,0.10000000000000001,0.29004720052083327
,91.007780173437482,281.73367068047753,0.10000000000000001,0.28902994791666659
,91.107788685937464,283.25480687535105,0.10000000000000001,0.2910644531249999
,91.207797278124985,283.72376721869739,0.10000000000000001,0.2910644531249999
,91.307805830468737,281.43159728591189,0.10000000000000001,0.28902994791666659
,91.40781434296872,284.7973687283378,0.10000000000000001,0.29208170572916659
,91.507822935156241,284.58888046394173,0.10000000000000001,0.2910644531249999
,91.607831442968745,283.07765830191477,0.10000000000000001,0.29004720052083327
,91.707840032031243,283.36943658870314,0.10000000000000001,0.29004720052083327
,91.807848580468715,282.26495990610601,0.10000000000000001,0.2880126953124999
,91.907857088281219,283.62997079365357,0.10000000000000001,0.28902994791666659
,92.007865677343716,286.87239099477449,0.10000000000000001,0.2910644531249999
,92.10787418515622,284.80779341723462,0.10000000000000001,0.28902994791666659
,92.207882774218717,286.41350495665381,0.10000000000000001,0.2910644531249999
,92.307891322656246,286.5282218846869,0.10000000000000001,0.2910644531249999
,92.407899831249949,285.2873573531121,0.10000000000000001,0.29004720052083327
,92.507908420312447,287.18529572527109,0.10000000000000001,0.29208170572916659
,92.607916931249974,286.44479108773066,0.10000000000000001,0.2910644531249999
,92.70792552265624,283.49449090798726,0.10000000000000001,0.2880126953124999
,92.80793407343748,285.95466798937736,0.10000000000000001,0.29004720052083327
,92.90794258437495,286.23622119397538,0.10000000000000001,0.28902994791666659
,93.007951175781216,287.97808775301729,0.10000000000000001,0.29004720052083327
,93.107959686718743,289.34494144509171,0.10000000000000001,0.2910644531249999
,93.207968278124952,287.48779162300019,0.10000000000000001,0.29004720052083327
,93.307976829687448,288.12414389250381,0.10000000000000001,0.2910644531249999
,93.407985340624975,289.75194660781705,0.10000000000000001,0.2910644531249999
,93.507993927343705,287.60253690080094,0.10000000000000001,0.29004720052083327
,93.608002433593697,289.01101543239758,0.10000000000000001,0.2910644531249999
,93.708011020312483,287.41477346009304,0.10000000000000001,0.2880126953124999
,93.808019566406244,287.22701805426999,0.10000000000000001,0.2880126953124999
,93.908028072656236,291.02537146241536,0.10000000000000001,0.29004720052083327
,94.00803665859371,290.76439576997683,0.10000000000000001,0.28902994791666659
,94.108045164843702,290.8896623193304,0.10000000000000001,0.29004720052083327
,94.208053751562488,292.41399929870994,0.10000000000000001,0.2910644531249999
,94.308062297656249,289.89805976246515,0.10000000000000001,0.28902994791666659
,94.408070804687497,292.28869339251514,0.10000000000000001,0.2910644531249999
,94.508079396093706,292.38267252484258,0.10000000000000001,0.2910644531249999
,94.608087907812489,289.91893344536533,0.10000000000000001,0.28902994791666659
,94.708096499218698,290.77483452310429,0.10000000000000001,0.28902994791666659
,94.808105050781251,290.55562553098974,0.10000000000000001,0.2880126953124999
,94.908113562499977,291.45340238251174,0.10000000000000001,0.2880126953124999
,95.008122153906243,294.76406008362289,0.10000000000000001,0.2910644531249999
,95.108130665624969,293.16590088291883,0.10000000000000001,0.28902994791666659
,95.208139257031235,294.22083958404494,0.10000000000000001,0.2910644531249999
,95.308147808593731,294.42976388709332,0.10000000000000001,0.2910644531249999
,95.408156320312457,293.74034557295374,0.10000000000000001,0.29004720052083327
,95.508164910937467,295.33868093429118,0.10000000000000001,0.29208170572916659
,95.608173421093738,295.17151212569786,0.10000000000000001,0.29208170572916659
,95.708182011718748,291.55780593161256,0.10000000000000001,0.28902994791666659
,95.808190562499988,294.17905572761794,0.10000000000000001,0.29004720052083327
,95.908199072656203,294.74316595015665,0.10000000000000001,0.29004720052083327
,96.008207663281212,295.10882516752037,0.10000000000000001,0.29004720052083327
,96.10821617421874,297.31374894878991,0.10000000000000001,0.29208170572916659
,96.208224764843749,295.94471125037143,0.10000000000000001,0.29004720052083327
,96.308233315624989,295.51630348761438,0.10000000000000001,0.2910644531249999
,96.40824182656246,298.28586139234926,0.10000000000000001,0.29309895833333327
,96.508250417968725,296.03875648165808,0.10000000000000001,0.29004720052083327
,96.608258928906196,297.14652034964627,0.10000000000000001,0.29208170572916659
,96.708267519531205,296.08055487969523,0.10000000000000001,0.29004720052083327
,96.808276070312445,294.78495429963812,0.10000000000000001,0.2880126953124999
,96.908284581249973,298.49493898033995,0.10000000000000001,0.2910644531249999
,97.008293172656238,298.92357104031981,0.10000000000000001,0.29004720052083327
,97.108301683593709,297.49143470387202,0.10000000000000001,0.28902994791666659
,97.208310274218718,300.78481030597277,0.10000000000000001,0.29208170572916659
,97.308318824999958,298.08724456109746,0.10000000000000001,0.29004720052083327
,97.408327334374974,299.52998069400718,0.10000000000000001,0.2910644531249999
,97.508335923437471,300.95213972768568,0.10000000000000001,0.29208170572916659
,97.608344432812487,298.64129768360249,0.10000000000000001,0.29004720052083327
,97.70835302265624,298.44266888989904,0.10000000000000001,0.29004720052083327
,97.808361571874968,299.19540235869346,0.10000000000000001,0.29004720052083327
,97.908370080468728,299.29995611570234,0.10000000000000001,0.28902994791666659
,98.008378670312482,302.23862776671569,0.10000000000000001,0.2910644531249999
,98.108387179687497,301.9771262450198,0.10000000000000001,0.2910644531249999
,98.208395768749995,300.77435236192036,0.10000000000000001,0.29004720052083327
,98.308404317968723,302.30138964109494,0.10000000000000001,0.29208170572916659
,98.408412827343739,302.14448604822718,0.10000000000000001,0.2910644531249999
,98.508421417187492,302.10264570653896,0.10000000000000001,0.2910644531249999
,98.608429925781195,303.36842933421326,0.10000000000000001,0.29208170572916659
,98.708438515624948,299.66590836715818,0.10000000000000001,0.2880126953124999
,98.808447064843733,301.14039051754969,0.10000000000000001,0.28902994791666659
,98.908455574218749,303.74507042781141,0.10000000000000001,0.29004720052083327
,99.008464163281246,303.47304985803663,0.10000000000000001,0.29004720052083327
,99.108472672656205,305.44019591697514,0.10000000000000001,0.29208170572916659
,99.208481262499959,305.0948614007101,0.10000000000000001,0.29208170572916659
,99.308489811718744,302.91857882331084,0.10000000000000001,0.2910644531249999
,99.408498321874958,306.37162923591569,0.10000000000000001,0.29309895833333327
,99.508506912499968,304.7286147099436,0.10000000000000001,0.2910644531249999
,99.608515422656239,304.9902176718461,0.10000000000000001,0.29208170572916659
,99.708524012499993,304.5402662474379,0.10000000000000001,0.2910644531249999
,99.808532563281233,303.04411558860386,0.10000000000000001,0.28902994791666659
,99.908541073437448,306.30883252768115,0.10000000000000001,0.29208170572916659
,100.00854966406246,308.18247347930435,0.10000000000000001,0.29208170572916659
,100.10855817421873,306.29836645752863,0.10000000000000001,0.2910644531249999
,100.20856676406248,308.62215826329953,0.10000000000000001,0.2941162109374999
,100.3085753117187,306.35069694515312,0.10000000000000001,0.29208170572916659
,100.4085838195312,306.99962312211375,0.10000000000000001,0.29208170572916659
,100.5085924078125,308.88388569269381,0.10000000000000001,0.2941162109374999
,100.60860091562495,306.99962312211375,0.10000000000000001,0.29208170572916659
,100.70860950390625,306.05765063806814,0.10000000000000001,0.2910644531249999
,100.80861805156246,307.91029870700004,0.10000000000000001,0.29208170572916659
,100.90862655937497,307.85795838534665,0.10000000000000001,0.2910644531249999
,101.00863514765621,310.19263417555595,0.10000000000000001,0.29309895833333327
,101.10864365546871,310.56958697907163,0.10000000000000001,0.29309895833333327
,101.20865224531246,308.7373173944834,0.10000000000000001,0.2910644531249999
,101.30866079765622,310.16122209734698,0.10000000000000001,0.29309895833333327
,101.408669309375,310.69524110812807,0.10000000000000001,0.29309895833333327
,101.50867790234372,309.86804762669038,0.10000000000000001,0.29309895833333327
,101.6086864148437,311.9937574621004,0.10000000000000001,0.2941162109374999
,101.70869500703122,308.65356515235987,0.10000000000000001,0.2910644531249999
,101.80870355937498,309.90992914628953,0.10000000000000001,0.2910644531249999
,101.90871207187496,312.89443374900685,0.10000000000000001,0.29309895833333327
,102.00872066406248,312.05659295623701,0.10000000000000001,0.29208170572916659
,102.10872917656246,313.22958741907547,0.10000000000000001,0.29309895833333327
,102.20873776874998,313.40764172123357,0.10000000000000001,0.29309895833333327
,102.30874632187499,311.57486357020662,0.10000000000000001,0.29208170572916659
,102.40875483437497,314.88454508660425,0.10000000000000001,0.29513346354166659
,102.50876342734369,314.55982100188618,0.10000000000000001,0.2941162109374999
,102.60877193984373,313.11437725221185,0.10000000000000001,0.29309895833333327
,102.70878053281245,313.03058875682871,0.10000000000000001,0.29208170572916659
,102.80878908515621,311.94139482925488,0.10000000000000001,0.2910644531249999
,102.90879759765625,313.4495372410322,0.10000000000000001,0.29208170572916659
,103.00880619062497,316.66542696708063,0.10000000000000001,0.2941162109374999
,103.10881470312495,314.67504474946122,0.10000000000000001,0.29208170572916659
,103.20882329374996,316.46637631104386,0.10000000000000001,0.29309895833333327
,103.3088318445312,316.78066801003445,0.10000000000000001,0.2941162109374999
,103.40884035546873,316.02637903670745,0.10000000000000001,0.29309895833333327
,103.50884894609374,317.84930662880754,0.10000000000000001,0.29513346354166659
,103.60885745624995,317.37783973843602,0.10000000000000001,0.2941162109374999
,103.70886604687496,314.30842732741797,0.10000000000000001,0.2910644531249999
,103.8088745976562,317.06353602147442,0.10000000000000001,0.29309895833333327
,103.90888310859373,316.92733967280918,0.10000000000000001,0.29208170572916659
,104.00889169921874,318.38365150039959,0.10000000000000001,0.29309895833333327
,104.10890020937495,320.38495918130906,0.10000000000000001,0.2941162109374999
,104.2089087992187,318.63511345337031,0.10000000000000001,0.29309895833333327
,104.30891734843749,318.86562325077625,0.10000000000000001,0.2941162109374999
,104.4089258585937,321.24421604456444,0.10000000000000001,0.29615071614583327
,104.50893444843746,319.15900340150728,0.10000000000000001,0.2941162109374999
,104.60894295781247,320.31160943620159,0.10000000000000001,0.29513346354166659
,104.70895154765623,318.46747176562747,0.10000000000000001,0.29309895833333327
,104.80896009687496,317.71310371666431,0.10000000000000001,0.29208170572916659
,104.90896860624997,321.64241822148091,0.10000000000000001,0.2941162109374999
,105.00897719609372,321.69481368498742,0.10000000000000001,0.2941162109374999
,105.10898570781245,321.26517390316133,0.10000000000000001,0.2941162109374999
,105.20899429999997,323.5182320558726,0.10000000000000001,0.29513346354166659
,105.30900285156247,321.33852654216116,0.10000000000000001,0.2941162109374999
,105.40901136328119,322.65890714341043,0.10000000000000001,0.29513346354166659
,105.50901995546872,324.47189519145815,0.10000000000000001,0.29615071614583327
,105.6090284671875,322.60650997915951,0.10000000000000001,0.29513346354166659
,105.70903705937496,321.78912576999193,0.10000000000000001,0.2941162109374999
,105.80904561093746,322.42836026269589,0.10000000000000001,0.2941162109374999
,105.90905412265624,322.32356678493454,0.10000000000000001,0.29309895833333327
,106.00906271406245,326.47359346039167,0.10000000000000001,0.29615071614583327
,106.10907122343747,325.32077576984318,0.10000000000000001,0.29513346354166659
,106.20907981328122,324.61861435162905,0.10000000000000001,0.29513346354166659
,106.30908836328121,326.24302872918133,0.10000000000000001,0.2971679687499999
,106.40909687265622,325.82382152268138,0.10000000000000001,0.29513346354166659
,106.50910546171872,326.47359346039167,0.10000000000000001,0.2971679687499999
,106.60911397109373,327.2910534078427,0.10000000000000001,0.2971679687499999
,106.70912256093749,323.37151660012591,0.10000000000000001,0.2941162109374999
,106.80913111015622,326.09630598745252,0.10000000000000001,0.29615071614583327
,106.90913962031249,327.33297452623071,0.10000000000000001,0.29615071614583327
,107.00914820859373,327.51113934390389,0.10000000000000001,0.29615071614583327
,107.10915671718749,329.56527235291929,0.10000000000000001,0.29818522135416659
,107.20916530546873,328.82117509171059,0.10000000000000001,0.2971679687499999
,107.3091738539062,327.30153368683068,0.10000000000000001,0.2971679687499999
,107.40918236171871,330.28840416971713,0.10000000000000001,0.29920247395833327
,107.5091909507812,328.73733292633352,0.10000000000000001,0.2971679687499999
,107.60919945859371,329.44998995874835,0.10000000000000001,0.29920247395833327
,107.70920804687495,329.02030008519085,0.10000000000000001,0.2971679687499999
,107.80921659531248,327.27009285112484,0.10000000000000001,0.29513346354166659
,107.90922510390624,330.71808796996407,0.10000000000000001,0.29818522135416659
,108.00923369218748,332.40534988908871,0.10000000000000001,0.29818522135416659
,108.10924219921873,330.44560587497318,0.10000000000000001,0.2971679687499999
,108.20925078671871,333.20179753001059,0.10000000000000001,0.3002197265624999
,108.30925933359373,331.58792610829175,0.10000000000000001,0.29920247395833327
,108.40926784062498,331.94424095594877,0.10000000000000001,0.29920247395833327
,108.50927642812496,334.08205921859633,0.10000000000000001,0.30123697916666659
,108.60928493515621,332.34247170862176,0.10000000000000001,0.29920247395833327
,108.7092935226562,330.56088689931124,0.10000000000000001,0.29818522135416659
,108.80930206953121,332.80357593735846,0.10000000000000001,0.29920247395833327
,108.90931057656246,332.61494307920134,0.10000000000000001,0.29818522135416659
,109.00931916328125,334.94133582706775,0.10000000000000001,0.3002197265624999
,109.1093276703125,335.80058261393668,0.10000000000000001,0.3002197265624999
,109.20933625703123,334.38595290654581,0.10000000000000001,0.3002197265624999
,109.30934480390624,335.33952729081545,0.10000000000000001,0.30123697916666659
,109.40935331015623,336.2511501039906,0.10000000000000001,0.30123697916666659
,109.50936189687496,334.89942055730961,0.10000000000000001,0.30123697916666659
,109.60937040390621,336.72266380056078,0.10000000000000001,0.30225423177083327
,109.709378990625,333.43234469371333,0.10000000000000001,0.29920247395833327
,109.80938753749996,334.75271656042048,0.10000000000000001,0.29920247395833327
,109.90939604374995,338.16856643195717,0.10000000000000001,0.30123697916666659
,110.00940462890622,337.80186295823262,0.10000000000000001,0.30123697916666659
,110.10941313437496,339.49910767514268,0.10000000000000001,0.3032714843749999
,110.20942171953124,340.33718439551706,0.10000000000000001,0.30428873697916659
,110.30943026484374,337.43515185281376,0.10000000000000001,0.3032714843749999
,110.40943877031248,340.42098937408525,0.10000000000000001,0.30530598958333327
,110.50944735546869,339.55148887117758,0.10000000000000001,0.30530598958333327
,110.60945586093749,338.09522636121892,0.10000000000000001,0.30428873697916659
,110.7094644460937,337.93806801147804,0.10000000000000001,0.30428873697916659
,110.80947299140621,337.26751002512304,0.10000000000000001,0.30225423177083327
,110.90948149921871,339.01719222753445,0.10000000000000001,0.3032714843749999
,111.00949008906247,342.34835833459817,0.10000000000000001,0.30428873697916659
,111.10949859843748,340.84000665516368,0.10000000000000001,0.3032714843749999
,111.20950718828124,342.43215032593105,0.10000000000000001,0.30530598958333327
,111.30951573828122,342.37978039939475,0.10000000000000001,0.30530598958333327
,111.40952424843749,341.90844095501421,0.10000000000000001,0.30428873697916659
,111.50953283828125,343.13388506970375,0.10000000000000001,0.3063232421874999
,111.6095413476562,342.02365892774208,0.10000000000000001,0.30530598958333327
,111.70954993749996,338.55621578073266,0.10000000000000001,0.30225423177083327
,111.80955848593749,341.60467941235038,0.10000000000000001,0.3032714843749999
,111.90956699453125,342.18077261776602,0.10000000000000001,0.30225423177083327
,112.00957558281249,344.19164253113291,0.10000000000000001,0.30428873697916659
,112.10958409062499,345.91943580630686,0.10000000000000001,0.30530598958333327
,112.20959267890623,344.44297581770849,0.10000000000000001,0.30428873697916659
,112.30960122656245,344.30683768721724,0.10000000000000001,0.30530598958333327
,112.40960973515621,346.09743398594145,0.10000000000000001,0.3063232421874999
,112.50961832343745,344.07644614348283,0.10000000000000001,0.30428873697916659
,112.60962683124995,346.03461147148357,0.10000000000000001,0.3063232421874999
,112.7096354195312,343.81463163640257,0.10000000000000001,0.30428873697916659
,112.80964396718747,343.08151825872955,0.10000000000000001,0.30225423177083327
,112.90965247343746,347.15488397944102,0.10000000000000001,0.30530598958333327
,113.00966106015625,347.68879787709295,0.10000000000000001,0.30428873697916659
,113.1096695671875,346.97690571860829,0.10000000000000001,0.30530598958333327
,113.20967815390622,349.8869208769288,0.10000000000000001,0.30734049479166659
,113.30968669999999,346.10790436538019,0.10000000000000001,0.30428873697916659
,113.40969520703123,348.00284999246287,0.10000000000000001,0.3063232421874999
,113.50970379374996,348.81933249796305,0.10000000000000001,0.3063232421874999
,113.60971229999996,346.25448848374509,0.10000000000000001,0.30428873697916659
,113.7097208875,346.47436045517856,0.10000000000000001,0.30428873697916659
,113.80972943515621,346.97690571860829,0.10000000000000001,0.3032714843749999
,113.90973794374997,347.32238977048524,0.10000000000000001,0.3032714843749999
,114.00974653203122,351.71823426111251,0.10000000000000001,0.3063232421874999
,114.10975504062498,350.16949438095247,0,0.30530598958333327
,114.20976362968747,342.84062788184929,0,0.30428873697916659
,114.30977217812494,345.23882487918979,0,0.30530598958333327
,114.4097806867187,346.8826805431753,0,0.3032714843749999
,114.50978927499995,349.2484777491407,0,0.30428873697916659
,114.60979778359371,350.73461115154288,0,0.30530598958333327
,114.70980637343746,346.29636924968321,0,0.30123697916666659
,114.80981492265624,348.19127588043079,0,0.30225423177083327
,114.9098234320312,349.76132946251221,0,0.30225423177083327
,115.0098320210937,348.57858290616127,0,0.30123697916666659
,115.10984053046872,349.84505728924643,0.10000000000000001,0.3032714843749999
,115.20984912031247,357.30343982154125,0.10000000000000001,0.3032714843749999
,115.3098576695312,350.91250981728916,0.10000000000000001,0.30123697916666659
,115.40986617890621,350.55670840979366,0.10000000000000001,0.3032714843749999
,115.50987476874997,347.12347630161133,0.10000000000000001,0.30123697916666659
,115.60988327812498,346.58952945642034,0.10000000000000001,0.30225423177083327
,115.70989186796874,345.06081133521008,0.10000000000000001,0.3002197265624999
,115.80990041796872,343.65753994133945,0.10000000000000001,0.29818522135416659
,115.90990892812499,347.34332777756742,0.10000000000000001,0.3002197265624999
,116.00991751796874,348.39016544562674,0.10000000000000001,0.3002197265624999
,116.10992602812496,346.99784451611805,0.10000000000000001,0.29920247395833327
,116.20993461796871,349.15427702242681,0.10000000000000001,0.30123697916666659
,116.3099431679687,346.95596687363451,0.10000000000000001,0.29920247395833327
,116.40995167812497,348.4634393939657,0.10000000000000001,0.3002197265624999
,116.50996026796872,349.80319348430868,0.10000000000000001,0.3002197265624999
,116.60996877812499,347.72020358931445,0.10000000000000001,0.29818522135416659
,116.70997736874995,346.83033280987138,0.10000000000000001,0.2971679687499999
,116.8099859203125,348.37969768781824,0.10000000000000001,0.2971679687499999
,116.90999443124997,348.54718028366648,0.10000000000000001,0.29615071614583327
,117.01000302265624,351.54035443573918,0.10000000000000001,0.29818522135416659
,117.11001153359371,351.059011518928,0,0.2971679687499999
,117.21002012499997,343.2700376610498,0,0.29615071614583327
,117.31002867656247,345.99272956914223,0,0.2971679687499999
,117.4100371875,348.92400409806936,0,0.29615071614583327
,117.5100457789062,350.44159271327146,0,0.29615071614583327
,117.61005429062499,351.21597451828535,0,0.29615071614583327
,117.71006288125,347.29098266932488,0,0.27377115885416659
,117.81007143281249,348.33782652957694,0,0.29818522135416659
,117.91007994374996,349.96018163140923,0,0.29309895833333327
,118.01008853437497,349.43687598446894,0,0.29208170572916659
,118.1100970453125,350.65089272013722,0.10000000000000001,0.2941162109374999
,118.21010563671871,358.34881869471985,0.10000000000000001,0.2941162109374999
,118.3101141882812,352.0739811530467,0.10000000000000001,0.29309895833333327
,118.41012269921873,350.98576101727355,0.10000000000000001,0.2941162109374999
,118.51013128984374,347.56317392347972,0.10000000000000001,0.29309895833333327
,118.61013980078121,346.53718008438602,0.10000000000000001,0.29309895833333327
,118.71014839296873,345.36447961842413,0.10000000000000001,0.2910644531249999
,118.81015694531249,344.34872652787681,0.10000000000000001,0.29004720052083327
,118.91016545781247,347.80395161303267,0.10000000000000001,0.2910644531249999
,119.01017404999999,349.68806690374566,0.10000000000000001,0.29208170572916659
,119.11018256171872,347.58411137155736,0.10000000000000001,0.29004720052083327
,119.21019115390624,349.07054214752253,0.10000000000000001,0.29208170572916659
,119.31019970624999,347.84582532839033,0.10000000000000001,0.2910644531249999
,119.41020821874997,348.1284677027034,0.10000000000000001,0.2910644531249999
,119.51021681093749,350.12763227011271,0.10000000000000001,0.29309895833333327
,119.61022532343748,347.98191353238684,0.10000000000000001,0.2910644531249999
,119.71023391718745,345.94037693763727,0.10000000000000001,0.28902994791666659
,119.81024247109372,348.56811537814701,0.10000000000000001,0.29004720052083327
,119.91025098515621,348.81933249796305,0.10000000000000001,0.28902994791666659
,120.01025957890624,351.27875881281437,0.10000000000000001,0.2910644531249999
,120.11026809296874,352.02166650736086,0.10000000000000001,0.29208170572916659
,120.21027668671871,350.02297603168364,0,0.29004720052083327
,120.31028524062498,344.45344790945097,0,0.2910644531249999
,120.41029375468747,346.7884544111908,0,0.2910644531249999
,120.51030234843745,347.55270518111041,0,0.29004720052083327
,120.61031085937498,351.28922281145515,0,0.29208170572916659
,120.7103194515625,348.80886526651886,0,0.28902994791666659
,120.81032800312499,348.51577754590909,0,0.2880126953124999
,120.91033651406246,351.91703610234333,0,0.2910644531249999
,121.01034510624999,351.02761853243555,0,0.28902994791666659
,121.11035361718746,350.90204530326508,0,0.2910644531249999
,121.21036220937498,351.46710857556121,0,0.2910644531249999
,121.31037076093747,347.63645477760258,0,0.28902994791666659
,121.41037927187494,349.92878424695914,0,0.29208170572916659
,121.5103878617187,349.48920806231814,0,0.29208170572916659
,121.61039636796875,346.3801302312786,0,0.28902994791666659
,121.71040495468748,345.84614149330338,0,0.28902994791666659
,121.81041350156249,345.61578438070183,0,0.2880126953124999
,121.91042200781249,345.8566121430481,0,0.2880126953124999
,122.01043059453121,348.92400409806936,0,0.2910644531249999
,122.11043910078121,347.29098266932488,0,0.29004720052083327
,122.21044768749999,346.62093894009962,0.10000000000000001,0.29004720052083327
,122.3104562335937,355.2958160494606,0.10000000000000001,0.29208170572916659
,122.41046473984375,349.43687598446894,0.10000000000000001,0.2910644531249999
,122.5104733304687,345.86708278160296,0.10000000000000001,0.29208170572916659
,122.61048184296874,345.14458280210283,0.10000000000000001,0.29208170572916659
,122.71049043593746,340.5781223504859,0.10000000000000001,0.2880126953124999
,122.81049898906247,342.27503986698133,0.10000000000000001,0.29004720052083327
,122.91050750156245,343.47950000834129,0.10000000000000001,0.29004720052083327
,123.01051609453123,343.36429619633748,0.10000000000000001,0.28902994791666659
,123.11052460703121,346.27542888960039,0.10000000000000001,0.29208170572916659
,123.21053319999999,345.30165244417157,0.10000000000000001,0.2910644531249999
,123.31054175312499,343.24909121394614,0.10000000000000001,0.29004720052083327
,123.41055026562498,346.74657582446963,0.10000000000000001,0.29309895833333327
,123.51055885468747,344.5267522618314,0.10000000000000001,0.2910644531249999
,123.61056736406249,345.28070996585757,0.10000000000000001,0.29208170572916659
,123.71057595312499,344.56864023491721,0.10000000000000001,0.29004720052083327
,123.81058450234372,342.76731243379822,0.10000000000000001,0.2880126953124999
,123.91059301171873,345.8775534089616,0.10000000000000001,0.2910644531249999
,124.01060160078123,348.21221183898484,0.10000000000000001,0.2910644531249999
,124.11061011015624,346.49530037790117,0.10000000000000001,0.29004720052083327
,124.2106187,348.52624513795809,0.10000000000000001,0.29208170572916659
,124.31062724921873,346.98737512329933,0.10000000000000001,0.2910644531249999
,124.41063575781249,347.33285878006632,0.10000000000000001,0.2910644531249999
,124.51064434453122,349.32174424068648,0.10000000000000001,0.29309895833333327
,124.61065285156246,347.38520364664618,0.10000000000000001,0.2910644531249999
,124.71066143828125,346.26495869239113,0.10000000000000001,0.29004720052083327
,124.81066998515621,348.02378640261213,0.10000000000000001,0.2910644531249999
,124.9106784914062,347.47942364294198,0.10000000000000001,0.29004720052083327
,125.01068707812499,350.14856335304864,0.10000000000000001,0.29208170572916659
,125.11069558515624,350.83925792108602,0.10000000000000001,0.29309895833333327
,125.21070417187497,349.27987775356064,0,0.29208170572916659
,125.31071271796873,343.46902698311027,0,0.29208170572916659
,125.4107212289062,345.5320168290973,0,0.29208170572916659
,125.51072982187497,347.13394553951713,0,0.2910644531249999
,125.61073833515621,351.12179710578999,0,0.29309895833333327
,125.71074692812499,347.72020358931445,0,0.29004720052083327
,125.81075548125,347.57364265363083,0,0.29004720052083327
,125.91076399374998,350.52531338747531,0,0.29208170572916659
,126.01077258749996,349.75086342322538,0,0.2910644531249999
,126.1107811,350.44159271327146,0,0.29309895833333327
,126.21078969296872,350.70321684537493,0,0.29309895833333327
,126.31079824609373,347.27004454159999,0,0.2910644531249999
,126.41080675781245,349.8869208769288,0,0.29309895833333327
,126.51081534921872,349.20661089146608,0,0.29208170572916659
,126.61082386015624,346.74657582446963,0,0.2910644531249999
,126.71083245156245,346.54764998202029,0,0.2910644531249999
,126.81084100312495,345.54248781159106,0,0.28902994791666659
,126.91084951484373,346.16025609231906,0,0.29004720052083327
,127.01085810625,349.13334338258761,0,0.29309895833333327
,127.11086661718747,346.39060030226591,0,0.2910644531249999
,127.21087520859373,346.09743398594145,0.10000000000000001,0.29208170572916659
,127.31088375859372,354.4382027796641,0.10000000000000001,0.29309895833333327
,127.41089226640622,348.06565907292998,0.10000000000000001,0.2910644531249999
,127.51090085390621,346.03461147148357,0.10000000000000001,0.29309895833333327
,127.61090936093746,344.56864023491721,0.10000000000000001,0.29309895833333327
,127.7109179484375,339.59339369627958,0.10000000000000001,0.28902994791666659
,127.81092649609371,341.87701768683183,0.10000000000000001,0.2910644531249999
,127.91093500390622,342.69399652972044,0.10000000000000001,0.29004720052083327
,128.0109435914062,343.52139201176982,0.10000000000000001,0.2910644531249999
,128.11095209843745,345.9089652237966,0.10000000000000001,0.29309895833333327
,128.21096068593749,344.71524682663198,0.10000000000000001,0.29208170572916659
,128.31096923515622,343.61564844738621,0.10000000000000001,0.29208170572916659
,128.41097774453124,345.99272956914223,0.10000000000000001,0.2941162109374999
,128.51098633437499,343.67848562922944,0.10000000000000001,0.29208170572916659
,128.61099484453121,345.05033985359864,0.10000000000000001,0.29309895833333327
,128.71100343437496,343.99266618377516,0.10000000000000001,0.2910644531249999
,128.811011984375,342.42167635879963,0.10000000000000001,0.28902994791666659
,128.91102049453121,346.27542888960039,0.10000000000000001,0.29208170572916659
,129.01102908437497,347.2281681416934,0.10000000000000001,0.29208170572916659
,129.11103759453124,346.36966014878493,0.10000000000000001,0.29208170572916659
,129.21104618437499,348.76699621117467,0.10000000000000001,0.2941162109374999
,129.31105473124995,345.8775534089616,0.10000000000000001,0.29208170572916659
,129.41106323906246,347.1025377899436,0.10000000000000001,0.29309895833333327
,129.5110718265625,349.10194282417353,0.10000000000000001,0.2941162109374999
,129.61108033437495,346.66281808852023,0.10000000000000001,0.29208170572916659
,129.71108892187499,345.59484255893824,0.10000000000000001,0.29208170572916659
,129.81109746953121,346.53718008438602,0.10000000000000001,0.2910644531249999
,129.91110597734371,346.40107036174061,0.10000000000000001,0.29004720052083327
,130.01111456484369,351.01715417504403,0.10000000000000001,0.29309895833333327
,130.1111230726562,350.31601003122375,0.10000000000000001,0.29309895833333327
,130.21113166015624,348.71465960093565,0.10000000000000001,0.29208170572916659
,130.3111402070312,350.20089081951477,0.10000000000000001,0.29309895833333327
,130.41114871406245,349.63573609993909,0.10000000000000001,0.29208170572916659
,130.51115730078124,349.64620228763408,0.10000000000000001,0.29309895833333327
,130.61116580781248,351.07994010512635,0.10000000000000001,0.29309895833333327
,130.71117439453121,347.19676071556199,0.10000000000000001,0.29004720052083327
,130.81118294140623,349.03914135280263,0.10000000000000001,0.2910644531249999
,130.91119144843748,351.52989078511058,0.10000000000000001,0.29208170572916659
,131.01120003515621,351.22643860337661,0.10000000000000001,0.2910644531249999
,131.1112085414062,353.41310721692429,0.10000000000000001,0.29309895833333327
,131.21121713124995,352.34601129297414,0.10000000000000001,0.29208170572916659
,131.31122568281245,350.84972252023209,0,0.29208170572916659
,131.41123419374998,348.03425458894856,0,0.2941162109374999
,131.51124278515624,347.19676071556199,0,0.29208170572916659
,131.61125129687497,349.86598911026931,0,0.29208170572916659
,131.71125988828123,351.65545362921017,0,0.29208170572916659
,131.81126843984373,350.61949807629122,0,0.28902994791666659
,131.9112769507812,353.03650340803148,0,0.2910644531249999
,132.01128554218747,354.82518835454783,0,0.29208170572916659
,132.11129405390625,352.44017320755495,0,0.2910644531249999
,132.21130264531246,353.25619141468559,0,0.29309895833333327
,132.31131119687495,351.88564669200542,0,0.29208170572916659
,132.41131970859374,351.48803603694682,0,0.29208170572916659
,132.51132829999995,353.03650340803148,0,0.2941162109374999
,132.61133681171873,351.17411803411244,0,0.29309895833333327
,132.71134540312499,348.9658723735775,0,0.29208170572916659
,132.81135395468749,349.99157889303979,0,0.29208170572916659
,132.91136246640622,348.99727344313743,0,0.2910644531249999
,133.01137105859374,351.63452663468706,0,0.29309895833333327
,133.11137956953121,350.9334388027055,0,0.29309895833333327
,133.21138815859371,348.70419224014233,0,0.2910644531249999
,133.31139670703124,349.72993130409003,0.10000000000000001,0.29309895833333327
,133.411405215625,357.49162138977289,0.10000000000000001,0.2941162109374999
,133.51141380390624,352.13675823645372,0.10000000000000001,0.2941162109374999
,133.6114223125,349.87645500039758,0.10000000000000001,0.29513346354166659
,133.71143090156249,343.47950000834129,0.10000000000000001,0.29004720052083327
,133.81143944999997,344.31730991277078,0.10000000000000001,0.29208170572916659
,133.91144795859373,347.33285878006632,0.10000000000000001,0.29309895833333327
,134.01145654687497,346.46389047646932,0.10000000000000001,0.29208170572916659
,134.11146505312496,348.25408360475996,0.10000000000000001,0.29513346354166659
,134.21147363906249,348.09706344423796,0.10000000000000001,0.2941162109374999
,134.311482184375,345.86708278160296,0.10000000000000001,0.29309895833333327
,134.41149068984373,349.57293869144331,0.10000000000000001,0.29615071614583327
,134.5114992757812,348.45297172528109,0.10000000000000001,0.29513346354166659
,134.61150778125,347.06066062335958,0.10000000000000001,0.2941162109374999
,134.71151636718747,347.75160919072431,0.10000000000000001,0.2941162109374999
,134.81152491249998,346.25448848374509,0.10000000000000001,0.29208170572916659
,134.91153341796871,348.72512694882209,0.10000000000000001,0.2941162109374999
,135.01154200390624,351.76008772216829,0.10000000000000001,0.29513346354166659
,135.11155051406246,349.43687598446894,0.10000000000000001,0.2941162109374999
,135.21155910546872,351.49849974582287,0.10000000000000001,0.29615071614583327
,135.31156765703122,350.77647002895117,0,0.29513346354166659
,135.41157616796875,343.84604970750866,0,0.2941162109374999
,135.51158475937495,347.33285878006632,0,0.29615071614583327
,135.61159327031248,348.54718028366648,0,0.2941162109374999
,135.71160186171875,348.15987184815737,0,0.29309895833333327
,135.81161041328124,350.89158077503862,0,0.2941162109374999
,135.91161892421871,350.10670113219413,0,0.29309895833333327
,136.01162751562498,352.20999748786926,0,0.29513346354166659
,136.11163602343748,352.99465729922986,0,0.29615071614583327
,136.21164461093747,350.70321684537493,0,0.2941162109374999
,136.311653159375,350.77647002895117,0,0.29615071614583327
,136.41166166718745,351.58220889242028,0,0.29615071614583327
,136.51167025546874,349.10194282417353,0,0.29513346354166659
,136.61167876328125,350.7555406184793,0,0.2971679687499999
,136.71168735156249,347.62598612089283,0,0.2941162109374999
,136.81169589921871,347.0083138970582,0,0.2941162109374999
,136.91170440703121,350.84972252023209,0,0.29615071614583327
,137.01171299531245,349.80319348430868,0,0.29513346354166659
,137.11172150390621,349.01820742414532,0,0.29615071614583327
,137.21173009218745,350.42066240528618,0,0.29818522135416659
,137.31173864062498,346.34871994930393,0,0.29513346354166659
,137.41174714843748,348.29595516842409,0.10000000000000001,0.29818522135416659
,137.51175573671873,356.42518309507881,0.10000000000000001,0.29818522135416659
,137.61176424531249,348.94493826191149,0.10000000000000001,0.29615071614583327
,137.71177283359373,345.64719703050088,0.10000000000000001,0.29615071614583327
,137.81178138125,343.82510433672786,0.10000000000000001,0.29513346354166659
,137.9117898898437,343.61564844738621,0.10000000000000001,0.29513346354166659
,138.01179848203122,347.32238977048524,0.10000000000000001,0.29818522135416659
,138.11180699453121,345.36447961842413,0.10000000000000001,0.29615071614583327
,138.21181558749998,345.28070996585757,0.10000000000000001,0.2971679687499999
,138.31182413984374,346.93502798124717,0.10000000000000001,0.29818522135416659
,138.41183265234372,345.64719703050088,0.10000000000000001,0.2971679687499999
,138.5118412453125,346.95596687363451,0.10000000000000001,0.29818522135416659
,138.61184975781248,347.70973503087799,0.10000000000000001,0.29818522135416659
,138.7118583507812,343.38524243127824,0.10000000000000001,0.2941162109374999
,138.81186690312495,346.57905960525352,0.10000000000000001,0.29615071614583327
,138.91187541640625,347.59458007725311,0.10000000000000001,0.29615071614583327
,139.01188401015622,348.02378640261213,0.10000000000000001,0.29615071614583327
,139.11189252421872,350.57763835468796,0.10000000000000001,0.29920247395833327
,139.21190111796875,348.9658723735775,0.10000000000000001,0.2971679687499999
,139.31190967187496,348.6309203537221,0.10000000000000001,0.2971679687499999
,139.4119181851562,351.19504630494811,0.10000000000000001,0.29920247395833327
,139.51192677968749,348.72512694882209,0.10000000000000001,0.2971679687499999
,139.61193529296872,350.15902887388268,0.10000000000000001,0.3002197265624999
,139.71194388749996,348.53671271721265,0.10000000000000001,0.2971679687499999
,139.81195244140622,347.05019130190692,0.10000000000000001,0.29615071614583327
,139.91196095234375,351.48803603694682,0.10000000000000001,0.29920247395833327
,140.0119695429687,352.31462371702912,0.10000000000000001,0.29818522135416659
,140.11197805312497,351.61359958163456,0.10000000000000001,0.29818522135416659
,140.21198664374998,353.9361343161367,0.10000000000000001,0.3002197265624999
,140.31199519374996,350.76600533077641,0.10000000000000001,0.29818522135416659
,140.41200370390624,352.51340940669184,0,0.3002197265624999
,140.51201229453125,348.31689087433944,0,0.30123697916666659
,140.61202080468746,349.11240969012397,0,0.30123697916666659
,140.71202939453121,350.71368162819113,0,0.30123697916666659
,140.81203794531245,352.64941752029284,0,0.3002197265624999
,140.91204645390621,352.15768381157977,0,0.3002197265624999
,141.0120550414062,354.85656457854253,0,0.30225423177083327
,141.1120635492187,352.87957922860306,0,0.3002197265624999
,141.21207213749994,351.1531897058274,0,0.3002197265624999
,141.31208068515622,352.2727734053808,0,0.30123697916666659
,141.41208919296872,351.89610984357222,0,0.3002197265624999
,141.51209778046871,351.68684401114484,0,0.30123697916666659
,141.61210628828121,352.37739873348659,0,0.30123697916666659
,141.71211487656245,348.36922991730279,0,0.29818522135416659
,141.81212342499998,350.09623554263186,0,0.29920247395833327
,141.91213193671871,351.91703610234333,0,0.29920247395833327
,142.01214052890623,351.40432584277846,0,0.29920247395833327
,142.1121490398437,353.08881069637118,0,0.30225423177083327
,142.21215763203122,351.31015076544082,0,0.30123697916666659
,142.31216618359372,349.49967443781031,0,0.30123697916666659
,142.41217469453125,351.73916102102766,0.10000000000000001,0.3032714843749999
,142.51218328671871,357.79479052834887,0.10000000000000001,0.3032714843749999
,142.61219179843749,352.76449929959375,0.10000000000000001,0.3032714843749999
,142.7122003898437,348.27501941188092,0.10000000000000001,0.30225423177083327
,142.8122089414062,344.96656761600542,0.10000000000000001,0.3002197265624999
,142.91221745234373,347.38520364664618,0.10000000000000001,0.30225423177083327
,143.01222604374999,348.90306988210108,0.10000000000000001,0.3032714843749999
,143.11223455468746,347.09206851619422,0.10000000000000001,0.30225423177083327
,143.21224314609373,349.19614414403264,0.10000000000000001,0.30428873697916659
,143.31225169687497,347.80395161303267,0.10000000000000001,0.3032714843749999
,143.41226020781249,348.18080788225899,0.10000000000000001,0.3032714843749999
,143.5122687992187,350.47298807075083,0.10000000000000001,0.30530598958333327
,143.61227731015623,348.52624513795809,0.10000000000000001,0.3032714843749999
,143.7122859015625,346.70469705011152,0.10000000000000001,0.30225423177083327
,143.81229445156248,348.88213561405638,0.10000000000000001,0.3032714843749999
,143.91230296171869,348.34829433817589,0.10000000000000001,0.30225423177083327
,144.01231155312496,351.60313603317508,0.10000000000000001,0.30530598958333327
,144.11232006328123,351.70777085912982,0.10000000000000001,0.30428873697916659
,144.21232865390624,349.97064739894097,0.10000000000000001,0.3032714843749999
,144.31233720468748,351.78101436448549,0.10000000000000001,0.30530598958333327
,144.41234571562495,351.67638056515477,0.10000000000000001,0.30428873697916659
,144.51235430624996,350.9334388027055,0,0.30428873697916659
,144.61236281718749,346.35919005479127,0,0.30530598958333327
,144.7123714078125,343.67848562922944,0,0.3002197265624999
,144.81237995546871,348.41110092309782,0,0.30225423177083327
,144.91238846328122,353.50725500744716,0,0.30428873697916659
,145.0123970507812,352.47156024078168,0,0.30225423177083327
,145.11240555781245,354.22901210085428,0,0.30530598958333327
,145.21241414531249,353.27711372459811,0,0.30428873697916659
,145.31242269296871,350.25321794125693,0,0.3032714843749999
,145.41243119999996,353.55955878551651,0,0.30530598958333327
,145.5124397875,351.87518352565939,0,0.30428873697916659
,145.61244829531245,351.69730744247187,0,0.30530598958333327
,145.71245688124998,350.27414869325798,0,0.30428873697916659
,145.81246542578123,347.54223642652914,0,0.30123697916666659
,145.91247393046871,349.62526989878967,0,0.30428873697916659
,146.01248251562498,351.5926724701016,0,0.30530598958333327
,146.11249102031246,348.85073411445535,0,0.3032714843749999
,146.21249960546874,350.24275254452351,0,0.30530598958333327
,146.31250814999999,348.88213561405638,0,0.30428873697916659
,146.41251665468747,347.92957216409621,0,0.30428873697916659
,146.51252523984374,349.62526989878967,0.10000000000000001,0.3063232421874999
,146.61253374453122,355.96509465980773,0.10000000000000001,0.30530598958333327
,146.71254233359372,348.01331820378147,0.10000000000000001,0.3032714843749999
,146.81255088281245,347.65739205422926,0.10000000000000001,0.30428873697916659
,146.91255939218746,345.3330660802248,0.10000000000000001,0.3032714843749999
,147.01256798124996,346.26495869239113,0.10000000000000001,0.30428873697916659
,147.11257649062497,347.70973503087799,0.10000000000000001,0.30530598958333327
,147.21258507968747,344.91420962117508,0.10000000000000001,0.3032714843749999
,147.3125936289062,346.23354803216802,0.10000000000000001,0.30530598958333327
,147.41260213828122,348.44250404384576,0.10000000000000001,0.3063232421874999
,147.51261072734371,345.55295878308522,0.10000000000000001,0.30428873697916659
,147.61261923593747,347.12347630161133,0.10000000000000001,0.30530598958333327
,147.71262782578123,345.08175426630464,0.10000000000000001,0.3032714843749999
,147.81263637578121,344.77807759426645,0.10000000000000001,0.30225423177083327
,147.91264488593748,349.16474382259668,0.10000000000000001,0.30530598958333327
,148.01265347578124,348.79839802211166,0.10000000000000001,0.3032714843749999
,148.11266198593745,348.62045288989879,0.10000000000000001,0.30428873697916659
,148.2126705757812,350.58810330612118,0.10000000000000001,0.30530598958333327
,148.31267912578124,347.14441476546244,0.10000000000000001,0.3032714843749999
,148.41268763593746,349.80319348430868,0.10000000000000001,0.30530598958333327
,148.51269622578121,350.78693471299744,0.10000000000000001,0.30530598958333327
,148.61270473671874,348.06565907292998,0.10000000000000001,0.3032714843749999
,148.71271333046872,348.31689087433944,0.10000000000000001,0.30428873697916659
,148.81272188359372,348.55764783731337,0.10000000000000001,0.30225423177083327
,148.91273039609371,349.01820742414532,0.10000000000000001,0.30225423177083327
,149.01273898984374,352.63895544888618,0.10000000000000001,0.30428873697916659
,149.11274750234372,351.06947581917763,0.10000000000000001,0.3032714843749999
,149.2127560953125,351.21597451828535,0.10000000000000001,0.30428873697916659
,149.31276464843745,351.99027754159488,0.10000000000000001,0.30530598958333327
,149.41277316171875,351.06947581917763,0.10000000000000001,0.3032714843749999
,149.51278175468747,352.15768381157977,0,0.30530598958333327
,149.61279026640625,346.2858990753665,0,0.30428873697916659
,149.7127988570312,343.2700376610498,0,0.3002197265624999
,149.81280740703124,349.09147594508568,0,0.30225423177083327
,149.91281591718746,352.53433389879774,0,0.30225423177083327
,150.01282450781247,352.47156024078168,0,0.30225423177083327
,150.11283301796874,355.07619397972434,0,0.30428873697916659
,150.21284160859375,352.89004094830153,0,0.3032714843749999
,150.31285015859373,350.6404278529015,0,0.30225423177083327
,150.41285866874995,353.66416515945707,0,0.30530598958333327
,150.51286725937496,350.6404278529015,0,0.30225423177083327
,150.61287576796872,350.43112756624129,0,0.3032714843749999
,150.71288435624996,349.62526989878967,0,0.30225423177083327
,150.81289290468749,347.35379676298226,0,0.3002197265624999
,150.91290141328125,350.11716670802315,0,0.30225423177083327
,151.01291000234374,351.70777085912982,0,0.3032714843749999
,151.11291851093745,349.36361051552302,0,0.30225423177083327
,151.21292709921875,350.90204530326508,0,0.30428873697916659
,151.31293564843747,348.85073411445535,0,0.30225423177083327
,151.41294415703123,347.97144528364197,0,0.30225423177083327
,151.51295274531248,349.40547657767229,0.10000000000000001,0.30428873697916659
,151.61296125390624,355.51543073241476,0.10000000000000001,0.3032714843749999
,151.71296984296873,348.90306988210108,0.10000000000000001,0.30123697916666659
,151.8129783914062,346.34871994930393,0.10000000000000001,0.30123697916666659
,151.91298689999996,344.44297581770849,0.10000000000000001,0.3002197265624999
,152.01299548906246,346.66281808852023,0.10000000000000001,0.30225423177083327
,152.11300399765622,346.69422732725104,0.10000000000000001,0.30225423177083327
,152.21301258593746,344.45344790945097,0.10000000000000001,0.30123697916666659
,152.31302113437499,346.39060030226591,0.10000000000000001,0.3032714843749999
,152.4130296429687,346.6837575926948,0.10000000000000001,0.30225423177083327
,152.51303823203125,345.71002203122379,0.10000000000000001,0.30225423177083327
,152.6130467398437,348.19127588043079,0.10000000000000001,0.30428873697916659
,152.71305532734374,343.75179522576542,0.10000000000000001,0.3002197265624999
,152.81306387499995,345.13411140632832,0.10000000000000001,0.3002197265624999
,152.91307238281246,348.98680643301765,0.10000000000000001,0.30123697916666659
,153.0130809710937,347.83535691811676,0.10000000000000001,0.30123697916666659
,153.1130894789062,349.45780885566148,0.10000000000000001,0.3032714843749999
,153.21309806640625,349.81365945588908,0.10000000000000001,0.30225423177083327
,153.31310661406246,347.09206851619422,0.10000000000000001,0.30123697916666659
,153.41311512109371,350.76600533077641,0.10000000000000001,0.30428873697916659
,153.5131237085937,349.27987775356064,0.10000000000000001,0.30225423177083327
,153.61313221562494,348.30642302771338,0.10000000000000001,0.30225423177083327
,153.71314080234373,348.91353699659788,0.10000000000000001,0.30123697916666659
,153.81314934921875,347.54223642652914,0.10000000000000001,0.29920247395833327
,153.91315785625,349.87645500039758,0.10000000000000001,0.30123697916666659
,154.01316644296872,352.96327255564125,0.10000000000000001,0.30225423177083327
,154.11317494999997,350.19042535377469,0.10000000000000001,0.3002197265624999
,154.21318353749996,351.71823426111251,0.10000000000000001,0.30225423177083327
,154.31319208437498,351.35200650005669,0.10000000000000001,0.30123697916666659
,154.41320058984371,351.01715417504403,0.10000000000000001,0.30123697916666659
,154.51320917499999,353.13065624843978,0.10000000000000001,0.3032714843749999
,154.61321767968747,352.31462371702912,0,0.30225423177083327
,154.71322626484374,342.68352279203981,0,0.29920247395833327
,154.81323480937499,346.77798478212355,0,0.3002197265624999
,154.91324331406247,350.13809781845663,0,0.3002197265624999
,155.01325189921874,352.86911749354607,0,0.3002197265624999
,155.11326040390622,355.17031862485379,0,0.30225423177083327
,155.2132689890625,352.78542306091214,0,0.3002197265624999
,155.31327753437495,352.39832361850648,0,0.30225423177083327
,155.41328603828123,353.89429360744077,0,0.3032714843749999
,155.51329462187499,350.69275204847338,0,0.3002197265624999
,155.61330312578121,352.17860932695299,0,0.30225423177083327
,155.71331171015623,349.26941109865555,0,0.3002197265624999
,155.81332025468748,347.5108300895763,0,0.29818522135416659
,155.91332875859371,351.91703610234333,0,0.30123697916666659
,156.01333734218747,351.32061472077345,0,0.3002197265624999
,156.11334584687495,350.62996297161743,0,0.30123697916666659
,156.21335443046871,351.84379393800651,0,0.30225423177083327
,156.31336297421871,348.27501941188092,0,0.3002197265624999
,156.4133714804687,349.8869208769288,0,0.30225423177083327
,156.51338006640623,350.41019723041234,0,0.30225423177083327
,156.61338857265622,347.23863725971142,0,0.30123697916666659
,156.71339715937495,346.69422732725104,0,0.30123697916666659
,156.81340570546871,346.7989240285055,0,0.3002197265624999
,156.9134142117187,346.36966014878493,0,0.29920247395833327
,157.01342279765623,349.40547657767229,0,0.30225423177083327
,157.11343130390622,347.61551745192713,0,0.30123697916666659
,157.2134398898437,346.47436045517856,0,0.30123697916666659
,157.31344843906248,347.02925262327756,0,0.3032714843749999
,157.41345695156247,345.02939685827903,0,0.30123697916666659
,157.51346554374999,345.25976744418006,0,0.30225423177083327
,157.61347405624997,346.02414101282881,0.10000000000000001,0.3032714843749999
,157.71348264843749,349.26941109865555,0.10000000000000001,0.3002197265624999
,157.81349120078124,346.30683941254415,0.10000000000000001,0.30123697916666659
,157.91349971249997,344.92468124140311,0.10000000000000001,0.30123697916666659
,158.01350830546875,342.33788429489209,0.10000000000000001,0.30123697916666659
,158.11351681718747,343.92983079142959,0.10000000000000001,0.3032714843749999
,158.21352540937499,342.77778609720554,0.10000000000000001,0.30225423177083327
,158.31353396171875,340.73525353655384,0.10000000000000001,0.30123697916666659
,158.41354247265622,343.87746768890941,0.10000000000000001,0.30428873697916659
,158.51355106328123,341.90844095501421,0.10000000000000001,0.30123697916666659
,158.6135595742187,342.05508182573453,0.10000000000000001,0.30225423177083327
,158.71356816562496,341.39518447402054,0.10000000000000001,0.30123697916666659
,158.8135767164062,339.94957992189507,0.10000000000000001,0.29920247395833327
,158.91358522734373,343.53186498822106,0.10000000000000001,0.30123697916666659
,159.01359381875,345.59484255893824,0.10000000000000001,0.30225423177083327
,159.11360232968747,343.78321347576389,0.10000000000000001,0.30123697916666659
,159.21361092109373,346.24401826366864,0.10000000000000001,0.3032714843749999
,159.31361946874995,344.45344790945097,0.10000000000000001,0.30123697916666659
,159.41362797734371,344.54769626916476,0.10000000000000001,0.30123697916666659
,159.51363656484375,346.8408023801129,0.10000000000000001,0.3032714843749999
,159.61364507343745,345.21788227093776,0.10000000000000001,0.30123697916666659
,159.7136536609375,343.40618862747715,0.10000000000000001,0.3002197265624999
,159.81366220937497,345.43777749271624,0.10000000000000001,0.30123697916666659
,159.91367071718747,345.20741095060441,0.10000000000000001,0.29920247395833327
,160.01367930546871,347.96097702243418,0.10000000000000001,0.30225423177083327
,160.11368781328122,347.97144528364197,0.10000000000000001,0.30123697916666659
,160.21369640234371,346.01367054288272,0.10000000000000001,0.3002197265624999
,160.3137049515625,347.57364265363083,0.10000000000000001,0.30225423177083327
,160.41371346171871,348.35876213408653,0.10000000000000001,0.30225423177083327
,160.51372205156247,346.80939363406139,0.10000000000000001,0.30123697916666659
,160.61373056093748,348.56811537814701,0.10000000000000001,0.30225423177083327
,160.71373915078124,345.63672615828915,0.10000000000000001,0.29920247395833327
,160.81374770078122,346.13931543561984,0.10000000000000001,0.29920247395833327
,160.91375621015624,350.00204461959453,0.10000000000000001,0.30123697916666659
,161.01376479999999,348.92400409806936,0.10000000000000001,0.3002197265624999
,161.11377330937495,350.04390738903766,0.10000000000000001,0.30123697916666659
,161.21378189843745,350.55670840979366,0.10000000000000001,0.30123697916666659
,161.31379044765623,347.52129888075581,0.10000000000000001,0.3002197265624999
,161.41379895703125,350.82879330777456,0.10000000000000001,0.30225423177083327
,161.513807546875,350.82879330777456,0.10000000000000001,0.30123697916666659
,161.6138160554687,349.12287654293073,0.10000000000000001,0.3002197265624999
,161.71382464531246,349.4787416734585,0.10000000000000001,0.3002197265624999
,161.81383319453124,348.68325747986023,0.10000000000000001,0.29818522135416659
,161.9138417039062,350.35787114747825,0.10000000000000001,0.29920247395833327
,162.0138502929687,353.96751467999496,0.10000000000000001,0.30225423177083327
,162.11385880312497,351.67638056515477,0.10000000000000001,0.3002197265624999
,162.21386739296872,352.2727734053808,0.10000000000000001,0.30123697916666659
,162.31387594296871,352.61803126042298,0.10000000000000001,0.30123697916666659
,162.41388445234372,351.62406311547392,0.10000000000000001,0.3002197265624999
,162.51389304218748,352.96327255564125,0.10000000000000001,0.30123697916666659
,162.61390155234375,352.82727039985429,0.10000000000000001,0.3002197265624999
,162.71391014218744,349.64620228763408,0,0.2971679687499999
,162.81391869218749,345.9089652237966,0,0.29920247395833327
,162.91392720156244,348.05519092411373,0,0.29818522135416659
,163.0139357914062,351.49849974582287,0,0.29818522135416659
,163.11394430078121,354.57417323635826,0,0.29920247395833327
,163.2139528882812,353.44448995499386,0,0.29818522135416659
,163.31396143515622,352.77496118790179,0,0.29920247395833327
,163.41396994218746,354.7310587932397,0,0.3002197265624999
,163.51397852890625,351.99027754159488,0,0.29818522135416659
,163.6139870359375,352.91096434159851,0,0.3002197265624999
,163.71399562343748,350.59856824353687,0,0.2971679687499999
,163.81400417031244,349.14381020908837,0,0.29615071614583327
,163.91401267734375,352.4820225549563,0,0.29818522135416659
,164.01402126406248,352.28323600581615,0,0.29818522135416659
,164.11402977343749,351.61359958163456,0,0.29818522135416659
,164.21403836406245,353.01558038450565,0,0.29920247395833327
,164.31404691484374,351.21597451828535,0,0.3002197265624999
,164.41405542578121,353.09927210762345,0,0.30225423177083327
,164.51406401718748,351.89610984357222,0,0.30225423177083327
,164.61407252812495,348.14940381224,0,0.3002197265624999
,164.71408111874996,346.41154040969633,0.10000000000000001,0.29920247395833327
,164.81408967031246,353.72692822518349,0.10000000000000001,0.29818522135416659
,164.91409818046873,349.56247240969765,0.10000000000000001,0.2971679687499999
,165.01410677109374,349.77179548827013,0.10000000000000001,0.29920247395833327
,165.11411527890624,346.66281808852023,0.10000000000000001,0.2971679687499999
,165.21412386640623,346.31730956394301,0.10000000000000001,0.29818522135416659
,165.3141324140625,346.47436045517856,0.10000000000000001,0.29920247395833327
,165.41414092187495,345.71002203122379,0.10000000000000001,0.29818522135416659
,165.51414950937499,346.65234831891456,0.10000000000000001,0.29920247395833327
,165.61415801718749,347.13394553951713,0.10000000000000001,0.29920247395833327
,165.71416660468748,343.52139201176982,0.10000000000000001,0.29615071614583327
,165.81417515234375,345.5320168290973,0.10000000000000001,0.2971679687499999
,165.9141836601562,346.94549743336438,0.10000000000000001,0.2971679687499999
,166.01419224765624,347.18629154951333,0.10000000000000001,0.2971679687499999
,166.11420075312498,349.71946522425384,0.10000000000000001,0.29920247395833327
,166.21420933906245,348.34829433817589,0.10000000000000001,0.2971679687499999
,166.31421788437495,347.52129888075581,0.10000000000000001,0.29818522135416659
,166.41422638984375,350.62996297161743,0.10000000000000001,0.29920247395833327
,166.51423497499997,348.13893576375324,0.10000000000000001,0.29818522135416659
,166.6142434804687,349.15427702242681,0.10000000000000001,0.29920247395833327
,166.71425206562498,347.95050874876978,0.10000000000000001,0.2971679687499999
,166.81426061171874,346.53718008438602,0.10000000000000001,0.29615071614583327
,166.91426911640622,350.43112756624129,0.10000000000000001,0.29818522135416659
,167.01427770156249,351.23690267407488,0.10000000000000001,0.29818522135416659
,167.11428620703123,350.20089081951477,0.10000000000000001,0.29818522135416659
,167.2142947929687,352.35647378820119,0.10000000000000001,0.29920247395833327
,167.31430333906246,349.64620228763408,0.10000000000000001,0.2971679687499999
,167.4143118445312,350.7555406184793,0.10000000000000001,0.29920247395833327
,167.51432043046873,352.83773219628466,0.10000000000000001,0.3002197265624999
,167.61432893593746,350.3055447175023,0.10000000000000001,0.2971679687499999
,167.714337521875,349.13334338258761,0,0.2971679687499999
,167.8143460671875,344.35919871237263,0,0.29615071614583327
,167.91435457343749,345.65766789164945,0,0.29615071614583327
,168.01436316406244,351.79147766356999,0,0.29818522135416659
,168.11437167578123,352.90050265263534,0,0.2971679687499999
,168.21438026640624,351.80194094793023,0,0.2971679687499999
,168.31438881796873,352.87957922860306,0,0.29818522135416659
,168.4143973289062,352.08444403754021,0,0.2971679687499999
,168.51440592031247,351.33107866165773,0,0.29818522135416659
,168.61441443125,352.46109791148587,0,0.29920247395833327
,168.71442302265621,348.02378640261213,0,0.29513346354166659
,168.81443157343745,349.34267740466578,0.10000000000000001,0.29615071614583327
,168.91444008593749,360.51215945701239,0.10000000000000001,0.29818522135416659
,169.01444868124997,355.05527720889359,0.10000000000000001,0.29615071614583327
,169.11445719609372,352.87957922860306,0.10000000000000001,0.29920247395833327
,169.21446579062496,351.1531897058274,0.10000000000000001,0.29818522135416659
,169.31447434609373,347.95050874876978,0.10000000000000001,0.29818522135416659
,169.41448286093748,350.81832868030381,0.10000000000000001,0.3002197265624999
,169.51449145624997,348.99727344313743,0.10000000000000001,0.29818522135416659
,169.61449997109372,348.48437469305776,0.10000000000000001,0.29818522135416659
,169.71450856562495,348.72512694882209,0.10000000000000001,0.2971679687499999
,169.81451712109373,347.20722986961238,0.10000000000000001,0.29513346354166659
,169.91452563437497,349.98111315281989,0.10000000000000001,0.2971679687499999
,170.01453422734374,353.17250155244045,0.10000000000000001,0.29818522135416659
,170.11454274062498,350.86018710520653,0.10000000000000001,0.2971679687499999
,170.21455133437496,351.97981452331715,0.10000000000000001,0.29818522135416659
,170.31455988749997,351.55081807179056,0.10000000000000001,0.29818522135416659
,170.41456840078121,351.26829479974975,0.10000000000000001,0.2971679687499999
,170.51457699453124,353.33988028000283,0.10000000000000001,0.29920247395833327
,170.61458550781248,352.12629542649859,0.10000000000000001,0.29818522135416659
,170.71459410156245,349.69853302407546,0.10000000000000001,0.29615071614583327
,170.81460265468746,352.60756914337861,0.10000000000000001,0.2971679687499999
,170.9146111679687,352.44017320755495,0.10000000000000001,0.29615071614583327
,171.01461976171873,354.11395447278977,0.10000000000000001,0.2971679687499999
,171.11462827578123,356.1324034093314,0.10000000000000001,0.29920247395833327
,171.2146368695312,353.42356814529006,0.10000000000000001,0.2971679687499999
,171.31464542343747,353.80015108063111,0.10000000000000001,0.29818522135416659
,171.41465393671871,355.6304640283501,0.10000000000000001,0.29920247395833327
,171.51466253046874,353.33988028000283,0.10000000000000001,0.2971679687499999
,171.61467104453124,355.75595255852687,0.10000000000000001,0.29920247395833327
,171.71467963828121,353.12019488366383,0.10000000000000001,0.29615071614583327
,171.81468819140622,352.25184815950001,0,0.29513346354166659
,171.91469670546871,350.25321794125693,0,0.29818522135416659
,172.01470529921875,351.19504630494811,0,0.29615071614583327
,172.11471381328124,354.21855239705769,0,0.29818522135416659
,172.21472240781247,357.72161316389952,0,0.29920247395833327
,172.31473096171874,354.45912149064191,0,0.29615071614583327
,172.41473947499998,357.11525245780325,0,0.29920247395833327
,172.51474806953121,356.89569325431916,0,0.29818522135416659
,172.61475658281245,353.90475380854861,0,0.2971679687499999
,172.71476517734374,353.85245264361129,0,0.2971679687499999
,172.81477372656246,352.91096434159851,0,0.29513346354166659
,172.91478223359371,353.77923034415608,0,0.29615071614583327
,173.0147908203125,356.21605613190042,0,0.29818522135416659
,173.11479932656249,354.12441433764189,0,0.2971679687499999
,173.21480791328122,353.87337315739364,0,0.2971679687499999
,173.31481646015624,353.73738868070069,0,0.29818522135416659
,173.41482496640623,352.40878603840167,0,0.2971679687499999
,173.51483355312496,353.39218531319523,0,0.29920247395833327
,173.61484206015621,352.60756914337861,0,0.29818522135416659
,173.71485064687499,348.54718028366648,0,0.29513346354166659
,173.81485919374995,351.19504630494811,0.10000000000000001,0.2971679687499999
,173.9148677007812,359.91653884211121,0.10000000000000001,0.2971679687499999
,174.01487628749999,355.881438638931,0.10000000000000001,0.2971679687499999
,174.11488479453124,353.44448995499386,0.10000000000000001,0.29920247395833327
,174.21489338124996,349.97064739894097,0.10000000000000001,0.2971679687499999
,174.31490192812498,349.31127763879164,0.10000000000000001,0.29920247395833327
,174.41491043515623,351.1531897058274,0.10000000000000001,0.3002197265624999
,174.51491902187496,348.6309203537221,0.10000000000000001,0.29818522135416659
,174.61492752890621,349.62526989878967,0.10000000000000001,0.29920247395833327
,174.71493611718745,348.17033987149915,0.10000000000000001,0.2971679687499999
,174.81494466796875,347.33285878006632,0.10000000000000001,0.29615071614583327
,174.91495317812496,351.28922281145515,0.10000000000000001,0.29818522135416659
,175.01496176874997,351.33107866165773,0.10000000000000001,0.29818522135416659
,175.11497027890624,351.54035443573918,0.10000000000000001,0.29818522135416659
,175.21497886953119,352.87957922860306,0.10000000000000001,0.29920247395833327
,175.31498741953123,350.38926683893317,0.10000000000000001,0.2971679687499999
,175.41499592968745,352.25184815950001,0.10000000000000001,0.29920247395833327
,175.51500452031246,353.39218531319523,0.10000000000000001,0.3002197265624999
,175.61501303046873,351.16365387714802,0.10000000000000001,0.29818522135416659
,175.71502162031248,351.01715417504403,0.10000000000000001,0.29818522135416659
,175.8150301679687,351.26829479974975,0,0.2971679687499999
,175.9150386757812,345.38542192277566,0,0.29615071614583327
,176.01504726328125,350.41019723041234,0,0.29920247395833327
,176.11505577109375,351.69730744247187,0,0.2971679687499999
,176.21506435859374,353.02604190399035,0,0.2971679687499999
,176.31507290703121,355.08665234020577,0,0.29920247395833327
,176.41508141406246,353.83153206614213,0,0.29818522135416659
,176.5150900023437,353.35034131791645,0,0.29920247395833327
,176.6150985101562,354.05119494636654,0,0.29920247395833327
,176.71510709765624,349.29034439522246,0,0.29513346354166659
,176.8151156445312,351.46710857556121,0,0.2971679687499999
,176.91512415156245,353.15157893147284,0,0.29818522135416659
,177.01513273906249,352.11583260162359,0,0.2971679687499999
,177.11514124609374,353.71646775381697,0,0.29920247395833327
,177.21514983281247,352.02166650736086,0,0.29818522135416659
,177.31515838046874,349.75086342322538,0,0.2971679687499999
,177.41516688749999,352.59710701113386,0,0.3002197265624999
,177.51517547499998,349.2170776256998,0,0.29818522135416659
,177.61518398203123,348.95540532426963,0,0.29920247395833327
,177.71519256874996,348.26455151463955,0,0.2971679687499999
,177.81520111484372,345.91943580630686,0,0.29513346354166659
,177.91520962187496,349.48920806231814,0.10000000000000001,0.29818522135416659
,178.01521820859369,358.78782307360439,0.10000000000000001,0.29920247395833327
,178.11522671484374,352.36693626837399,0.10000000000000001,0.29818522135416659
,178.21523530156247,351.04854720438368,0.10000000000000001,0.3002197265624999
,178.31524384843749,346.67328784644911,0.10000000000000001,0.29818522135416659
,178.41525235468748,346.54764998202029,0.10000000000000001,0.3002197265624999
,178.51526094140621,348.24361568224845,0.10000000000000001,0.30123697916666659
,178.61526944999997,345.45871964418376,0.10000000000000001,0.29818522135416659
,178.71527804062498,345.01892534458364,0.10000000000000001,0.29818522135416659
,178.81528659140622,346.76751514131007,0.10000000000000001,0.29818522135416659
,178.91529510156249,346.64187853763832,0.10000000000000001,0.29818522135416659
,179.01530369218744,349.69853302407546,0.10000000000000001,0.3002197265624999
,179.11531220312497,348.95540532426963,0.10000000000000001,0.29920247395833327
,179.21532079374998,347.82488849546178,0.10000000000000001,0.29818522135416659
,179.31532934453122,349.16474382259668,0.10000000000000001,0.3002197265624999
,179.41533785468749,348.89260275458514,0.10000000000000001,0.29920247395833327
,179.51534644531245,348.92400409806936,0.10000000000000001,0.3002197265624999
,179.61535495390621,350.61949807629122,0.10000000000000001,0.3002197265624999
,179.71536354140625,346.85127193857039,0.10000000000000001,0.2971679687499999
,179.81537208906246,348.32735870829606,0.10000000000000001,0.29818522135416659
,179.91538059609371,351.059011518928,0.10000000000000001,0.29920247395833327
,180.01538918437495,350.41019723041234,0.10000000000000001,0.29818522135416659
,180.1153976914062,352.55525833027252,0.10000000000000001,0.3002197265624999
,180.21540627890624,352.38786118353278,0.10000000000000001,0.3002197265624999
,180.31541482656246,349.75086342322538,0.10000000000000001,0.29920247395833327
,180.41542333437496,353.50725500744716,0.10000000000000001,0.30123697916666659
,180.51543192187495,351.96935149020504,0.10000000000000001,0.29920247395833327
,180.61544043515624,351.14272552015677,0.10000000000000001,0.3002197265624999
,180.71544902890622,351.19504630494811,0.10000000000000001,0.29920247395833327
,180.81545758203123,350.07530432233216,0.10000000000000001,0.2971679687499999
,180.91546609609372,353.57001949389684,0,0.3002197265624999
,181.0154746890625,348.87166846052105,0,0.29920247395833327
,181.11548320234374,347.98191353238684,0,0.29818522135416659
,181.21549179609372,352.77496118790179,0,0.3002197265624999
,181.31550034921872,353.9361343161367,0,0.29920247395833327
,181.41550886249996,353.6955467635604,0,0.29920247395833327
,181.51551745312497,355.41085323671615,0,0.30123697916666659
,181.61552596015622,353.03650340803148,0,0.29920247395833327
,181.7155345476562,350.26368332417047,0,0.2971679687499999
,181.81554309531248,352.45063556707493,0,0.29818522135416659
,181.91555160234373,351.83333071260438,0,0.2971679687499999
,182.01556018984371,353.78969072033635,0,0.3002197265624999
,182.11556869687496,353.83153206614213,0,0.3002197265624999
,182.21557728437494,350.65089272013722,0,0.29818522135416659
,182.31558583203122,351.62406311547392,0,0.3002197265624999
,182.41559433906247,351.5926724701016,0,0.29920247395833327
,182.51560293124999,349.85552320655017,0,0.29920247395833327
,182.61561144296871,351.74962437894783,0,0.30123697916666659
,182.71562003437498,346.91408904149671,0,0.2971679687499999
,182.81562858593747,347.4375482104403,0,0.2971679687499999
,182.9156370976562,350.94390327408541,0.10000000000000001,0.3002197265624999
,183.01564568984372,357.94114258528555,0.10000000000000001,0.29920247395833327
,183.11565420156245,354.27085075459365,0.10000000000000001,0.3002197265624999
,183.21566279374997,350.26368332417047,0.10000000000000001,0.3002197265624999
,183.31567134531247,345.92990637758919,0.10000000000000001,0.29920247395833327
,183.41567985624999,348.64138780468852,0.10000000000000001,0.30123697916666659
,183.51568844140621,347.19676071556199,0.10000000000000001,0.3002197265624999
,183.61569694609375,346.10790436538019,0.10000000000000001,0.29920247395833327
,183.71570553124997,346.69422732725104,0.10000000000000001,0.29920247395833327
,183.81571407656247,344.96656761600542,0.10000000000000001,0.2971679687499999
,183.91572258203121,347.35379676298226,0.10000000000000001,0.29920247395833327
,184.01573116718748,350.72414639691584,0.10000000000000001,0.3002197265624999
,184.11573967187496,348.05519092411373,0.10000000000000001,0.29818522135416659
,184.21574825703124,349.92878424695914,0.10000000000000001,0.3002197265624999
,184.31575680234374,349.42640952886489,0.10000000000000001,0.3002197265624999
,184.4157653117187,348.77746349443339,0.10000000000000001,0.29920247395833327
,184.51577390468748,351.22643860337661,0.10000000000000001,0.30123697916666659
,184.61578241718746,349.54153980597954,0.10000000000000001,0.29920247395833327
,184.71579101015624,347.08159923050954,0.10000000000000001,0.29818522135416659
,184.81579956328125,350.10670113219413,0.10000000000000001,0.29920247395833327
,184.91580807578123,349.60433745615234,0.10000000000000001,0.29818522135416659
,185.01581666874995,352.2727734053808,0.10000000000000001,0.3002197265624999
,185.11582518124999,352.95281094362269,0.10000000000000001,0.3002197265624999
,185.21583377421871,350.70321684537493,0.10000000000000001,0.29920247395833327
,185.31584232656246,351.91703610234333,0.10000000000000001,0.30123697916666659
,185.41585083671873,352.80634676101522,0.10000000000000001,0.30123697916666659
,185.51585942656249,351.27875881281437,0.10000000000000001,0.29920247395833327
,185.6158679367187,354.3022295752105,0.10000000000000001,0.30225423177083327
,185.71587652734371,350.41019723041234,0.10000000000000001,0.29818522135416659
,185.81588507734369,350.21135627146583,0.10000000000000001,0.29818522135416659
,185.91589358749997,354.71014093209806,0.10000000000000001,0.3002197265624999
,186.01590217734372,353.61186216977171,0,0.29920247395833327
,186.11591068749999,347.80395161303267,0,0.3002197265624999
,186.215919278125,350.90204530326508,0,0.30123697916666659
,186.31592782656247,350.47298807075083,0,0.29920247395833327
,186.41593633281246,355.56771884781062,0,0.30225423177083327
,186.51594491953125,355.3899375355968,0,0.3002197265624999
,186.61595342578124,353.04696489662297,0,0.29920247395833327
,186.71596201171872,353.07834926963892,0,0.29920247395833327
,186.81597055859373,351.78101436448549,0,0.2971679687499999
,186.91597906484373,353.19342411129401,0,0.29920247395833327
,187.0159876507812,356.27879494850197,0,0.30123697916666659
,187.11599615703125,353.20388536741291,0,0.29920247395833327
,187.21600474374998,353.90475380854861,0,0.3002197265624999
,187.31601329296871,353.6850862446824,0,0.30123697916666659
,187.41602180546874,351.84379393800651,0,0.3002197265624999
,187.51603039843747,353.15157893147284,0,0.30123697916666659
,187.61603891015625,352.24138551406679,0,0.3002197265624999
,187.71604750312497,348.43203634966591,0,0.29818522135416659
,187.81605605546872,350.77647002895117,0,0.29920247395833327
,187.9160645679687,351.00668980338241,0,0.29920247395833327
,188.01607316015622,351.45664482306398,0,0.3002197265624999
,188.11608167265621,352.19953478252444,0,0.30123697916666659
,188.21609026562498,349.31127763879164,0,0.29920247395833327
,188.31609881953125,349.30081102363488,0,0.3002197265624999
,188.41610733359374,350.69275204847338,0,0.30123697916666659
,188.51611592734372,348.00284999246287,0,0.3002197265624999
,188.61612444140621,348.89260275458514,0,0.30123697916666659
,188.71613303515625,346.41154040969633,0,0.29920247395833327
,188.81614158906245,344.7885493520352,0,0.29818522135416659
,188.91615010234375,348.37969768781824,0,0.30123697916666659
,189.01615869687498,347.44801708679574,0.10000000000000001,0.29920247395833327
,189.11616721015622,354.97160946154332,0.10000000000000001,0.30123697916666659
,189.21617580234374,351.29968679566599,0.10000000000000001,0.30123697916666659
,189.31618434687499,344.76760582596222,0.10000000000000001,0.3002197265624999
,189.41619285156247,344.81996456206491,0.10000000000000001,0.30123697916666659
,189.51620143593749,344.64194378686398,0.10000000000000001,0.30225423177083327
,189.61620994062497,342.20172095815838,0.10000000000000001,0.3002197265624999
,189.71621852578124,342.14935004009703,0.10000000000000001,0.29920247395833327
,189.81622707031249,342.46357217269463,0.10000000000000001,0.29920247395833327
,189.91623557499997,343.08151825872955,0.10000000000000001,0.29920247395833327
,190.01624415937499,346.74657582446963,0.10000000000000001,0.30123697916666659
,190.11625266406247,345.25976744418006,0.10000000000000001,0.3002197265624999
,190.21626125156246,345.65766789164945,0.10000000000000001,0.30123697916666659
,190.3162698015625,346.58952945642034,0.10000000000000001,0.30225423177083327
,190.41627831171871,345.20741095060441,0.10000000000000001,0.3002197265624999
,190.51628690234372,345.79378807695281,0.10000000000000001,0.30225423177083327
,190.61629541249999,346.7989240285055,0.10000000000000001,0.30225423177083327
,190.71630400312495,342.41120238257389,0.10000000000000001,0.29818522135416659
,190.81631255390624,345.07128280611425,0.10000000000000001,0.29920247395833327
,190.91632106406246,346.77798478212355,0.10000000000000001,0.29920247395833327
,191.01632965468747,347.20722986961238,0.10000000000000001,0.29920247395833327
,191.11633816484374,349.27987775356064,0.10000000000000001,0.30123697916666659
,191.21634675156247,348.34829433817589,0.10000000000000001,0.3002197265624999
,191.31635529843749,346.7989240285055,0.10000000000000001,0.29920247395833327
,191.41636380546873,349.94971585023086,0.10000000000000001,0.30123697916666659
,191.51637239218746,347.65739205422926,0.10000000000000001,0.29920247395833327
,191.61638089843746,347.80395161303267,0.10000000000000001,0.29920247395833327
,191.71638948515624,347.78301468115319,0.10000000000000001,0.29920247395833327
,191.8163980320312,346.44295048438647,0.10000000000000001,0.29615071614583327
,191.91640653906245,350.00204461959453,0.10000000000000001,0.29920247395833327
,192.01641512578124,351.34154258808752,0.10000000000000001,0.29920247395833327
,192.11642363203123,349.71946522425384,0,0.29920247395833327
,192.2164322179687,345.5320168290973,0,0.3002197265624999
,192.31644076406246,344.86185136088824,0,0.29920247395833327
,192.41644927031246,348.50530994107186,0,0.3002197265624999
,192.51645785703124,351.97981452331715,0,0.30123697916666659
,192.61646636249998,350.01251033247786,0,0.29818522135416659
,192.71647494921871,347.83535691811676,0,0.2971679687499999
,192.81648349531247,349.43687598446894,0,0.29818522135416659
,192.91649200156246,348.76699621117467,0,0.2971679687499999
,193.01650058749999,351.29968679566599,0,0.29920247395833327
,193.11650909531249,350.56717338924341,0,0.29920247395833327
,193.21651768281248,348.60998541322476,0,0.29818522135416659
,193.3165262304687,349.09147594508568,0,0.3002197265624999
,193.4165347382812,348.64138780468852,0,0.29920247395833327
,193.51654332578124,346.95596687363451,0,0.29818522135416659
,193.61655183359375,348.34829433817589,0,0.29920247395833327
,193.71656042187499,344.44297581770849,0,0.29615071614583327
,193.8165689695312,345.46919070349736,0,0.29615071614583327
,193.91657747656245,348.49484232345264,0,0.29818522135416659
,194.01658606484375,346.67328784644911,0,0.2971679687499999
,194.11659457578122,347.76207769987354,0.10000000000000001,0.29920247395833327
,194.21660316796874,355.68275121297978,0.10000000000000001,0.29920247395833327
,194.31661172031249,348.43203634966591,0.10000000000000001,0.29818522135416659
,194.41662023203122,347.259575459671,0.10000000000000001,0.30123697916666659
,194.51662882421874,344.58958415903766,0.10000000000000001,0.29920247395833327
,194.61663733593747,342.47404610338418,0.10000000000000001,0.29920247395833327
,194.71664592812499,342.06555610733625,0.10000000000000001,0.29818522135416659
,194.81665448046874,340.96570932520552,0.10000000000000001,0.29615071614583327
,194.91666299218747,343.78321347576389,0.10000000000000001,0.29818522135416659
,195.01667158281248,346.59999929595449,0.10000000000000001,0.3002197265624999
,195.11668008515625,344.12880828999965,0.10000000000000001,0.29818522135416659
,195.2166886679687,345.67860958073192,0.10000000000000001,0.3002197265624999
,195.31669721015624,345.59484255893824,0.10000000000000001,0.29920247395833327
,195.41670571249995,345.22835358046831,0.10000000000000001,0.29920247395833327
,195.51671429531245,346.95596687363451,0.10000000000000001,0.30123697916666659
,195.61672279765622,345.61578438070183,0.10000000000000001,0.3002197265624999
,195.71673138046873,342.52641561980482,0.10000000000000001,0.2971679687499999
,195.81673992265621,345.32259487907123,0.10000000000000001,0.29818522135416659
,195.91674842499998,345.61578438070183,0.10000000000000001,0.2971679687499999
,196.01675701093745,347.39567258365298,0.10000000000000001,0.29818522135416659
,196.1167655179687,348.88213561405638,0.10000000000000001,0.29920247395833327
,196.21677410546874,347.15488397944102,0.10000000000000001,0.29818522135416659
,196.31678265312496,347.65739205422926,0.10000000000000001,0.29920247395833327
,196.41679116015621,349.62526989878967,0.10000000000000001,0.3002197265624999
,196.51679974765625,347.77254619668525,0.10000000000000001,0.29818522135416659
,196.6168082546875,349.37407705101532,0.10000000000000001,0.3002197265624999
,196.71681684218748,346.4324804710256,0.10000000000000001,0.2971679687499999
,196.8168253898437,346.40107036174061,0.10000000000000001,0.29615071614583327
,196.91683389687495,350.76600533077641,0.10000000000000001,0.29920247395833327
,197.01684248828121,349.98111315281989,0.10000000000000001,0.29818522135416659
,197.116851,350.71368162819113,0.10000000000000001,0.29920247395833327
,197.21685959140621,352.0739811530467,0.10000000000000001,0.3002197265624999
,197.3168681429687,348.40063319072203,0.10000000000000001,0.2971679687499999
,197.41687665468748,351.82286747245359,0.10000000000000001,0.3002197265624999
,197.51688524687495,351.7286976484138,0.10000000000000001,0.29920247395833327
,197.61689375859373,349.64620228763408,0.10000000000000001,0.29818522135416659
,197.7169023507812,350.12763227011271,0.10000000000000001,0.29920247395833327
,197.81691090234375,349.13334338258761,0.10000000000000001,0.29615071614583327
,197.91691941328122,351.19504630494811,0.10000000000000001,0.2971679687499999
,198.01692800234372,354.68922300529641,0.10000000000000001,0.29920247395833327
,198.11693651171873,352.28323600581615,0,0.2971679687499999
,198.21694510156249,346.73610614845529,0,0.29920247395833327
,198.31695365078122,347.85629372627625,0,0.29818522135416659
,198.41696216015623,350.32647533108826,0,0.2971679687499999
,198.51697074921873,354.11395447278977,0,0.29920247395833327
,198.61697925859374,353.03650340803148,0,0.29818522135416659
,198.7169878484375,349.79272749917453,0,0.29615071614583327
,198.81699639765623,352.60756914337861,0,0.2971679687499999
,198.91700490624999,351.97981452331715,0,0.29615071614583327
,199.01701349453123,352.97373415225269,0,0.29818522135416659
,199.11702200234373,353.71646775381697,0,0.29920247395833327
,199.21703059062497,351.0380828755508,0,0.2971679687499999
,199.31703913906244,351.68684401114484,0,0.29920247395833327
,199.41704764687495,352.89004094830153,0,0.29920247395833327
,199.51705623515625,350.3474058892217,0,0.29818522135416659
,199.61706474296875,352.18907206221701,0,0.3002197265624999
,199.71707333124999,348.43203634966591,0,0.2971679687499999
,199.81708187968746,347.5108300895763,0,0.29615071614583327
,199.91709038593746,350.91250981728916,0,0.29920247395833327
,200.01709897187499,349.94971585023086,0,0.2971679687499999
,200.11710747734372,349.78226150049295,0,0.29920247395833327
,200.2171160632812,350.11716670802315,0.10000000000000001,0.29920247395833327
,200.31712460937496,355.82915307047062,0.10000000000000001,0.29920247395833327
,200.41713311484375,353.49679420464213,0.10000000000000001,0.3002197265624999
,200.51714170078122,348.78793076474778,0.10000000000000001,0.3002197265624999
,200.61715020624996,344.8827946968068,0.10000000000000001,0.29818522135416659
,200.71715879218749,344.42203160323567,0.10000000000000001,0.29818522135416659
,200.8171673375,343.91935819093686,0.10000000000000001,0.2971679687499999
,200.9171758453125,344.90373799032875,0.10000000000000001,0.2971679687499999
,201.01718443203123,348.24361568224845,0.10000000000000001,0.29920247395833327
,201.11719293984373,346.49530037790117,0.10000000000000001,0.29818522135416659
,201.21720152656246,346.58952945642034,0.10000000000000001,0.29818522135416659
,201.31721007421874,347.91910385309956,0.10000000000000001,0.29920247395833327
,201.41721858124998,347.09206851619422,0.10000000000000001,0.29818522135416659
,201.51722716874997,348.57858290616127,0.10000000000000001,0.3002197265624999
,201.61723567578122,348.92400409806936,0.10000000000000001,0.3002197265624999
,201.7172442632812,344.97703918304671,0.10000000000000001,0.29615071614583327
,201.81725281015622,347.91910385309956,0.10000000000000001,0.29818522135416659
,201.91726131640621,349.20661089146608,0.10000000000000001,0.29818522135416659
,202.017269903125,348.94493826191149,0.10000000000000001,0.29818522135416659
,202.11727841015625,351.02761853243555,0.10000000000000001,0.29920247395833327
,202.21728699687498,348.829799716438,0,0.2971679687499999
,202.31729554374999,341.99223595010386,0,0.2971679687499999
,202.41730404999998,346.08696359516711,0,0.29920247395833327
,202.51731263671871,346.97690571860829,0,0.29615071614583327
,202.61732114374996,350.43112756624129,0,0.29818522135416659
,202.71732973046875,348.84026692193748,0,0.29513346354166659
,202.81733827734371,347.16535318144656,0,0.2941162109374999
,202.91734678437496,350.81832868030381,0,0.2971679687499999
,203.017355371875,350.65089272013722,0,0.29513346354166659
,203.11736387890625,349.07054214752253,0,0.29513346354166659
,203.21737246640623,351.02761853243555,0.10000000000000001,0.2971679687499999
,203.31738101406245,356.54019996251043,0.10000000000000001,0.29615071614583327
,203.4173895210937,353.71646775381697,0.10000000000000001,0.2971679687499999
,203.51739810859374,350.84972252023209,0.10000000000000001,0.29818522135416659
,203.61740661562499,346.77798478212355,0.10000000000000001,0.29615071614583327
,203.71741520312497,345.41683529750406,0.10000000000000001,0.29513346354166659
,203.81742375078124,346.03461147148357,0.10000000000000001,0.29513346354166659
,203.91743225781249,346.53718008438602,0.10000000000000001,0.29513346354166659
,204.01744084531248,349.66713462263596,0.10000000000000001,0.2971679687499999
,204.11744935312498,348.71465960093565,0.10000000000000001,0.29615071614583327
,204.21745794062497,347.62598612089283,0.10000000000000001,0.29513346354166659
,204.31746648828124,348.90306988210108,0.10000000000000001,0.2971679687499999
,204.41747499531249,348.52624513795809,0.10000000000000001,0.29513346354166659
,204.51748358359373,348.99727344313743,0.10000000000000001,0.29615071614583327
,204.61749209062498,350.46252296553246,0.10000000000000001,0.2971679687499999
,204.71750067890622,346.69422732725104,0.10000000000000001,0.29309895833333327
,204.81750922812495,348.27501941188092,0.10000000000000001,0.2941162109374999
,204.91751773749996,350.94390327408541,0.10000000000000001,0.29513346354166659
,205.01752632734372,350.48345316201966,0.10000000000000001,0.2941162109374999
,205.11753483671873,352.89004094830153,0.10000000000000001,0.2971679687499999
,205.21754342578123,351.79147766356999,0,0.29513346354166659
,205.31755197578121,344.19164253113291,0,0.29513346354166659
,205.41756048515623,348.4634393939657,0,0.2971679687499999
,205.51756907421873,349.2275443467276,0,0.29513346354166659
,205.61757758359374,351.24736673037387,0,0.29615071614583327
,205.7175861742187,350.55670840979366,0,0.2941162109374999
,205.81759472578125,349.15427702242681,0,0.29208170572916659
,205.91760323749997,352.38786118353278,0,0.29513346354166659
,206.01761182890624,352.86911749354607,0,0.29513346354166659
,206.11762034062497,350.73461115154288,0,0.2941162109374999
,206.21762893203123,352.33554878269911,0,0.29615071614583327
,206.31763748359373,350.31601003122375,0,0.2941162109374999
,206.41764599531245,350.87065167600321,0,0.29513346354166659
,206.51765458671872,351.96935149020504,0,0.29615071614583327
,206.61766309843745,349.09147594508568,0,0.2941162109374999
,206.7176716882812,347.7934831532711,0,0.29309895833333327
,206.81768023749999,349.16474382259668,0,0.2941162109374999
,206.91768874687494,348.13893576375324,0,0.29309895833333327
,207.0176973367187,350.65089272013722,0,0.29513346354166659
,207.11770584609371,349.37407705101532,0,0.29513346354166659
,207.21771443515621,347.38520364664618,0,0.2941162109374999
,207.31772298515619,348.08659533299834,0.10000000000000001,0.29513346354166659
,207.41773149453121,356.33107681972234,0.10000000000000001,0.29513346354166659
,207.51774008359371,351.4357172744912,0.10000000000000001,0.29615071614583327
,207.61774859296872,348.80886526651886,0.10000000000000001,0.2971679687499999
,207.71775718046871,342.2331434015374,0.10000000000000001,0.29309895833333327
,207.81776572812498,343.19672492826294,0.10000000000000001,0.2941162109374999
,207.91777423515623,344.95609603831406,0.10000000000000001,0.2941162109374999
,208.01778282265622,345.08175426630464,0.10000000000000001,0.2941162109374999
,208.11779132968746,347.19676071556199,0.10000000000000001,0.29615071614583327
,208.21779991718745,346.06602277963708,0.10000000000000001,0.2941162109374999
,208.31780846484372,345.54248781159106,0.10000000000000001,0.29513346354166659
,208.41781697187497,348.42156864274784,0.10000000000000001,0.29615071614583327
,208.51782555937496,345.76237589326917,0.10000000000000001,0.2941162109374999
,208.61783406718746,346.27542888960039,0.10000000000000001,0.29513346354166659
,208.71784265468744,345.61578438070183,0.10000000000000001,0.2941162109374999
,208.81785120312497,344.5267522618314,0.10000000000000001,0.29208170572916659
,208.91785971093748,348.80886526651886,0.10000000000000001,0.29513346354166659
,209.01786829843746,348.77746349443339,0.10000000000000001,0.2941162109374999
,209.11787680624997,348.04472276278455,0.10000000000000001,0.2941162109374999
,209.21788539453121,350.31601003122375,0.10000000000000001,0.29615071614583327
,209.31789394218748,347.97144528364197,0,0.2941162109374999
,209.41790244999999,343.0919916399489,0,0.29513346354166659
,209.51791103749997,346.18119670352417,0,0.29615071614583327
,209.61791954687499,346.93502798124717,0,0.29513346354166659
,209.71792813671874,347.62598612089283,0,0.2941162109374999
,209.81793668593747,348.25408360475996,0,0.29309895833333327
,209.91794519531248,347.50036128620997,0,0.29309895833333327
,210.01795378515624,351.1008686340968,0,0.29513346354166659
,210.1179622945312,349.78226150049295,0,0.2941162109374999
,210.21797088359375,348.19127588043079,0,0.2941162109374999
,210.31797943359373,349.23801105454334,0.10000000000000001,0.29615071614583327
,210.41798794296875,356.56111189351338,0.10000000000000001,0.29513346354166659
,210.51799653046874,351.97981452331715,0.10000000000000001,0.29513346354166659
,210.61800503515622,349.55200611454097,0.10000000000000001,0.29615071614583327
,210.71801361874998,344.33825433310699,0.10000000000000001,0.29208170572916659
,210.81802216328123,346.0032000616518,0.10000000000000001,0.2941162109374999
,210.91803066718745,347.75160919072431,0.10000000000000001,0.2941162109374999
,211.01803925156247,347.0083138970582,0.10000000000000001,0.2941162109374999
,211.11804775546869,348.86120129398529,0.10000000000000001,0.29615071614583327
,211.21805633984371,347.84582532839033,0.10000000000000001,0.2941162109374999
,211.31806488359371,346.97690571860829,0.10000000000000001,0.2941162109374999
,211.41807338828124,350.16949438095247,0.10000000000000001,0.29615071614583327
,211.51808197578123,347.96097702243418,0.10000000000000001,0.2941162109374999
,211.61809048359373,348.829799716438,0.10000000000000001,0.29513346354166659
,211.71809907187497,347.44801708679574,0.10000000000000001,0.29309895833333327
,211.81810762031245,346.29636924968321,0.10000000000000001,0.29208170572916659
,211.91811612890621,350.47298807075083,0.10000000000000001,0.29513346354166659
,212.01812471718745,351.60313603317508,0.10000000000000001,0.2941162109374999
,212.11813322499995,350.46252296553246,0.10000000000000001,0.2941162109374999
,212.21814181328125,352.38786118353278,0.10000000000000001,0.29615071614583327
,212.31815036171872,350.69275204847338,0,0.29513346354166659
,212.41815887031248,345.17599692485157,0,0.29513346354166659
,212.51816745937498,347.89816719381781,0,0.2971679687499999
,212.61817596718748,348.15987184815737,0,0.2941162109374999
,212.71818455624998,349.34267740466578,0,0.2941162109374999
,212.81819310468745,351.21597451828535,0,0.2941162109374999
,212.91820161249996,350.86018710520653,0,0.29309895833333327
,213.01821020156245,353.21434660798508,0,0.29615071614583327
,213.11821870937496,352.2727734053808,0,0.29513346354166659
,213.21822729843745,350.3055447175023,0,0.2941162109374999
,213.31823584687498,351.92749920953543,0,0.29615071614583327
,213.41824439374994,351.55081807179056,0,0.29513346354166659
,213.51825289843748,350.56717338924341,0,0.29615071614583327
,213.61826144296873,351.40432584277846,0,0.2971679687499999
,213.71827002734375,346.8408023801129,0,0.29309895833333327
,213.818278571875,348.02378640261213,0,0.2941162109374999
,213.91828711640625,350.12763227011271,0,0.29513346354166659
,214.01829562109373,348.86120129398529,0,0.2941162109374999
,214.11830416562498,350.51484835206668,0,0.2971679687499999
,214.21831275,349.10194282417353,0,0.29513346354166659
,214.31832129453124,346.56858974246035,0,0.2941162109374999
,214.41832984218746,349.77179548827013,0,0.2971679687499999
,214.51833834999996,347.35379676298226,0,0.29513346354166659
,214.61834689843749,346.50577032190188,0,0.29615071614583327
,214.71835548671874,346.05555235489408,0,0.29513346354166659
,214.81836403437501,343.30145725957743,0,0.29208170572916659
,214.91837258281248,346.30683941254415,0,0.29513346354166659
,215.01838109062498,347.53176765974217,0,0.29615071614583327
,215.11838963906246,344.71524682663198,0,0.29513346354166659
,215.21839822734376,346.03461147148357,0,0.2971679687499999
,215.31840677499997,343.75179522576542,0,0.29513346354166659
,215.41841532812498,343.40618862747715,0,0.29513346354166659
,215.51842384140627,344.83043627762811,0,0.2971679687499999
,215.61843239453117,342.51594173481243,0,0.29513346354166659
,215.7184409875,340.56764687418297,0,0.2941162109374999
,215.81844954062501,341.70942559604316,0,0.29513346354166659
,215.91845809375002,340.28480602994716,0,0.29309895833333327
,216.0184666070312,342.68352279203981,0,0.29615071614583327
,216.11847515937495,342.39025440286503,0,0.29615071614583327
,216.21848375312493,339.61434606477872,0,0.2941162109374999
,216.31849230468742,340.94475896186452,0,0.2971679687499999
,216.41850085468752,340.41051377920513,0,0.29615071614583327
,216.51850936562494,338.74479865398854,0,0.29513346354166659
,216.61851791562492,339.91815207367523,0,0.29615071614583327
,216.71852650624999,335.84249626497893,0,0.29309895833333327
,216.81853505624997,336.45023499831723,0,0.2941162109374999
,216.91854360703121,339.17434022466921,0,0.29513346354166659
,217.01855211718748,337.24655468998662,0,0.2941162109374999
,217.11856066796872,338.53526199343577,0,0.29615071614583327
,217.21856925781242,338.25238326798734,0,0.29615071614583327
,217.31857780703126,334.98325102586273,0,0.2941162109374999
,217.41858635468748,337.66565685212174,0,0.2971679687499999
,217.51859486171873,335.6957981389499,0,0.29513346354166659
,217.61860340937494,334.32307862697616,0,0.29513346354166659
,217.71861195703127,334.14493404869694,0,0.29513346354166659
,217.8186205445312,332.12239729436823,0,0.29309895833333327
,217.91862909140627,334.34403673641873,0,0.29513346354166659
,218.01863759921878,336.17780255672068,0,0.29615071614583327
,218.11864614687499,333.0760438462757,0,0.29513346354166659
,218.21865469374995,333.71528662863784,0,0.29615071614583327
,218.31866328046874,332.62542270800247,0,0.29615071614583327
,218.41867182578119,331.60888588186327,0,0.29615071614583327
,218.51868033124993,332.95028969339296,0,0.2971679687499999
,218.61868887656249,330.61328729889988,0,0.29513346354166659
,218.71869742187494,328.22379908663794,0,0.2941162109374999
,218.81870600781247,330.77048823977583,0,0.29615071614583327
,218.91871455312503,330.00544027013092,0,0.29513346354166659
,219.01872305859376,330.94864881613728,0,0.2971679687499999
,219.11873160390621,330.7076079106842,0,0.2971679687499999
,219.21874014999992,328.52772737918832,0,0.29615071614583327
,219.31874873984373,328.98885931199607,0,0.29818522135416659
,219.41875728984371,328.92597774785048,0,0.2971679687499999
,219.51876579921873,327.30153368683068,0,0.2971679687499999
,219.61877434921871,328.25523995417529,0,0.29818522135416659
,219.71878289843744,324.66053418887253,0,0.29513346354166659
,219.81879148828125,324.87013386938679,0,0.29513346354166659
,219.91880003828123,327.23865201929362,0,0.29615071614583327
,220.01880854765625,326.21158812313303,0,0.29513346354166659
,220.11881709765623,326.55743529718148,0,0.2971679687499999
,220.21882564609371,325.85526199340268,0,0.29615071614583327
,220.318834234375,323.40295557883508,0,0.29513346354166659
,220.41884278281248,325.8657421529843,0,0.29818522135416659
,220.51885129140624,324.51381490799673,0,0.2971679687499999
,220.61885983984371,323.0047305031332,0,0.29615071614583327
,220.71886838828118,322.28164949388952,0,0.29513346354166659
,220.81887697656248,320.75171140641015,0,0.2941162109374999
,220.91888552499995,322.7951401630055,0,0.29513346354166659
,221.01889403281245,324.30421668408849,0,0.2971679687499999
,221.11890258124993,322.07206391450836,0,0.29513346354166659
,221.21891113359368,322.7113043919839,0,0.2971679687499999
,221.31891972656251,321.99870931311909,0,0.2971679687499999
,221.41892827890626,320.96128664923384,0,0.29615071614583327
,221.51893679218745,321.81008405448353,0,0.29818522135416659
,221.6189453445312,320.58405253144684,0,0.2971679687499999
,221.71895389765621,317.27307115005766,0,0.29513346354166659
,221.81896249062493,319.05422426418937,0,0.2971679687499999
,221.91897104296868,318.84466769774423,0,0.29615071614583327
,222.01897955624997,319.68290736207734,0,0.2971679687499999
,222.11898810781247,320.79362630981217,0,0.29920247395833327
,222.21899665859371,317.70262661506678,0,0.2971679687499999
,222.31900524921878,318.03789706967751,0,0.29818522135416659
,222.41901380000002,318.83418992993262,0,0.29920247395833327
,222.51902231093743,316.74923854889585,0,0.29818522135416659
,222.61903086249993,317.83882944290104,0,0.3002197265624999
,222.71903941328117,314.47602256021048,0,0.2971679687499999
,222.81904800390623,313.81612929055825,0,0.2971679687499999
,222.91905655468747,317.40927044665244,0,0.3002197265624999
,223.019065065625,315.93209563316066,0,0.29818522135416659
,223.11907361562498,316.04733098789688,0,0.3002197265624999
,223.21908216484371,316.44542376328417,0,0.30123697916666659
,223.31909075468752,313.38669401683291,0,0.29920247395833327
,223.41909930468751,315.23022789396475,0,0.30734049479166659
,223.51910781406252,314.19320689295637,0,0.29615071614583327
,223.61911636406251,312.19273777302743,0,0.3002197265624999
,223.71912491406249,312.05659295623701,0,0.30123697916666659
,223.81913350390619,310.8627824001556,0,0.29920247395833327
,223.91914205390617,311.80525317676523,0,0.3002197265624999
,224.01915056328119,313.83707774322664,0,0.3032714843749999
,224.11915911406243,311.52250299605885,0,0.30123697916666659
,224.21916766406252,311.64816881099512,0,0.30225423177083327
,224.31917625468748,311.40731065295444,0,0.3032714843749999
,224.41918480546872,310.16122209734698,0,0.30225423177083327
,224.51919331562499,311.2502322370247,0,0.30428873697916659
,224.61920186640623,309.23984710699665,0,0.3032714843749999
,224.71921041640621,306.81121987832609,0,0.30123697916666659
,224.81921900703128,309.01998694957359,0,0.3032714843749999
,224.91922755781252,308.61168932478444,0,0.30225423177083327
,225.01923606796868,309.43877271466482,0,0.30428873697916659
,225.11924461562501,310.19263417555595,0,0.30530598958333327
,225.21925316328122,306.9054209606179,0,0.3032714843749999
,225.31926175078127,307.60672928664184,0,0.30530598958333327
,225.41927029843748,308.49653181193719,0,0.3063232421874999
,225.51927880624999,305.84833848597339,0,0.30428873697916659
,225.6192873539062,307.09382635808623,0,0.3063232421874999
,225.71929590156242,304.15312060097267,0,0.3032714843749999
,225.81930448906246,303.31611965312794,0,0.3032714843749999
,225.91931303671868,306.51815679758414,0,0.3063232421874999
,226.01932154687495,305.52391571776718,0,0.30530598958333327
,226.11933009765619,304.93789635097085,0,0.3063232421874999
,226.21933864843743,305.46112578193026,0,0.3063232421874999
,226.31934723984375,302.94996280211876,0,0.30530598958333327
,226.41935579062499,304.5611936185565,0,0.30734049479166659
,226.51936430078126,303.83923380487676,0,0.30734049479166659
,226.6193728515625,301.71563493967221,0,0.3063232421874999
,226.71938140234374,301.01488938200072,0,0.30530598958333327
,226.81938999374995,300.25147705949701,0,0.30428873697916659
,226.91939854453119,301.36002333766658,0,0.30530598958333327
,227.01940705859374,303.39981532890778,0,0.30734049479166659
,227.11941561171875,300.9103069640534,0,0.3063232421874999
,227.21942416562501,301.02534771700658,0,0.30734049479166659
,227.31943275937499,301.7051755013602,0,0.30835774739583327
,227.4194413125,299.9586858280432,0,0.30734049479166659
,227.51944982656244,300.18873492898018,0,0.30835774739583327
,227.61945837968744,299.2476790123149,0,0.30835774739583327
,227.71946693359371,295.58944388441529,0,0.30530598958333327
,227.81947552656243,297.74229454019536,0,0.30734049479166659
,227.91948407968744,297.75274727006013,0,0.3063232421874999
,228.01949259374999,297.82591690743629,0,0.30734049479166659
,228.11950114765625,299.08039530775409,0,0.30937499999999996
,228.21950970156252,296.22685177358579,0,0.30734049479166659
,228.31951829531249,296.35225219781142,0,0.30835774739583327
,228.41952684921876,297.89908746785795,0,0.30937499999999996
,228.51953536249994,295.18196002349561,0,0.30734049479166659
,228.6195439164062,296.32090182528049,0,0.30937499999999996
,228.71955247031246,293.79257101721294,0,0.30734049479166659
,228.81956106406244,292.1320654792259,0,0.3063232421874999
,228.91956961640619,295.62079007121457,0,0.30937499999999996
,229.01957812812498,294.52378254488525,0,0.30835774739583327
,229.11958667968747,293.45833736481967,0,0.30835774739583327
,229.21959523124997,295.01479611012059,0,0.31039225260416659
,229.31960382343743,292.18427423077679,0,0.30835774739583327
,229.41961237499993,293.47922632833206,0,0.31140950520833327
,229.51962088671871,293.53144911118682,0,0.31140950520833327
,229.61962943828121,290.75395703978137,0,0.30937499999999996
,229.71963799062496,290.19029982658202,0,0.30937499999999996
,229.81964658203117,289.75194660781705,0,0.30835774739583327
,229.91965513359378,289.67889175687628,0,0.30835774739583327
,230.01966364453119,292.42444160066117,0,0.31140950520833327
,230.11967219609369,290.46168192863581,0,0.31039225260416659
,230.21968074765618,289.02145025058951,0,0.31039225260416659
,230.31968933906251,290.09636352570834,0,0.31140950520833327
,230.419697890625,288.42670395332175,0,0.31039225260416659
,230.51970640234367,288.78145549319163,0,0.31140950520833327
,230.61971495390617,288.90666856681281,0,0.31140950520833327
,230.71972350468752,284.34913198341457,0,0.30835774739583327
,230.81973209531247,286.62208346535289,0,0.31039225260416659
,230.91974064296869,287.04970091212971,0,0.30937499999999996
,231.01974915078119,286.35093337901151,0,0.30937499999999996
,231.11975769843752,287.71728516679332,0,0.31140950520833327
,231.21976624609374,285.57929276141914,0,0.31039225260416659
,231.31977483359367,284.99544229455478,0,0.31140950520833327
,231.41978338125,286.6116542998268,0,0.31242675781249996
,231.5197918890625,283.89052177457017,0,0.31039225260416659
,231.61980043593746,284.68269888219442,0,0.31242675781249996
,231.71980898359368,282.58793548970243,0,0.30937499999999996
,231.81981757265623,280.92125097427856,0,0.30835774739583327
,231.91982612265622,284.47421640514085,0,0.31140950520833327
,232.01983463281249,283.44238447009008,0,0.31039225260416659
,232.11984318281247,282.19203359521981,0,0.31039225260416659
,232.21985173281246,283.67165782549648,0,0.31242675781249996
,232.31986032265627,280.50469200650161,0,0.31039225260416659
,232.41986887265625,281.95242810483677,0,0.31242675781249996
,232.51987738281252,281.9628454303861,0,0.31242675781249996
,232.61988593281251,279.18242081847058,0,0.31039225260416659
,232.71989448203124,278.88055040523727,0,0.31039225260416659
,232.81990307265619,278.26647643317534,0,0.30937499999999996
,232.91991162265617,278.63074523954083,0,0.31039225260416659
,233.01992013203119,281.08788723907344,0,0.31242675781249996
,233.11992868203117,278.63074523954083,0,0.31039225260416659
,233.21993723125001,278.32891994526017,0,0.31140950520833327
,233.31994582109371,278.80768881911945,0,0.31242675781249996
,233.4199543710937,277.34035674145105,0,0.31140950520833327
,233.51996288046871,277.95427487899087,0,0.31344401041666659
,233.61997143046869,277.41318903650136,0,0.31242675781249996
,233.71997998046868,273.65908156821558,0,0.30937499999999996
,233.81998857031249,275.68642326976766,0,0.31140950520833327
,233.91999711953122,275.78002150281071,0,0.31039225260416659
,234.02000562890623,275.80082144928883,0,0.31140950520833327
,234.12001417890622,276.98662086259696,0,0.31344401041666659
,234.22002272812495,274.46987506113715,0,0.31140950520833327
,234.32003131796876,274.04366473948522,0,0.31242675781249996
,234.42003986796874,275.4472391518251,0,0.31344401041666659
,234.52004837734376,272.75496351562526,0,0.31140950520833327
,234.62005692734374,273.56554088899742,0,0.31242675781249996
,234.72006547656247,271.22787201189175,0,0.31039225260416659
,234.82007406718742,269.80530482960211,0,0.30937499999999996
,234.92008261796877,273.23297273853859,0,0.31242675781249996
,235.02009112890619,272.4744246337516,0,0.31140950520833327
,235.12009967968743,271.7160490576756,0,0.31242675781249996
,235.22010823046867,272.49520448342878,0,0.31344401041666659
,235.32011682109373,269.98179375708867,0,0.31242675781249996
,235.42012537187497,271.1759425576866,0,0.31344401041666659
,235.5201338828125,271.18632838261334,0,0.31446126302083327
,235.62014243359374,268.09283157664083,0,0.31140950520833327
,235.72015098124996,267.63632901407618,0,0.31140950520833327
,235.82015956875,267.5325877368561,0,0.31140950520833327
,235.92016811640622,267.5325877368561,0,0.31140950520833327
,236.02017662421872,269.97141178726048,0,0.31344401041666659
,236.12018517187494,267.5325877368561,0,0.31140950520833327
,236.22019371953127,267.21101175820826,0,0.31242675781249996
,236.3202023070312,267.79194739982108,0,0.31344401041666659
,236.42021085468753,266.29833299952668,0,0.31242675781249996
,236.52021936249992,267.16952050930314,0,0.31446126302083327
,236.62022791015625,266.19463663530303,0,0.31344401041666659
,236.72023645859372,262.48465201083798,0,0.31039225260416659
,236.82024504687502,264.30798059488802,0,0.31140950520833327
,236.92025359531249,264.17326462954207,0,0.31140950520833327
,237.02026210390625,264.35979604277242,0,0.31140950520833327
,237.12027065234372,265.80062251337847,0,0.31344401041666659
,237.22027920078119,263.23042340714943,0,0.31140950520833327
,237.32028778984375,263.09575627310261,0,0.31242675781249996
,237.42029633828122,263.93493588029747,0,0.31344401041666659
,237.52030484687498,261.60447169546495,0,0.31140950520833327
,237.62031339453119,263.02324574515006,0,0.31344401041666659
,237.72032194296867,259.74144388687949,0,0.31039225260416659
,237.82033053124997,258.96554061628052,0,0.31039225260416659
,237.92033907968744,261.88402958835871,0,0.31242675781249996
,238.02034758749994,260.64175655672079,0,0.31140950520833327
,238.12035613593753,260.54860763681427,0,0.31242675781249996
,238.220364684375,261.23176971997384,0,0.31242675781249996
,238.32037327265618,258.55181255755815,0,0.31140950520833327
,238.42038182031251,260.19673901445435,0,0.31344401041666659
,238.52039032890627,259.10001529517319,0,0.31242675781249996
,238.62039887968751,256.93885648910123,0,0.31039225260416659
,238.72040743046875,256.92852004065725,0,0.31140950520833327
,238.82041602109371,255.99839804452722,0,0.30937499999999996
,238.9204245726562,256.55643361185463,0,0.31039225260416659
,239.02043308281247,258.82072889028711,0,0.31242675781249996
,239.12044163359371,256.21539843483237,0,0.31039225260416659
,239.22045018515621,256.28773570273927,0,0.31140950520833327
,239.32045877578128,256.60810928732081,0,0.31242675781249996
,239.42046732656252,254.93431163451436,0,0.31140950520833327
,239.52047583749993,255.54378618878559,0,0.31242675781249996
,239.62048438750003,254.86201013955235,0,0.31140950520833327
,239.72049293750001,251.08437856392982,0,0.30835774739583327
,239.82050152734371,253.38541624104283,0,0.31039225260416659
,239.92051007734369,253.70544843451557,0,0.31039225260416659
,240.02051858671871,253.24089806856745,0,0.31039225260416659
,240.12052713671869,254.86201013955235,0,0.31242675781249996
,240.22053568671868,252.21917083657473,0,0.31039225260416659
,240.32054427656249,251.76519559322736,0,0.31242675781249996
,240.42055282578121,253.32347892846008,0,0.31344401041666659
,240.52056133359372,250.55841299797254,0,0.31140950520833327
,240.62056987890617,251.49697401925715,0,0.31344401041666659
,240.72057842421873,249.49649028213798,0,0.31039225260416659
,240.820587009375,247.66234395929246,0,0.30937499999999996
,240.92059555468745,250.64091044635535,0,0.31242675781249996
,241.02060406015619,250.15627506831737,0,0.31140950520833327
,241.12061260468749,249.19758023014487,0,0.31140950520833327
,241.22062114999994,250.14596465051409,0,0.31242675781249996
,241.32062973593747,247.62114213887946,0,0.31140950520833327
,241.42063828124992,248.05379412361151,0,0.31140950520833327
,241.52064679531247,248.62047187028475,0,0.31242675781249996
,241.6206553515625,246.49864695898862,0,0.31140950520833327
,241.72066390859368,245.57218746166342,0,0.31039225260416659
,241.82067250546868,245.51043548435081,0,0.31039225260416659
,241.92068106171871,244.99589410522276,0,0.30937499999999996
,242.02068957890617,247.49754063621327,0,0.31242675781249996
,242.1206981351562,245.58247960381601,0,0.31039225260416659
,242.22070669218749,244.75924015695051,0,0.31039225260416659
,242.32071528906249,245.76774528931759,0,0.31242675781249996
,242.42072384453127,244.61520076830101,0,0.31140950520833327
,242.52073235390617,244.84155206330666,0,0.31242675781249996
,242.62074090390627,244.44030683545361,0,0.31242675781249996
,242.72074945312499,240.12326961012855,0,0.30835774739583327
,242.82075804296869,242.17807018135676,0,0.31039225260416659
,242.92076659296868,242.70231597216701,0,0.31039225260416659
,243.02077510234369,242.1061234693459,0,0.31039225260416659
,243.12078365156242,243.58658711425034,0,0.31242675781249996
,243.22079220156252,240.71898654819881,0,0.30937499999999996
,243.32080079140621,240.76007576081139,0,0.31140950520833327
,243.42080933984369,242.78456058590984,0,0.31242675781249996
,243.52081784687493,239.83573350389094,0,0.31039225260416659
,243.62082639375001,240.34921431826473,0,0.31140950520833327
,243.72083494140622,238.37803115575286,0,0.30937499999999996
,243.82084352812501,236.6135232764899,0,0.30734049479166659
,243.92085207578123,239.56876568958887,0,0.31039225260416659
,244.02086058281247,239.52769628389507,0,0.31039225260416659
,244.12086912968743,237.95730616904007,0,0.30937499999999996
,244.22087767656251,239.37369210934679,0,0.31140950520833327
,244.32088626406244,237.06478774765947,0,0.30937499999999996
,244.42089481093751,237.75210068687221,0,0.31140950520833327
,244.52090331796876,238.46013225456443,0,0.31242675781249996
,244.62091186249995,234.88103483576856,0,0.30937499999999996
,244.72092040703126,233.94866856566881,0,0.30835774739583327
,244.82092899218742,234.75806489219588,0,0.30835774739583327
,244.92093753671872,234.14330878732267,0,0.30835774739583327
,245.02094604062495,236.22386208906221,0,0.31039225260416659
,245.12095458515626,235.11674466073339,0,0.30937499999999996
,245.22096312968745,234.09208615800821,0,0.30937499999999996
,245.32097171406247,234.50189754966704,0,0.31039225260416659
,245.42098025859377,233.22146746130824,0,0.30937499999999996
,245.52098876406251,232.36139966882672,0,0.30937499999999996
,245.62099731640626,235.8547669108645,0,0.31344401041666659
,245.72100586796876,232.34092560310074,0,0.31039225260416659
,245.82101446015622,231.76772240864489,0,0.31140950520833327
,245.92102301171872,232.29997799355453,0,0.31140950520833327
,246.0210315234375,229.34335641115308,0,0.30835774739583327
,246.121040075,229.34335641115308,0,0.30835774739583327
,246.22104862734375,228.87308799547566,0,0.30734049479166659
,246.32105721874996,228.04523087784548,0,0.30734049479166659
,246.42106577109371,230.66264457825389,0,0.30937499999999996
,246.52107428046872,228.60732491124924,0,0.30734049479166659
,246.6210828289062,228.74020276966911,0,0.30835774739583327
,246.72109137734367,227.46283620964982,0,0.3063232421874999
,246.82109996562497,225.18570517994493,0,0.30428873697916659
,246.92110851328118,227.452620023431,0,0.3063232421874999
,247.02111702187494,228.22917440827445,0,0.3063232421874999
,247.12112556953127,225.94110494686606,0,0.30530598958333327
,247.22113411796875,227.07465177378862,0,0.3063232421874999
,247.32114270624993,225.87984743520389,0,0.30530598958333327
,247.42115125468752,225.69608430605376,0,0.3063232421874999
,247.52115976484367,226.64567903328077,0,0.30734049479166659
,247.62116831640617,224.07345569979009,0,0.30530598958333327
,247.72117686796867,222.1359060071498,0,0.30428873697916659
,247.82118545937499,223.39003568272977,0,0.30428873697916659
,247.92119401093748,222.40095192317659,0,0.3032714843749999
,248.02120252265627,224.35912185128001,0.10000000000000001,0.3063232421874999
,248.12121107343751,231.54257277467417,0.10000000000000001,0.3063232421874999
,248.221219625,225.32860036623998,0.10000000000000001,0.30530598958333327
,248.32122821718747,224.03264903115041,0.10000000000000001,0.30734049479166659
,248.42123676874996,222.07474572306648,0.10000000000000001,0.30530598958333327
,248.52124527968749,219.83327661962107,0.10000000000000001,0.30530598958333327
,248.62125383124999,220.36288986546856,0.10000000000000001,0.3063232421874999
,248.72126238281248,216.76991186269061,0.10000000000000001,0.30225423177083327
,248.82127097421869,217.61423980531009,0.10000000000000001,0.3032714843749999
,248.92127952499993,220.44437917098276,0.10000000000000001,0.30530598958333327
,249.02128803671872,219.35468789741236,0.10000000000000001,0.3032714843749999
,249.12129658828121,220.84167907539194,0.10000000000000001,0.30530598958333327
,249.22130513906245,220.76017630755388,0.10000000000000001,0.30428873697916659
,249.32131373124992,219.01871427702423,0.10000000000000001,0.30428873697916659
,249.42132227890625,222.59465784640275,0.10000000000000001,0.3063232421874999
,249.52133078515624,220.73980104728275,0.10000000000000001,0.30428873697916659
,249.62133933046869,220.53605793917825,0.10000000000000001,0.30428873697916659
,249.7213478765625,220.86205519908549,0.10000000000000001,0.30428873697916659
,249.82135646249992,219.42596104637221,0.10000000000000001,0.30123697916666659
,249.92136500781248,221.85050468338494,0.10000000000000001,0.3032714843749999
,250.02137351406247,223.91023319669034,0.10000000000000001,0.30428873697916659
,250.12138205937492,221.65685882534058,0.10000000000000001,0.30225423177083327
,250.22139060546874,223.85922844554233,0.10000000000000001,0.30428873697916659
,250.32139919140627,223.63482044196593,0.10000000000000001,0.30428873697916659
,250.42140773749998,222.6762229163312,0.10000000000000001,0.3032714843749999
,250.52141624453122,224.59380168712107,0.10000000000000001,0.30530598958333327
,250.62142479140618,223.34924065412059,0.10000000000000001,0.3032714843749999
,250.72143333906251,223.61442075675126,0.10000000000000001,0.3032714843749999
,250.82144192578119,224.27749947348701,0.10000000000000001,0.3032714843749999
,250.92145047265626,224.29790480710562,0.10000000000000001,0.30225423177083327
,251.02145897968751,226.74780842801977,0.10000000000000001,0.30428873697916659
,251.12146752734373,226.92143839933965,0.10000000000000001,0.30530598958333327
,251.22147607421869,224.87952992950665,0.10000000000000001,0.3032714843749999
,251.32148466171873,227.11551032968225,0.10000000000000001,0.30530598958333327
,251.42149321171871,227.75912457103999,0.10000000000000001,0.30530598958333327
,251.52150172187498,226.52312951094331,0.10000000000000001,0.30428873697916659
,251.62151027187497,228.55622000437091,0.10000000000000001,0.3063232421874999
,251.72151882187495,224.93055641859826,0.10000000000000001,0.30225423177083327
,251.82152741171876,225.66545848943662,0.10000000000000001,0.30225423177083327
,251.92153596171875,228.852643635052,0.10000000000000001,0.30428873697916659
,252.02154447187502,227.53435073363556,0.10000000000000001,0.30225423177083327
,252.121553021875,229.48649988910108,0.10000000000000001,0.30530598958333327
,252.22156157187499,229.47627507163935,0.10000000000000001,0.30428873697916659
,252.32157016093743,227.65695202956215,0.10000000000000001,0.3032714843749999
,252.4215787078125,231.05141034533659,0.10000000000000001,0.30530598958333327
,252.52158721484375,229.81371706117443,0.10000000000000001,0.30428873697916659
,252.62159576171871,228.60732491124924,0.10000000000000001,0.3032714843749999
,252.72160430937492,229.629651910174,0.10000000000000001,0.3032714843749999
,252.82161289609371,228.41313206317841,0.10000000000000001,0.30123697916666659
,252.92162144296867,230.46828528207806,0.10000000000000001,0.3032714843749999
,253.02162994999992,233.04738137108143,0.10000000000000001,0.30428873697916659
,253.12163849687499,231.15372757860149,0.10000000000000001,0.30225423177083327
,253.22164704453121,232.45353511732083,0.10000000000000001,0.30428873697916659
,253.32165563749993,232.61734016708976,0.10000000000000001,0.30428873697916659
,253.42166419296871,232.09525038504307,0.10000000000000001,0.3032714843749999
,253.52167270781251,234.10233059711584,0.10000000000000001,0.30530598958333327
,253.62168126328118,232.91426518666913,0.10000000000000001,0.3032714843749999
,253.7216898179687,230.67287445052671,0.10000000000000001,0.30123697916666659
,253.82169841328118,233.87696295852834,0.10000000000000001,0.30225423177083327
,253.92170696874996,233.47749922268997,0.10000000000000001,0.30123697916666659
,254.02171548359377,235.36272715698271,0.10000000000000001,0.3032714843749999
,254.12172403828117,236.46995663974081,0.10000000000000001,0.30428873697916659
,254.22173259218744,233.99988815819654,0.10000000000000001,0.30225423177083327
,254.32174118359376,236.11107706619168,0.10000000000000001,0.30428873697916659
,254.421749734375,236.77760978790423,0.10000000000000001,0.30428873697916659
,254.52175824531253,235.17823794737734,0.10000000000000001,0.3032714843749999
,254.62176679609377,237.96756689463382,0.10000000000000001,0.30530598958333327
,254.72177534687501,234.90153043282015,0.10000000000000001,0.30123697916666659
,254.82178393828121,235.1474911092414,0.10000000000000001,0.30123697916666659
,254.92179248906245,238.65513337352758,0.10000000000000001,0.30428873697916659
,255.02180099999998,237.78288041253853,0.10000000000000001,0.30225423177083327
,255.12180955078122,239.68171008375276,0.10000000000000001,0.30530598958333327
,255.22181809921869,240.11299988694492,0.10000000000000001,0.30530598958333327
,255.32182668515622,237.78288041253853,0.10000000000000001,0.3032714843749999
,255.42183523046867,240.472465589362,0.10000000000000001,0.3063232421874999
,255.52184373593752,239.64063879626565,0.10000000000000001,0.30428873697916659
,255.62185228124997,238.46013225456443,0.10000000000000001,0.3032714843749999
,255.72186082656242,239.27102800949598,0.10000000000000001,0.3032714843749999
,255.82186941249995,238.64486977055498,0.10000000000000001,0.30123697916666659
,255.92187795781251,240.69844219747904,0.10000000000000001,0.3032714843749999
,256.02188646328125,243.0518742483369,0.10000000000000001,0.30428873697916659
,256.1218950085937,241.03744576555823,0.10000000000000001,0.30225423177083327
,256.22190355703117,243.08271996865858,0.10000000000000001,0.30428873697916659
,256.32191214687498,243.62772359139655,0.10000000000000001,0.30428873697916659
,256.42192069609371,242.5378348597655,0.10000000000000001,0.3032714843749999
,256.52192920468747,244.47116959047662,0.10000000000000001,0.30530598958333327
,256.6219377539062,243.58658711425034,0.10000000000000001,0.30428873697916659
,256.72194630312492,241.35594587119846,0.10000000000000001,0.30225423177083327
,256.82195489218748,243.86427139933119,0.10000000000000001,0.3032714843749999
,256.92196344140621,243.70999856577504,0.10000000000000001,0.30225423177083327
,257.02197195078122,246.07655141298659,0.10000000000000001,0.30428873697916659
,257.12198050078121,246.74575964941414,0.10000000000000001,0.30428873697916659
,257.22198904843742,244.92386664777717,0.10000000000000001,0.30225423177083327
,257.32199763671872,246.60160767767979,0.10000000000000001,0.30428873697916659
,257.42200618515619,247.48724077910919,0.10000000000000001,0.30428873697916659
,257.5220146929687,246.23096851255383,0.10000000000000001,0.3032714843749999
,257.62202324140617,248.40408934835938,0.10000000000000001,0.30530598958333327
,257.7220317890625,245.65452576606583,0.10000000000000001,0.30225423177083327
,257.82204037734368,246.22067374832915,0.10000000000000001,0.30225423177083327
,257.92204892578127,249.72327250442686,0.10000000000000001,0.30428873697916659
,258.02205743359377,248.93992671628803,0.10000000000000001,0.3032714843749999
,258.12206598124999,250.42436017127068,0.10000000000000001,0.30530598958333327
,258.22207452812495,250.96061250609637,0.10000000000000001,0.30530598958333327
,258.32208311562499,249.08420953685771,0.10000000000000001,0.30428873697916659
,258.42209166249995,252.1056697513248,0.10000000000000001,0.30734049479166659
,258.52210016874994,251.15657811412359,0.10000000000000001,0.30530598958333327
,258.62210871562502,250.19751714543065,0.10000000000000001,0.3063232421874999
,258.72211726249998,250.52747712276613,0.10000000000000001,0.30530598958333327
,258.82212585000002,248.98114956149152,0.10000000000000001,0.3032714843749999
,258.92213439687498,251.42476516293613,0.10000000000000001,0.31446126302083327
,259.02214290312497,254.2217095218175,0.10000000000000001,0.30734049479166659
,259.12215145156244,251.88899932405712,0.10000000000000001,0.30530598958333327
,259.22215999921877,254.23203575043459,0.10000000000000001,0.30835774739583327
,259.32216858749996,254.08747213942104,0.10000000000000001,0.30835774739583327
,259.42217713515618,253.39573926539163,0.10000000000000001,0.30835774739583327
,259.52218564296868,255.85374064030424,0.10000000000000001,0.31039225260416659
,259.62219419140627,254.09779785515258,0.10000000000000001,0.30835774739583327
,259.72220273906248,252.02312655168902,0.10000000000000001,0.30734049479166659
,259.82221132734367,254.69675680088147,0.10000000000000001,0.30937499999999996
,259.922219875,254.52118614901394,0.10000000000000001,0.30835774739583327
,260.0222283828125,257.02154946481636,0.10000000000000001,0.31039225260416659
,260.12223692578118,258.41736402559741,0.10000000000000001,0.31140950520833327
,260.22224546953123,256.12239617025227,0.10000000000000001,0.31039225260416659
,260.32225405312499,258.09678196453785,0.10000000000000001,0.31242675781249996
,260.42226259687493,258.88279014888627,0.10000000000000001,0.31242675781249996
,260.52227110000001,257.51775905592876,0.10000000000000001,0.31242675781249996
,260.62227964374995,259.06898210923026,0.10000000000000001,0.31446126302083327
,260.7222881875,256.58743890107883,0.10000000000000001,0.31140950520833327
,260.82229677109376,256.96986606582806,0.10000000000000001,0.31140950520833327
,260.9223053148437,260.82806345208922,0.10000000000000001,0.31446126302083327
,261.02231381874992,259.59659250688367,0.10000000000000001,0.31344401041666659
,261.122322365625,260.76595981302353,0.10000000000000001,0.31547851562499996
,261.2223309117187,261.52164489272837,0.10000000000000001,0.31547851562499996
,261.32233949843749,259.41036586409291,0.10000000000000001,0.31446126302083327
,261.42234804531245,262.58822006252558,0.10000000000000001,0.31649576822916659
,261.52235655156244,261.77013238782177,0.10000000000000001,0.31547851562499996
,261.62236509843751,260.31057413397713,0.10000000000000001,0.31547851562499996
,261.72237364453122,261.12824990956182,0.10000000000000001,0.31547851562499996
,261.82238223125,260.13464904013625,0.10000000000000001,0.31344401041666659
,261.92239077812496,261.96686671435947,0.10000000000000001,0.31547851562499996
,262.02239928671872,264.7950811472839,0.10000000000000001,0.31751302083333327
,262.12240783593745,262.64000545921346,0.10000000000000001,0.31547851562499996
,262.22241638515618,263.9660211591559,0.10000000000000001,0.31649576822916659
,262.32242497421873,264.54633907420498,0.10000000000000001,0.31649576822916659
,262.42243352421872,263.46869566776854,0.10000000000000001,0.31547851562499996
,262.52244203359373,265.49996178554579,0.10000000000000001,0.31751302083333327
,262.62245058281246,264.76398726289585,0.10000000000000001,0.31649576822916659
,262.72245913203119,261.95651194482036,0.10000000000000001,0.31446126302083327
,262.822467721875,264.98165119414432,0.10000000000000001,0.31649576822916659
,262.92247627109373,265.06457491986129,0.10000000000000001,0.31547851562499996
,263.02248477968749,266.31907269338734,0.10000000000000001,0.31649576822916659
,263.12249332812496,267.72969911460729,0.10000000000000001,0.31751302083333327
,263.22250187734369,265.2822605274435,0.10000000000000001,0.31446126302083327
,263.32251046640624,267.10728467734515,0.10000000000000001,0.31649576822916659
,263.42251901484372,268.67393088218989,0.10000000000000001,0.31751302083333327
,263.52252752343747,266.79612429405313,0.10000000000000001,0.31649576822916659
,263.6225360726562,268.64279784671015,0.10000000000000001,0.31751302083333327
,263.72254462109368,266.33981252750675,0.10000000000000001,0.31446126302083327
,263.82255321015623,266.18426719194827,0.10000000000000001,0.31446126302083327
,263.92256175937496,269.96102985093574,0.10000000000000001,0.31649576822916659
,264.02257027031249,269.2655166775686,0.10000000000000001,0.31547851562499996
,264.12257882031247,269.45235610805798,0.10000000000000001,0.31649576822916659
,264.22258737109371,270.97861815304168,0.10000000000000001,0.31751302083333327
,264.32259596171878,268.61166511798024,0.10000000000000001,0.31547851562499996
,264.42260451171876,271.40443831304805,0.10000000000000001,0.31853027343749996
,264.52261302265617,271.63294997429733,0.10000000000000001,0.31751302083333327
,264.62262157265627,269.53539936460288,0.10000000000000001,0.31547851562499996
,264.72263012343751,270.127144849986,0.10000000000000001,0.31649576822916659
,264.82263871406246,269.39007508224989,0.10000000000000001,0.31446126302083327
,264.92264726640622,270.44901700105106,0.10000000000000001,0.31547851562499996
,265.02265577968751,273.7942004328907,0.10000000000000001,0.31751302083333327
,265.12266433203126,271.76798704841394,0.10000000000000001,0.31547851562499996
,265.22267288515627,272.10040952155987,0.10000000000000001,0.31649576822916659
,265.32268147812499,273.86695896873988,0.10000000000000001,0.31751302083333327
,265.42269003125,272.23546568010266,0.10000000000000001,0.31547851562499996
,265.52269854374993,274.1060336669097,0.10000000000000001,0.31751302083333327
,265.62270709687493,273.77341256558606,0.10000000000000001,0.31649576822916659
,265.72271564921869,270.56323739734165,0.10000000000000001,0.31344401041666659
,265.82272424296877,273.25375728883262,0.10000000000000001,0.31547851562499996
,265.92273279062499,273.84617065692191,0.10000000000000001,0.31446126302083327
,266.02274129765624,274.79216675642385,0.10000000000000001,0.31547851562499996
,266.12274984531246,276.66412742678028,0.10000000000000001,0.31649576822916659
,266.22275839296867,274.23077493529456,0.10000000000000001,0.31446126302083327
,266.32276698046871,275.8632220279726,0.10000000000000001,0.31649576822916659
,266.42277552812493,277.5172377237684,0.10000000000000001,0.31751302083333327
,266.52278403515618,274.59462956007604,0.10000000000000001,0.31446126302083327
,266.62279258281251,276.5705057637249,0.10000000000000001,0.31649576822916659
,266.72280112968747,274.00208608738978,0.10000000000000001,0.31344401041666659
,266.822809715625,273.77341256558606,0.10000000000000001,0.31242675781249996
,266.92281825937494,278.32891994526017,0.10000000000000001,0.31547851562499996
,267.02282676328127,277.46521300517355,0.10000000000000001,0.31446126302083327
,267.12283530703121,277.78777832437555,0.10000000000000001,0.31547851562499996
,267.22284385078126,279.36980099586242,0.10000000000000001,0.31649576822916659
,267.32285243437502,276.51849479370173,0.10000000000000001,0.31344401041666659
,267.42286097812496,279.11996285596899,0.10000000000000001,0.31649576822916659
,267.52286948124993,278.6827865874393,0.10000000000000001,0.31446126302083327
,267.62287802499998,276.26885274913707,0.10000000000000001,0.31242675781249996
,267.72288656875003,277.98549383163549,0.10000000000000001,0.31344401041666659
,267.8228951554687,277.27793023219141,0.10000000000000001,0.31140950520833327
,267.92290370390617,278.58911269071234,0.10000000000000001,0.31242675781249996
,268.02291221249993,281.61908835413806,0.10000000000000001,0.31547851562499996
,268.12292076093752,279.74458955296046,0.10000000000000001,0.31344401041666659
,268.22292930937499,280.45262533132535,0.10000000000000001,0.31344401041666659
,268.32293789843743,281.22328451524436,0.10000000000000001,0.31446126302083327
,268.42294644687502,279.82788098641453,0.10000000000000001,0.31242675781249996
,268.52295495546878,281.43159728591189,0.10000000000000001,0.31446126302083327
,268.62296350390625,281.45242917952231,0.10000000000000001,0.31446126302083327
,268.72297205312498,277.60047883175781,0.10000000000000001,0.31039225260416659
,268.82298064062502,280.66089629976386,0.10000000000000001,0.31242675781249996
,268.92298918906249,281.22328451524436,0.10000000000000001,0.31140950520833327
,269.022997696875,281.48367722978679,0.10000000000000001,0.31140950520833327
,269.12300624453121,284.05728316650897,0.10000000000000001,0.31344401041666659
,269.22301479218743,282.10869089587487,0.10000000000000001,0.31140950520833327
,269.32302338046873,282.31705095505714,0.10000000000000001,0.31242675781249996
,269.42303192812494,284.55760813161851,0.10000000000000001,0.31344401041666659
,269.52304043593745,282.22328756298094,0.10000000000000001,0.31140950520833327
,269.62304898437492,283.24438615444836,0.10000000000000001,0.31242675781249996
,269.7230575328125,281.84825637496027,0.10000000000000001,0.31039225260416659
,269.82306612187494,280.46303860938997,0.10000000000000001,0.30835774739583327
,269.92307466953127,284.55760813161851,0.10000000000000001,0.31140950520833327
,270.02308317812492,284.7556702350023,0.10000000000000001,0.31039225260416659
,270.12309172656251,284.5263360364267,0.10000000000000001,0.31039225260416659
,270.22310027499998,286.12151208754455,0.10000000000000001,0.31140950520833327
,270.32310886328128,284.66185016069466,0.10000000000000001,0.31039225260416659
,270.42311741171875,285.97552314378157,0.10000000000000001,0.31140950520833327
,270.52312592031251,287.18529572527109,0.10000000000000001,0.31242675781249996
,270.62313446874998,284.1510894450895,0.10000000000000001,0.30937499999999996
,270.72314301406243,284.60972881715588,0.10000000000000001,0.31039225260416659
,270.8231515992187,285.26650560117702,0.10000000000000001,0.30937499999999996
,270.92316014375001,285.54801299803228,0.10000000000000001,0.30937499999999996
,271.02316864921875,288.4162705075986,0.10000000000000001,0.31140950520833327
,271.12317719374994,287.1435737950718,0.10000000000000001,0.30937499999999996
,271.22318573828124,287.30003308852872,0.10000000000000001,0.31039225260416659
,271.32319432343752,289.07362470008417,0.10000000000000001,0.31242675781249996
,271.42320286874997,287.53994819653025,0.10000000000000001,0.31039225260416659
,271.52321137343745,287.8424684923678,0.10000000000000001,0.31140950520833327
,271.62321991796875,288.33280381516943,0.10000000000000001,0.31039225260416659
,271.72322846640623,285.16224840045419,0.10000000000000001,0.30734049479166659
,271.82323705390627,287.94679063276709,0.10000000000000001,0.30937499999999996
,271.92324560156248,289.05275484860249,0.10000000000000001,0.30937499999999996
,272.02325410937499,289.1153646895732,0.10000000000000001,0.30937499999999996
,272.1232626570312,291.91279477968618,0.10000000000000001,0.31140950520833327
,272.22327120546868,289.7728196339761,0.10000000000000001,0.30937499999999996
,272.32327979296872,289.90849659220822,0.10000000000000001,0.31039225260416659
,272.42328834062494,292.17383243619258,0.10000000000000001,0.31242675781249996
,272.52329684843744,290.05461466442085,0.10000000000000001,0.31039225260416659
,272.62330539687503,290.99405362561919,0.10000000000000001,0.31140950520833327
,272.72331394609375,289.71020083756815,0.10000000000000001,0.30937499999999996
,272.82332253515619,289.03188509269148,0.10000000000000001,0.30835774739583327
,272.92333108437492,292.95702802370647,0.10000000000000001,0.31140950520833327
,273.02333959374994,292.39311476079467,0.10000000000000001,0.31039225260416659
,273.12334814296867,291.93367728099838,0.10000000000000001,0.31039225260416659
,273.22335669218751,293.82390653822551,0.10000000000000001,0.31242675781249996
,273.32336528124995,291.69353390564424,0.10000000000000001,0.31039225260416659
,273.42337383046868,293.05101973995079,0.10000000000000001,0.31140950520833327
,273.52338233984369,294.83719020050859,0.10000000000000001,0.31242675781249996
,273.62339088906242,292.36178811897929,0.10000000000000001,0.31039225260416659
,273.72339943828126,292.24692546270052,0.10000000000000001,0.31039225260416659
,273.82340802812496,293.00924542729928,0.10000000000000001,0.30937499999999996
,273.92341657734369,293.12412561954824,0.10000000000000001,0.30937499999999996
,274.0234250867187,296.07010525036895,0.10000000000000001,0.31140950520833327
,274.12343363593743,295.38047394950365,0.10000000000000001,0.31039225260416659
,274.22344218515627,294.83719020050859,0.10000000000000001,0.31039225260416659
,274.32345077499997,296.17460243694438,0.10000000000000001,0.31140950520833327
,274.4234593242187,295.19240794168707,0.10000000000000001,0.30937499999999996
,274.52346783437497,295.80887099216812,0.10000000000000001,0.31039225260416659
,274.62347638671872,296.19550211220633,0.10000000000000001,0.31039225260416659
,274.72348493906247,293.20767649128442,0.10000000000000001,0.30734049479166659
,274.82349353124994,295.56854652731687,0.10000000000000001,0.30835774739583327
,274.92350208359369,297.96180582413257,0.10000000000000001,0.30937499999999996
,275.02351059609373,297.27194133862918,0.10000000000000001,0.30937499999999996
,275.12351914843748,299.33132259329727,0.10000000000000001,0.31140950520833327
,275.22352770078123,297.43917361523256,0.10000000000000001,0.30937499999999996
,275.3235362929687,297.27194133862918,0.10000000000000001,0.30937499999999996
,275.42354484531245,300.37696319713825,0.10000000000000001,0.31242675781249996
,275.52355335703123,297.6377682813698,0.10000000000000001,0.30937499999999996
,275.62356190937498,298.82947844241829,0.10000000000000001,0.31039225260416659
,275.72357046171874,297.74229454019536,0.10000000000000001,0.30937499999999996
,275.8235790539062,296.33135192973913,0.10000000000000001,0.3063232421874999
,275.92358760624995,300.55473949055153,0.10000000000000001,0.31039225260416659
,276.02359611874999,300.68023163452148,0.10000000000000001,0.30937499999999996
,276.12360467109374,299.89594663675751,0.10000000000000001,0.30937499999999996
,276.2236132234375,302.31185001005116,0.10000000000000001,0.31140950520833327
,276.32362181562496,300.42924982425211,0.10000000000000001,0.30937499999999996
,276.42363036796871,301.88298819299393,0,0.31140950520833327
,276.52363887734373,296.69711796576451,0,0.31140950520833327
,276.62364742656246,295.3177845484737,0,0.30835774739583327
,276.72365597499993,297.79455837826794,0,0.30835774739583327
,276.82366456406248,300.3246770028515,0,0.30734049479166659
,276.92367311328121,300.60702758339124,0,0.30734049479166659
,277.02368162187497,303.61952118311342,0,0.30937499999999996
,277.12369017031244,301.9771262450198,0,0.30835774739583327
,277.22369871953117,300.69068942468368,0,0.30835774739583327
,277.32370730859373,302.53152147736091,0,0.31039225260416659
,277.42371585781245,301.05672282353254,0,0.30835774739583327
,277.52372436249993,301.38094113458709,0,0.31039225260416659
,277.62373290703124,301.7993110398051,0,0.31039225260416659
,277.72374145234369,297.1883270386619,0,0.3063232421874999
,277.82375003749996,298.86084247777899,0,0.30835774739583327
,277.92375858203127,300.39787779608861,0,0.30937499999999996
,278.0237670875,298.76675086435881,0,0.30734049479166659
,278.1237756320312,300.70114723196997,0,0.31039225260416659
,278.22378417734376,298.52630125593367,0,0.30734049479166659
,278.32379276249992,297.81546404553427,0,0.30835774739583327
,278.42380130781248,300.29330549436361,0.10000000000000001,0.31039225260416659
,278.52380981249996,305.39833635786022,0.10000000000000001,0.30937499999999996
,278.62381835703127,301.12993199674656,0.10000000000000001,0.31039225260416659
,278.72382690234372,297.43917361523256,0.10000000000000001,0.30835774739583327
,278.82383548749999,294.14771805553511,0.10000000000000001,0.3063232421874999
,278.92384403203118,297.15697199305566,0.10000000000000001,0.30937499999999996
,279.02385253671878,297.19877875896935,0.10000000000000001,0.30937499999999996
,279.12386108124997,295.59989259320099,0.10000000000000001,0.30835774739583327
,279.22386962656242,298.00361843687188,0.10000000000000001,0.31039225260416659
,279.32387821171869,295.85066763482916,0.10000000000000001,0.30937499999999996
,279.42388675859377,296.61351218430542,0.10000000000000001,0.30937499999999996
,279.52389526718753,298.23359315368276,0.10000000000000001,0.31039225260416659
,279.62390381484374,295.58944388441529,0.10000000000000001,0.30835774739583327
,279.72391236328122,295.17151212569786,0.10000000000000001,0.30734049479166659
,279.82392095078126,296.34180205391812,0.10000000000000001,0.30734049479166659
,279.92392949921873,296.71801960630376,0.10000000000000001,0.30734049479166659
,280.02393800703123,300.02142565165178,0.10000000000000001,0.30937499999999996
,280.12394655468745,299.64499622195586,0.10000000000000001,0.30835774739583327
,280.22395510312492,298.69356952169625,0.10000000000000001,0.30835774739583327
,280.32396369140622,300.55473949055153,0.10000000000000001,0.31039225260416659
,280.4239722414062,299.49861319665229,0,0.30835774739583327
,280.52398075078122,293.44789291515099,0,0.30937499999999996
,280.62398929999995,295.67303411854334,0,0.30937499999999996
,280.72399784999993,294.35663943070733,0,0.3063232421874999
,280.82400643984374,298.12905807178896,0,0.30734049479166659
,280.92401498906247,300.92076512948972,0,0.30835774739583327
,281.02402349843749,299.73910143385319,0,0.30734049479166659
,281.12403204765621,301.42277692886546,0,0.30937499999999996
,281.2240405976562,300.40833512151767,0,0.30734049479166659
,281.32404918750001,298.98630025749662,0,0.30835774739583327
,281.42405773437497,301.32864676770151,0.10000000000000001,0.30937499999999996
,281.52406624140622,306.86355367941661,0.10000000000000001,0.30835774739583327
,281.62407478828118,303.05457708789561,0.10000000000000001,0.30937499999999996
,281.72408333515625,299.29995611570234,0.10000000000000001,0.30734049479166659
,281.82409192265618,296.5926109343614,0.10000000000000001,0.3063232421874999
,281.92410046953125,299.60317214463402,0.10000000000000001,0.30937499999999996
,282.0241089765625,300.28284835958613,0.10000000000000001,0.30937499999999996
,282.12411752343746,298.82947844241829,0.10000000000000001,0.31039225260416659
,282.22412607109368,300.38742048796001,0.10000000000000001,0.31140950520833327
,282.32413465624995,299.11176065036324,0.10000000000000001,0.31039225260416659
,282.42414320156252,299.54043656211047,0.10000000000000001,0.31140950520833327
,282.52415170703125,301.08809808218803,0.10000000000000001,0.31242675781249996
,282.6241602523437,298.47403088880014,0.10000000000000001,0.31039225260416659
,282.72416879765626,296.90613787394938,0.10000000000000001,0.30835774739583327
,282.82417738281242,297.55414863835665,0.10000000000000001,0.30734049479166659
,282.92418592812498,298.11860466611409,0.10000000000000001,0.30734049479166659
,283.02419443281246,301.85160913734916,0.10000000000000001,0.30937499999999996
,283.12420297812503,301.44369492612208,0.10000000000000001,0.30835774739583327
,283.22421152343748,300.31421981600261,0.10000000000000001,0.30734049479166659
,283.32422011484368,302.76166106216937,0.10000000000000001,0.31039225260416659
,283.42422866562492,302.01896580452893,0.10000000000000001,0.30937499999999996
,283.52423717734371,302.51060008013098,0,0.31039225260416659
,283.62424572812495,296.92704029198302,0,0.31039225260416659
,283.72425427890619,294.56556915547884,0,0.3063232421874999
,283.82426287031251,299.45679011664117,0,0.30734049479166659
,283.92427142109375,302.74073896332658,0,0.30835774739583327
,284.02427993203128,301.9771262450198,0,0.30734049479166659
,284.12428848359377,304.46702091449225,0,0.31039225260416659
,284.2242970328125,303.46258773608935,0,0.30835774739583327
,284.32430561796878,302.07126562108556,0,0.30835774739583327
,284.42431416328122,304.3937763080657,0,0.31140950520833327
,284.52432266874996,302.01896580452893,0,0.30835774739583327
,284.62433121406252,301.7888514696329,0,0.30937499999999996
,284.72433976015623,301.03580606893479,0,0.30835774739583327
,284.8243483453125,298.82947844241829,0,0.3063232421874999
,284.92435689062495,302.06080562517076,0,0.30937499999999996
,285.02436539609369,302.48967874698957,0,0.30937499999999996
,285.12437394140625,300.42924982425211,0,0.30835774739583327
,285.22438248906246,302.22816751093808,0,0.31039225260416659
,285.32439107734376,299.87503371374618,0,0.30835774739583327
,285.42439962499998,299.90640312466957,0,0.30937499999999996
,285.52440813203123,301.00443106392333,0.10000000000000001,0.31039225260416659
,285.6244166804687,306.16230879452036,0.10000000000000001,0.30835774739583327
,285.72442522812503,300.87893256971967,0.10000000000000001,0.30835774739583327
,285.82443381562496,298.78765998400019,0.10000000000000001,0.30835774739583327
,285.92444236328117,297.08381089344459,0.10000000000000001,0.30734049479166659
,286.02445087109368,299.13267096913933,0.10000000000000001,0.31039225260416659
,286.12445941875001,297.763200018806,0.10000000000000001,0.30937499999999996
,286.22446796796874,296.31045174054844,0.10000000000000001,0.30835774739583327
,286.32447655703118,298.10815127910308,0.10000000000000001,0.31140950520833327
,286.42448510546876,297.36600889211871,0.10000000000000001,0.30937499999999996
,286.52449361406252,297.27194133862918,0.10000000000000001,0.30937499999999996
,286.62450216328125,298.35903770601311,0.10000000000000001,0.31039225260416659
,286.72451071171872,295.05658659765021,0.10000000000000001,0.3063232421874999
,286.82451930078128,297.62731575960578,0.10000000000000001,0.30835774739583327
,286.92452784921875,299.97959903238831,0.10000000000000001,0.30937499999999996
,287.02453635781251,298.49493898033995,0.10000000000000001,0.30734049479166659
,287.12454490781249,301.25543535727502,0.10000000000000001,0.31140950520833327
,287.22455345703122,300.79526826709252,0.10000000000000001,0.30937499999999996
,287.32456204687492,299.52998069400718,0.10000000000000001,0.30937499999999996
,287.42457059609376,302.73027793772513,0.10000000000000001,0.31140950520833327
,287.52457910624992,300.36650592362957,0,0.30937499999999996
,287.62458765546876,294.00147808688121,0,0.30937499999999996
,287.72459620546874,295.64168762977715,0,0.30937499999999996
,287.82460479453118,296.41495347482709,0,0.30530598958333327
,287.92461334453117,300.9103069640534,0,0.30835774739583327
,288.02462185390618,303.4416635385266,0,0.30937499999999996
,288.12463040781245,301.42277692886546,0,0.30835774739583327
,288.22463896406248,302.92904013381491,0,0.31039225260416659
,288.32464756093748,301.54828591155444,0,0.30937499999999996
,288.42465611718751,300.65931610559471,0,0.30937499999999996
,288.52466463281246,302.31185001005116,0,0.31039225260416659
,288.62467318906249,300.00051230694123,0,0.30835774739583327
,288.72468174531252,298.25450039340643,0,0.30734049479166659
,288.82469034140627,300.01096897052992,0,0.30835774739583327
,288.92469889765619,299.22676829685059,0,0.3063232421874999
,289.0247074140625,300.9103069640534,0,0.30835774739583327
,289.12471595937495,301.03580606893479,0,0.30937499999999996
,289.22472450468752,298.59948054343937,0,0.30734049479166659
,289.32473308984368,300.1050797310653,0,0.31039225260416659
,289.42474163515624,299.43587868380348,0,0.30937499999999996
,289.52475014062497,297.96180582413257,0,0.30835774739583327
,289.62475868593742,299.49861319665229,0.10000000000000001,0.31039225260416659
,289.72476723046873,303.39981532890778,0.10000000000000001,0.30734049479166659
,289.82477581640626,299.52998069400718,0.10000000000000001,0.30734049479166659
,289.92478436093745,299.06994022972401,0.10000000000000001,0.30937499999999996
,290.02479286562493,296.26865159900888,0.10000000000000001,0.30734049479166659
,290.12480141015624,296.90613787394938,0.10000000000000001,0.31039225260416659
,290.22480995468743,296.2582016130018,0.10000000000000001,0.30937499999999996
,290.3248185398437,293.94925052707981,0.10000000000000001,0.30835774739583327
,290.42482708437501,297.24058583222796,0.10000000000000001,0.31039225260416659
,290.52483558906249,295.96561005118247,0.10000000000000001,0.30937499999999996
,290.62484413359368,295.3282327312283,0.10000000000000001,0.30835774739583327
,290.72485267812499,296.26865159900888,0.10000000000000001,0.30835774739583327
,290.82486126328126,294.74316595015665,0.10000000000000001,0.3063232421874999
,290.92486980781246,297.08381089344459,0.10000000000000001,0.30835774739583327
,291.02487831328119,299.55089244802917,0.10000000000000001,0.30937499999999996
,291.12488685937501,297.15697199305566,0.10000000000000001,0.30734049479166659
,291.22489540624997,298.77720541504368,0.10000000000000001,0.30937499999999996
,291.32490399296876,298.57857208359883,0.10000000000000001,0.30835774739583327
,291.42491253906246,298.23359315368276,0.10000000000000001,0.30835774739583327
,291.52492104531245,300.40833512151767,0.10000000000000001,0.31039225260416659
,291.62492959218753,299.02812009863521,0,0.30835774739583327
,291.72493813828123,290.17986236671715,0,0.3063232421874999
,291.82494672500002,294.69093097796195,0,0.30734049479166659
,291.92495527187498,296.7911759618915,0,0.3063232421874999
,292.02496378046874,299.76001389798392,0,0.30835774739583327
,292.12497232968747,301.96666639599209,0,0.30937499999999996
,292.22498087890619,299.96914242143663,0,0.30734049479166659
,292.32498946875,300.9416815113122,0,0.30937499999999996
,292.42499801796873,301.19268337423006,0,0.30937499999999996
,292.52500652734375,299.15358136015305,0,0.30835774739583327
,292.62501507656248,300.15736409889195,0.10000000000000001,0.30937499999999996
,292.72502362656246,305.35647702681598,0.10000000000000001,0.30734049479166659
,292.82503221562501,301.38094113458709,0.10000000000000001,0.3063232421874999
,292.92504076484374,301.50644931775417,0.10000000000000001,0.30835774739583327
,293.0250492734375,299.65545228568379,0.10000000000000001,0.30734049479166659
,293.12505782343749,299.57180427328757,0.10000000000000001,0.30937499999999996
,293.22506637265622,299.36268923235758,0.10000000000000001,0.30937499999999996
,293.32507496250003,297.73184182921784,0.10000000000000001,0.30835774739583327
,293.42508351171875,300.23056294637001,0.10000000000000001,0.31039225260416659
,293.52509202109377,299.32086708281668,0.10000000000000001,0.30937499999999996
,293.6251005703125,298.31722255837172,0.10000000000000001,0.30835774739583327
,293.72510911953123,298.75629633195194,0.10000000000000001,0.30835774739583327
,293.82511770937492,298.02452485565942,0.10000000000000001,0.3063232421874999
,293.92512625937502,300.04233906646971,0.10000000000000001,0.30835774739583327
,294.02513476953118,302.43737569485711,0.10000000000000001,0.30937499999999996
,294.12514331953128,301.11947349280251,0.10000000000000001,0.30835774739583327
,294.22515187031252,302.31185001005116,0.10000000000000001,0.31039225260416659
,294.32516046015621,302.40599405632662,0.10000000000000001,0.31039225260416659
,294.42516901093745,301.63195989584062,0.10000000000000001,0.30937499999999996
,294.52517752109372,303.13826964656471,0.10000000000000001,0.31140950520833327
,294.62518607109371,302.28046895163686,0,0.30937499999999996
,294.72519462187495,293.5627830371663,0,0.30734049479166659
,294.82520321171876,297.43917361523256,0,0.30835774739583327
,294.92521176093749,300.61748525350805,0,0.30734049479166659
,295.02522026953125,303.10688481958971,0,0.30835774739583327
,295.12522881874997,304.92743213038329,0,0.31039225260416659
,295.22523736718745,303.25334854842828,0,0.30835774739583327
,295.32524595625,303.50443631646579,0,0.30937499999999996
,295.42525450546873,304.28914242068061,0,0.30937499999999996
,295.52526301406249,302.50013940554601,0,0.30835774739583327
,295.62527156328122,303.31611965312794,0,0.30937499999999996
,295.72528011249995,300.78481030597277,0,0.3063232421874999
,295.8252887015625,300.3455914285766,0,0.3063232421874999
,295.92529725390625,303.13826964656471,0,0.30835774739583327
,296.02530576562492,302.05034564555132,0,0.30734049479166659
,296.12531431796867,302.07126562108556,0,0.30835774739583327
,296.22532286953117,302.66751211799658,0,0.30937499999999996
,296.32533146171875,300.33513420704492,0,0.30734049479166659
,296.4253400140625,302.11310576757188,0,0.30937499999999996
,296.52534852578117,301.7051755013602,0,0.30937499999999996
,296.62535707812492,299.28950065908111,0,0.30734049479166659
,296.72536563046867,299.39405603271433,0,0.30835774739583327
,296.82537422031248,298.87129719268438,0,0.3063232421874999
,296.9253827679687,298.96539044578361,0,0.30734049479166659
,297.02539127656246,301.55874510153546,0,0.30937499999999996
,297.12539982421868,299.41496732247782,0,0.30835774739583327
,297.22540837265626,298.66220636382542,0,0.30835774739583327
,297.32541696093745,299.29995611570234,0,0.30937499999999996
,297.42542550937492,297.8886344742225,0,0.30835774739583327
,297.52543401718742,298.29631509580065,0,0.31039225260416659
,297.62544256562501,297.93044656150494,0.10000000000000001,0.30937499999999996
,297.72545111406248,302.22816751093808,0.10000000000000001,0.30734049479166659
,297.82545970624994,300.1678210248179,0.10000000000000001,0.30835774739583327
,297.92546825937495,297.21968225720525,0.10000000000000001,0.30835774739583327
,298.02547677187499,296.12235359561646,0.10000000000000001,0.30835774739583327
,298.125485325,296.78072499555202,0.10000000000000001,0.31039225260416659
,298.22549387734375,294.78495429963812,0.10000000000000001,0.30835774739583327
,298.32550247031247,294.73271891439458,0.10000000000000001,0.30937499999999996
,298.42551102343748,296.23730170028415,0.10000000000000001,0.31039225260416659
,298.52551953593752,294.03281487576891,0.10000000000000001,0.30835774739583327
,298.62552808906253,295.90291388816803,0.10000000000000001,0.31039225260416659
,298.72553664218742,294.46110325242495,0.10000000000000001,0.30835774739583327
,298.82554523671877,293.36433808869816,0.10000000000000001,0.30734049479166659
,298.92555378984378,297.1883270386619,0.10000000000000001,0.30937499999999996
,299.02556230390621,297.58550586216603,0.10000000000000001,0.30937499999999996
,299.12557085781248,297.32420089919822,0.10000000000000001,0.30937499999999996
,299.22557941093748,299.2476790123149,0.10000000000000001,0.31140950520833327
,299.32558800546872,297.65867338173933,0.10000000000000001,0.31039225260416659
,299.42559655859372,298.97584534256356,0.10000000000000001,0.31140950520833327
,299.52560507265628,299.77047015657809,0.10000000000000001,0.31242675781249996
,299.62561362656243,297.13606872547678,0.10000000000000001,0.30937499999999996
,299.72562217890618,297.43917361523256,0.10000000000000001,0.31039225260416659
,299.8256307703125,298.58902630432715,0.10000000000000001,0.30937499999999996
,299.92563932109374,299.09085040387481,0.10000000000000001,0.30937499999999996
,300.02564783203127,302.11310576757188,0.10000000000000001,0.31242675781249996
,300.12565638281251,301.09855653551693,0.10000000000000001,0.31140950520833327
,300.22566493359375,300.54428192357653,0.10000000000000001,0.31140950520833327
,300.32567352499996,302.21770727135424,0.10000000000000001,0.31344401041666659
,300.4256820757812,301.33910560762598,0.10000000000000001,0.31242675781249996
,300.52569058671872,301.86206880615026,0.10000000000000001,0.2788574218749999
,300.62569913749996,302.65705120374798,0.10000000000000001,0.31344401041666659
,300.7257076882812,299.36268923235758,0,0.33480631510416659
,300.82571627890627,295.10882516752037,0,0.31242675781249996
,300.92572482890625,298.37994539098383,0,0.31242675781249996
,301.02573333906253,300.58611229468761,0,0.31140950520833327
,301.12574188906251,304.28914242068061,0,0.31446126302083327
,301.22575043984375,303.43120146292398,0,0.31242675781249996
,301.32575902968745,302.92904013381491,0,0.31242675781249996
,301.42576758046869,305.25182969972167,0,0.31446126302083327
,301.52577609062496,302.61520770614743,0,0.31242675781249996
,301.6257846414062,302.92904013381491,0,0.31344401041666659
,301.72579319765623,301.90390764545072,0,0.31242675781249996
,301.82580179296872,300.48153688340631,0,0.31039225260416659
,301.92581034843749,303.38935331518758,0,0.31446126302083327
,302.02581886406244,303.83923380487676,0,0.31446126302083327
,302.12582742031248,301.92482716346984,0,0.31344401041666659
,302.22583597578125,303.19057800423423,0,0.31547851562499996
,302.325844571875,301.11947349280251,0,0.31446126302083327
,302.42585312734377,301.09855653551693,0,0.31446126302083327
,302.52586164296872,302.19678684079338,0,0.31649576822916659
,302.62587019687498,299.83320807915061,0,0.31446126302083327
,302.72587874843748,298.6517520145407,0.10000000000000001,0.31344401041666659
,302.82588733984369,307.87889447585616,0.10000000000000001,0.31547851562499996
,302.92589589140619,302.78258322448954,0.10000000000000001,0.31446126302083327
,303.02590440312497,301.75747285790379,0.10000000000000001,0.31649576822916659
,303.12591295468746,299.66590836715818,0.10000000000000001,0.31649576822916659
,303.22592150624996,297.51233927262257,0.10000000000000001,0.31547851562499996
,303.32593009765617,298.16041840073456,0.10000000000000001,0.31751302083333327
,303.42593864921878,298.19177889743122,0.10000000000000001,0.31649576822916659
,303.52594716093745,297.04200497476774,0.10000000000000001,0.31649576822916659
,303.62595571093743,299.41496732247782,0.10000000000000001,0.31853027343749996
,303.72596426171867,296.52990765432702,0.10000000000000001,0.31547851562499996
,303.82597285234374,297.05245642549983,0.10000000000000001,0.31547851562499996
,303.92598140234372,300.35604866744023,0.10000000000000001,0.31649576822916659
,304.02598991328125,299.58226021261487,0.10000000000000001,0.31547851562499996
,304.12599846328123,301.07763964574343,0.10000000000000001,0.31751302083333327
,304.22600701406247,301.98758611039369,0.10000000000000001,0.31853027343749996
,304.32601560390617,299.94822925221433,0.10000000000000001,0.31751302083333327
,304.42602415468752,302.37461256256768,0.10000000000000001,0.31954752604166659
,304.52603266484368,301.64241921844223,0.10000000000000001,0.31954752604166659
,304.62604121250001,300.41879246424094,0.10000000000000001,0.31853027343749996
,304.72604975937497,300.84755832848145,0,0.31853027343749996
,304.82605834687502,294.27306987597098,0,0.31649576822916659
,304.92606689453123,297.32420089919822,0,0.31853027343749996
,305.02607540156248,302.27000863114768,0,0.31954752604166659
,305.12608394843744,302.03988568223366,0,0.31853027343749996
,305.22609249609377,303.51489850011654,0,0.31954752604166659
,305.3261010835937,303.91247283912577,0,0.32056477864583327
,305.42610963046877,302.54198219999313,0,0.31853027343749996
,305.52611813828128,303.79738326267682,0,0.32056477864583327
,305.62612668437498,303.15919294275773,0,0.32056477864583327
,305.72613523124994,299.25813439703614,0,0.31751302083333327
,305.82614381874998,300.95213972768568,0.10000000000000001,0.31853027343749996
,305.92615236484369,309.5330021169994,0.10000000000000001,0.31954752604166659
,306.02616087187494,305.56577595861899,0.10000000000000001,0.31954752604166659
,306.12616941875001,305.29368845878463,0.10000000000000001,0.32158203124999996
,306.22617796562497,301.46461299005614,0.10000000000000001,0.31954752604166659
,306.32618655234376,300.79526826709252,0.10000000000000001,0.32158203124999996
,306.42619509921872,302.22816751093808,0.10000000000000001,0.32259928385416659
,306.5262036039062,299.63454017598065,0.10000000000000001,0.32056477864583327
,306.6262121484375,300.80572624527338,0.10000000000000001,0.32158203124999996
,306.7262206929687,299.57180427328757,0.10000000000000001,0.31954752604166659
,306.82622927812497,298.89220667713562,0.10000000000000001,0.31853027343749996
,306.92623782265628,302.76166106216937,0.10000000000000001,0.32158203124999996
,307.02624632734376,302.78258322448954,0.10000000000000001,0.32056477864583327
,307.12625487187495,302.00850589015459,0.10000000000000001,0.32056477864583327
,307.22626341640625,303.88108459046191,0.10000000000000001,0.32158203124999996
,307.32627200078127,302.85581129175836,0.10000000000000001,0.32056477864583327
,307.42628054687498,304.0275642507516,0.10000000000000001,0.32158203124999996
,307.52628905703125,304.70768686765172,0.10000000000000001,0.32259928385416659
,307.62629760781249,302.4164545864262,0.10000000000000001,0.31954752604166659
,307.72630615781247,302.17586647508392,0.10000000000000001,0.32056477864583327
,307.82631474843743,303.5985965235418,0,0.31954752604166659
,307.92632329921867,297.36600889211871,0,0.31853027343749996
,308.02633180937494,301.48553112061705,0,0.32158203124999996
,308.12634036015618,303.87062187127066,0,0.32056477864583327
,308.22634891015628,304.52980258404835,0,0.32056477864583327
,308.32635750078123,306.5914215764256,0,0.32259928385416659
,308.42636605078121,305.50298568237787,0,0.32056477864583327
,308.52637456093748,305.17857742387764,0,0.32158203124999996
,308.62638311093747,305.93206267880748,0,0.32259928385416659
,308.72639166171871,301.8411494849704,0,0.31853027343749996
,308.82640025156252,303.20103972261734,0,0.31954752604166659
,308.92640880234376,305.28322374752446,0,0.32056477864583327
,309.02641731249992,304.13219439210957,0,0.31954752604166659
,309.12642586250001,305.42973100583731,0,0.32259928385416659
,309.2264344125,303.79738326267682,0,0.32056477864583327
,309.32644300312495,302.67797304817185,0,0.32056477864583327
,309.42645155156242,305.00068197956364,0,0.32361653645833327
,309.52646005937493,302.51060008013098,0,0.32056477864583327
,309.62646860781251,301.52736758141685,0,0.32056477864583327
,309.72647715624998,300.95213972768568,0,0.31954752604166659
,309.82648574453117,299.35223366807401,0,0.31751302083333327
,309.9264942921875,301.93528694704941,0,0.32056477864583327
,310.02650280078126,303.18011630145895,0,0.32158203124999996
,310.12651134843748,300.76389443494162,0,0.32056477864583327
,310.22651989687495,301.69471607955933,0,0.32259928385416659
,310.3265284859375,300.51290932595083,0,0.32158203124999996
,310.42653703515623,299.2476790123149,0,0.32056477864583327
,310.52654554453125,300.39787779608861,0,0.32259928385416659
,310.62655409374997,298.09769791076212,0,0.32056477864583327
,310.7265626429687,295.80887099216812,0,0.31853027343749996
,310.82657123281251,297.80501120247607,0,0.32056477864583327
,310.92657978203124,297.38691300326462,0.10000000000000001,0.31954752604166659
,311.02658829140626,306.41349398123504,0.10000000000000001,0.32259928385416659
,311.12659684062498,301.87252849136729,0.10000000000000001,0.32158203124999996
,311.22660538984371,296.34180205391812,0.10000000000000001,0.31954752604166659
,311.32661397890627,296.30000167554914,0.10000000000000001,0.32158203124999996
,311.42662252656248,296.09100452888919,0.10000000000000001,0.32158203124999996
,311.52663103437499,293.41655969456758,0.10000000000000001,0.32056477864583327
,311.6266395820312,295.26554393953882,0.10000000000000001,0.32158203124999996
,311.72664813046867,292.39311476079467,0.10000000000000001,0.31853027343749996
,311.82665671796872,292.98835840086326,0.10000000000000001,0.31853027343749996
,311.92666526640619,296.72847045581568,0.10000000000000001,0.32056477864583327
,312.02667377421869,295.54764925088966,0.10000000000000001,0.31954752604166659
,312.12668232187502,295.94471125037143,0.10000000000000001,0.31954752604166659
,312.2266908703125,297.37646093813964,0.10000000000000001,0.32056477864583327
,312.32669945937494,295.34912915765625,0.10000000000000001,0.31954752604166659
,312.42670800937492,297.62731575960578,0.10000000000000001,0.32158203124999996
,312.52671651874994,297.77365278642668,0.10000000000000001,0.32056477864583327
,312.62672506874992,295.74617662911197,0.10000000000000001,0.31853027343749996
,312.72673361875002,296.05965564091662,0.10000000000000001,0.31853027343749996
,312.82674220859371,295.76707466994065,0.10000000000000001,0.31751302083333327
,312.92675075781244,297.27194133862918,0.10000000000000001,0.31751302083333327
,313.02675926796871,299.74955765707352,0.10000000000000001,0.31954752604166659
,313.1267678179687,298.14996493910542,0.10000000000000001,0.31853027343749996
,313.22677636718743,298.34858389130591,0.10000000000000001,0.31853027343749996
,313.32678495703124,299.55089244802917,0.10000000000000001,0.31954752604166659
,313.42679350703122,298.52630125593367,0.10000000000000001,0.31751302083333327
,313.52680201718749,299.42542299419853,0.10000000000000001,0.31853027343749996
,313.62681056718748,299.68682058332126,0.10000000000000001,0.31853027343749996
,313.72681911718746,296.47765546000807,0.10000000000000001,0.31446126302083327
,313.82682770703127,298.98630025749662,0.10000000000000001,0.31649576822916659
,313.92683625703125,300.29330549436361,0.10000000000000001,0.31649576822916659
,314.02684476718753,299.76001389798392,0.10000000000000001,0.31547851562499996
,314.12685331718751,302.24908803868072,0.10000000000000001,0.31853027343749996
,314.22686186796875,300.56519707473257,0.10000000000000001,0.31547851562499996
,314.32687046171873,300.12599342581018,0.10000000000000001,0.31649576822916659
,314.42687901484373,303.0336541050093,0.10000000000000001,0.31853027343749996
,314.52688752812492,300.46062200795018,0.10000000000000001,0.31547851562499996
,314.62689608124992,300.86847447228791,0.10000000000000001,0.31547851562499996
,314.72690463437493,300.26193414214652,0.10000000000000001,0.31446126302083327
,314.82691322734377,298.89220667713562,0.10000000000000001,0.31242675781249996
,314.92692178046877,302.67797304817185,0.10000000000000001,0.31547851562499996
,315.02693029374996,303.77645808297433,0.10000000000000001,0.31446126302083327
,315.12693884687496,302.76166106216937,0.10000000000000001,0.31446126302083327
,315.22694739062501,304.40423977870529,0.10000000000000001,0.31547851562499996
,315.32695597109375,302.76166106216937,0.10000000000000001,0.31446126302083327
,315.42696451249992,302.91857882331084,0.10000000000000001,0.31446126302083327
,315.52697305312495,303.95432404964896,0.10000000000000001,0.31446126302083327
,315.62698155390626,302.40599405632662,0.10000000000000001,0.31242675781249996
,315.72699009453117,301.9771262450198,0.10000000000000001,0.31242675781249996
,315.82699867500003,303.21150145660204,0.10000000000000001,0.31140950520833327
,315.92700721562494,303.24288675210136,0,0.31140950520833327
,316.02701575624997,299.71818904050764,0,0.31242675781249996
,316.12702425781242,300.93122331191142,0,0.31242675781249996
,316.22703280390624,301.90390764545072,0,0.31140950520833327
,316.32704139062503,304.7286147099436,0,0.31242675781249996
,316.42704993671873,305.11579031998343,0,0.31140950520833327
,316.52705848359369,304.64490369328229,0,0.31140950520833327
,316.62706698984368,305.3041531843636,0,0.31242675781249996
,316.7270755359375,301.41231795525704,0,0.30835774739583327
,316.82708412265617,302.80350545023606,0,0.31039225260416659
,316.92709266874999,305.3041531843636,0,0.31140950520833327
,317.02710121562495,303.76599551599486,0,0.31039225260416659
,317.12710972421871,304.48794807843842,0,0.31242675781249996
,317.22711827578121,303.76599551599486,0,0.31140950520833327
,317.32712686718742,301.42277692886546,0,0.30937499999999996
,317.42713541796877,303.86015916727183,0,0.31140950520833327
,317.52714396953127,302.28046895163686,0,0.31039225260416659
,317.62715248046868,300.83710028211937,0,0.30937499999999996
,317.72716103124992,300.40833512151767,0,0.30937499999999996
,317.82716962265624,299.0176651111521,0,0.30734049479166659
,317.92717817421874,300.66977386148972,0,0.30937499999999996
,318.02718672499998,302.38507304439099,0,0.31039225260416659
,318.12719523750002,299.8854901664476,0,0.30835774739583327
,318.22720379062503,300.56519707473257,0,0.31039225260416659
,318.32721238359375,300.06325255134482,0,0.30937499999999996
,318.4272209359375,298.6203890767905,0,0.30937499999999996
,318.52722948828125,299.73910143385319,0,0.31140950520833327
,318.62723800156243,297.74229454019536,0,0.30937499999999996
,318.72724655390618,294.5969093313484,0,0.3063232421874999
,318.82725514687502,296.644864205864,0,0.30835774739583327
,318.92726369921877,296.31045174054844,0,0.30734049479166659
,319.02727225234378,297.35555686520786,0.10000000000000001,0.30835774739583327
,319.12728076015617,305.96345948106637,0.10000000000000001,0.31039225260416659
,319.22728930859375,299.32086708281668,0.10000000000000001,0.30734049479166659
,319.32729789609368,297.15697199305566,0.10000000000000001,0.31039225260416659
,319.42730644453127,296.20595197954071,0.10000000000000001,0.30937499999999996
,319.52731499218748,293.17634475268198,0.10000000000000001,0.30835774739583327
,319.62732349999999,293.93880507842562,0.10000000000000001,0.31039225260416659
,319.72733204843746,291.56824641027271,0.10000000000000001,0.3063232421874999
,319.82734063671876,291.17152407622183,0.10000000000000001,0.3063232421874999
,319.92734918437498,295.35957740131744,0.10000000000000001,0.30835774739583327
,320.02735773515622,294.88942661624588,0.10000000000000001,0.30734049479166659
,320.127366246875,294.85808470506208,0.10000000000000001,0.30835774739583327
,320.22737479921875,296.2582016130018,0.10000000000000001,0.30937499999999996
,320.32738339140622,293.93880507842562,0.10000000000000001,0.30734049479166659
,320.42739194374997,296.78072499555202,0.10000000000000001,0.30937499999999996
,320.52740049609372,296.97929667592632,0.10000000000000001,0.30937499999999996
,320.6274090078125,294.82674297912081,0.10000000000000001,0.30734049479166659
,320.72741756015625,295.45361250658493,0.10000000000000001,0.30734049479166659
,320.82742615312497,295.40137057880099,0.10000000000000001,0.3063232421874999
,320.92743470468747,296.55080866932298,0.10000000000000001,0.3063232421874999
,321.02744325781248,299.37314481456303,0.10000000000000001,0.30937499999999996
,321.12745177109377,297.89908746785795,0.10000000000000001,0.30734049479166659
,321.22746032421867,298.20223243357913,0.10000000000000001,0.30734049479166659
,321.32746891796876,299.94822925221433,0.10000000000000001,0.30937499999999996
,321.42747747109377,298.88175192580536,0.10000000000000001,0.30835774739583327
,321.52748602421877,299.79138272679256,0.10000000000000001,0.30937499999999996
,321.62749453749996,300.57565467611334,0.10000000000000001,0.31039225260416659
,321.72750309140622,296.98974801075576,0.10000000000000001,0.3063232421874999
,321.82751168437494,299.71818904050764,0.10000000000000001,0.30835774739583327
,321.9275202382812,300.70114723196997,0.10000000000000001,0.30835774739583327
,322.02752878749993,300.82664225279308,0.10000000000000001,0.30835774739583327
,322.12753729687495,302.99180832773106,0,0.31039225260416659
,322.22754584687493,294.73271891439458,0,0.30734049479166659
,322.32755443593749,297.04200497476774,0,0.30937499999999996
,322.42756298593747,301.68425667427579,0,0.31039225260416659
,322.5275715351562,300.54428192357653,0,0.30835774739583327
,322.62758004453121,302.8976562496303,0,0.31039225260416659
,322.72758859374994,300.61748525350805,0,0.30734049479166659
,322.82759718359375,299.48815739987322,0,0.30530598958333327
,322.92760573124997,303.25334854842828,0,0.30937499999999996
,323.02761427656242,302.16540631656432,0,0.30734049479166659
,323.12762278203127,301.82023022950511,0,0.30835774739583327
,323.22763132734372,303.14873128684451,0,0.30937499999999996
,323.32763991249999,300.31421981600261,0,0.30734049479166659
,323.42764845781244,302.24908803868072,0,0.31039225260416659
,323.52765700390626,302.36415209684912,0,0.30937499999999996
,323.62766550937499,299.70773287039498,0,0.30734049479166659
,323.72767405468744,298.97584534256356,0,0.30734049479166659
,323.82768263984372,298.69356952169625,0,0.3063232421874999
,323.92769118749993,299.1744918233544,0,0.3063232421874999
,324.02769973671877,301.69471607955933,0,0.30937499999999996
,324.12770824609368,300.17827796818273,0,0.30835774739583327
,324.22771679531252,299.1431261556196,0,0.30734049479166659
,324.32772538515621,300.40833512151767,0,0.31039225260416659
,324.42773393437494,299.1431261556196,0,0.30835774739583327
,324.52774248359367,298.6517520145407,0,0.30937499999999996
,324.62775099218743,299.0176651111521,0,0.30937499999999996
,324.72775954218753,295.35957740131744,0,0.3063232421874999
,324.82776813124997,296.57170976268418,0,0.30734049479166659
,324.92777668281246,298.59948054343937,0,0.30937499999999996
,325.0277852335937,297.27194133862918,0,0.30835774739583327
,325.12779374531249,298.70402394430459,0.10000000000000001,0.31140950520833327
,325.22780229687498,305.10532585312939,0.10000000000000001,0.31039225260416659
,325.32781088828119,299.15358136015305,0.10000000000000001,0.31039225260416659
,325.42781943906243,298.94448070670802,0.10000000000000001,0.31344401041666659
,325.52782799062493,295.67303411854334,0.10000000000000001,0.31140950520833327
,325.62783650156246,293.86568752943731,0.10000000000000001,0.31140950520833327
,325.72784505312495,293.47922632833206,0.10000000000000001,0.31140950520833327
,325.82785364453127,292.01720817649675,0.10000000000000001,0.30937499999999996
,325.92786219375,295.17151212569786,0.10000000000000001,0.31344401041666659
,326.02787074374999,296.69711796576451,0.10000000000000001,0.31751302083333327
,326.12787925390626,294.7745071813149,0.10000000000000001,0.31242675781249996
,326.22788780390624,296.94794278749487,0.10000000000000001,0.31446126302083327
,326.32789639374994,295.84021844414468,0.10000000000000001,0.31446126302083327
,326.42790494374992,295.51630348761438,0.10000000000000001,0.31344401041666659
,326.52791349296876,297.60641077295026,0.10000000000000001,0.31547851562499996
,326.62792200312492,296.09100452888919,0.10000000000000001,0.31344401041666659
,326.72793055312502,294.83719020050859,0.10000000000000001,0.31344401041666659
,326.82793914218746,296.85388216815613,0.10000000000000001,0.31344401041666659
,326.92794769062493,297.28239321243615,0.10000000000000001,0.31344401041666659
,327.02795623906252,299.60317214463402,0.10000000000000001,0.31547851562499996
,327.12796474765628,299.90640312466957,0.10000000000000001,0.31547851562499996
,327.22797329609375,297.95135271782476,0.10000000000000001,0.31446126302083327
,327.32798188515619,300.05279580015326,0.10000000000000001,0.31751302083333327
,327.42799043359378,300.36650592362957,0.10000000000000001,0.31649576822916659
,327.52799898203125,298.97584534256356,0.10000000000000001,0.31649576822916659
,327.62800749062501,300.6279429407931,0.10000000000000001,0.31751302083333327
,327.72801603906248,297.763200018806,0.10000000000000001,0.31446126302083327
,327.82802462656252,298.82947844241829,0.10000000000000001,0.31446126302083327
,327.92803317421874,302.4164545864262,0.10000000000000001,0.31751302083333327
,328.02804172187496,301.23451796239306,0.10000000000000001,0.31649576822916659
,328.12805022968746,302.40599405632662,0.10000000000000001,0.31751302083333327
,328.22805877734368,303.08596167989054,0,0.31751302083333327
,328.32806736484372,294.73271891439458,0,0.31649576822916659
,328.42807591249993,299.11176065036324,0,0.31853027343749996
,328.52808446015626,300.7534365250429,0,0.31751302083333327
,328.62809296718751,301.50644931775417,0,0.31751302083333327
,328.7281015171875,302.23862776671569,0,0.31751302083333327
,328.82811010781245,301.23451796239306,0,0.31547851562499996
,328.92811865859369,302.98134692271833,0,0.31751302083333327
,329.02812721015619,304.61351230470035,0,0.31853027343749996
,329.12813572109371,302.64659030543237,0,0.31751302083333327
,329.22814427187495,303.4102773581082,0,0.31853027343749996
,329.32815286328128,302.52106077073802,0,0.31853027343749996
,329.42816141406252,301.02534771700658,0,0.31751302083333327
,329.52816996484376,302.38507304439099,0,0.31954752604166659
,329.62817847578117,300.6279429407931,0,0.31853027343749996
,329.72818702187499,298.16041840073456,0,0.31649576822916659
,329.82819560390624,300.20964890284762,0,0.31751302083333327
,329.92820414687492,299.45679011664117,0,0.31751302083333327
,330.02821268906246,300.84755832848145,0,0.31853027343749996
,330.12822119140617,301.72609439448888,0,0.31954752604166659
,330.22822973437496,299.15358136015305,0,0.31751302083333327
,330.32823831640621,300.04233906646971,0,0.32056477864583327
,330.42824685937501,300.47107943705004,0,0.32056477864583327
,330.52825540156243,298.16041840073456,0,0.31954752604166659
,330.62826390390626,299.50906901127183,0,0.32056477864583327
,330.72827245625001,296.33135192973913,0,0.31853027343749996
,330.82828104765622,295.67303411854334,0,0.31751302083333327
,330.92828959999997,298.85038778109532,0,0.32056477864583327
,331.02829815156247,297.56460102730256,0,0.31954752604166659
,331.12830666406251,297.53324391746725,0,0.32056477864583327
,331.228315215625,298.01407163690266,0.10000000000000001,0.32056477864583327
,331.32832380781247,303.33704347901289,0.10000000000000001,0.32056477864583327
,331.42833235937496,300.77435236192036,0.10000000000000001,0.32259928385416659
,331.52834091171871,296.66576565125951,0.10000000000000001,0.32158203124999996
,331.62834942265624,293.80301616969109,0.10000000000000001,0.32056477864583327
,331.72835797109371,293.21812044723617,0.10000000000000001,0.32056477864583327
,331.82836655937501,292.02764963848881,0.10000000000000001,0.31853027343749996
,331.92837510781249,293.36433808869816,0.10000000000000001,0.31954752604166659
,332.02838365624996,296.09100452888919,0.10000000000000001,0.32158203124999996
,332.12839216406246,294.11638057240879,0.10000000000000001,0.32056477864583327
,332.22840071249993,295.28644012212072,0.10000000000000001,0.32158203124999996
,332.32840930156249,295.67303411854334,0.10000000000000001,0.32259928385416659
,332.42841784999996,294.64914337240589,0.10000000000000001,0.32056477864583327
,332.52842639843743,296.12235359561646,0.10000000000000001,0.32361653645833327
,332.62843490624994,295.22375181856273,0.10000000000000001,0.32158203124999996
,332.72844345390627,293.23900842373013,0.10000000000000001,0.31954752604166659
,332.82845204218745,295.99695840189764,0.10000000000000001,0.32056477864583327
,332.92846059062492,296.2582016130018,0.10000000000000001,0.32056477864583327
,333.02846913828125,297.52279158553625,0.10000000000000001,0.32158203124999996
,333.12847764609376,298.45312287106992,0.10000000000000001,0.32259928385416659
,333.22848619453123,296.5821603387364,0.10000000000000001,0.32056477864583327
,333.32849478203127,298.18132537990368,0.10000000000000001,0.32259928385416659
,333.42850333046874,298.94448070670802,0.10000000000000001,0.32259928385416659
,333.52851187968747,297.77365278642668,0.10000000000000001,0.32158203124999996
,333.62852039296877,300.15736409889195,0.10000000000000001,0.32463378906249996
,333.72852894687492,297.90954048028766,0.10000000000000001,0.32158203124999996
,333.82853753984375,297.23013403512135,0.10000000000000001,0.32158203124999996
,333.92854609375001,300.55473949055153,0.10000000000000001,0.32361653645833327
,334.02855464765628,300.36650592362957,0.10000000000000001,0.32259928385416659
,334.12856316093746,300.68023163452148,0.10000000000000001,0.32361653645833327
,334.22857171484372,301.64241921844223,0.10000000000000001,0.32361653645833327
,334.3285803085937,300.27239124217834,0,0.32259928385416659
,334.42858886171871,296.18505226467215,0,0.32463378906249996
,334.52859741484372,297.04200497476774,0,0.32361653645833327
,334.6286059265625,297.58550586216603,0,0.32259928385416659
,334.728614478125,299.56134835175692,0,0.32259928385416659
,334.82862307031246,299.87503371374618,0,0.32056477864583327
,334.92863162187496,301.40185899833693,0,0.32259928385416659
,335.02864017343745,302.65705120374798,0,0.32259928385416659
,335.12864868515624,300.24101999423607,0,0.32056477864583327
,335.22865723749999,300.82664225279308,0,0.32259928385416659
,335.3286658289062,301.44369492612208,0,0.32259928385416659
,335.42867438046869,300.40833512151767,0,0.32158203124999996
,335.52868293203119,301.29727034838703,0,0.32361653645833327
,335.62869144296872,299.9586858280432,0,0.32158203124999996
,335.72869999374996,297.34510485741339,0,0.31954752604166659
,335.82870858437502,299.19540235869346,0,0.32158203124999996
,335.92871713515626,299.03857510424018,0,0.32056477864583327
,336.0287256859375,299.60317214463402,0,0.32158203124999996
,336.12873419687492,300.41879246424094,0,0.32259928385416659
,336.22874274765627,298.22313956171109,0,0.32056477864583327
,336.32875133828122,298.6517520145407,0.10000000000000001,0.32259928385416659
,336.42875988828121,307.44971486414181,0.10000000000000001,0.32361653645833327
,336.52876844140621,300.3455914285766,0.10000000000000001,0.32158203124999996
,336.62877695390625,298.44266888989904,0.10000000000000001,0.32259928385416659
,336.72878550625001,294.89987396111042,0.10000000000000001,0.32056477864583327
,336.82879409921873,293.50011537737112,0.10000000000000001,0.31954752604166659
,336.92880265156248,296.27910160477319,0.10000000000000001,0.32158203124999996
,337.02881120468749,295.86111684551622,0.10000000000000001,0.32056477864583327
,337.12881971718753,295.3282327312283,0.10000000000000001,0.32158203124999996
,337.22882826953128,297.25103764851895,0.10000000000000001,0.32259928385416659
,337.3288368625,295.46406095287125,0.10000000000000001,0.32056477864583327
,337.42884541562501,297.02110213121466,0.10000000000000001,0.32259928385416659
,337.52885397031253,297.24058583222796,0.10000000000000001,0.32158203124999996
,337.62886248515622,295.29688824391383,0.10000000000000001,0.32056477864583327
,337.72887104062499,295.63123884043034,0.10000000000000001,0.32056477864583327
,337.82887963515623,295.98650893173425,0.10000000000000001,0.31853027343749996
,337.92888818984375,296.72847045581568,0.10000000000000001,0.31954752604166659
,338.02889674531252,299.23722364558432,0.10000000000000001,0.32158203124999996
,338.12890525937496,298.59948054343937,0.10000000000000001,0.31954752604166659
,338.22891381484374,298.5367553846491,0.10000000000000001,0.31954752604166659
,338.32892240937497,299.96914242143663,0.10000000000000001,0.32158203124999996
,338.42893096093746,298.78765998400019,0.10000000000000001,0.31954752604166659
,338.52893950937494,299.37314481456303,0.10000000000000001,0.32056477864583327
,338.62894801718744,300.03188235030046,0.10000000000000001,0.31954752604166659
,338.72895656562503,296.90613787394938,0.10000000000000001,0.31649576822916659
,338.82896515468747,299.74955765707352,0.10000000000000001,0.31853027343749996
,338.92897370312494,300.97305621132563,0.10000000000000001,0.31853027343749996
,339.02898225156252,300.76389443494162,0.10000000000000001,0.31853027343749996
,339.12899075937503,302.93950146008632,0.10000000000000001,0.32056477864583327
,339.2289993078125,301.12993199674656,0.10000000000000001,0.31853027343749996
,339.32900789687494,301.20314199605491,0.10000000000000001,0.31954752604166659
,339.42901644765618,303.31611965312794,0,0.32056477864583327
,339.52902499765617,294.86853198821564,0,0.31853027343749996
,339.62903350781244,297.11516553488229,0,0.31853027343749996
,339.72904205859368,298.74584181782922,0,0.31751302083333327
,339.82905064921874,299.23722364558432,0,0.31547851562499996
,339.92905919921873,303.36842933421326,0,0.31853027343749996
,340.02906774999997,303.46258773608935,0,0.31751302083333327
,340.12907626015624,302.43737569485711,0,0.31751302083333327
,340.22908481015622,304.06941612649814,0,0.31954752604166659
,340.32909339999992,302.02942573522409,0,0.31751302083333327
,340.42910195000002,302.23862776671569,0,0.31853027343749996
,340.52911049921875,302.81396658687828,0,0.31954752604166659
,340.62911900859376,300.66977386148972,0,0.31751302083333327
,340.72912755781249,299.72864522832913,0,0.31751302083333327
,340.82913614765619,299.81229536766682,0,0.31649576822916659
,340.92914469687503,299.43587868380348,0,0.31649576822916659
,341.02915324687501,301.61104130031003,0,0.31853027343749996
,341.12916175625003,300.51290932595083,0,0.31751302083333327
,341.22917030546876,299.21631296612009,0,0.31649576822916659
,341.32917889374994,300.31421981600261,0,0.31853027343749996
,341.42918744140627,298.81902380043744,0,0.31751302083333327
,341.52919598906249,298.47403088880014,0,0.31751302083333327
,341.62920449687499,298.70402394430459,0,0.31853027343749996
,341.72921304453121,294.81629577833377,0,0.31446126302083327
,341.82922163281251,296.15370284093262,0,0.31547851562499996
,341.92923018046872,298.09769791076212,0,0.31649576822916659
,342.02923872812494,296.68666717474952,0,0.31547851562499996
,342.12924723515619,297.86772854335919,0,0.31853027343749996
,342.22925578281252,296.63441351246701,0,0.31649576822916659
,342.32926437421872,294.52378254488525,0,0.31649576822916659
,342.42927292421871,296.46720508002278,0.10000000000000001,0.31853027343749996
,342.52928147499995,302.68843399426743,0.10000000000000001,0.31751302083333327
,342.62928998515622,297.32420089919822,0.10000000000000001,0.31649576822916659
,342.7292985351562,293.98058699967868,0.10000000000000001,0.31649576822916659
,342.82930712578127,290.70176373299046,0.10000000000000001,0.31344401041666659
,342.92931567656251,292.54975093741069,0.10000000000000001,0.31649576822916659
,343.02932422656249,293.29122874146151,0.10000000000000001,0.31649576822916659
,343.12933273750002,291.17152407622183,0.10000000000000001,0.31547851562499996
,343.22934128828126,292.9361412140035,0.10000000000000001,0.31649576822916659
,343.32934988124998,292.42444160066117,0.10000000000000001,0.31649576822916659
,343.42935843437499,292.23648353545519,0.10000000000000001,0.31649576822916659
,343.52936698828125,294.16860981593857,0.10000000000000001,0.31853027343749996
,343.62937550078118,292.24692546270052,0.10000000000000001,0.31547851562499996
,343.72938405468744,290.41992981689799,0.10000000000000001,0.31446126302083327
,343.82939264765628,292.70639204512338,0.10000000000000001,0.31446126302083327
,343.92940120078117,292.81082217978695,0.10000000000000001,0.31446126302083327
,344.02940975390618,294.85808470506208,0.10000000000000001,0.31649576822916659
,344.12941826718748,295.55809787901626,0.10000000000000001,0.31649576822916659
,344.22942681874997,293.98058699967868,0.10000000000000001,0.31547851562499996
,344.32943540937492,296.08055487969523,0.10000000000000001,0.31751302083333327
,344.42944395937502,295.97605948149385,0.10000000000000001,0.31649576822916659
,344.52945251015626,294.50288936422589,0.10000000000000001,0.31649576822916659
,344.62946102031242,296.05965564091662,0.10000000000000001,0.31649576822916659
,344.72946957109377,292.98835840086326,0.10000000000000001,0.31344401041666659
,344.82947816171873,293.813461343364,0.10000000000000001,0.31344401041666659
,344.92948671171871,296.92704029198302,0.10000000000000001,0.31547851562499996
,345.02949526249995,295.56854652731687,0.10000000000000001,0.31344401041666659
,345.12950377265622,297.37646093813964,0.10000000000000001,0.31547851562499996
,345.22951232421872,297.31374894878991,0.10000000000000001,0.31446126302083327
,345.32952091562493,296.03875648165808,0.10000000000000001,0.31446126302083327
,345.42952946640617,298.67266073145038,0.10000000000000001,0.31649576822916659
,345.52953801796878,297.48098244804754,0.10000000000000001,0.31446126302083327

trace_size,114
trace_types,5,4
trace_names,,Value
trace_units,,
devices,Platform,Platform
raster,OnChange,OnChange
description,,
displayidentifier,,
path,,Model Root/PumpFlow
flags,,2
min,,-1.797693135e+308
max,,1.797693135e+308
minWeak,,-1.797693135e+308
maxWeak,,1.797693135e+308
trace_values,-2.1023483390625302,0
,0.95963876093748013,0
,4.0267107609374762,0
,7.0826328609374514,0
,10.131271460937455,0
,13.196615360937471,0.10000000000000001
,16.26061126093748,0.10000000000000001
,19.319179660937493,0.10000000000000001
,22.380610060937499,0.10000000000000001
,25.446723560937471,0.10000000000000001
,28.506673660937452,0.10000000000000001
,31.573143260937456,0.10000000000000001
,34.63665446093745,0.10000000000000001
,37.694617360937457,0.10000000000000001
,40.756626160937458,0.10000000000000001
,43.834652760937445,0.10000000000000001
,46.900694960937471,0.10000000000000001
,49.960650260937484,0.10000000000000001
,53.020651060937496,0.10000000000000001
,56.088690760937482,0.10000000000000001
,59.150609660937448,0.10000000000000001
,62.208596060937452,0.10000000000000001
,65.274737060937468,0.10000000000000001
,68.338643460937476,0.10000000000000001
,71.396572660937466,0.10000000000000001
,74.46462226093746,0.10000000000000001
,77.524624560937468,0.10000000000000001
,80.584647660937492,0.10000000000000001
,83.649613360937451,0.10000000000000001
,86.712654360937449,0.10000000000000001
,89.770607260937481,0.10000000000000001
,92.832648560937457,0.10000000000000001
,95.900668560937447,0.10000000000000001
,98.958609260937465,0.10000000000000001
,102.02564086093747,0.10000000000000001
,105.08661356093745,0.10000000000000001
,108.14663766093747,0.10000000000000001
,111.20863256093747,0.10000000000000001
,114.27461936093749,0
,117.33464256093748,0
,120.40058556093749,0
,123.46265456093749,0.10000000000000001
,126.52316456093746,0
,129.5886023609375,0.10000000000000001
,132.6466142609375,0
,135.70978356093747,0
,138.77465566093747,0.10000000000000001
,141.83962656093746,0
,144.8966147609375,0
,147.96464866093748,0.10000000000000001
,151.02663486093746,0
,154.08264666093748,0.10000000000000001
,157.15060136093746,0
,160.21266086093749,0.10000000000000001
,163.27065186093745,0
,166.33866046093749,0.10000000000000001
,169.39903276093747,0.10000000000000001
,172.45764936093747,0
,175.52461116093747,0.10000000000000001
,178.58865936093747,0.10000000000000001
,181.64673866093744,0
,184.70766336093749,0.10000000000000001
,187.77470316093746,0
,190.83459746093746,0.10000000000000001
,193.90261636093749,0
,196.95917036093749,0.10000000000000001
,200.02160296093746,0
,203.08268356093748,0
,206.1518683609375,0
,209.20963366093747,0.10000000000000001
,212.27357876093748,0.10000000000000001
,215.3356202609375,0
,218.39571676093749,0
,221.45863626093751,0
,224.52462886093747,0
,227.58357166093742,0
,230.65205596093745,0
,233.7076492609375,0
,236.77359356093746,0
,239.83962006093748,0
,242.89958286093747,0
,245.97759236093748,0
,249.03571716093745,0.10000000000000001
,252.09961046093747,0.10000000000000001
,255.16261816093743,0.10000000000000001
,258.22762386093746,0.10000000000000001
,261.28702106093749,0.10000000000000001
,264.35364836093743,0.10000000000000001
,267.41368746093747,0.10000000000000001
,270.47459136093744,0.10000000000000001
,273.5356564609375,0.10000000000000001
,276.60265116093751,0
,279.66061356093746,0.10000000000000001
,282.72596496093752,0.10000000000000001
,285.78965476093742,0.10000000000000001
,288.84858786093753,0
,291.91064656093749,0
,294.97365536093753,0
,298.03663806093743,0.10000000000000001
,301.10270806093752,0
,304.16563176093746,0.10000000000000001
,307.24222746093744,0.10000000000000001
,310.30759976093748,0
,313.36462666093746,0.10000000000000001
,316.43264806093748,0
,319.4916548609375,0.10000000000000001
,322.55161706093747,0
,325.61867996093747,0.10000000000000001
,328.68161816093743,0
,331.74066206093744,0.10000000000000001
,334.80162696093748,0
,337.86564106093749,0.10000000000000001
,340.92765846093744,0
,343.99360786093746,0.10000000000000001

