descriptions,General,User,Visitor
,General,DateTime,20/04/2025 17:18:22
,General,Origin,"Software revision: rl_tts1_top_hostpc_6e8x0_openloop.sdf, rl_tts1_top_hostpc_6e8x0_openloop.ppc\nVariable description: rl_tts1_top_hostpc_6e8x0_openloop.sdf\n    Platform / Device: Platform [DS1104 R&D Controller Board, assigned to 'ds1104']\nControlDesk version: 7.3"
,General,Description,
,Recording,StartCondition,None (Immediate Recording)
,Recording,StopCondition,None
,Measurement,XAxisOffset,0
,Measurement,Length,212.2181415
,Measurement,StartTimestamp,1614.838044
,Measurement,StopTimestamp,1827.056186
,MDF,Department,
,MDF,Project,
,MDF,MeasurementObject,

trace_size,2123
trace_types,5,4,4,4
trace_names,,In1,In1,In1
trace_units,,,,
devices,Platform,Platform,Platform,Platform
raster,HostService,HostService,HostService,HostService
description,,,,
displayidentifier,,,,
path,,Model Root/Height_T1\n,Model Root/TTS dSPACE RTI1104/PumpLeft,Model Root/TTS dSPACE RTI1104/ValvePos_LD
flags,,2,2,2
min,,-1.797693135e+308,-1.797693135e+308,-1.797693135e+308
max,,1.797693135e+308,1.797693135e+308,1.797693135e+308
minWeak,,-1.797693135e+308,-1.797693135e+308,-1.797693135e+308
maxWeak,,1.797693135e+308,1.797693135e+308,1.797693135e+308
trace_values,0,-21.508976222221445,0,0.81393229166666659
,0.10000850546862239,-22.199191295873327,0,0.81291503906249996
,0.20001709218740871,-22.891021620528868,0,0.81189778645833333
,0.30002559921854299,-21.326127918089838,0,0.81291503906249996
,0.40003418593732931,-19.336177713034932,0,0.81291503906249996
,0.50004273281228961,-21.07313968832964,0,0.81291503906249996
,0.60005123984365127,-20.974813734373409,0,0.81291503906249996
,0.70005982734369354,-21.382376902469158,0,0.81291503906249996
,0.80006833359357188,-21.776419478381211,0,0.81189778645833333
,0.90007692109361415,-20.567810787467955,0,0.81291503906249996
,1.0000854679685744,-21.39644081920796,0,0.81291503906249996
,1.1000939757811921,-24.791286651713392,0,0.81088053385416659
,1.2001025687497986,-23.088985360948573,0,0.81189778645833333
,1.3001110812499519,-22.650815309946928,0,0.81088053385416659
,1.4001196742185584,-21.424570657989094,0,0.81189778645833333
,1.5001282273435663,-20.960769834674519,0,0.81189778645833333
,1.6001367398437196,-22.608446227058412,0,0.81088053385416659
,1.7001453328123262,-22.933431253048887,0,0.81189778645833333
,1.8001538460937354,-21.691937590076765,0,0.81189778645833333
,1.9001624390623419,-22.29792509757084,0,0.81088053385416659
,2.0001709914060939,-22.12868733552412,0,0.81189778645833333
,2.1001795023437353,-25.660406039004805,0,0.80884602864583333
,2.2001880906248061,-25.332404061096121,0,0.80884602864583333
,2.3001965992186797,-22.410804125981088,0,0.80986328124999996
,2.4002051882812339,-22.156886902053007,0,0.80986328124999996
,2.5002137367187061,-21.80458547067408,0,0.80986328124999996
,2.6002222453123522,-21.269889622192895,0,0.81088053385416659
,2.7002308343749064,-23.797084262087882,0,0.80884602864583333
,2.8002393421872966,-20.497694352223519,0,0.81189778645833333
,2.9002479312498508,-22.12868733552412,0,0.80986328124999996
,3.000256479687323,-23.103130707231326,0,0.81088053385416659
,3.1002649882811966,-24.407411369598158,0,0.80884602864583333
,3.2002735781250067,-26.031631397521561,0,0.80782877604166659
,3.3002820867186529,-23.754550386564365,0,0.80884602864583333
,3.400290676562463,-21.734175518191059,0,0.80884602864583333
,3.5002992257811911,-23.357862887838465,0,0.80884602864583333
,3.6003077343748373,-21.283948194387222,0,0.80986328124999996
,3.7003163242186474,-22.213294105858424,0,0.80884602864583333
,3.8003248328122936,-22.340249681583192,0,0.80884602864583333
,3.9003334226561037,-21.241774480909335,0,0.80986328124999996
,4.0003419718748319,-22.67906474097115,0,0.80884602864583333
,4.1003504789061935,-25.674675285363048,0,0.80681152343749996
,4.2003590664062358,-23.499475797287882,0,0.80782877604166659
,4.3003675734373701,-22.735571707602869,0,0.80681152343749996
,4.4003761609374124,-20.736157972335285,0,0.80884602864583333
,4.5003847085936286,-20.077343783032187,0,0.80884602864583333
,4.6003932156249903,-21.621554442263498,0,0.80884602864583333
,4.7004018031248052,-21.720095538690224,0,0.80884602864583333
,4.8004103101561668,-20.371526567134413,0,0.80986328124999996
,4.9004188976562091,-21.917276270344058,0,0.80884602864583333
,5.0004274453124253,-21.045043226431034,0,0.80986328124999996
,5.1004359507810477,-23.683674215893017,0,0.80782877604166659
,5.2004445359373221,-23.131423432740235,0,0.80782877604166659
,5.3004530414061719,-19.126749448297204,0,0.80986328124999996
,5.4004616273437023,-19.741491950356075,0,0.80986328124999996
,5.5004701726561507,-19.461905645939005,0,0.81088053385416659
,5.6004786781250004,-18.568995199568498,0,0.81088053385416659
,5.7004872632810475,-21.269889622192895,0,0.80986328124999996
,5.8004957687498973,-18.736211519345922,0,0.81189778645833333
,5.9005043539061717,-19.769465079800444,0,0.81189778645833333
,6.000512899999876,-21.382376902469158,0,0.81088053385416659
,6.1005214062499817,-21.706016229344122,0,0.81088053385416659
,6.2005299921875121,-23.244621451902248,0,0.80884602864583333
,6.3005384984373904,-21.480838358889027,0,0.80986328124999996
,6.4005470851561768,-18.165277166411709,0,0.81189778645833333
,6.5005556312498811,-20.287444543729542,0,0.81088053385416659
,6.6005641374999868,-19.657588387538951,0,0.81088053385416659
,6.7005727242185458,-19.741491950356075,0,0.81088053385416659
,6.8005812304686515,-20.259422502875726,0,0.81088053385416659
,6.9005898164061819,-18.819854992206146,0,0.81291503906249996
,7.0005983640623981,-19.503826798081505,0,0.81189778645833333
,7.1006068726560443,-22.933431253048887,0,0.80986328124999996
,7.2006154609373425,-20.708093463209185,0,0.81088053385416659
,7.3006239687499601,-20.371526567134413,0,0.81088053385416659
,7.4006325570312583,-19.029066800253165,0,0.81189778645833333
,7.5006411046874746,-17.845476406729148,0,0.81291503906249996
,7.6006496124998648,-19.657588387538951,0,0.81088053385416659
,7.700658200781163,-19.461905645939005,0,0.81291503906249996
,7.8006667085935533,-16.971256712741109,0,0.81393229166666659
,7.9006752992186193,-19.056972848807117,0,0.81291503906249996
,8.0006838539061391,-17.63709580476673,0,0.81494954427083333
,8.1006923679685769,-20.736157972335285,0,0.81291503906249996
,8.2007009617186668,-20.932684033383723,0,0.81291503906249996
,8.3007094757811046,-17.526019133691179,0,0.81291503906249996
,8.4007180695311945,-18.067910084609508,0,0.81494954427083333
,8.5007266242187143,-18.596858050750445,0,0.81596679687499996
,8.6007351374998962,-16.459019851473283,0,0.81698404947916659
,8.700743732031242,-19.182582538889978,0,0.81698404947916659
,8.8007522460936798,-16.929691168705752,0,0.81901855468749996
,8.9007608359374899,-17.401107418230364,0,0.81800130208333333
,9.0007693835937062,-19.615645504260073,0,0.81800130208333333
,9.1007778914060964,-20.035341494233357,0,0.81800130208333333
,9.2007864789061387,-20.245412475912055,0,0.81698404947916659
,9.3007949867187563,-18.34618640003178,0,0.81901855468749996
,9.4008035742185712,-16.237784398593373,0,0.82003580729166659
,9.5008121218750148,-17.775999985671607,0,0.81901855468749996
,9.600820629687405,-17.734321920916653,0,0.82003580729166659
,9.7008292171874473,-17.748213960352178,0,0.82003580729166659
,9.8008377249998375,-17.748213960352178,0,0.82105305989583333
,9.9008463156249036,-16.597375435299263,0,0.82207031249999996
,10.000854865624888,-17.373356377382297,0,0.82105305989583333
,10.100863376562302,-20.427594506142622,0,0.82003580729166659
,10.200871966406112,-17.94277066943944,0,0.82105305989583333
,10.300880477343753,-17.650983304748927,0,0.82105305989583333
,10.400889067968592,-16.846577477556377,0,0.82207031249999996
,10.500897617968576,-15.906238661146194,0,0.82308756510416659
,10.600906128124961,-17.609322749314146,0,0.82207031249999996
,10.7009147187498,-16.971256712741109,0,0.82308756510416659
,10.800923229687442,-15.933853402110412,0,0.82410481770833333
,10.900931823437304,-17.803788606752139,0,0.82308756510416659
,11.000940375781056,-16.016712965172992,0,0.82410481770833333
,11.100948889062465,-19.419990415735832,0,0.82207031249999996
,11.200957482031072,-19.364112650531677,0,0.82207031249999996
,11.300965995312481,-16.320728456122822,0,0.82410481770833333
,11.400974588281088,-16.805029326436383,0,0.82308756510416659
,11.500983141406095,-16.168681970605324,0,0.82410481770833333
,11.600991654687505,-16.11341155462074,0,0.82410481770833333
,11.701000247656111,-18.026191094350139,0,0.82410481770833333
,11.801008757812497,-14.803738417923299,0,0.8261393229166667
,11.901017345312312,-16.445187824678307,0,0.82512207031249996
,12.001025892968755,-16.971256712741109,0,0.82512207031249996
,12.101034400781145,-18.179189353043437,0,0.82410481770833333
,12.201042988281188,-19.168623281691698,0,0.82308756510416659
,12.301051495312322,-16.459019851473283,0,0.82512207031249996
,12.40106008359362,-15.244250233871988,0,0.82512207031249996
,12.501068631249836,-17.456617263685889,0,0.82512207031249996
,12.601077138281198,-15.713007001224522,0,0.8261393229166667
,12.70108572578124,-17.387231574378344,0.10000000000000001,0.82512207031249996
,12.801094238281166,-6.1665650389680184,0.10000000000000001,0.8261393229166667
,12.901102830468744,-10.027441875792357,0.10000000000000001,0.8261393229166667
,13.001111383593752,-15.271803800617242,0.10000000000000001,0.82512207031249996
,13.101119896093678,-18.555064753808431,0.10000000000000001,0.82207031249999996
,13.201128489062512,-18.026191094350139,0.10000000000000001,0.82207031249999996
,13.301137001562438,-17.94277066943944,0.10000000000000001,0.82207031249999996
,13.401145594531044,-15.478536622841887,0.10000000000000001,0.82410481770833333
,13.501154146874796,-16.085780187137569,0.10000000000000001,0.82308756510416659
,13.60116265937495,-17.553784414371911,0.10000000000000001,0.82207031249999996
,13.7011712515623,-16.998970298443801,0.10000000000000001,0.82207031249999996
,13.801179757812406,-16.94354570554734,0.10000000000000001,0.81800130208333333
,13.901188343749936,-16.94354570554734,0.10000000000000001,0.81088053385416659
,14.001196890624897,-16.63889463826952,0.10000000000000001,0.80375976562499996
,14.101205396875002,-21.241774480909335,0.10000000000000001,0.79053548177083333
,14.201213983593561,-18.819854992206146,0.10000000000000001,0.78138020833333333
,14.301222489843667,-15.326918561140225,0.10000000000000001,0.77120768229166659
,14.401231076562453,-14.405084571863146,0.10000000000000001,0.75900065104166659
,14.501239622656158,-12.788428893993725,0.10000000000000001,0.74984537760416659
,14.601248128906263,-12.624510632384411,0.10000000000000001,0.73662109374999996
,14.701256716406078,-13.403921499855912,0.10000000000000001,0.72441406249999996
,14.80126522343744,-9.0272332033344824,0.10000000000000001,0.71424153645833333
,14.901273810937482,-10.366100728929702,0.10000000000000001,0.70101725260416659
,15.001282358593699,-9.9191513059376764,0.10000000000000001,0.68881022135416659
,15.101290865624833,-11.901607010837186,0.10000000000000001,0.67456868489583333
,15.201299453124875,-12.597199625487706,0.10000000000000001,0.66134440104166659
,15.301307960156237,-9.1892043657020395,0.10000000000000001,0.65218912760416659
,15.401316546874796,-8.0975785288682829,0.10000000000000001,0.64099934895833333
,15.501325094531239,-8.3936801681088706,0.10000000000000001,0.62879231770833333
,15.601333601562374,-6.7285099899726326,0.10000000000000001,0.61760253906249996
,15.70134218828116,-7.0098725827077288,0.10000000000000001,0.60539550781249996
,15.801350695312294,-4.6863980522110964,0.10000000000000001,0.59420572916666659
,15.901359282812336,-4.4071725760943394,0.10000000000000001,0.58301595052083333
,16.001367829687297,-6.9428578448685059,0.10000000000000001,0.56877441406249996
,16.101376336718658,-7.3451683431763044,0.10000000000000001,0.55656738281249996
,16.201384923437445,-5.512271583449607,0.10000000000000001,0.54334309895833321
,16.301393430468579,-4.5268093846849062,0.10000000000000001,0.53113606770833321
,16.401402017187365,-0.86588860187633188,0.10000000000000001,0.52096354166666659
,16.501410564843582,-0.99729600198926249,0.10000000000000001,0.50773925781249996
,16.601419071874943,-2.0110147084497534,0.10000000000000001,0.49451497395833327
,16.701427663281265,-1.786919353013424,0.10000000000000001,0.48230794270833327
,16.801436174999935,-1.1813605019683528,0.10000000000000001,0.47010091145833327
,16.901444765625001,-0.62949625045692059,0.10000000000000001,0.45891113281249996
,17.001453317187497,2.2322386708971749,0.10000000000000001,0.44772135416666659
,17.101461828124911,-1.2997457552060148,0.10000000000000001,0.43347981770833327
,17.201470419531233,0.17026816147320645,0.10000000000000001,0.42229003906249996
,17.301478931249903,2.3492817065626888,0.10000000000000001,0.41110026041666659
,17.401487521874969,2.6871591700749846,0.10000000000000001,0.39991048177083327
,17.501496073437465,5.1838908058211963,0.10000000000000001,0.38973795572916659
,17.601504583593623,4.9002920463127353,0.10000000000000001,0.37753092447916659
,17.70151317421869,3.530254827682846,0.10000000000000001,0.36532389322916659
,17.801521685156104,6.854504903292618,0.10000000000000001,0.35616861979166659
,17.901530276562426,6.1230948569041672,0.10000000000000001,0.34294433593749996
,18.001538827343666,5.8403419413539019,0.10000000000000001,0.33175455729166659
,18.101547337499824,4.977662563906005,0.10000000000000001,0.31853027343749996
,18.201555928906146,5.0550140225466293,0.10000000000000001,0.30428873697916659
,18.30156443984356,8.771229413797542,0.10000000000000001,0.29513346354166659
,18.401573030468626,9.4584293918902098,0.10000000000000001,0.28699544270833327
,18.501581581249866,7.3667659478405838,0.10000000000000001,0.2849609374999999
,18.601590090624995,10.106095068072179,0.10000000000000001,0.28597819010416659
,18.701598679687322,10.029967215599605,0.10000000000000001,0.2849609374999999
,18.801607189062452,11.296408110506434,0.10000000000000001,0.28597819010416659
,18.901615778125006,13.249586930129645,0.10000000000000001,0.28699544270833327
,19.001624327343734,11.2079198542298,0.10000000000000001,0.2849609374999999
,19.101632836718636,9.8268709238495511,0.10000000000000001,0.28394368489583327
,19.201641426562446,11.157344187757843,0.10000000000000001,0.28292643229166659
,19.301649935156092,12.79699815169888,0.10000000000000001,0.28292643229166659
,19.401658524999903,16.08897897743276,0.10000000000000001,0.2849609374999999
,19.501667073437375,16.014245952654413,0.10000000000000001,0.28394368489583327
,19.601675581249992,15.453203830958792,0.10000000000000001,0.28292643229166659
,19.701684168749807,16.872649627717088,0.10000000000000001,0.2849609374999999
,19.801692676562425,17.617270373639613,0.10000000000000001,0.28394368489583327
,19.901701264062467,18.768124150172291,0.10000000000000001,0.2849609374999999
,20.001709811718683,19.656372743543457,0.10000000000000001,0.2849609374999999
,20.101718319531074,15.365844042979589,0.10000000000000001,0.28089192708333327
,20.201726907812372,17.369250390491523,0.10000000000000001,0.2819091796874999
,20.301735414843733,20.591406468668289,0.10000000000000001,0.28292643229166659
,20.401744003124804,20.984323959467936,0.10000000000000001,0.28292643229166659
,20.501752551562504,22.71016564448437,0.10000000000000001,0.28394368489583327
,20.601761059374894,23.088425332091994,0.10000000000000001,0.28394368489583327
,20.701769647656192,21.781023874324362,0.10000000000000001,0.28394368489583327
,20.801778155468583,24.293600650681945,0.10000000000000001,0.2849609374999999
,20.901786742968625,22.832231084706777,0.10000000000000001,0.28292643229166659
,21.001795291406097,23.222545048301193,0.10000000000000001,0.28394368489583327
,21.101803799218715,22.636905231502801,0.10000000000000001,0.2819091796874999
,21.201812387500013,22.221462608232741,0.10000000000000001,0.28089192708333327
,21.301820895312403,26.232411855828055,0.10000000000000001,0.28292643229166659
,21.401829482812445,28.244482509239219,0.10000000000000001,0.28292643229166659
,21.501838036718709,27.631254757379118,0.10000000000000001,0.2819091796874999
,21.601846550781147,29.359954685272704,0.10000000000000001,0.28394368489583327
,21.701855145312493,27.402520519228808,0.10000000000000001,0.2819091796874999
,21.801863660156187,29.551506243050696,0.10000000000000001,0.28292643229166659
,21.901872254687305,31.318439929707431,0.10000000000000001,0.28394368489583327
,22.001880809374825,30.01797631543841,0.10000000000000001,0.2819091796874999
,22.101889324218746,28.484669631276631,0.10000000000000001,0.28089192708333327
,22.201897918749864,30.74634772175893,0.10000000000000001,0.28089192708333327
,22.301906433593558,31.556539744638222,0.10000000000000001,0.28089192708333327
,22.401915027343648,34.295160781262211,0.10000000000000001,0.28292643229166659
,22.501923576562376,34.767272837556163,0.10000000000000001,0.28292643229166659
,22.601932085937506,34.955945784880669,0.10000000000000001,0.28292643229166659
,22.701940674999832,35.45074717015887,0.10000000000000001,0.28292643229166659
,22.801949183593706,35.803766060494929,0.10000000000000001,0.28292643229166659
,22.901957773437289,35.897846854681966,0.10000000000000001,0.28292643229166659
,23.001966321874988,37.024937591401532,0.10000000000000001,0.28394368489583327
,23.10197483124989,33.905204261580622,0.10000000000000001,0.28089192708333327
,23.201983420312445,36.027168455903691,0.10000000000000001,0.28089192708333327
,23.301991929687347,38.59243490284419,0.10000000000000001,0.2819091796874999
,23.402000517187389,38.171966390430178,0.10000000000000001,0.28089192708333327
,23.502009063281093,40.385788658058154,0.10000000000000001,0.28292643229166659
,23.602017569531199,40.525172091662824,0.10000000000000001,0.2819091796874999
,23.702026156249985,39.525116922240748,0.10000000000000001,0.28089192708333327
,23.802034662499864,42.332515428310828,0.10000000000000001,0.28292643229166659
,23.90204324921865,41.232912237337331,0.10000000000000001,0.2819091796874999
,24.002051795312354,42.10128292135493,0.10000000000000001,0.2819091796874999
,24.102060302343716,41.522588979455392,0.10000000000000001,0.27987467447916659
,24.202068888281246,41.348809401016403,0.10000000000000001,0.2788574218749999
,24.302077394531125,43.970281683074106,0.10000000000000001,0.28089192708333327
,24.402085982031167,45.887594971078627,0.10000000000000001,0.2819091796874999
,24.502094528906127,44.981773247133447,0.10000000000000001,0.28089192708333327
,24.602103035937489,46.802767291488337,0.10000000000000001,0.28292643229166659
,24.702111622656048,45.566783034249312,0.10000000000000001,0.2819091796874999
,24.80212012968741,47.133996559435886,0.10000000000000001,0.2819091796874999
,24.902128716406196,47.65883089710168,0.10000000000000001,0.2819091796874999
,25.002137263281156,47.282389264790339,0.10000000000000001,0.2819091796874999
,25.102145769531262,45.371876650138034,0.10000000000000001,0.2788574218749999
,25.202154356249821,47.259563211836493,0.10000000000000001,0.2788574218749999
,25.302162862499927,48.262679463402847,0.10000000000000001,0.2788574218749999
,25.402171449999969,50.895387995072639,0.10000000000000001,0.27987467447916659
,25.502179997656185,51.923444850350847,0.10000000000000001,0.28089192708333327
,25.602188504687319,51.053717141040948,0.10000000000000001,0.2788574218749999
,25.702197092187362,52.363262091631753,0.10000000000000001,0.28089192708333327
,25.802205599218723,53.264005550425964,0.10000000000000001,0.28089192708333327
,25.902214186718766,53.027747576513434,0.10000000000000001,0.27987467447916659
,26.002222733593726,54.712413552619694,0.10000000000000001,0.28089192708333327
,26.10223124062486,51.709006330865975,0.10000000000000001,0.27784016927083327
,26.202239828124902,52.644952528454795,0.10000000000000001,0.27784016927083327
,26.302248337499805,55.932439700653561,0.10000000000000001,0.27987467447916659
,26.402256929687383,56.234114637603668,0.10000000000000001,0.2788574218749999
,26.502265480468623,57.238186873605756,0.10000000000000001,0.27987467447916659
,26.602273992187293,58.195485809196342,0.10000000000000001,0.27987467447916659
,26.702282583593615,56.379290608800943,0.10000000000000001,0.2788574218749999
,26.802291095312512,59.361478675461868,0.10000000000000001,0.28089192708333327
,26.902299686718607,58.640034354054805,0.10000000000000001,0.2788574218749999
,27.002308237499847,58.117643877603143,0.10000000000000001,0.2788574218749999
,27.102316749218744,58.351128564168349,0.10000000000000001,0.27784016927083327
,27.202325340624839,58.795521143591614,0.10000000000000001,0.27682291666666659
,27.30233385156248,61.198694729683581,0.10000000000000001,0.2788574218749999
,27.402342442187319,63.446408371264766,0.10000000000000001,0.2788574218749999
,27.502350992968559,62.136572511608975,0.10000000000000001,0.27784016927083327
,27.6023595039062,63.929787300760111,0.10000000000000001,0.27987467447916659
,27.702368094531039,63.841937243319236,0.10000000000000001,0.27987467447916659
,27.80237660546868,63.830954831562295,0.10000000000000001,0.2788574218749999
,27.902385196093746,65.322224589319987,0.10000000000000001,0.28089192708333327
,28.002393746874986,65.300328022308406,0.10000000000000001,0.27987467447916659
,28.1024022578124,63.468390959513414,0.10000000000000001,0.27784016927083327
,28.202410847656211,65.366014714641324,0.10000000000000001,0.2788574218749999
,28.302419355468601,66.546841704848305,0.10000000000000001,0.2788574218749999
,28.402427942968643,68.051509571756782,0.10000000000000001,0.2788574218749999
,28.502436491406115,69.801186879874635,0.10000000000000001,0.28089192708333327
,28.602444998437477,68.671662709744453,0.10000000000000001,0.27987467447916659
,28.702453586718548,69.660135251267803,0.10000000000000001,0.28089192708333327
,28.802462094531165,71.155454888234445,0.10000000000000001,0.28089192708333327
,28.902470682031208,70.094014454208846,0.10000000000000001,0.28089192708333327
,29.00247923046868,72.063516955171039,0.10000000000000001,0.2819091796874999
,29.10248773828107,69.920507475297129,0.10000000000000001,0.27987467447916659
,29.202496325781112,70.560020591825563,0.10000000000000001,0.27987467447916659
,29.30250483359373,73.476509017849224,0.10000000000000001,0.2819091796874999
,29.402513421093545,73.917966199554044,0.10000000000000001,0.2819091796874999
,29.502521968749988,74.509591234203782,0.10000000000000001,0.28394368489583327
,29.602530476562379,75.969736993446631,0.10000000000000001,0.2971679687499999
,29.702539064843677,74.477337628024756,0.10000000000000001,0.28292643229166659
,29.802547571874811,76.452014081781329,0.10000000000000001,0.2849609374999999
,29.902556160156109,76.494862716814396,0.10000000000000001,0.2849609374999999
,30.002564707812326,75.401176604216587,0.10000000000000001,0.28394368489583327
,30.102573215624943,75.93757012130618,0.10000000000000001,0.28394368489583327
,30.202581806250009,76.012623219156509,0.10000000000000001,0.28292643229166659
,30.302590317968679,77.522238006465372,0.10000000000000001,0.28394368489583327
,30.402598910156257,80.295365966654686,0.10000000000000001,0.28597819010416659
,30.502607461718753,79.922839150367381,0.10000000000000001,0.28597819010416659
,30.602615973437423,79.443524209372015,0.10000000000000001,0.28597819010416659
,30.702624565625001,81.092839446805513,0.10000000000000001,0.28699544270833327
,30.802633077343671,81.358424181676298,0.10000000000000001,0.28699544270833327
,30.902641668749993,82.716367995923207,0.10000000000000001,0.28902994791666659
,31.002650221093745,82.493790744811349,0.10000000000000001,0.28902994791666659
,31.102658733593671,79.731160843983687,0.10000000000000001,0.28597819010416659
,31.202667325781249,81.730043204383435,0.10000000000000001,0.28699544270833327
,31.302675838281175,82.779946462372848,0.10000000000000001,0.28699544270833327
,31.402684431250009,84.821541910444139,0.10000000000000001,0.28902994791666659
,31.502692983593761,86.235105613549948,0.10000000000000001,0.29004720052083327
,31.602701496093687,85.317703649503315,0.10000000000000001,0.2880126953124999
,31.702710088281265,85.497070276937251,0.10000000000000001,0.29004720052083327
,31.802718600781191,86.624866391044364,0.10000000000000001,0.2910644531249999
,31.902727192968541,85.264939068204697,0.10000000000000001,0.29004720052083327
,32.002735746093549,87.067012535076628,0.10000000000000001,0.2910644531249999
,32.102744257031191,84.758173881944145,0.10000000000000001,0.2880126953124999
,32.202752846093745,85.391566657918233,0.10000000000000001,0.2880126953124999
,32.302761354687391,89.021512531317086,0.10000000000000001,0.29004720052083327
,32.402769943749945,88.664668158066192,0.10000000000000001,0.28902994791666659
,32.502778492187417,90.520301740350334,0.10000000000000001,0.2910644531249999
,32.602787000781063,90.195668505300759,0.10000000000000001,0.29004720052083327
,32.702795589843618,89.32573015178609,0.10000000000000001,0.29004720052083327
,32.802804098437491,91.994949529457898,0.10000000000000001,0.29208170572916659
,32.902812687499818,91.095889110754754,0.10000000000000001,0.2910644531249999
,33.00282123593729,90.572647623877032,0.10000000000000001,0.2910644531249999
,33.102829744531164,90.499362275842131,0.10000000000000001,0.29004720052083327
,33.202838332812462,89.671742395667437,0.10000000000000001,0.2880126953124999
,33.302846841406108,92.997208198553537,0.10000000000000001,0.2910644531249999
,33.402855429687406,94.310570226769528,0.10000000000000001,0.2910644531249999
,33.502863978906134,93.018073718803848,0.10000000000000001,0.29004720052083327
,33.602872486718752,95.101628518857666,0.10000000000000001,0.29208170572916659
,33.702881075781079,93.987659676034099,0.10000000000000001,0.29004720052083327
,33.802889584374952,95.039206960472171,0.10000000000000001,0.2910644531249999
,33.902898172656251,95.756743446136085,0.10000000000000001,0.29208170572916659
,34.002906721093723,95.247258686078098,0.10000000000000001,0.29004720052083327
,34.102915230468625,93.539516654867867,0.10000000000000001,0.2880126953124999
,34.202923820312435,95.330463294891032,0.10000000000000001,0.28902994791666659
,34.302932329687337,95.611211291693053,0.10000000000000001,0.2880126953124999
,34.402940919531147,98.723799176932232,0.10000000000000001,0.2910644531249999
,34.502949469531131,98.609887005458603,0.10000000000000001,0.29004720052083327
,34.602957978906261,97.563208778657739,0.10000000000000001,0.28902994791666659
,34.702966568749844,99.313815304843615,0.10000000000000001,0.2910644531249999
,34.802975078124973,99.551771329448655,0.10000000000000001,0.2910644531249999
,34.9029836671873,99.003333843253174,0.10000000000000001,0.29004720052083327
,35.002992215625,100.30656914696068,0.10000000000000001,0.2910644531249999
,35.103000722656134,97.355782030255924,0.10000000000000001,0.28699544270833327
,35.20300930937492,98.257692945968628,0.10000000000000001,0.28699544270833327
,35.303017816406054,101.5252186658136,0.10000000000000001,0.28902994791666659
,35.403026403906097,100.93676788500996,0.10000000000000001,0.28699544270833327
,35.503034950781057,102.59784825452641,0.10000000000000001,0.28902994791666659
,35.603043457812419,103.10276645408048,0.10000000000000001,0.28902994791666659
,35.703052045312461,101.32911349089989,0.10000000000000001,0.28699544270833327
,35.803060551562339,103.8956313777001,0.10000000000000001,0.28902994791666659
,35.903069139062382,102.66999711685608,0.10000000000000001,0.2880126953124999
,36.003077687499854,103.26757542829652,0.10000000000000001,0.2880126953124999
,36.103086196093727,102.4535327448345,0.10000000000000001,0.28699544270833327
,36.203094785156054,101.79350055521752,0.10000000000000001,0.2849609374999999
,36.303103292968672,104.47182354889428,0.10000000000000001,0.28699544270833327
,36.403111882031226,105.79775476183016,0.10000000000000001,0.28699544270833327
,36.503120430468698,104.41010607915017,0.10000000000000001,0.28597819010416659
,36.603128939062344,106.28038108742356,0.10000000000000001,0.28699544270833327
,36.703137528124898,104.98597482201428,0.10000000000000001,0.28597819010416659
,36.803146036718545,106.04423285479311,0.10000000000000001,0.28597819010416659
,36.903154624999843,107.70630961312732,0.10000000000000001,0.28699544270833327
,37.003163176562339,105.84910965167455,0.10000000000000001,0.2849609374999999
,37.10317168749998,104.91401087528183,0.10000000000000001,0.28394368489583327
,37.203180278906075,106.08530631631122,0.10000000000000001,0.28292643229166659
,37.303188789843716,106.96796015794699,0.10000000000000001,0.28394368489583327
,37.403197381249811,108.86400236767805,0.10000000000000001,0.28394368489583327
,37.503205932812307,108.81280512109048,0.10000000000000001,0.28394368489583327
,37.603214443749948,108.56702240248667,0.10000000000000001,0.28292643229166659
,37.703223034375014,109.79534617048979,0.10000000000000001,0.28394368489583327
,37.803231546093684,109.6725796350273,0.10000000000000001,0.28292643229166659
,37.903240135156238,110.14310636375633,0.10000000000000001,0.28394368489583327
,38.003248681249943,110.99156989648084,0.10000000000000001,0.28394368489583327
,38.103257186718565,107.90105960184248,0.10000000000000001,0.28089192708333327
,38.203265772656096,109.21207557811989,0.10000000000000001,0.2819091796874999
,38.303274278906201,110.67475298913068,0.10000000000000001,0.2819091796874999
,38.403282864843732,111.50236864555409,0.10000000000000001,0.2819091796874999
,38.50329141015618,112.77832617782242,0.10000000000000001,0.28292643229166659
,38.603299916406058,112.21708567272638,0.10000000000000001,0.2819091796874999
,38.703308502343589,111.48194131274037,0.10000000000000001,0.28089192708333327
,38.803317007812439,113.76747277394288,0.10000000000000001,0.2819091796874999
,38.903325596874993,112.19667160861793,0.10000000000000001,0.28089192708333327
,39.003334147656233,113.36987745512259,0.10000000000000001,0.2819091796874999
,39.103342657812391,111.88020547850779,0.10000000000000001,0.2788574218749999
,39.203351248437457,111.73725551125612,0.10000000000000001,0.27784016927083327
,39.303359758593615,114.97981195991154,0.10000000000000001,0.27987467447916659
,39.403368349218681,115.41758049062192,0.10000000000000001,0.2788574218749999
,39.503376899218665,115.38704364602687,0.10000000000000001,0.27987467447916659
,39.603385410156079,116.42486961519471,0.10000000000000001,0.27987467447916659
,39.703393999999889,114.90853223404598,0.10000000000000001,0.2788574218749999
,39.803402510937303,116.58758700432257,0.10000000000000001,0.27987467447916659
,39.903411100781113,117.56345231068336,0.10000000000000001,0.28089192708333327
,40.003419649999842,115.67202438672975,0.10000000000000001,0.2788574218749999
,40.103428159374971,115.47865187577368,0.10000000000000001,0.27784016927083327
,40.203436749218554,115.82466528695052,0.10000000000000001,0.27682291666666659
,40.303445258593683,116.87229176873031,0.10000000000000001,0.27682291666666659
,40.403453848437493,120.20278837303779,0.10000000000000001,0.27987467447916659
,40.503462397656222,119.21871616385216,0.10000000000000001,0.2788574218749999
,40.603470907031124,119.36079067023361,0.10000000000000001,0.2788574218749999
,40.703479496874934,119.84779150915035,0.10000000000000001,0.2788574218749999
,40.803488007031092,119.75649195496767,0.10000000000000001,0.2788574218749999
,40.90349659921867,120.89224076442621,0.10000000000000001,0.27987467447916659
,41.003505150781166,120.62866614997408,0.10000000000000001,0.2788574218749999
,41.103513662499836,117.73618441894591,0.10000000000000001,0.2758056640624999
,41.203522254687414,120.05065791954557,0.10000000000000001,0.27682291666666659
,41.303530766406084,120.85169398655772,0.10000000000000001,0.27682291666666659
,41.403539358593662,121.8447634792167,0.10000000000000001,0.27682291666666659
,41.503547910156158,123.64681452828542,0.10000000000000001,0.2788574218749999
,41.603556422656084,122.12837430570373,0.10000000000000001,0.27682291666666659
,41.703565014062406,122.63468867382012,0.10000000000000001,0.27784016927083327
,41.803573526562332,124.80995639998464,0.10000000000000001,0.2788574218749999
,41.90358211874991,123.55575019764443,0.10000000000000001,0.27784016927083327
,42.003590671874917,124.95149926597072,0.10000000000000001,0.2788574218749999
,42.103599184374843,122.75617891714374,0.10000000000000001,0.2758056640624999
,42.203607777343677,122.31066709368206,0.10000000000000001,0.27478841145833327
,42.303616289843603,126.03289435115441,0.10000000000000001,0.27784016927083327
,42.403624882812437,125.78029401793604,0.10000000000000001,0.27682291666666659
,42.503633435156189,126.54808402999221,0.10000000000000001,0.27784016927083327
,42.603641948437371,127.24486427756942,0.10000000000000001,0.27784016927083327
,42.703650541406205,125.56808071698082,0.10000000000000001,0.27682291666666659
,42.803659048437339,128.26430343378212,0.10000000000000001,0.2788574218749999
,42.903667635937381,127.77988827176016,0.10000000000000001,0.27784016927083327
,43.003676183593598,127.24486427756942,0.10000000000000001,0.27784016927083327
,43.103684691406215,126.90155754497836,0.10000000000000001,0.27682291666666659
,43.203693278906258,126.39657354951559,0.10000000000000001,0.27478841145833327
,43.303701786718648,128.12302876530521,0.10000000000000001,0.27682291666666659
,43.40371037421869,130.91632985410149,0.10000000000000001,0.27784016927083327
,43.503718921874906,129.57563733853493,0.10000000000000001,0.27682291666666659
,43.603727428906041,130.56360172357131,0.10000000000000001,0.27784016927083327
,43.703736017187339,130.13016689809842,0.10000000000000001,0.27682291666666659
,43.803744527343724,130.86594379911844,0.10000000000000001,0.27682291666666659
,43.903753117968563,132.39714655975035,0.10000000000000001,0.2788574218749999
,44.003761667968547,131.2488473757748,0.10000000000000001,0.27682291666666659
,44.103770178124932,129.54538581156527,0.10000000000000001,0.2758056640624999
,44.203778768749999,131.60146032147026,0.10000000000000001,0.2758056640624999
,44.303787278906157,131.77270850647267,0.10000000000000001,0.2758056640624999
,44.403795869531223,133.39387166153023,0.10000000000000001,0.27682291666666659
,44.503804419531207,134.52096643749525,0.10000000000000001,0.27784016927083327
,44.603812929687365,133.03147660968983,0.10000000000000001,0.2758056640624999
,44.703821519531175,134.87307614470774,0.10000000000000001,0.27682291666666659
,44.803830030468589,135.41623408676338,0.10000000000000001,0.27682291666666659
,44.903838621093655,135.03402400171638,0.10000000000000001,0.27682291666666659
,45.003847171093639,136.66305588169303,0.10000000000000001,0.27784016927083327
,45.103855682031053,133.22274775583628,0.10000000000000001,0.27478841145833327
,45.203864272656119,134.19899339100454,0.10000000000000001,0.27478841145833327
,45.303872782812505,137.01487699363537,0.10000000000000001,0.2758056640624999
,45.403881373437343,136.80378970691305,0.10000000000000001,0.2758056640624999
,45.503889923437328,138.39158633741232,0.10000000000000001,0.27682291666666659
,45.603898434374969,138.45186541930644,0.10000000000000001,0.27682291666666659
,45.70390702265604,137.16564383366591,0.10000000000000001,0.2758056640624999
,45.803915530468657,140.30990001036156,0.10000000000000001,0.27784016927083327
,45.903924118749956,139.07467954599451,0.10000000000000001,0.27682291666666659
,46.003932666406172,139.52664417698406,0.10000000000000001,0.27682291666666659
,46.103941174218562,139.08472390727331,0.10000000000000001,0.2758056640624999
,46.20394976249986,138.22078903235604,0.10000000000000001,0.27377115885416659
,46.303958270312478,140.84200795366201,0.10000000000000001,0.2758056640624999
,46.403966857812293,141.58481588985433,0.10000000000000001,0.2758056640624999
,46.503975405468736,141.19335529974029,0.10000000000000001,0.2758056640624999
,46.603983914062383,142.86932116432001,0.10000000000000001,0.27682291666666659
,46.703992506249961,142.16691092437895,0.10000000000000001,0.2758056640624999
,46.804001017968631,142.71881528862889,0.10000000000000001,0.27682291666666659
,46.904009610156209,144.28380764265921,0.10000000000000001,0.27784016927083327
,47.004018161718705,142.97968853378632,0.10000000000000001,0.27682291666666659
,47.104026673437374,141.54466803166014,0.10000000000000001,0.27478841145833327
,47.204035265624952,142.71881528862889,0.10000000000000001,0.27478841145833327
,47.304043777343622,144.15341361584325,0.10000000000000001,0.2758056640624999
,47.404052368749944,146.44982333018135,0.10000000000000001,0.27682291666666659
,47.504060921093696,145.92846230341837,0.10000000000000001,0.27682291666666659
,47.604069432812366,145.78808682642472,0.10000000000000001,0.27682291666666659
,47.704078024999944,146.47990026809998,0.10000000000000001,0.27784016927083327
,47.80408653749987,147.31196321438875,0.10000000000000001,0.27784016927083327
,47.904095129687448,147.37210756937623,0.10000000000000001,0.27784016927083327
,48.0041036820312,148.30426747638779,0.10000000000000001,0.27784016927083327
,48.104112194531126,145.81816761485123,0.10000000000000001,0.27478841145833327
,48.204120786718704,147.36208355366739,0.10000000000000001,0.2758056640624999
,48.30412929921863,148.75526274618113,0.10000000000000001,0.2758056640624999
,48.404137891406208,148.87552294504951,0.10000000000000001,0.2758056640624999
,48.504146444531216,150.44874076814347,0.10000000000000001,0.27682291666666659
,48.60415495546863,150.49883793643653,0.10000000000000001,0.27682291666666659
,48.704163547656208,149.78742857628561,0.10000000000000001,0.27682291666666659
,48.804172059374878,152.13184986444247,0.10000000000000001,0.27784016927083327
,48.9041806507812,151.49070156541205,0.10000000000000001,0.27784016927083327
,49.004189203124952,151.48068328812735,0.10000000000000001,0.27784016927083327
,49.104197714062366,150.80943364195235,0.10000000000000001,0.2758056640624999
,49.204206306249944,149.70726566132009,0.10000000000000001,0.27377115885416659
,49.304214817968614,152.76294163879413,0.10000000000000001,0.2758056640624999
,49.404223409374936,153.44408159196672,0.10000000000000001,0.2758056640624999
,49.50423195937492,153.88480013131442,0.10000000000000001,0.27682291666666659
,49.604240464843542,154.98654039671237,0.10000000000000001,0.27682291666666659
,49.704249049999817,153.98496151231683,0.10000000000000001,0.2758056640624999
,49.80425755468741,154.88638514119924,0.10000000000000001,0.27682291666666659
,49.904266139843685,155.92797589034876,0.10000000000000001,0.27784016927083327
,50.004274684374877,155.02660234955431,0.10000000000000001,0.27682291666666659
,50.104283189062471,153.20368352628668,0.10000000000000001,0.27478841145833327
,50.204291774218746,155.12675686655319,0.10000000000000001,0.2758056640624999
,50.304300279687368,156.06818642681316,0.10000000000000001,0.2758056640624999
,50.404308864062386,157.98100261459024,0.10000000000000001,0.27682291666666659
,50.504317411718603,158.09116276226575,0.10000000000000001,0.27682291666666659
,50.60432591953122,157.48027288694237,0.10000000000000001,0.2758056640624999
,50.704334507812291,158.44167174348314,0.10000000000000001,0.27784016927083327
,50.804343016406165,159.5232422728472,0.10000000000000001,0.27784016927083327
,50.904351604687463,158.43165720983433,0.10000000000000001,0.27682291666666659
,51.004360153124935,159.58332975738011,0.10000000000000001,0.27784016927083327
,51.104368661718581,157.20987718731743,0.10000000000000001,0.27478841145833327
,51.204377249999879,157.73063816913725,0.10000000000000001,0.27377115885416659
,51.304385757812497,160.78509264416073,0.10000000000000001,0.2758056640624999
,51.404394346093568,160.39451632944019,0.10000000000000001,0.27478841145833327
,51.504402900781088,161.67642531295922,0.10000000000000001,0.27682291666666659
,51.604411415625009,162.05700349328538,0.10000000000000001,0.2758056640624999
,51.704420010156127,161.06550903505575,0.10000000000000001,0.2758056640624999
,51.804428524999821,163.48924367494971,0.10000000000000001,0.27682291666666659
,51.904437120312423,163.44917941804499,0.10000000000000001,0.27682291666666659
,52.004445674999943,162.63789881306724,0.10000000000000001,0.27682291666666659
,52.104454189843636,162.26732577051916,0.10000000000000001,0.2758056640624999
,52.204462784374982,161.82665280749507,0.10000000000000001,0.27377115885416659
,52.304471299218676,163.32898724983875,0.10000000000000001,0.27478841145833327
,52.404479892968766,166.37418734374569,0.10000000000000001,0.27682291666666659
,52.504488442187494,164.63112088532677,0.10000000000000001,0.27478841145833327
,52.604496951562396,166.2439486600918,0.10000000000000001,0.27682291666666659
,52.70450554062495,165.66290347007435,0.10000000000000001,0.2758056640624999
,52.804514049999852,166.18383905582056,0.10000000000000001,0.27682291666666659
,52.904522639062407,167.46625701628358,0.10000000000000001,0.27784016927083327
,53.004531188281135,166.99534916754055,0.10000000000000001,0.27682291666666659
,53.104539697656264,164.58103656374811,0.10000000000000001,0.27478841145833327
,53.204548286718591,166.23393036840514,0.10000000000000001,0.27478841145833327
,53.304556796093721,167.27588710402779,0.10000000000000001,0.27478841145833327
,53.404565385937303,169.01943279534203,0.10000000000000001,0.2758056640624999
,53.504573934375003,169.64078803941715,0.10000000000000001,0.27682291666666659
,53.604582442968649,169.20984268516719,0.10000000000000001,0.2758056640624999
,53.704591032031203,170.43259140804633,0.10000000000000001,0.27784016927083327
,53.804599540624849,170.42256802449498,0.10000000000000001,0.27784016927083327
,53.904608129687404,170.11185029276027,0.10000000000000001,0.27784016927083327
,54.004616678906132,171.35480637239772,0.10000000000000001,0.2788574218749999
,54.104625187500005,168.15763496321478,0.10000000000000001,0.27478841145833327
,54.204633776562332,169.11964793779578,0.10000000000000001,0.2758056640624999
,54.304642285156206,171.88614160844156,0.10000000000000001,0.27682291666666659
,54.404650872656248,171.51520478539459,0.10000000000000001,0.28902994791666659
,54.504659419531208,173.36008684393676,0.10000000000000001,0.2788574218749999
,54.604667926562342,172.88878551747842,0.10000000000000001,0.27784016927083327
,54.704676514062385,172.64813571086438,0.10000000000000001,0.26461588541666659
,54.804685021093746,175.33597804839229,0.10000000000000001,0.28597819010416659
,54.904693607812305,173.60076633102744,0.10000000000000001,0.2788574218749999
,55.004702155468749,174.83441363480057,0.10000000000000001,0.27987467447916659
,55.104710662499883,173.40019938148703,0.10000000000000001,0.27784016927083327
,55.20471924921867,172.70829724297425,0.10000000000000001,0.2758056640624999
,55.30472775703106,175.43629678546773,0.10000000000000001,0.27784016927083327
,55.40473634687487,176.41952641369204,0.10000000000000001,0.27784016927083327
,55.504744896874854,175.74729746171636,0.10000000000000001,0.27784016927083327
,55.604753406249984,177.51335241319498,0.10000000000000001,0.2788574218749999
,55.704761996093566,176.45966239561233,0.10000000000000001,0.2788574218749999
,55.804770505468696,177.32266726057156,0.10000000000000001,0.2788574218749999
,55.904779095312506,178.26613417254759,0.10000000000000001,0.27987467447916659
,56.00478764531249,177.19220295854421,0.10000000000000001,0.2788574218749999
,56.104796154687392,176.53993535534249,0.10000000000000001,0.27784016927083327
,56.204804744531202,177.25241680052306,0.10000000000000001,0.27682291666666659
,56.304813252343592,178.5371662815229,0.10000000000000001,0.27784016927083327
,56.404821837499867,180.76629531299307,0.10000000000000001,0.2788574218749999
,56.504830382812315,180.92699903681694,0.10000000000000001,0.2788574218749999
,56.604838888281165,180.14362764854377,0.10000000000000001,0.2788574218749999
,56.704847474218695,181.24842555124229,0.10000000000000001,0.27987467447916659
,56.804855979687318,181.35892182688343,0.10000000000000001,0.27987467447916659
,56.904864564843592,181.57992351834037,0.10000000000000001,0.27987467447916659
,57.004873110937297,182.47410188430382,0.10000000000000001,0.28089192708333327
,57.104881616406146,179.01904206613023,0.10000000000000001,0.27682291666666659
,57.204890201562421,180.84664638412187,0.10000000000000001,0.27784016927083327
,57.304898711718579,182.89614508087095,0.10000000000000001,0.2788574218749999
,57.404907302343645,183.11723389040253,0.10000000000000001,0.2788574218749999
,57.504915853124885,184.45409351523688,0.10000000000000001,0.27987467447916659
,57.604924363281043,184.51441436816924,0.10000000000000001,0.27987467447916659
,57.704932953906109,183.56950119789798,0.10000000000000001,0.27987467447916659
,57.804941464062495,185.99259097523316,0.10000000000000001,0.2819091796874999
,57.904950054687333,185.24839848321409,0.10000000000000001,0.28089192708333327
,58.004958605468573,185.10762282077127,0.10000000000000001,0.27987467447916659
,58.104967115624959,184.49430730643314,0.10000000000000001,0.27987467447916659
,58.204975707031053,183.72026906551531,0.10000000000000001,0.27784016927083327
,58.304984218749951,185.942302758648,0.10000000000000001,0.27987467447916659
,58.404992810937301,187.77326516395715,0.10000000000000001,0.28089192708333327
,58.505001362499797,186.50557212731036,0.10000000000000001,0.27987467447916659
,58.605009874218695,188.36703102569203,0.10000000000000001,0.28089192708333327
,58.705018466406045,187.71288809524822,0.10000000000000001,0.27987467447916659
,58.805026978124943,188.04497541932477,0.10000000000000001,0.28089192708333327
,58.905035569531265,189.80660247661621,0.10000000000000001,0.28292643229166659
,59.005044121874789,188.16574262038552,0.10000000000000001,0.28089192708333327
,59.105052633593687,186.95826563147159,0.10000000000000001,0.2788574218749999
,59.205061223437497,188.64885533492543,0.10000000000000001,0.27987467447916659
,59.305069732031143,189.01123631477265,0.10000000000000001,0.2788574218749999
,59.405078321093697,191.16622973615142,0.10000000000000001,0.28089192708333327
,59.505086869531169,191.88152901424081,0.10000000000000001,0.28089192708333327
,59.605095378124815,190.83382245969159,0.10000000000000001,0.27987467447916659
,59.705103966406114,191.43822557411255,0.10000000000000001,0.2819091796874999
,59.805112474999987,192.46598086362866,0.10000000000000001,0.2819091796874999
,59.905121064062314,191.26696617312473,0.10000000000000001,0.28089192708333327
,60.005129612500014,192.99006718183961,0.10000000000000001,0.28292643229166659
,60.10513812109366,190.33024181859764,0.10000000000000001,0.2788574218749999
,60.205146710156214,191.38785418572871,0.10000000000000001,0.27987467447916659
,60.30515521874986,194.39143788315283,0.10000000000000001,0.28089192708333327
,60.405163807031158,193.49408187419937,0.10000000000000001,0.27987467447916659
,60.50517235546863,194.56287380812205,0.10000000000000001,0.2819091796874999
,60.605180864062504,194.9158615250247,0.10000000000000001,0.28089192708333327
,60.705189452343575,193.6957114045556,0.10000000000000001,0.28089192708333327
,60.805197960937448,195.91454327308446,0.10000000000000001,0.2819091796874999
,60.905206549218747,195.53117035202803,0.10000000000000001,0.28089192708333327
,61.005215097656219,194.57295858426778,0.10000000000000001,0.27987467447916659
,61.105223606249865,194.93603353225592,0.10000000000000001,0.27987467447916659
,61.205232192968651,194.32084950895,0.10000000000000001,0.27784016927083327
,61.305240699218757,196.47960669291382,0.10000000000000001,0.27987467447916659
,61.405249285937316,198.89248047055105,0.10000000000000001,0.28089192708333327
,61.505257832812504,197.61006872945558,0.10000000000000001,0.27987467447916659
,61.605266339062382,198.41781858266347,0.10000000000000001,0.28089192708333327
,61.705274925781168,197.75140819193399,0.10000000000000001,0.27987467447916659
,61.805283432031047,197.91294769322803,0.10000000000000001,0.27987467447916659
,61.905292018749833,199.62988247050197,0.10000000000000001,0.28089192708333327
,62.005300564843765,199.07428735141957,0.10000000000000001,0.28089192708333327
,62.105309071874899,196.81264260852771,0.10000000000000001,0.2788574218749999
,62.205317659374941,198.88238043777085,0.10000000000000001,0.2788574218749999
,62.30532616562482,199.43793695856061,0.10000000000000001,0.2788574218749999
,62.405334753124862,200.88291001727617,0.10000000000000001,0.27987467447916659
,62.505343299999822,201.69162189749301,0.10000000000000001,0.27987467447916659
,62.605351807031184,200.07443936220034,0.10000000000000001,0.27784016927083327
,62.70536039374997,201.67140114204477,0.10000000000000001,0.28089192708333327
,62.805368900781104,202.61182782431001,0.10000000000000001,0.28089192708333327
,62.905377487499891,201.12549814713248,0.10000000000000001,0.27987467447916659
,63.005386035156107,203.06699214201507,0.10000000000000001,0.28089192708333327
,63.105394544531237,199.65008804006834,0.10000000000000001,0.27682291666666659
,63.205403135156075,200.46853881937238,0.10000000000000001,0.27682291666666659
,63.305411646093717,203.39071211536196,0.10000000000000001,0.27784016927083327
,63.405420237499811,203.36036168381781,0.10000000000000001,0.27784016927083327
,63.505428788281051,204.4228350676907,0.10000000000000001,0.2788574218749999
,63.605437299218693,205.07064941756153,0.10000000000000001,0.2788574218749999
,63.705445889843759,203.16815037804713,0.10000000000000001,0.27682291666666659
,63.805454400781173,206.16420270455149,0.10000000000000001,0.27987467447916659
,63.905462991406239,205.52624048336924,0.10000000000000001,0.2788574218749999
,64.005471541406223,204.4228350676907,0.10000000000000001,0.27784016927083327
,64.105480049999869,204.68599024119737,0.10000000000000001,0.27682291666666659
,64.205488639062423,203.85612914868278,0.10000000000000001,0.27478841145833327
,64.30549714765607,206.23509713280902,0.10000000000000001,0.27682291666666659
,64.405505736718624,208.4236618458072,0.10000000000000001,0.27784016927083327
,64.505514285156096,206.99480303231172,0.10000000000000001,0.27682291666666659
,64.605522793749969,208.23107377444563,0.10000000000000001,0.27784016927083327
,64.705531382812296,207.63313022952218,0.10000000000000001,0.27987467447916659
,64.80553989140617,208.30202557213158,0.10000000000000001,0.30225423177083327
,64.905548479687468,209.37668183835348,0.10000000000000001,0.27987467447916659
,65.00555702812494,208.16012396140286,0.10000000000000001,0.27682291666666659
,65.105565532031051,206.94414897142661,0.10000000000000001,0.2758056640624999
,65.205574117187325,208.70750254281722,0.10000000000000001,0.27377115885416659
,65.305582621874919,208.79874381781343,0.10000000000000001,0.27377115885416659
,65.405591206249937,211.15188464159269,0.10000000000000001,0.27682291666666659
,65.505599751562386,212.00443092200737,0.10000000000000001,0.27784016927083327
,65.60560825624998,209.7113381674381,0.10000000000000001,0.2758056640624999
,65.705616840624998,211.09099966344866,0.10000000000000001,0.27784016927083327
,65.805625345312365,211.69991651037753,0.10000000000000001,0.27682291666666659
,65.905633929687383,211.37514230337513,0.10000000000000001,0.27682291666666659
,66.005642477343599,212.49173184104916,0.10000000000000001,0.27784016927083327
,66.105650986718729,209.76204755977136,0.10000000000000001,0.27377115885416659
,66.205659575781056,210.44165237738412,0.10000000000000001,0.27377115885416659
,66.305668085156185,213.94405298871192,0.10000000000000001,0.2758056640624999
,66.405676674218739,213.4259940337019,0.10000000000000001,0.27478841145833327
,66.505685223437467,214.26916539218189,0.10000000000000001,0.2758056640624999
,66.605693732812369,214.64513036215288,0.10000000000000001,0.2758056640624999
,66.705702321874924,213.36505309545851,0.10000000000000001,0.27478841145833327
,66.805710831249826,215.94621208263868,0.10000000000000001,0.27682291666666659
,66.905719419531124,215.19393967454471,0.10000000000000001,0.2758056640624999
,67.005727966406084,215.06180765382982,0.10000000000000001,0.2758056640624999
,67.105736473437446,214.49270517646823,0.10000000000000001,0.27478841145833327
,67.205745060937488,213.62914139634182,0.10000000000000001,0.2727539062499999
,67.305753567968623,216.31226643449946,0.10000000000000001,0.27478841145833327
,67.405762154687409,217.99072177671513,0.10000000000000001,0.2758056640624999
,67.505770701562369,217.01402468172478,0.10000000000000001,0.27478841145833327
,67.605779208593731,217.76686057547977,0.10000000000000001,0.2758056640624999
,67.705787796093546,217.87878858802515,0.10000000000000001,0.2758056640624999
,67.805796303124907,218.13318968818288,0.10000000000000001,0.2758056640624999
,67.905804892968717,219.28341685511532,0.10000000000000001,0.27682291666666659
,68.005813446874981,218.40797293495262,0.10000000000000001,0.2758056640624999
,68.105821960937419,216.65803502144496,0.10000000000000001,0.27478841145833327
,68.205830554687509,218.38761754926884,0.10000000000000001,0.27478841145833327
,68.305839067968691,218.80493723642439,0.10000000000000001,0.27377115885416659
,68.405847661718553,221.12696052713943,0.10000000000000001,0.2758056640624999
,68.505856215624817,221.07601492705993,0.10000000000000001,0.2758056640624999
,68.605864729687482,219.9453004758077,0.10000000000000001,0.27478841145833327
,68.705873323437345,221.36132420219485,0.10000000000000001,0.27682291666666659
,68.805881836718754,222.80877207305269,0.10000000000000001,0.27682291666666659
,68.905890428906105,221.78935167218043,0.10000000000000001,0.2758056640624999
,69.005898979687345,222.9923137740235,0.10000000000000001,0.27784016927083327
,69.10590748984373,219.58887901436873,0.10000000000000001,0.27377115885416659
,69.205916080468569,221.17790720738975,0.10000000000000001,0.27377115885416659
,69.305924590624954,223.57362190743476,0.10000000000000001,0.2758056640624999
,69.405933182031049,223.45122952797374,0.10000000000000001,0.27478841145833327
,69.50594173203126,224.92035103377071,0.10000000000000001,0.27682291666666659
,69.605950242968675,224.19587987774662,0.10000000000000001,0.2758056640624999
,69.705958833593741,223.18606748440141,0.10000000000000001,0.27478841145833327
,69.805967343749899,226.46185710246283,0.10000000000000001,0.27682291666666659
,69.905975932031197,225.59399977450431,0.10000000000000001,0.27682291666666659
,70.005984480468669,225.52254319283441,0.10000000000000001,0.27682291666666659
,70.105992989062315,223.97144033181115,0.10000000000000001,0.27478841145833327
,70.206001577343613,222.8291649014464,0.10000000000000001,0.2727539062499999
,70.306010085156231,226.47206906162614,0.10000000000000001,0.2758056640624999
,70.406018673437302,227.41175571442619,0.10000000000000001,0.2758056640624999
,70.506027221875001,226.70695614725537,0.10000000000000001,0.27478841145833327
,70.606035730468648,228.67887361184268,0.10000000000000001,0.27682291666666659
,70.706044318749946,227.23809018124234,0.10000000000000001,0.2758056640624999
,70.806052824999824,228.08610599731912,0.10000000000000001,0.2758056640624999
,70.906061410156099,229.52739959482045,0.10000000000000001,0.27682291666666659
,71.006069954687291,228.32115147015548,0.10000000000000001,0.2758056640624999
,71.106078458593629,226.9622943404554,0.10000000000000001,0.27478841145833327
,71.206087043749903,228.37225136366828,0.10000000000000001,0.27478841145833327
,71.306095547656241,228.74020276966911,0.10000000000000001,0.27377115885416659
,71.406104132812516,231.64491090589172,0.10000000000000001,0.27682291666666659
,71.506112677343708,231.41977276315941,0.10000000000000001,0.2758056640624999
,71.606121181249819,230.72402446530077,0.10000000000000001,0.2758056640624999
,71.706129766406093,231.7267845447044,0.10000000000000001,0.27682291666666659
,71.806138272656199,231.83936534603578,0.10000000000000001,0.2758056640624999
,71.906146860937497,232.29997799355453,0.10000000000000001,0.27682291666666659
,72.006155409374969,233.47749922268997,0.10000000000000001,0.27784016927083327
,72.106163917968615,230.1307512544513,0.10000000000000001,0.27478841145833327
,72.206172506249914,231.55280639191977,0.10000000000000001,0.2758056640624999
,72.30618101484356,234.02037629891589,0.10000000000000001,0.27682291666666659
,72.406189603124858,233.44677397814388,0.10000000000000001,0.2758056640624999
,72.50619815156233,235.03475603641391,0.10000000000000001,0.2788574218749999
,72.606206660156204,234.37894684748727,0.10000000000000001,0.28292643229166659
,72.706215247656246,233.64137379348483,0.10000000000000001,0.26563313802083327
,72.806223757812404,236.28538339513915,0.10000000000000001,0.2819091796874999
,72.90623234843747,234.95277018342159,0.10000000000000001,0.2758056640624999
,73.00624089921871,235.42422667607065,0.10000000000000001,0.27784016927083327
,73.106249409374868,234.28673791800361,0.10000000000000001,0.2758056640624999
,73.206257999999934,233.66185889631043,0.10000000000000001,0.27478841145833327
,73.306266510156092,236.26487612037442,0.10000000000000001,0.2758056640624999
,73.406275100781158,238.36776871160333,0.10000000000000001,0.27682291666666659
,73.506283651562399,237.48535928503054,0.10000000000000001,0.27682291666666659
,73.606292161718557,238.55249927454344,0.10000000000000001,0.27784016927083327
,73.706300751562367,237.83418081554163,0.10000000000000001,0.27784016927083327
,73.806309258593728,238.04965424688908,0.10000000000000001,0.27784016927083327
,73.906317846093543,239.53796357115345,0.10000000000000001,0.2788574218749999
,74.006326392968731,237.98808847478784,0.10000000000000001,0.27682291666666659
,74.106334899999865,237.02376025558527,0.10000000000000001,0.2758056640624999
,74.206343487499907,238.35750631039201,0.10000000000000001,0.2758056640624999
,74.306351994531042,239.26076183497378,0.10000000000000001,0.2758056640624999
,74.406360581249828,241.33539624437731,0.10000000000000001,0.27784016927083327
,74.506369128906044,241.86974174995896,0.10000000000000001,0.27784016927083327
,74.606377635937406,240.68817008602144,0.10000000000000001,0.27682291666666659
,74.706386226562472,241.85946479264459,0.10000000000000001,0.2788574218749999
,74.806394739062398,242.71259640099072,0.10000000000000001,0.27682291666666659
,74.906403332031232,241.89029579181164,0.10000000000000001,0.27784016927083327
,75.006411884374984,242.4761572334034,0.10000000000000001,0.2788574218749999
,75.10642039687491,239.18889981228176,0.10000000000000001,0.2758056640624999
,75.206428989062488,240.94498564933025,0.10000000000000001,0.27682291666666659
,75.306437501562414,243.88484182533176,0.10000000000000001,0.27784016927083327
,75.406446094531248,243.39119804786645,0.10000000000000001,0.27784016927083327
,75.506454646875,244.98560434298702,0.10000000000000001,0.27987467447916659
,75.60646315859367,245.05763355664624,0.10000000000000001,0.27784016927083327
,75.706471751562503,243.56601912824351,0.10000000000000001,0.2819091796874999
,75.806480264062429,245.77803822319112,0.10000000000000001,0.27987467447916659
,75.906488857031263,245.17082645894948,0.10000000000000001,0.28292643229166659
,76.006497410156044,244.74895135701502,0.10000000000000001,0.27478841145833327
,76.106505922656197,244.6357773212531,0.10000000000000001,0.28394368489583327
,76.206514514843548,243.66886074194707,0.10000000000000001,0.2758056640624999
,76.306523028124957,246.12802274033749,0.10000000000000001,0.27784016927083327
,76.406531620312307,247.7447495784661,0.10000000000000001,0.27784016927083327
,76.506540173437315,246.95170512292265,0.10000000000000001,0.27784016927083327
,76.606548684374957,248.62047187028475,0.10000000000000001,0.2788574218749999
,76.706557273437511,247.96107687070736,0.10000000000000001,0.27784016927083327
,76.806565782812413,248.27014733160485,0.10000000000000001,0.27784016927083327
,76.906574371874967,249.57895426344754,0.10000000000000001,0.27987467447916659
,77.006582921093695,249.16666045991582,0.10000000000000001,0.2788574218749999
,77.106591430468598,247.19886154072054,0.10000000000000001,0.27682291666666659
,77.206600019531152,248.77504188215175,0.10000000000000001,0.27784016927083327
,77.306608528906054,251.65171391934825,0.10000000000000001,0.27987467447916659
,77.406617117968608,253.04477871959671,0.10000000000000001,0.28089192708333327
,77.506625667187336,252.90027891512676,0.10000000000000001,0.2819091796874999
,77.606634178906234,250.37280321490863,0.10000000000000001,0.27987467447916659
,77.706642773437352,250.36249194523117,0.10000000000000001,0.27987467447916659
,77.806651286718761,251.12563520775882,0.10000000000000001,0.27987467447916659
,77.90665988124988,250.90904503106947,0.10000000000000001,0.27987467447916659
,78.006668435156143,252.08503371100937,0.10000000000000001,0.27987467447916659
,78.106676948437325,250.31093620496932,0.10000000000000001,0.27784016927083327
,78.206685542968671,250.23875987185363,0.10000000000000001,0.27682291666666659
,78.306694056249853,253.63317977163638,0.10000000000000001,0.2788574218749999
,78.406702650781199,253.75707009576934,0.10000000000000001,0.27784016927083327
,78.506711204687463,254.21138333263423,0.10000000000000001,0.2788574218749999
,78.606719717968645,255.6987590301955,0.10000000000000001,0.27987467447916659
,78.70672831249999,253.56091304974035,0.10000000000000001,0.2788574218749999
,78.806736826562428,255.9260683893886,0.10000000000000001,0.28089192708333327
,78.906745421093547,256.01906401021296,0.10000000000000001,0.2788574218749999
,79.00675397499981,254.47987705917802,0.10000000000000001,0.2788574218749999
,79.106762489062476,254.63478939115708,0.10000000000000001,0.2788574218749999
,79.206771083593594,254.36628030949936,0.10000000000000001,0.27784016927083327
,79.306779597656259,255.8640730591473,0.10000000000000001,0.2788574218749999
,79.406788192187378,258.46907423850502,0.10000000000000001,0.27987467447916659
,79.506796745312386,258.01405706157249,0.10000000000000001,0.27987467447916659
,79.606805253906259,258.04507861373554,0.10000000000000001,0.27987467447916659
,79.706813842968586,258.5001008228752,0.10000000000000001,0.28089192708333327
,79.80682235156246,258.01405706157249,0.10000000000000001,0.27987467447916659
,79.906830940625014,259.25518632993789,0.10000000000000001,0.28089192708333327
,80.006839489062486,259.4724400548198,0.10000000000000001,0.2819091796874999
,80.106847998437388,256.4117468682299,0.10000000000000001,0.27784016927083327
,80.206856586718686,258.27258049387359,0.10000000000000001,0.2788574218749999
,80.306865096093588,259.83456652364561,0.10000000000000001,0.27987467447916659
,80.406873685156143,261.05578824938976,0.10000000000000001,0.28089192708333327
,80.506882230468591,262.33966288627647,0.10000000000000001,0.2819091796874999
,80.606890735937441,261.06613980378421,0.10000000000000001,0.28089192708333327
,80.706899321093715,261.30423579255472,0.10000000000000001,0.2819091796874999
,80.806907825781082,262.57786309281988,0.10000000000000001,0.28292643229166659
,80.906916410937356,261.33529323637595,0.10000000000000001,0.2819091796874999
,81.006924955468548,262.50536532859161,0.10000000000000001,0.28292643229166659
,81.106933460937398,261.04543673212027,0.10000000000000001,0.27987467447916659
,81.206942046093673,260.52790828715945,0.10000000000000001,0.27987467447916659
,81.306950550781039,264.53597526806885,0.10000000000000001,0.28292643229166659
,81.406959135937313,263.89348934621222,0.10000000000000001,0.28089192708333327
,81.506967686718554,264.50488406440826,0.10000000000000001,0.28292643229166659
,81.606976197656195,265.76951830186857,0.10000000000000001,0.28394368489583327
,81.70698478906229,263.66554372402595,0.10000000000000001,0.2819091796874999
,81.806993299999931,266.13242050206458,0.10000000000000001,0.28394368489583327
,81.907001891406253,265.82135883078121,0.10000000000000001,0.28394368489583327
,82.007010442968749,264.68107180885278,0.10000000000000001,0.28292643229166659
,82.107018953906163,263.78987553457921,0.10000000000000001,0.2819091796874999
,82.207027545312485,264.32870666643288,0.10000000000000001,0.28089192708333327
,82.307036056249899,266.3812926163846,0.10000000000000001,0.2819091796874999
,82.407044647656221,268.54940058125305,0.10000000000000001,0.28394368489583327
,82.507053199999973,267.61558048238322,0.10000000000000001,0.28292643229166659
,82.607061712499899,268.23809634361817,0.10000000000000001,0.28394368489583327
,82.707070304687477,268.42487519410798,0.10000000000000001,0.28394368489583327
,82.807078817187403,268.07208001589885,0.10000000000000001,0.28394368489583327
,82.907087409374981,269.17210106897903,0.10000000000000001,0.2849609374999999
,83.007095961718733,268.7569538088818,0.10000000000000001,0.28394368489583327
,83.107104474218659,266.94132857497186,0.10000000000000001,0.2819091796874999
,83.207113067187493,268.59091013596986,0.10000000000000001,0.28292643229166659
,83.307121578906163,269.12020469332799,0.10000000000000001,0.28292643229166659
,83.407130170312485,270.56323739734165,0.10000000000000001,0.28394368489583327
,83.507138720312469,271.90302964860359,0.10000000000000001,0.2849609374999999
,83.607147229687371,270.69823032352622,0.10000000000000001,0.28394368489583327
,83.707155819531181,270.9266926601415,0.10000000000000001,0.2849609374999999
,83.807164329687339,272.68222895185642,0.10000000000000001,0.28597819010416659
,83.907172919531149,271.81992585661891,0.10000000000000001,0.2849609374999999
,84.007181469531133,273.02513428750291,0.10000000000000001,0.28597819010416659
,84.107189978906263,270.95784785668337,0.10000000000000001,0.28394368489583327
,84.207198568749845,270.54246975321206,0.10000000000000001,0.28292643229166659
,84.307207078906231,273.61750761453271,0.10000000000000001,0.2849609374999999
,84.407215671874837,273.30571922475406,0.10000000000000001,0.28394368489583327
,84.507224224999845,274.34512509024978,0.10000000000000001,0.2849609374999999
,84.607232738281255,275.24966462969229,0.10000000000000001,0.2849609374999999
,84.707241331249861,273.93971905931016,0.10000000000000001,0.2849609374999999
,84.807249843750014,275.8528218545494,0.10000000000000001,0.28699544270833327
,84.907258437499877,274.69859509531256,0.10000000000000001,0.2849609374999999
,85.007266990624885,275.16647871118971,0.10000000000000001,0.28597819010416659
,85.107275503124811,274.43868714357825,0.10000000000000001,0.28394368489583327
,85.207284096093645,273.91893030345693,0.10000000000000001,0.28292643229166659
,85.307292607031059,277.17388845776969,0.10000000000000001,0.2849609374999999
,85.407301194531101,277.60047883175781,0.10000000000000001,0.2849609374999999
,85.507309741406061,277.03863865775901,0.10000000000000001,0.2849609374999999
,85.607318248437423,278.34973468589283,0.10000000000000001,0.28597819010416659
,85.707326835937465,277.79818413547679,0.10000000000000001,0.28597819010416659
,85.807335342968599,278.40177205465301,0.10000000000000001,0.28597819010416659
,85.907343930468642,279.61965586641958,0.10000000000000001,0.28699544270833327
,86.007352477343602,278.53707266708636,0.10000000000000001,0.28597819010416659
,86.107360984374964,277.08025343763956,0.10000000000000001,0.2849609374999999
,86.207369571875006,278.59952078377444,0.10000000000000001,0.2849609374999999
,86.307378077343628,279.05750594367004,0.10000000000000001,0.2849609374999999
,86.407386662499903,281.29619270862895,0.10000000000000001,0.28699544270833327
,86.507395207031095,281.87950760251744,0.10000000000000001,0.28699544270833327
,86.607403712499945,281.18162330853556,0.10000000000000001,0.28597819010416659
,86.707412297656219,281.73367068047753,0.10000000000000001,0.2880126953124999
,86.807420802343586,281.91075907991598,0.10000000000000001,0.28699544270833327
,86.90742938749986,282.08785549733875,0.10000000000000001,0.2880126953124999
,87.007437932031053,282.95261696967123,0.10000000000000001,0.2880126953124999
,87.107446437499902,280.11941550816209,0.10000000000000001,0.28597819010416659
,87.207455022656177,280.79627852142528,0.10000000000000001,0.28597819010416659
,87.307463531249823,283.3381736155464,0.10000000000000001,0.28699544270833327
,87.407472119531121,283.81756581388288,0.10000000000000001,0.28699544270833327
,87.507480667968593,284.870342100914,0.10000000000000001,0.2880126953124999
,87.607489176562467,284.96416689323689,0.10000000000000001,0.2880126953124999
,87.707497764843765,283.61954910278297,0.10000000000000001,0.2880126953124999
,87.807506273437411,286.13194006071575,0.10000000000000001,0.28902994791666659
,87.907514862499966,284.54718407353255,0.10000000000000001,0.2880126953124999
,88.007523410937438,284.66185016069466,0.10000000000000001,0.2880126953124999
,88.107531919531084,283.76545521554499,0.10000000000000001,0.28699544270833327
,88.207540507812382,283.28606920027636,0.10000000000000001,0.2849609374999999
,88.307549016406256,286.59079604449624,0.10000000000000001,0.2880126953124999
,88.407557605468583,287.56081099909409,0.10000000000000001,0.2880126953124999
,88.507566154687311,286.91411032386355,0.10000000000000001,0.2880126953124999
,88.607574663281184,287.79030834294457,0.10000000000000001,0.2880126953124999
,88.707583252343738,287.58167390053291,0.10000000000000001,0.28902994791666659
,88.807591760937385,288.20760669256646,0.10000000000000001,0.28902994791666659
,88.907600349999939,289.52234953485106,0.10000000000000001,0.29004720052083327
,89.007608899218667,288.1345766571439,0.10000000000000001,0.2880126953124999
,89.107617407812313,286.53865084814464,0.10000000000000001,0.28699544270833327
,89.207625998437379,287.72771697524877,0.10000000000000001,0.28699544270833327
,89.307634509374793,288.62494402118193,0.10000000000000001,0.28699544270833327
,89.407643099999859,290.98361439228341,0.10000000000000001,0.28902994791666659
,89.507651650781099,290.24248747462428,0.10000000000000001,0.2880126953124999
,89.607660161718741,290.16942493011391,0.10000000000000001,0.2880126953124999
,89.707668752343579,291.11932620252031,0.10000000000000001,0.28902994791666659
,89.807677263281221,290.98361439228341,0.10000000000000001,0.28902994791666659
,89.907685853906059,291.58912743501583,0.10000000000000001,0.28902994791666659
,90.0076944046873,291.56824641027271,0.10000000000000001,0.28902994791666659
,90.107702915624941,289.47016997472457,0.10000000000000001,0.28699544270833327
,90.207711503906239,290.66000950093525,0.10000000000000001,0.28699544270833327
,90.307720012499885,292.97791492013869,0.10000000000000001,0.2880126953124999
,90.407728600781184,293.1867886440013,0.10000000000000001,0.2880126953124999
,90.507737149218656,293.89702349503102,0.10000000000000001,0.28902994791666659
,90.607745657812302,293.79257101721294,0.10000000000000001,0.2880126953124999
,90.707754246874856,293.19723255687074,0.10000000000000001,0.2880126953124999
,90.807762754687474,295.47450941938644,0.10000000000000001,0.29004720052083327
,90.907771343749801,294.64914337240589,0.10000000000000001,0.28902994791666659
,91.0077798921875,295.18196002349561,0.10000000000000001,0.29004720052083327
,91.107788401562402,293.48967084216378,0.10000000000000001,0.2880126953124999
,91.207796994531236,293.03013254034443,0.10000000000000001,0.28699544270833327
,91.307805507031162,295.99695840189764,0.10000000000000001,0.2880126953124999
,91.40781409921874,297.00019936491776,0.10000000000000001,0.2880126953124999
,91.507822652343748,296.32090182528049,0.10000000000000001,0.2880126953124999
,91.607831164843674,297.39736508748734,0.10000000000000001,0.28902994791666659
,91.707839757812508,296.57170976268418,0.10000000000000001,0.2880126953124999
,91.807848270312434,297.64822082208303,0.10000000000000001,0.28902994791666659
,91.907856862500012,298.95493556716303,0.10000000000000001,0.29004720052083327
,92.007865415624792,297.29284510540265,0.10000000000000001,0.28902994791666659
,92.107873928906201,296.41495347482709,0.10000000000000001,0.2880126953124999
,92.207882524218576,296.97929667592632,0.10000000000000001,0.28699544270833327
,92.307891039843753,297.95135271782476,0.10000000000000001,0.2880126953124999
,92.407899635156127,300.1050797310653,0.10000000000000001,0.28902994791666659
,92.507908190624903,299.67636446637277,0.10000000000000001,0.28902994791666659
,92.607916706249853,298.99675519057661,0.10000000000000001,0.2880126953124999
,92.707925301562454,300.82664225279308,0.10000000000000001,0.29004720052083327
,92.807933817187404,301.1717661810502,0.10000000000000001,0.29004720052083327
,92.907942413281262,300.37696319713825,0.10000000000000001,0.29004720052083327
,93.00795096874981,301.9771262450198,0.10000000000000001,0.2910644531249999
,93.107959479687452,298.23359315368276,0.10000000000000001,0.28699544270833327
,93.20796807031229,299.83320807915061,0.10000000000000001,0.2880126953124999
,93.307976580468676,302.50013940554601,0.10000000000000001,0.28902994791666659
,93.407985171093742,302.43737569485711,0.10000000000000001,0.28902994791666659
,93.507993721093726,303.5462851435027,0.10000000000000001,0.29004720052083327
,93.60800223203114,303.66137068635675,0.10000000000000001,0.29004720052083327
,93.70801082187495,302.28046895163686,0.10000000000000001,0.28902994791666659
,93.808019332812364,304.8437188898132,0.10000000000000001,0.2910644531249999
,93.908027922656174,303.89154732483911,0.10000000000000001,0.29004720052083327
,94.008036472656158,303.45212562958386,0.10000000000000001,0.29004720052083327
,94.108044979687293,302.84535009180439,0.10000000000000001,0.28902994791666659
,94.208053567187335,301.87252849136729,0.10000000000000001,0.28699544270833327
,94.308062074218697,305.08439696273206,0.10000000000000001,0.28902994791666659
,94.408070660937483,306.07858215878275,0.10000000000000001,0.28902994791666659
,94.508079208593699,305.3041531843636,0.10000000000000001,0.28902994791666659
,94.608087715624833,306.45535894460164,0.10000000000000001,0.29004720052083327
,94.70809630234362,305.24136504580139,0.10000000000000001,0.28902994791666659
,94.808104809374981,305.96345948106637,0.10000000000000001,0.28902994791666659
,94.908113396874796,306.89495412031613,0.10000000000000001,0.29004720052083327
,95.008121946875008,306.41349398123504,0.10000000000000001,0.28902994791666659
,95.108130458593678,304.60304853797186,0.10000000000000001,0.28699544270833327
,95.208139051562512,305.94252826564372,0.10000000000000001,0.28699544270833327
,95.308147564062438,306.91588781424321,0.10000000000000001,0.28699544270833327
,95.408156157031044,308.70591021211942,0.10000000000000001,0.28902994791666659
,95.508164709374796,308.23481575632854,0.10000000000000001,0.2880126953124999
,95.608173221874949,308.06732157369436,0.10000000000000001,0.28699544270833327
,95.7081818140623,308.95717073180617,0.10000000000000001,0.28902994791666659
,95.808190326562453,309.43877271466482,0.10000000000000001,0.2880126953124999
,95.90819891953106,308.92576278548222,0.10000000000000001,0.2880126953124999
,96.008207466406247,310.14028076834109,0.10000000000000001,0.28902994791666659
,96.10821597187487,307.31363806064104,0.10000000000000001,0.28597819010416659
,96.208224557031144,307.96263934615149,0.10000000000000001,0.2849609374999999
,96.308233061718738,311.2502322370247,0.10000000000000001,0.28699544270833327
,96.408241647656041,310.44393443973183,0.10000000000000001,0.28597819010416659
,96.508250192187461,312.07753820186554,0.10000000000000001,0.2880126953124999
,96.608258697656083,311.44919863098426,0.10000000000000001,0.28699544270833327
,96.708267282812358,310.52770262209646,0.10000000000000001,0.28699544270833327
,96.808275788281207,312.90490715386403,0.10000000000000001,0.2880126953124999
,96.908284373437482,312.07753820186554,0.10000000000000001,0.28699544270833327
,97.00829292265621,312.12990149244149,0.10000000000000001,0.28699544270833327
,97.108301432812368,311.31306331809776,0.10000000000000001,0.28597819010416659
,97.208310022656178,310.69524110812807,0.10000000000000001,0.28394368489583327
,97.308318532812336,313.16674536881692,0.10000000000000001,0.28597819010416659
,97.408327122656146,314.13035982933832,0.10000000000000001,0.28597819010416659
,97.508335672656131,313.60664675177463,0.10000000000000001,0.2849609374999999
,97.608344182812516,314.9369206929893,0.10000000000000001,0.28699544270833327
,97.708352772656099,314.00466665367384,0.10000000000000001,0.28597819010416659
,97.808361282812484,315.38735937363288,0.10000000000000001,0.28699544270833327
,97.908369871093555,316.28828059343681,0.10000000000000001,0.2880126953124999
,98.008378416406231,314.47602256021048,0.10000000000000001,0.28597819010416659
,98.108386921874853,313.38669401683291,0.10000000000000001,0.2849609374999999
,98.208395507031128,313.94182054448788,0.10000000000000001,0.2849609374999999
,98.308404012499977,315.60734646487441,0.10000000000000001,0.2849609374999999
,98.408412597656252,317.26259432853772,0.10000000000000001,0.28597819010416659
,98.5084211429687,317.10544282687266,0.10000000000000001,0.28597819010416659
,98.608429648437323,316.57113948782751,0.10000000000000001,0.2849609374999999
,98.708438233593597,317.53499388238248,0.10000000000000001,0.28597819010416659
,98.808446739062447,317.91216987922513,0.10000000000000001,0.28597819010416659
,98.908455326562489,317.87026101992984,0.10000000000000001,0.28597819010416659
,99.008463874218705,318.4465166629152,0.10000000000000001,0.28597819010416659
,99.108472382031096,315.73305493487089,0.10000000000000001,0.28292643229166659
,99.208480969531138,316.67590338970854,0.10000000000000001,0.28292643229166659
,99.308489477343755,318.95992352534557,0.10000000000000001,0.2849609374999999
,99.408498065624826,319.19043725230358,0.10000000000000001,0.28394368489583327
,99.508506613281043,320.54213799950566,0.10000000000000001,0.28597819010416659
,99.608515120312404,320.04964802502769,0.10000000000000001,0.2849609374999999
,99.708523708593702,319.5571691782477,0.10000000000000001,0.2849609374999999
,99.808532216406093,321.25469497172838,0.10000000000000001,0.28597819010416659
,99.908540802343623,320.73075398222119,0.10000000000000001,0.2849609374999999
,100.00854934843733,320.2487384159698,0.10000000000000001,0.2849609374999999
,100.10855785468743,318.92849004866287,0.10000000000000001,0.28292643229166659
,100.20856644062496,319.22187115336459,0.10000000000000001,0.2819091796874999
,100.30857494687484,321.79960491027708,0.10000000000000001,0.28394368489583327
,100.40858353281237,323.27719982229502,0.10000000000000001,0.28394368489583327
,100.50859207890608,322.75322225099308,0.10000000000000001,0.28394368489583327
,100.60860058515618,324.1574984769656,0.10000000000000001,0.2849609374999999
,100.70860917109371,322.5960305565016,0.10000000000000001,0.28394368489583327
,100.80861767812485,323.01521005368215,0.10000000000000001,0.28394368489583327
,100.90862626562489,324.46141526784589,0.10000000000000001,0.28597819010416659
,101.00863481249985,322.60650997915951,0.10000000000000001,0.28292643229166659
,101.10864331953121,321.61098099158272,0.10000000000000001,0.28292643229166659
,101.20865190703125,322.40740153876919,0.10000000000000001,0.2819091796874999
,101.30866041406239,323.58111027886912,0.10000000000000001,0.2819091796874999
,101.40866900156243,326.05438524574481,0.10000000000000001,0.28394368489583327
,101.50867754843739,325.75046047199481,0.10000000000000001,0.28394368489583327
,101.60868605546875,325.59325845441475,0.10000000000000001,0.28394368489583327
,101.70869464296857,325.89718263965938,0.10000000000000001,0.2849609374999999
,101.80870315468746,325.60373857866978,0.10000000000000001,0.28394368489583327
,101.90871174687481,325.39413638619209,0.10000000000000001,0.28394368489583327
,102.00872029843731,326.28494955241086,0.10000000000000001,0.28394368489583327
,102.10872881015621,323.20384249495868,0.10000000000000001,0.27987467447916659
,102.20873740234356,324.61861435162905,0.10000000000000001,0.28089192708333327
,102.30874591406246,326.73559938414326,0.10000000000000001,0.28089192708333327
,102.40875450624981,326.60983647415208,0.10000000000000001,0.28089192708333327
,102.5087630578123,328.28668081993766,0.10000000000000001,0.2819091796874999
,102.6087715695312,327.09192819394565,0.10000000000000001,0.27987467447916659
,102.70878016406232,327.01856632011641,0.10000000000000001,0.28089192708333327
,102.80878870312495,329.19846434500499,0.10000000000000001,0.2819091796874999
,102.90879732343751,327.86746918648265,0.10000000000000001,0.27987467447916659
,103.00880590312499,328.00371297931679,0.10000000000000001,0.27987467447916659
,103.10881444296865,326.62031671212742,0.10000000000000001,0.27784016927083327
,103.20882306249996,326.52599460156466,0.10000000000000001,0.27682291666666659
,103.30883160234362,329.63863381208847,0.10000000000000001,0.27784016927083327
,103.40884022187493,329.90063857634419,0.10000000000000001,0.27784016927083327
,103.50884880156241,329.86919804364192,0.10000000000000001,0.27784016927083327
,103.60885734140606,331.51456682819912,0.10000000000000001,0.2788574218749999
,103.70886594453123,329.26134579511609,0.10000000000000001,0.27682291666666659
,103.80887444609357,331.70320474688771,0.10000000000000001,0.2788574218749999
,103.90888302734356,331.92328133780416,0.10000000000000001,0.2788574218749999
,104.00889156874996,330.40368545430329,0.10000000000000001,0.27682291666666659
,104.1089000703123,330.42464566779279,0.10000000000000001,0.27682291666666659
,104.2089086515623,329.7119952184517,0.10000000000000001,0.27478841145833327
,104.30891715234361,331.08488888616199,0.10000000000000001,0.2758056640624999
,104.40892573359361,333.87247544731127,0.10000000000000001,0.27682291666666659
,104.508934275,333.0760438462757,0.10000000000000001,0.27682291666666659
,104.60894277656234,332.74069842714545,0.10000000000000001,0.27682291666666659
,104.70895136015611,334.13445492014114,0.10000000000000001,0.27784016927083327
,104.80895986406244,333.44282407072149,0.10000000000000001,0.27682291666666659
,104.90896844843746,334.00870507309207,0.10000000000000001,0.27784016927083327
,105.0089769921874,333.92487153324487,0.10000000000000001,0.27682291666666659
,105.10898549609374,330.87528864379959,0.10000000000000001,0.27377115885416659
,105.20899408046876,332.81405551163294,0.10000000000000001,0.27478841145833327
,105.30900258437487,334.13445492014114,0.10000000000000001,0.27478841145833327
,105.40901116796863,334.81558980659372,0.10000000000000001,0.27478841145833327
,105.50901967187497,336.14636781528299,0.10000000000000001,0.2758056640624999
,105.60902821640616,335.0042085985171,0.10000000000000001,0.27478841145833327
,105.70903679921867,335.31857001088014,0.10000000000000001,0.2758056640624999
,105.80904530156249,337.20464394917411,0.10000000000000001,0.2758056640624999
,105.909053884375,335.29761271225419,0.10000000000000001,0.27478841145833327
,106.0090623867186,336.2511501039906,0.10000000000000001,0.2758056640624999
,106.10907092890625,334.59553276827791,0.10000000000000001,0.27377115885416659
,106.20907951171876,334.44882703904858,0.10000000000000001,0.2727539062499999
,106.30908801484361,338.47240047124797,0.10000000000000001,0.2758056640624999
,106.40909659687486,338.58764641140556,0.10000000000000001,0.27478841145833327
,106.50910509999994,338.71336832749716,0.10000000000000001,0.2758056640624999
,106.60911364453113,339.88672415752382,0.10000000000000001,0.2758056640624999
,106.70912223359369,337.8332949875703,0.10000000000000001,0.27478841145833327
,106.80913074374985,338.8495659647773,0.10000000000000001,0.2758056640624999
,106.90913933359366,339.20576963348412,0.10000000000000001,0.2758056640624999
,107.00914784296856,337.57135970791796,0.10000000000000001,0.27377115885416659
,107.10915639218751,337.36180874063774,0.10000000000000001,0.27377115885416659
,107.2091649820311,337.93806801147804,0.10000000000000001,0.2727539062499999
,107.30917349140623,338.94385595612454,0.10000000000000001,0.2727539062499999
,107.40918208124981,341.88749211832709,0.10000000000000001,0.27478841145833327
,107.5091905914062,340.86095718166388,0.10000000000000001,0.27478841145833327
,107.60919913906241,340.66192587391117,0.10000000000000001,0.27478841145833327
,107.7092077257812,341.29043573230808,0.10000000000000001,0.2758056640624999
,107.80921623281233,340.90285813702786,0.10000000000000001,0.27478841145833327
,107.90922482031237,341.52088184650881,0.10000000000000001,0.2758056640624999
,108.00923332734374,341.31138554803709,0.10000000000000001,0.27478841145833327
,108.1092418742187,338.38858473625561,0.10000000000000001,0.27173665364583327
,108.20925046093748,340.55717138992947,0.10000000000000001,0.2727539062499999
,108.30925896796862,342.25409165224198,0.10000000000000001,0.2727539062499999
,108.40926755546866,342.99773086753612,0.10000000000000001,0.2727539062499999
,108.50927606249979,344.51628024258775,0.10000000000000001,0.27478841145833327
,108.6092846156248,343.13388506970375,0.10000000000000001,0.2727539062499999
,108.70929320859364,343.38524243127824,0.10000000000000001,0.27377115885416659
,108.80930172187482,345.07128280611425,0.10000000000000001,0.27478841145833327
,108.90931031484365,343.62612133563016,0.10000000000000001,0.27377115885416659
,109.00931882812483,343.98219364348893,0.10000000000000001,0.2727539062499999
,109.10932738124984,342.58925873720068,0.10000000000000001,0.27173665364583327
,109.20933597421867,342.51594173481243,0.10000000000000001,0.27071940104166659
,109.30934448749986,346.07649319306358,0.10000000000000001,0.2727539062499999
,109.40935308124995,346.69422732725104,0.10000000000000001,0.2727539062499999
,109.50936159374987,346.86174148523742,0.10000000000000001,0.27377115885416659
,109.60937014453111,347.2805136114867,0.10000000000000001,0.27377115885416659
,109.70937873593743,345.36447961842413,0.10000000000000001,0.2727539062499999
,109.80938724609359,347.70973503087799,0.10000000000000001,0.27478841145833327
,109.90939583749991,347.37473469752791,0.10000000000000001,0.27377115885416659
,110.00940434843733,346.21260753491964,0.10000000000000001,0.2727539062499999
,110.10941289921857,344.73619045790042,0.10000000000000001,0.27173665364583327
,110.20942148984363,345.5215458356102,0.10000000000000001,0.27071940104166659
,110.30943000078105,347.19676071556199,0.10000000000000001,0.27173665364583327
,110.40943859218737,349.44734242673655,0.10000000000000001,0.2727539062499999
,110.50944709765622,349.01820742414532,0.10000000000000001,0.2727539062499999
,110.6094556406249,348.78793076474778,0.10000000000000001,0.2727539062499999
,110.70946422421866,349.55200611454097,0.10000000000000001,0.27377115885416659
,110.80947272734375,349.41594305993061,0.10000000000000001,0.2727539062499999
,110.90948131015625,350.48345316201966,0.10000000000000001,0.27478841145833327
,111.00948981328111,350.14856335304864,0.10000000000000001,0.27377115885416659
,111.10949835703104,347.27004454159999,0.10000000000000001,0.27071940104166659
,111.20950693984355,349.2170776256998,0.10000000000000001,0.27173665364583327
,111.30951544296863,350.38926683893317,0.10000000000000001,0.27173665364583327
,111.40952402656239,351.55081807179056,0.10000000000000001,0.2727539062499999
,111.5095325328125,352.77496118790179,0.10000000000000001,0.27377115885416659
,111.60954107968746,350.96483217415812,0.10000000000000001,0.27173665364583327
,111.70954966640625,351.22643860337661,0.10000000000000001,0.2727539062499999
,111.80955817343738,353.73738868070069,0.10000000000000001,0.27377115885416659
,111.90956676015617,352.26231078994005,0,0.2727539062499999
,112.0095752671873,346.73610614845529,0,0.27377115885416659
,112.10958381406249,345.15505418711911,0,0.2697021484374999
,112.20959240078105,348.73559428379542,0,0.27071940104166659
,112.30960090703115,353.35034131791645,0,0.27173665364583327
,112.4096094945312,353.99889489996059,0,0.27071940104166659
,112.50961800234359,353.81061142503438,0,0.27173665364583327
,112.60962654921855,354.1976329410727,0,0.2727539062499999
,112.70963513671859,351.89610984357222,0,0.27173665364583327
,112.80964364453121,352.91096434159851,0,0.2727539062499999
,112.90965223203125,352.59710701113386,0,0.2727539062499999
,113.00966073906238,351.06947581917763,0,0.27173665364583327
,113.1096692867186,349.65666846186843,0,0.27173665364583327
,113.20967787421864,348.80886526651886,0,0.2697021484374999
,113.30968638203126,350.33694061708962,0,0.27071940104166659
,113.40969497031233,352.35647378820119,0,0.27173665364583327
,113.50970347968746,351.02761853243555,0,0.27071940104166659
,113.60971202890619,351.12179710578999,0,0.2727539062499999
,113.70972061875,350.3474058892217,0,0.2727539062499999
,113.80972912734364,349.67760076993045,0,0.27173665364583327
,113.90973771718745,349.76132946251221,0.10000000000000001,0.2727539062499999
,114.00974622656236,357.69025116433141,0.10000000000000001,0.2727539062499999
,114.10975477578108,349.40547657767229,0.10000000000000001,0.2697021484374999
,114.20976336484364,348.00284999246287,0.10000000000000001,0.27173665364583327
,114.30977187421854,347.70973503087799,0.10000000000000001,0.27071940104166659
,114.40978046796863,347.7934831532711,0.10000000000000001,0.27173665364583327
,114.50978898124981,348.86120129398529,0.10000000000000001,0.2727539062499999
,114.60979753437482,347.86676211176825,0.10000000000000001,0.2727539062499999
,114.70980612812491,347.03972196854414,0.10000000000000001,0.2727539062499999
,114.80981464140609,348.50530994107186,0.10000000000000001,0.27377115885416659
,114.90982323515618,347.18629154951333,0.10000000000000001,0.2727539062499999
,115.00983174843736,347.63645477760258,0.10000000000000001,0.2727539062499999
,115.10984030156237,346.17072640361158,0.10000000000000001,0.27071940104166659
,115.20984889531246,346.45342048620319,0.10000000000000001,0.2697021484374999
,115.30985740781239,350.28461404851322,0.10000000000000001,0.27173665364583327
,115.40986599921871,349.57293869144331,0.10000000000000001,0.27071940104166659
,115.50987451015612,350.10670113219413,0.10000000000000001,0.27173665364583327
,115.60988306093736,350.26368332417047,0.10000000000000001,0.27173665364583327
,115.70989165234369,349.27987775356064,0.10000000000000001,0.27173665364583327
,115.8099001632811,351.00668980338241,0.10000000000000001,0.2727539062499999
,115.90990875390617,351.40432584277846,0.10000000000000001,0.2727539062499999
,116.00991726484358,350.8078640386799,0,0.27173665364583327
,116.10992581640608,343.3224036104358,0,0.2697021484374999
,116.20993440703114,345.22835358046831,0,0.26868489583333327
,116.30994291484376,349.51014079992871,0,0.2697021484374999
,116.40995149921855,354.42774339978376,0,0.27173665364583327
,116.50996000390614,352.59710701113386,0,0.27071940104166659
,116.60996854843734,352.89004094830153,0,0.27173665364583327
,116.70997713359361,352.40878603840167,0,0.27173665364583327
,116.80998563749995,351.92749920953543,0,0.27173665364583327
,116.90999422265622,352.46109791148587,0,0.27173665364583327
,117.01000272734359,351.18458217671451,0,0.27071940104166659
,117.11001127187501,348.30642302771338,0,0.26868489583333327
,117.2100198562498,349.71946522425384,0,0.2697021484374999
,117.31002836015614,350.7555406184793,0,0.2697021484374999
,117.41003694453116,351.39386200320445,0,0.27071940104166659
,117.51004544765624,352.18907206221701,0,0.27173665364583327
,117.61005399140618,350.42066240528618,0,0.27071940104166659
,117.71006257499994,350.11716670802315,0,0.27173665364583327
,117.81007107890605,350.7450758920661,0,0.27173665364583327
,117.91007966249981,348.49484232345264,0,0.27071940104166659
,118.01008816562489,349.71946522425384,0.10000000000000001,0.27173665364583327
,118.11009670937483,354.34406777614061,0.10000000000000001,0.2697021484374999
,118.21010529374985,349.61480368419205,0.10000000000000001,0.2697021484374999
,118.31011380078121,349.00774044018209,0.10000000000000001,0.27173665364583327
,118.41012238828125,347.35379676298226,0.10000000000000001,0.27071940104166659
,118.51013089531239,347.57364265363083,0.10000000000000001,0.27173665364583327
,118.61013944218735,347.63645477760258,0.10000000000000001,0.2727539062499999
,118.71014802968739,345.73096360938979,0.10000000000000001,0.27173665364583327
,118.81015653671875,347.57364265363083,0.10000000000000001,0.2727539062499999
,118.91016512421857,347.66786067413358,0.10000000000000001,0.2727539062499999
,119.01017363124993,346.17072640361158,0.10000000000000001,0.27071940104166659
,119.11018217890614,346.58952945642034,0.10000000000000001,0.27173665364583327
,119.21019076874995,345.65766789164945,0.10000000000000001,0.2697021484374999
,119.31019927890611,347.23863725971142,0.10000000000000001,0.27071940104166659
,119.41020786953118,350.61949807629122,0.10000000000000001,0.27173665364583327
,119.51021638046859,349.61480368419205,0.10000000000000001,0.27071940104166659
,119.61022493124983,349.56247240969765,0.10000000000000001,0.27173665364583327
,119.7102335218749,350.19042535377469,0.10000000000000001,0.27173665364583327
,119.81024203203106,350.15902887388268,0.10000000000000001,0.27173665364583327
,119.91025062343738,351.059011518928,0.10000000000000001,0.2727539062499999
,120.01025913359376,350.33694061708962,0,0.27173665364583327
,120.110267684375,340.72477818028733,0,0.26868489583333327
,120.21027627187482,344.90373799032875,0,0.2697021484374999
,120.31028477968744,348.98680643301765,0,0.2697021484374999
,120.41029336718748,352.30416116164645,0,0.27071940104166659
,120.51030187499987,353.22480783300449,0,0.27173665364583327
,120.61031042265608,352.10536976183477,0,0.27071940104166659
,120.71031901093738,351.63452663468706,0,0.27173665364583327
,120.81032751875,352.31462371702912,0,0.2727539062499999
,120.91033610624982,350.67182241243898,0,0.27173665364583327
,121.01034461406243,351.14272552015677,0,0.2727539062499999
,121.11035316328116,347.95050874876978,0,0.2697021484374999
,121.21036175390623,347.89816719381781,0,0.26868489583333327
,121.31037026484364,351.2578307722676,0,0.27071940104166659
,121.41037885546871,350.72414639691584,0,0.27071940104166659
,121.51038736562487,350.84972252023209,0,0.27173665364583327
,121.61039591640611,350.86018710520653,0,0.27173665364583327
,121.71040450703117,348.28548729647787,0,0.27071940104166659
,121.81041301796859,349.68806690374566,0,0.2727539062499999
,121.91042160859365,348.81933249796305,0,0.27173665364583327
,122.01043011953107,347.21769901165834,0.10000000000000001,0.27071940104166659
,122.11043867109356,354.40682459127038,0.10000000000000001,0.27173665364583327
,122.2104472640624,349.10194282417353,0.10000000000000001,0.2697021484374999
,122.31045577656232,347.07112993289593,0.10000000000000001,0.27071940104166659
,122.41046436953116,348.42156864274784,0.10000000000000001,0.2727539062499999
,122.51047288203108,345.75190514310049,0.10000000000000001,0.27173665364583327
,122.61048143515609,345.8252001602695,0.10000000000000001,0.27173665364583327
,122.71049002812492,346.04508191884076,0.10000000000000001,0.2727539062499999
,122.81049854062485,345.78331736020169,0.10000000000000001,0.27173665364583327
,122.91050713359368,346.70469705011152,0.10000000000000001,0.2727539062499999
,123.01051564609361,346.31730956394301,0.10000000000000001,0.27173665364583327
,123.11052419531234,344.00313871400454,0.10000000000000001,0.2697021484374999
,123.21053278437489,345.83567083237506,0.10000000000000001,0.27071940104166659
,123.31054129296876,346.86174148523742,0.10000000000000001,0.2697021484374999
,123.41054988124984,348.65185524279178,0.10000000000000001,0.27173665364583327
,123.51055838984371,349.72993130409003,0.10000000000000001,0.2727539062499999
,123.61056693828118,347.38520364664618,0.10000000000000001,0.27071940104166659
,123.71057552656248,349.32174424068648,0.10000000000000001,0.2727539062499999
,123.81058403515613,350.3055447175023,0.10000000000000001,0.2727539062499999
,123.91059262343742,348.89260275458514,0.10000000000000001,0.27173665364583327
,124.01060113203107,350.24275254452351,0.10000000000000001,0.2727539062499999
,124.11060968281231,347.08159923050954,0,0.2697021484374999
,124.21061827343738,341.08093573611956,0,0.26868489583333327
,124.31062678359376,346.27542888960039,0,0.27071940104166659
,124.4106353742186,348.89260275458514,0,0.2697021484374999
,124.51064388515624,351.34154258808752,0,0.27173665364583327
,124.61065243515623,352.85865574313664,0,0.27173665364583327
,124.71066102578106,350.10670113219413,0,0.27071940104166659
,124.81066953671871,352.13675823645372,0,0.2727539062499999
,124.91067812734354,350.54624341634496,0,0.27173665364583327
,125.01068664296872,348.93447118650931,0,0.27071940104166659
,125.11069520234355,348.41110092309782,0.10000000000000001,0.27071940104166659
,125.21070380234369,356.37290200463622,0.10000000000000001,0.2697021484374999
,125.31071232187492,353.03650340803148,0.10000000000000001,0.27071940104166659
,125.41072092187483,351.74962437894783,0.10000000000000001,0.27173665364583327
,125.51072944140606,348.90306988210108,0.10000000000000001,0.27071940104166659
,125.61073800078111,348.76699621117467,0.10000000000000001,0.27173665364583327
,125.71074660078125,349.2484777491407,0.10000000000000001,0.2727539062499999
,125.81075512031248,348.31689087433944,0.10000000000000001,0.27173665364583327
,125.91076371953113,349.98111315281989,0.10000000000000001,0.2727539062499999
,126.01077223203106,348.84026692193748,0.10000000000000001,0.27173665364583327
,126.1107807828123,346.48483042232459,0.10000000000000001,0.2697021484374999
,126.21078937421862,348.73559428379542,0.10000000000000001,0.27071940104166659
,126.31079788515626,349.40547657767229,0.10000000000000001,0.27071940104166659
,126.4108064757811,351.1531897058274,0.10000000000000001,0.27173665364583327
,126.51081498671874,352.03212946624006,0.10000000000000001,0.27173665364583327
,126.61082353828124,350.65089272013722,0.10000000000000001,0.27071940104166659
,126.71083212890608,351.49849974582287,0.10000000000000001,0.27173665364583327
,126.81084063984372,353.36080234019857,0.10000000000000001,0.2727539062499999
,126.91084923046856,351.19504630494811,0.10000000000000001,0.27071940104166659
,127.01085773671866,352.91096434159851,0.10000000000000001,0.2727539062499999
,127.11086628281237,350.48345316201966,0,0.2697021484374999
,127.2108748687499,343.52139201176982,0,0.26868489583333327
,127.31088337421875,348.65185524279178,0,0.27071940104166659
,127.41089196093731,351.14272552015677,0,0.2697021484374999
,127.51090046640616,353.66416515945707,0,0.27173665364583327
,127.61090901249986,354.72059987087937,0,0.27173665364583327
,127.71091759921865,353.13065624843978,0,0.27071940104166659
,127.8109261046875,354.04073496913384,0,0.27173665364583327
,127.91093469296857,353.80015108063111,0,0.27173665364583327
,128.0109432023437,350.87065167600321,0,0.2697021484374999
,128.11095175078117,349.82412541390966,0,0.2697021484374999
,128.21096033984372,349.51014079992871,0,0.26766764322916659
,128.31096884921863,350.60903316692895,0,0.26868489583333327
,128.41097743828118,353.04696489662297,0,0.2697021484374999
,128.51098594687483,351.62406311547392,0,0.26868489583333327
,128.61099449609355,351.28922281145515,0,0.2697021484374999
,128.71100308515611,351.23690267407488,0,0.2697021484374999
,128.81101159453124,350.55670840979366,0,0.2697021484374999
,128.9110201812498,350.6404278529015,0,0.27071940104166659
,129.0110286874999,350.88111623261597,0,0.27071940104166659
,129.11103723437486,346.97690571860829,0,0.26766764322916659
,129.2110458218749,348.5995179237064,0,0.26868489583333327
,129.31105432890604,348.71465960093565,0,0.26868489583333327
,129.41106291562483,349.26941109865555,0,0.2697021484374999
,129.51107142265619,350.54624341634496,0,0.27173665364583327
,129.61107996953115,348.25408360475996,0,0.2697021484374999
,129.71108855624993,347.44801708679574,0,0.27071940104166659
,129.81109706406232,348.24361568224845,0,0.27071940104166659
,129.91110565312488,346.74657582446963,0,0.27071940104166659
,130.01111416171875,346.7989240285055,0,0.27071940104166659
,130.11112271093748,343.79368620591418,0.10000000000000001,0.26766764322916659
,130.21113129999981,351.32061472077345,0.10000000000000001,0.26868489583333327
,130.31113980937494,350.69275204847338,0.10000000000000001,0.27071940104166659
,130.41114839843749,345.96131802400538,0.10000000000000001,0.2697021484374999
,130.51115690703114,345.25976744418006,0.10000000000000001,0.27071940104166659
,130.61116545624986,344.66288756487074,0.10000000000000001,0.27071940104166659
,130.71117404531242,342.28551396084788,0.10000000000000001,0.2697021484374999
,130.81118255390606,344.75713404712889,0.10000000000000001,0.2727539062499999
,130.9111911398436,343.99266618377516,0.10000000000000001,0.27173665364583327
,131.0111996460937,343.2700376610498,0.10000000000000001,0.27071940104166659
,131.11120819218741,342.18077261776602,0.10000000000000001,0.2697021484374999
,131.21121677812494,342.37978039939475,0.10000000000000001,0.26868489583333327
,131.31122528437481,344.8827946968068,0.10000000000000001,0.2697021484374999
,131.41123387031234,346.67328784644911,0.10000000000000001,0.27071940104166659
,131.51124237656245,345.6053134753389,0.10000000000000001,0.27071940104166659
,131.61125092265615,346.04508191884076,0.10000000000000001,0.27071940104166659
,131.71125950859368,346.50577032190188,0.10000000000000001,0.27173665364583327
,131.81126801562482,346.47436045517856,0.10000000000000001,0.27071940104166659
,131.91127660312486,347.70973503087799,0.10000000000000001,0.27173665364583327
,132.01128511015622,346.39060030226591,0.10000000000000001,0.27071940104166659
,132.11129365781244,344.12880828999965,0.10000000000000001,0.26868489583333327
,132.21130224531248,346.90361955387601,0.10000000000000001,0.2697021484374999
,132.31131075234362,346.59999929595449,0.10000000000000001,0.26868489583333327
,132.41131933984366,349.55200611454097,0.10000000000000001,0.27071940104166659
,132.51132784765605,349.85552320655017,0.10000000000000001,0.27071940104166659
,132.61133639531249,348.57858290616127,0.10000000000000001,0.27071940104166659
,132.71134498281231,349.65666846186843,0.10000000000000001,0.27173665364583327
,132.81135349296869,349.98111315281989,0.10000000000000001,0.27173665364583327
,132.9113620828125,349.12287654293073,0.10000000000000001,0.27173665364583327
,133.01137059296866,350.55670840979366,0.10000000000000001,0.2727539062499999
,133.11137914296864,347.05019130190692,0.10000000000000001,0.2697021484374999
,133.21138773281245,347.77254619668525,0.10000000000000001,0.2697021484374999
,133.31139624218736,350.16949438095247,0.10000000000000001,0.27071940104166659
,133.41140483281242,350.10670113219413,0.10000000000000001,0.2697021484374999
,133.51141334218732,352.28323600581615,0.10000000000000001,0.27173665364583327
,133.61142189218731,351.64499013926786,0.10000000000000001,0.27071940104166659
,133.71143048203112,351.34154258808752,0.10000000000000001,0.27173665364583327
,133.8114389921875,353.51771579452986,0.10000000000000001,0.2727539062499999
,133.91144758203109,352.0739811530467,0.10000000000000001,0.27173665364583327
,134.01145609140622,351.23690267407488,0.10000000000000001,0.27173665364583327
,134.1114646414062,350.37880162234018,0.10000000000000001,0.27071940104166659
,134.21147323046875,349.96018163140923,0,0.26868489583333327
,134.31148174062491,346.30683941254415,0,0.27071940104166659
,134.41149033046872,349.2275443467276,0,0.27071940104166659
,134.51149883984363,350.70321684537493,0,0.2697021484374999
,134.61150738984361,354.20809267712849,0,0.27173665364583327
,134.71151598281244,353.37126334684314,0,0.27071940104166659
,134.81152449765614,353.88383339038711,0,0.27173665364583327
,134.91153309296874,354.64738695490485,0,0.27173665364583327
,135.01154160781243,351.82286747245359,0,0.27071940104166659
,135.11155016249995,349.78226150049295,0,0.26868489583333327
,135.21155875781233,350.7555406184793,0.10000000000000001,0.26868489583333327
,135.31156727265625,359.46716937153775,0.10000000000000001,0.2697021484374999
,135.41157586796862,357.04206692524463,0.10000000000000001,0.27071940104166659
,135.51158438281232,354.22901210085428,0.10000000000000001,0.27173665364583327
,135.61159293671858,351.07994010512635,0.10000000000000001,0.27071940104166659
,135.71160152656239,351.55081807179056,0.10000000000000001,0.27173665364583327
,135.81161003671855,350.82879330777456,0.10000000000000001,0.27071940104166659
,135.91161862734361,350.51484835206668,0.10000000000000001,0.27071940104166659
,136.01162713671874,351.58220889242028,0.10000000000000001,0.27071940104166659
,136.11163568671873,347.88769884554529,0.10000000000000001,0.26766764322916659
,136.21164427734357,350.35787114747825,0.10000000000000001,0.2697021484374999
,136.31165278749995,353.09927210762345,0.10000000000000001,0.2697021484374999
,136.41166137734376,353.04696489662297,0.10000000000000001,0.2697021484374999
,136.51166988749992,353.99889489996059,0.10000000000000001,0.27071940104166659
,136.61167843906242,354.12441433764189,0.10000000000000001,0.27071940104166659
,136.71168703203125,352.12629542649859,0.10000000000000001,0.27071940104166659
,136.81169554531243,354.74151769917296,0.10000000000000001,0.2727539062499999
,136.91170413828127,354.00935494127822,0.10000000000000001,0.27173665364583327
,137.01171265078119,352.84819397738079,0.10000000000000001,0.27071940104166659
,137.1117212039062,352.56572052325799,0.10000000000000001,0.2697021484374999
,137.21172979687481,351.95888844226471,0,0.26868489583333327
,137.31173831015622,348.81933249796305,0,0.27071940104166659
,137.41174690312482,352.03212946624006,0,0.27071940104166659
,137.51175541640623,353.27711372459811,0,0.27071940104166659
,137.61176396406245,356.29970774895907,0,0.27173665364583327
,137.71177254921872,355.68275121297978,0,0.27071940104166659
,137.81178105468734,355.44222666226233,0,0.27173665364583327
,137.91178964062487,356.35198944688051,0,0.2727539062499999
,138.01179814609372,353.75830954416313,0,0.27071940104166659
,138.11180669140617,351.8647203445401,0,0.2697021484374999
,138.2118152773437,353.21434660798508,0,0.2697021484374999
,138.31182378281233,353.13065624843978,0,0.2697021484374999
,138.4118323679686,355.0134434679282,0,0.27173665364583327
,138.51184087343745,354.10349459186517,0,0.27071940104166659
,138.61184942421869,353.44448995499386,0,0.27071940104166659
,138.71185801484376,353.70600726660729,0,0.2727539062499999
,138.81186652499991,353.05742636975873,0,0.27173665364583327
,138.91187511562498,352.55525833027252,0,0.2727539062499999
,139.01188362578114,352.18907206221701,0,0.2727539062499999
,139.11189217578112,349.02867439502091,0,0.2697021484374999
,139.21190076640619,350.08576993934247,0,0.27071940104166659
,139.31190927656235,351.63452663468706,0,0.27173665364583327
,139.41191786718741,351.36247039755915,0,0.27173665364583327
,139.51192637656231,351.84379393800651,0,0.2727539062499999
,139.61193492578104,350.71368162819113,0,0.27173665364583327
,139.7119435148436,348.92400409806936,0,0.27173665364583327
,139.81195202343747,350.82879330777456,0,0.27377115885416659
,139.9119606124998,349.23801105454334,0,0.2727539062499999
,140.01196912187493,347.75160919072431,0,0.2727539062499999
,140.1119776703124,346.40107036174061,0,0.27173665364583327
,140.21198626015621,345.42730640057511,0,0.27071940104166659
,140.31199476874986,347.31192074883046,0.10000000000000001,0.27173665364583327
,140.41200335781241,357.34525844986752,0.10000000000000001,0.27377115885416659
,140.5120118656248,350.95436773123839,0.10000000000000001,0.2727539062499999
,140.61202041249999,347.35379676298226,0.10000000000000001,0.27377115885416659
,140.71202899921855,345.12363999980187,0.10000000000000001,0.27377115885416659
,140.81203750624991,344.13928068890885,0.10000000000000001,0.2727539062499999
,140.91204609296869,345.27023871043605,0.10000000000000001,0.27377115885416659
,141.01205459999983,344.50580821296802,0.10000000000000001,0.2727539062499999
,141.11206314687479,342.77778609720554,0.10000000000000001,0.27173665364583327
,141.21207173359358,344.10786346176786,0.10000000000000001,0.27173665364583327
,141.31208024062494,345.39589305859806,0.10000000000000001,0.27173665364583327
,141.41208882734372,347.11300705175142,0.10000000000000001,0.2727539062499999
,141.51209733203109,347.12347630161133,0.10000000000000001,0.2727539062499999
,141.61210587734377,346.67328784644911,0.10000000000000001,0.27173665364583327
,141.71211446249981,348.19127588043079,0.10000000000000001,0.27377115885416659
,141.81212296718741,348.29595516842409,0.10000000000000001,0.27377115885416659
,141.91213155234368,347.67832928175693,0.10000000000000001,0.27377115885416659
,142.0121400578123,347.83535691811676,0.10000000000000001,0.27377115885416659
,142.11214860234372,344.70477499524873,0.10000000000000001,0.27071940104166659
,142.2121571875,346.36966014878493,0.10000000000000001,0.27173665364583327
,142.31216569296862,348.51577754590909,0.10000000000000001,0.27173665364583327
,142.41217427890615,349.37407705101532,0.10000000000000001,0.27173665364583327
,142.51218278828105,350.71368162819113,0.10000000000000001,0.27377115885416659
,142.61219133750001,349.66713462263596,0.10000000000000001,0.2727539062499999
,142.71219992656233,348.93447118650931,0.10000000000000001,0.2727539062499999
,142.81220843515621,351.84379393800651,0.10000000000000001,0.27478841145833327
,142.91221702499979,350.72414639691584,0.10000000000000001,0.27377115885416659
,143.01222553359366,350.06483869160712,0.10000000000000001,0.2727539062499999
,143.11223408281239,349.48920806231814,0.10000000000000001,0.2727539062499999
,143.21224267187495,348.53671271721265,0.10000000000000001,0.27071940104166659
,143.31225118046859,351.4461810560386,0.10000000000000001,0.2727539062499999
,143.41225977265617,353.37126334684314,0.10000000000000001,0.27377115885416659
,143.5122682851561,353.27711372459811,0.10000000000000001,0.27377115885416659
,143.61227683749985,353.77923034415608,0.10000000000000001,0.27478841145833327
,143.71228543046868,352.84819397738079,0.10000000000000001,0.27377115885416659
,143.81229394296861,352.83773219628466,0.10000000000000001,0.27377115885416659
,143.91230253515619,354.46958082172745,0.10000000000000001,0.27478841145833327
,144.01231104765611,352.34601129297414,0.10000000000000001,0.2727539062499999
,144.11231960078112,350.46252296553246,0.10000000000000001,0.27173665364583327
,144.2123281929687,351.99027754159488,0.10000000000000001,0.27173665364583327
,144.31233670546862,353.43402905798195,0,0.27173665364583327
,144.41234529531243,349.46827527123753,0,0.2727539062499999
,144.51235380546859,350.62996297161743,0,0.2727539062499999
,144.61236235468732,352.61803126042298,0,0.27173665364583327
,144.71237094453113,355.98600849383371,0,0.27377115885416659
,144.81237945468752,356.29970774895907,0,0.2727539062499999
,144.9123880445311,355.94418075725696,0,0.27377115885416659
,145.01239655390623,355.50497305868561,0,0.27377115885416659
,145.11240510390621,352.00074054503216,0,0.27071940104166659
,145.2124136937498,353.4863333861208,0,0.2727539062499999
,145.3124221999999,355.40039539456137,0,0.27377115885416659
,145.41243078203115,354.81472958024636,0,0.27377115885416659
,145.51243928359372,356.09057663442911,0,0.2758056640624999
,145.61244782499989,354.71014093209806,0,0.2758056640624999
,145.71245640703114,353.17250155244045,0,0.2758056640624999
,145.81246490781245,354.79381198222455,0,0.27784016927083327
,145.91247348984371,352.60756914337861,0,0.2758056640624999
,146.01248199140605,351.84379393800651,0,0.2758056640624999
,146.11249053281244,351.059011518928,0,0.2758056640624999
,146.21249911406244,350.22182170962179,0,0.27478841145833327
,146.31250762031232,352.46109791148587,0,0.27682291666666659
,146.41251620859362,353.13065624843978,0,0.27682291666666659
,146.51252471640623,351.61359958163456,0,0.27682291666666659
,146.61253326484371,351.64499013926786,0,0.27784016927083327
,146.712541853125,349.99157889303979,0,0.27784016927083327
,146.81255036093739,350.29507938993004,0,0.27784016927083327
,146.91255894921869,350.76600533077641,0,0.2788574218749999
,147.01256745703108,349.01820742414532,0,0.27784016927083327
,147.11257600546855,346.56858974246035,0,0.2758056640624999
,147.2125845929686,347.63645477760258,0,0.27682291666666659
,147.31259310468749,348.13893576375324,0,0.27682291666666659
,147.41260169609359,348.76699621117467,0.10000000000000001,0.27784016927083327
,147.51261020781249,356.86432701686613,0.10000000000000001,0.2788574218749999
,147.61261875937498,350.3055447175023,0.10000000000000001,0.27784016927083327
,147.71262735078108,347.60504877071179,0.10000000000000001,0.27987467447916659
,147.81263586249997,346.13931543561984,0.10000000000000001,0.2788574218749999
,147.91264445468732,345.01892534458364,0.10000000000000001,0.2788574218749999
,148.01265296562497,345.2911812104382,0.10000000000000001,0.2788574218749999
,148.11266151718746,342.43215032593105,0.10000000000000001,0.2758056640624999
,148.2126701078123,343.87746768890941,0.10000000000000001,0.27682291666666659
,148.31267861328115,345.76237589326917,0.10000000000000001,0.27682291666666659
,148.41268719843742,346.75704548875666,0.10000000000000001,0.27784016927083327
,148.51269574374987,348.88213561405638,0.10000000000000001,0.27987467447916659
,148.61270424921872,347.31192074883046,0.10000000000000001,0.27784016927083327
,148.712712834375,346.52671017515064,0.10000000000000001,0.2788574218749999
,148.81272133984362,349.42640952886489,0.10000000000000001,0.27987467447916659
,148.91272992578115,348.20174386600814,0.10000000000000001,0.2788574218749999
,149.0127384710936,348.23314774711122,0.10000000000000001,0.2788574218749999
,149.11274697578119,346.95596687363451,0.10000000000000001,0.27784016927083327
,149.21275556171872,346.49530037790117,0.10000000000000001,0.2758056640624999
,149.31276406640609,350.68228723749269,0.10000000000000001,0.2788574218749999
,149.41277265156236,350.87065167600321,0,0.27784016927083327
,149.51278119609356,344.32778212806954,0,0.2788574218749999
,149.61278970156241,346.44295048438647,0,0.2788574218749999
,149.71279828671868,347.72020358931445,0,0.27784016927083327
,149.81280679140605,351.48803603694682,0,0.27987467447916659
,149.91281537656232,352.4820225549563,0,0.27987467447916659
,150.01282392109374,350.66135757331841,0,0.2788574218749999
,150.11283242656236,348.65185524279178,0,0.27784016927083327
,150.21284101484366,348.76699621117467,0,0.27784016927083327
,150.31284952421856,350.37880162234018,0,0.27784016927083327
,150.41285811406237,352.0949069071383,0,0.27987467447916659
,150.5128666632811,351.33107866165773,0,0.27987467447916659
,150.61287517265623,350.03344171720562,0,0.27987467447916659
,150.71288376171856,350.62996297161743,0,0.28089192708333327
,150.81289227109369,350.27414869325798,0,0.28089192708333327
,150.91290086015624,350.13809781845663,0,0.2819091796874999
,151.01290940937497,348.90306988210108,0,0.28089192708333327
,151.11291791874987,345.8984946300647,0,0.27987467447916659
,151.21292650859368,347.05019130190692,0,0.28089192708333327
,151.31293501796858,348.09706344423796,0,0.28089192708333327
,151.41294360703114,348.03425458894856,0.10000000000000001,0.2819091796874999
,151.51295215624987,357.6170725319576,0.10000000000000001,0.28394368489583327
,151.612960665625,351.20551041880714,0.10000000000000001,0.2819091796874999
,151.71296925546858,347.259575459671,0.10000000000000001,0.28292643229166659
,151.81297776406245,347.96097702243418,0.10000000000000001,0.28394368489583327
,151.91298635390626,344.79902109926212,0.10000000000000001,0.2819091796874999
,152.01299490312499,346.22307778924954,0.10000000000000001,0.28394368489583327
,152.11300341249989,343.95077596235342,0.10000000000000001,0.28089192708333327
,152.21301200312496,343.99266618377516,0.10000000000000001,0.28089192708333327
,152.31302051406237,348.34829433817589,0.10000000000000001,0.28394368489583327
,152.41302910468744,347.48989247066311,0.10000000000000001,0.2819091796874999
,152.51303765546868,348.67279008038389,0.10000000000000001,0.28394368489583327
,152.61304616562484,349.42640952886489,0.10000000000000001,0.28394368489583327
,152.71305475703116,347.76207769987354,0.10000000000000001,0.28394368489583327
,152.81306326718732,349.80319348430868,0.10000000000000001,0.28597819010416659
,152.91307185781238,349.54153980597954,0.10000000000000001,0.2849609374999999
,153.01308040859362,348.68325747986023,0.10000000000000001,0.2849609374999999
,153.11308891406247,347.85629372627625,0.10000000000000001,0.28394368489583327
,153.21309749843749,347.39567258365298,0.10000000000000001,0.2819091796874999
,153.31310600156235,349.66713462263596,0.10000000000000001,0.28394368489583327
,153.41311458593736,352.26231078994005,0.10000000000000001,0.2849609374999999
,153.5131231296873,351.83333071260438,0,0.2849609374999999
,153.61313163359364,345.43777749271624,0,0.2849609374999999
,153.7131402171874,346.61046912384967,0,0.2849609374999999
,153.81314872109374,349.99157889303979,0,0.2849609374999999
,153.91315730546876,353.19342411129401,0,0.28699544270833327
,154.01316585156246,351.74962437894783,0,0.2849609374999999
,154.1131743656249,349.87645500039758,0,0.28394368489583327
,154.21318295937499,350.8078640386799,0,0.28394368489583327
,154.31319147343743,351.34154258808752,0,0.2849609374999999
,154.41320006796855,352.0635182536638,0,0.2849609374999999
,154.51320862187481,352.82727039985429,0,0.28597819010416659
,154.61321713593748,351.22643860337661,0,0.2849609374999999
,154.71322573046859,351.50896344014632,0,0.28699544270833327
,154.81323424453126,352.01120353362285,0,0.28699544270833327
,154.91324283906238,350.58810330612118,0,0.28597819010416659
,155.01325138906236,351.12179710578999,0,0.28699544270833327
,155.11325989531247,347.9086355296713,0,0.2849609374999999
,155.21326848281251,347.89816719381781,0,0.28394368489583327
,155.31327698984364,350.43112756624129,0,0.28597819010416659
,155.41328557656243,350.11716670802315,0,0.28597819010416659
,155.51329412343739,350.12763227011271,0,0.28699544270833327
,155.61330263046875,349.59387121467688,0,0.28699544270833327
,155.71331121718731,347.80395161303267,0,0.28699544270833327
,155.81331972421867,349.18567738340585,0,0.2880126953124999
,155.91332831093746,347.99238176866254,0,0.2880126953124999
,156.01333685859368,346.8826805431753,0,0.2880126953124999
,156.11334536484355,345.94037693763727,0,0.28699544270833327
,156.2133539523436,344.95609603831406,0,0.28597819010416659
,156.31336245937496,345.81472947699302,0,0.28699544270833327
,156.41337104609374,347.259575459671,0,0.2880126953124999
,156.5133795929687,345.67860958073192,0.10000000000000001,0.28699544270833327
,156.61338809999984,354.49049943506151,0.10000000000000001,0.28902994791666659
,156.71339668671862,349.35314396673778,0.10000000000000001,0.28902994791666659
,156.81340519374999,345.07128280611425,0.10000000000000001,0.28902994791666659
,156.9134137812498,344.34872652787681,0.10000000000000001,0.29004720052083327
,157.01342233125001,342.3588323652549,0.10000000000000001,0.2880126953124999
,157.11343084140617,340.40003817647181,0.10000000000000001,0.28699544270833327
,157.21343943203124,342.22266926271425,0.10000000000000001,0.2880126953124999
,157.31344794218739,343.61564844738621,0.10000000000000001,0.28902994791666659
,157.41345653281246,344.65241568109684,0.10000000000000001,0.28902994791666659
,157.5134650835937,344.2335318217423,0.10000000000000001,0.28902994791666659
,157.61347359374986,343.24909121394614,0.10000000000000001,0.2880126953124999
,157.71348218437493,344.64194378686398,0.10000000000000001,0.28902994791666659
,157.81349069453108,345.25976744418006,0.10000000000000001,0.29004720052083327
,157.91349928281238,344.8723230341439,0.10000000000000001,0.28902994791666659
,158.01350782890609,345.31212366705137,0.10000000000000001,0.28902994791666659
,158.11351633437494,342.63115396493691,0.10000000000000001,0.28597819010416659
,158.21352492109372,344.77807759426645,0.10000000000000001,0.2880126953124999
,158.31353342656234,347.14441476546244,0.10000000000000001,0.2880126953124999
,158.41354201328113,346.66281808852023,0.10000000000000001,0.2880126953124999
,158.51355055937483,348.67279008038389,0.10000000000000001,0.29004720052083327
,158.61355906484368,347.68879787709295,0.10000000000000001,0.28902994791666659
,158.71356765156247,346.9245585172892,0.10000000000000001,0.28902994791666659
,158.81357615703109,349.12287654293073,0.10000000000000001,0.29004720052083327
,158.91358474765616,347.9086355296713,0.10000000000000001,0.28902994791666659
,159.01359329921866,347.23863725971142,0.10000000000000001,0.28902994791666659
,159.11360181015607,347.259575459671,0.10000000000000001,0.2880126953124999
,159.21361040156239,345.94037693763727,0.10000000000000001,0.28597819010416659
,159.31361891249981,349.66713462263596,0.10000000000000001,0.2880126953124999
,159.41362750390613,350.81832868030381,0.10000000000000001,0.2880126953124999
,159.51363605546862,350.24275254452351,0,0.2880126953124999
,159.61364456640626,344.86185136088824,0,0.28902994791666659
,159.71365315781236,344.84090798262395,0,0.2880126953124999
,159.81366166875,348.23314774711122,0,0.2880126953124999
,159.91367025937484,351.26829479974975,0,0.28902994791666659
,160.01367880937482,350.01251033247786,0,0.28699544270833327
,160.11368732031247,348.5995179237064,0,0.28597819010416659
,160.2136959109373,349.23801105454334,0,0.28597819010416659
,160.31370442109369,349.41594305993061,0,0.28597819010416659
,160.41371301171876,350.87065167600321,0,0.28699544270833327
,160.51372156171874,350.17995987425189,0,0.28699544270833327
,160.61373007265615,349.52060714866724,0,0.28699544270833327
,160.71373866328122,349.69853302407546,0,0.28699544270833327
,160.81374717187487,348.62045288989879,0,0.28597819010416659
,160.91375576015616,348.52624513795809,0,0.28699544270833327
,161.01376430859364,348.11799962909674,0,0.28699544270833327
,161.11377281640625,345.03986836128615,0,0.28394368489583327
,161.21378140468732,345.5215458356102,0,0.28394368489583327
,161.3137899132812,346.50577032190188,0,0.2849609374999999
,161.4137985015625,347.1025377899436,0,0.2849609374999999
,161.51380704999997,347.56317392347972,0,0.28597819010416659
,161.61381555781236,345.38542192277566,0.10000000000000001,0.28394368489583327
,161.71382414609366,353.94659445340079,0.10000000000000001,0.28597819010416659
,161.81383265078125,350.72414639691584,0.10000000000000001,0.28597819010416659
,161.9138412359373,345.18646827755498,0.10000000000000001,0.2849609374999999
,162.01384978046872,344.08691859302763,0.10000000000000001,0.2849609374999999
,162.11385828515608,340.93428376791496,0.10000000000000001,0.28292643229166659
,162.21386687031236,340.51526937353975,0.10000000000000001,0.2819091796874999
,162.31387537499995,343.45855394814254,0.10000000000000001,0.28292643229166659
,162.41388396015623,343.61564844738621,0.10000000000000001,0.2819091796874999
,162.51389250468742,344.53722427069249,0.10000000000000001,0.28292643229166659
,162.61390100937501,345.41683529750406,0.10000000000000001,0.28292643229166659
,162.71390959531232,343.98219364348893,0.10000000000000001,0.28292643229166659
,162.81391810390619,345.79378807695281,0.10000000000000001,0.28394368489583327
,162.91392669296874,345.66813874172857,0.10000000000000001,0.28394368489583327
,163.01393524140622,344.285893205371,0.10000000000000001,0.2819091796874999
,163.11394374999986,344.29636545141517,0.10000000000000001,0.2819091796874999
,163.21395233906242,343.68895845838034,0.10000000000000001,0.27987467447916659
,163.31396084843732,345.17599692485157,0.10000000000000001,0.28089192708333327
,163.41396943671862,347.66786067413358,0.10000000000000001,0.28089192708333327
,163.51397798593734,347.18629154951333,0.10000000000000001,0.28394368489583327
,163.61398649453122,347.35379676298226,0.10000000000000001,0.26156412760416659
,163.71399508203126,347.50036128620997,0.10000000000000001,0.30123697916666659
,163.81400358906239,347.42707932194207,0.10000000000000001,0.28089192708333327
,163.91401217578118,348.05519092411373,0.10000000000000001,0.28089192708333327
,164.01402072265614,347.87723048486004,0.10000000000000001,0.27987467447916659
,164.1140292296875,345.4063641835096,0.10000000000000001,0.27784016927083327
,164.21403781640606,347.48989247066311,0.10000000000000001,0.2788574218749999
,164.31404632343742,348.56811537814701,0.10000000000000001,0.2788574218749999
,164.41405491093747,349.56247240969765,0.10000000000000001,0.2788574218749999
,164.51406345781243,350.8078640386799,0.10000000000000001,0.28089192708333327
,164.61407196484356,348.75652891497799,0,0.2788574218749999
,164.71408055390611,343.22814472843419,0,0.27987467447916659
,164.81408906328124,345.79378807695281,0,0.27987467447916659
,164.91409765234357,347.01878326611347,0,0.2788574218749999
,165.0141061617187,349.58340495977177,0,0.2788574218749999
,165.11411471093743,347.87723048486004,0,0.27682291666666659
,165.21412330078124,347.83535691811676,0,0.2758056640624999
,165.31413180937489,350.25321794125693,0,0.27784016927083327
,165.4141403992187,349.84505728924643,0,0.27682291666666659
,165.5141489085936,349.90785258917526,0,0.27784016927083327
,165.61415745781233,349.31127763879164,0.10000000000000001,0.27784016927083327
,165.7141660499999,356.60293554584456,0.10000000000000001,0.27784016927083327
,165.81417456328109,353.51771579452986,0.10000000000000001,0.2788574218749999
,165.91418315546866,349.75086342322538,0.10000000000000001,0.2788574218749999
,166.01419166796859,346.3801302312786,0.10000000000000001,0.27682291666666659
,166.1142002210936,345.42730640057511,0.10000000000000001,0.27682291666666659
,166.21420881328118,344.95609603831406,0.10000000000000001,0.2758056640624999
,166.3142173257811,347.42707932194207,0.10000000000000001,0.27682291666666659
,166.41422591874993,349.61480368419205,0.10000000000000001,0.27784016927083327
,166.51423443124986,348.49484232345264,0.10000000000000001,0.27682291666666659
,166.61424298281236,348.88213561405638,0.10000000000000001,0.27784016927083327
,166.71425157265617,348.10753154293951,0.10000000000000001,0.27682291666666659
,166.81426008281232,349.03914135280263,0.10000000000000001,0.27784016927083327
,166.91426867343739,349.69853302407546,0.10000000000000001,0.2788574218749999
,167.01427718359355,348.75652891497799,0.10000000000000001,0.27682291666666659
,167.11428573359376,347.06066062335958,0.10000000000000001,0.2758056640624999
,167.2142943242186,348.81933249796305,0.10000000000000001,0.2758056640624999
,167.31430283437498,350.6404278529015,0.10000000000000001,0.27682291666666659
,167.41431142421857,352.0635182536638,0.10000000000000001,0.27784016927083327
,167.51431993437495,352.13675823645372,0.10000000000000001,0.27784016927083327
,167.6143284796874,351.02761853243555,0,0.27682291666666659
,167.71433706484368,345.34353727050569,0,0.27784016927083327
,167.81434556953104,347.07112993289593,0,0.27784016927083327
,167.91435415468732,349.71946522425384,0,0.27784016927083327
,168.01436266015617,352.61803126042298,0,0.2788574218749999
,168.11437120468736,349.12287654293073,0,0.27478841145833327
,168.21437978984363,350.01251033247786,0,0.2758056640624999
,168.31438829531248,352.68080364313994,0,0.27682291666666659
,168.41439688046876,351.24736673037387,0,0.2758056640624999
,168.51440538515612,352.13675823645372,0,0.27784016927083327
,168.61441393124983,351.35200650005669,0,0.27682291666666659
,168.71442251718736,349.37407705101532,0,0.27682291666666659
,168.81443102265621,351.66591710450786,0,0.27784016927083327
,168.91443960937499,349.66713462263596,0,0.27682291666666659
,169.01444811484362,349.27987775356064,0,0.27682291666666659
,169.11445666093732,348.08659533299834,0,0.2758056640624999
,169.21446524687485,346.72563646071995,0,0.27377115885416659
,169.3144737523437,349.38454357320842,0,0.27682291666666659
,169.41448233906249,350.05437304717356,0,0.27682291666666659
,169.51449084453111,348.57858290616127,0,0.2758056640624999
,169.61449939218733,348.89260275458514,0,0.27682291666666659
,169.71450797890611,347.61551745192713,0.10000000000000001,0.27682291666666659
,169.81451648593747,356.11149005630887,0.10000000000000001,0.2788574218749999
,169.91452507343729,351.80194094793023,0.10000000000000001,0.2788574218749999
,170.01453358046865,345.80425878255204,0.10000000000000001,0.27682291666666659
,170.11454212734361,343.17577834695476,0.10000000000000001,0.2758056640624999
,170.21455071484365,343.47950000834129,0.10000000000000001,0.2758056640624999
,170.31455922187502,343.84604970750866,0.10000000000000001,0.2758056640624999
,170.41456780937483,346.90361955387601,0.10000000000000001,0.27784016927083327
,170.51457631640619,346.63140874469792,0.10000000000000001,0.27682291666666659
,170.61458486406241,345.11316858252997,0.10000000000000001,0.2758056640624999
,170.71459345156245,346.8826805431753,0.10000000000000001,0.2788574218749999
,170.81460195937484,346.30683941254415,0.10000000000000001,0.27682291666666659
,170.91461054687488,346.08696359516711,0.10000000000000001,0.27784016927083327
,171.0146190546875,347.59458007725311,0.10000000000000001,0.27784016927083327
,171.11462760234372,344.46391999085557,0.10000000000000001,0.27478841145833327
,171.21463618984376,346.07649319306358,0.10000000000000001,0.2758056640624999
,171.31464469765615,348.47390704989334,0.10000000000000001,0.27682291666666659
,171.41465328515619,348.5995179237064,0.10000000000000001,0.2758056640624999
,171.51466179062481,350.28461404851322,0.10000000000000001,0.27784016927083327
,171.61467033515623,348.25408360475996,0.10000000000000001,0.2758056640624999
,171.71467892031251,348.42156864274784,0.10000000000000001,0.27682291666666659
,171.81468742578113,351.29968679566599,0.10000000000000001,0.2788574218749999
,171.9146960109374,349.38454357320842,0.10000000000000001,0.27784016927083327
,172.014704515625,348.9658723735775,0.10000000000000001,0.27784016927083327
,172.11471306093745,348.30642302771338,0.10000000000000001,0.2758056640624999
,172.21472164609372,347.75160919072431,0.10000000000000001,0.27478841145833327
,172.31473015156234,350.97529660283857,0.10000000000000001,0.27682291666666659
,172.41473873749987,352.15768381157977,0.10000000000000001,0.27682291666666659
,172.51474724374998,351.55081807179056,0.10000000000000001,0.27682291666666659
,172.61475579062494,353.03650340803148,0.10000000000000001,0.27784016927083327
,172.71476437734373,352.23092285364658,0,0.27682291666666659
,172.81477288359361,345.9089652237966,0,0.27682291666666659
,172.91478147109365,348.92400409806936,0,0.2788574218749999
,173.01478997734375,349.64620228763408,0,0.27682291666666659
,173.11479852421871,350.32647533108826,0,0.2758056640624999
,173.2148071109375,351.80194094793023,0,0.2758056640624999
,173.31481561718738,351.70777085912982,0,0.2758056640624999
,173.41482420781244,353.55955878551651,0,0.27682291666666659
,173.51483271874986,352.85865574313664,0,0.27682291666666659
,173.61484126874984,351.17411803411244,0,0.2758056640624999
,173.71484986015616,352.40878603840167,0,0.2788574218749999
,173.81485837031232,351.49849974582287,0,0.27784016927083327
,173.91486696093739,350.41019723041234,0,0.27784016927083327
,174.0148754718748,350.77647002895117,0,0.27784016927083327
,174.11488402265604,347.44801708679574,0,0.27478841145833327
,174.21489261328111,348.42156864274784,0,0.2758056640624999
,174.31490112343749,350.20089081951477,0,0.27682291666666659
,174.41490971953112,349.75086342322538,0,0.27682291666666659
,174.51491823515607,351.17411803411244,0,0.2788574218749999
,174.61492679140611,349.58340495977177,0,0.27784016927083327
,174.71493538749996,348.15987184815737,0.10000000000000001,0.27784016927083327
,174.81494390312491,358.26519510536696,0.10000000000000001,0.27987467447916659
,174.91495249921854,351.68684401114484,0.10000000000000001,0.27784016927083327
,175.01496101484372,347.7934831532711,0.10000000000000001,0.2788574218749999
,175.11496957109375,345.18646827755498,0.10000000000000001,0.27682291666666659
,175.21497816718738,343.56328385889799,0.10000000000000001,0.2758056640624999
,175.31498667968731,346.99784451611805,0.10000000000000001,0.2788574218749999
,175.41499526796861,346.91408904149671,0.10000000000000001,0.27784016927083327
,175.51500377656248,346.86174148523742,0.10000000000000001,0.27784016927083327
,175.6150123242187,347.89816719381781,0.10000000000000001,0.2788574218749999
,175.71502091249999,346.39060030226591,0.10000000000000001,0.27784016927083327
,175.81502942109364,347.60504877071179,0.10000000000000001,0.2788574218749999
,175.91503800937494,348.00284999246287,0.10000000000000001,0.2788574218749999
,176.01504651718733,346.45342048620319,0.10000000000000001,0.27784016927083327
,176.1150550656248,346.30683941254415,0.10000000000000001,0.27682291666666659
,176.2150636539061,347.03972196854414,0.10000000000000001,0.27682291666666659
,176.31507216093746,348.71465960093565,0.10000000000000001,0.27784016927083327
,176.41508074921876,350.9334388027055,0.10000000000000001,0.2788574218749999
,176.51508925624989,350.11716670802315,0.10000000000000001,0.27784016927083327
,176.61509780390611,348.58905042134978,0.10000000000000001,0.27784016927083327
,176.71510639218741,350.26368332417047,0.10000000000000001,0.2788574218749999
,176.8151148999998,350.92297431710466,0,0.2788574218749999
,176.91512348749984,344.72571864751802,0,0.2788574218749999
,177.01513199531246,345.9089652237966,0,0.2788574218749999
,177.11514054296867,345.59484255893824,0,0.2758056640624999
,177.21514913046872,349.2275443467276,0,0.27682291666666659
,177.31515763828111,351.04854720438368,0,0.27682291666666659
,177.41516622656241,351.4461810560386,0,0.27784016927083327
,177.5151747343748,352.30416116164645,0,0.2788574218749999
,177.61518328203124,350.68228723749269,0,0.27784016927083327
,177.71519187031231,349.45780885566148,0,0.2788574218749999
,177.81520037812493,351.14272552015677,0.10000000000000001,0.27987467447916659
,177.91520896640623,357.99341031125215,0.10000000000000001,0.27987467447916659
,178.01521747421862,353.73738868070069,0.10000000000000001,0.27987467447916659
,178.11522602187483,347.86676211176825,0.10000000000000001,0.27784016927083327
,178.21523461015613,345.91943580630686,0.10000000000000001,0.27682291666666659
,178.31524311875,348.85073411445535,0.10000000000000001,0.2788574218749999
,178.41525170781233,349.20661089146608,0.10000000000000001,0.2788574218749999
,178.51526021718746,348.91353699659788,0.10000000000000001,0.27987467447916659
,178.61526876640619,349.51014079992871,0.10000000000000001,0.27987467447916659
,178.71527735546874,348.50530994107186,0.10000000000000001,0.27987467447916659
,178.81528586484364,349.35314396673778,0.10000000000000001,0.27987467447916659
,178.9152944539062,350.33694061708962,0.10000000000000001,0.28089192708333327
,179.01530296249985,348.86120129398529,0.10000000000000001,0.27987467447916659
,179.11531151171857,347.84582532839033,0.10000000000000001,0.2788574218749999
,179.21532010234364,349.06007522905969,0.10000000000000001,0.2788574218749999
,179.31532861328105,350.12763227011271,0.10000000000000001,0.2788574218749999
,179.41533720468738,352.38786118353278,0.10000000000000001,0.28089192708333327
,179.51534571640605,352.39832361850648,0.10000000000000001,0.28089192708333327
,179.61535426718751,351.33107866165773,0.10000000000000001,0.27987467447916659
,179.71536285859361,353.00511884958348,0.10000000000000001,0.2819091796874999
,179.81537136953125,352.52387166032065,0,0.28089192708333327
,179.91537996093734,345.8984946300647,0,0.2819091796874999
,180.01538847265624,347.7934831532711,0,0.28089192708333327
,180.11539702343748,347.16535318144656,0,0.27784016927083327
,180.21540561171855,351.19504630494811,0,0.2788574218749999
,180.31541411874991,353.26665257743338,0,0.2788574218749999
,180.41542270703121,353.37126334684314,0,0.2788574218749999
,180.5154312148436,354.35452728587609,0,0.28089192708333327
,180.61543976249982,352.96327255564125,0,0.27987467447916659
,180.71544834999986,351.82286747245359,0,0.27987467447916659
,180.81545685781248,353.35034131791645,0,0.28089192708333327
,180.91546544609355,351.52989078511058,0,0.28089192708333327
,181.01547395390617,351.81240421756013,0,0.28089192708333327
,181.11548250156238,349.60433745615234,0,0.2788574218749999
,181.21549108906243,349.04960829748433,0,0.27784016927083327
,181.31549959687482,352.04259241025437,0,0.28089192708333327
,181.41550818437486,351.89610984357222,0,0.27987467447916659
,181.51551669140622,351.06947581917763,0,0.28089192708333327
,181.61552523906244,351.47757231352421,0,0.2819091796874999
,181.71553382656248,349.66713462263596,0,0.28089192708333327
,181.81554233437487,350.56717338924341,0.10000000000000001,0.2819091796874999
,181.91555092187491,359.07002276697051,0.10000000000000001,0.28394368489583327
,182.0155594296873,352.42971083293202,0.10000000000000001,0.2819091796874999
,182.11556797734374,347.68879787709295,0.10000000000000001,0.2819091796874999
,182.21557656640607,346.4324804710256,0.10000000000000001,0.28089192708333327
,182.31558507499994,347.13394553951713,0.10000000000000001,0.2819091796874999
,182.4155936640625,348.62045288989879,0.10000000000000001,0.28292643229166659
,182.5156021734374,348.04472276278455,0.10000000000000001,0.28292643229166659
,182.61561072187487,347.83535691811676,0.10000000000000001,0.28292643229166659
,182.71561931093743,348.05519092411373,0.10000000000000001,0.28394368489583327
,182.81562781953107,348.49484232345264,0.10000000000000001,0.28394368489583327
,182.91563640859363,349.26941109865555,0.10000000000000001,0.28394368489583327
,183.01564491796876,348.829799716438,0.10000000000000001,0.28394368489583327
,183.11565346953125,346.91408904149671,0.10000000000000001,0.2819091796874999
,183.21566206093735,348.58905042134978,0.10000000000000001,0.2819091796874999
,183.31567057265624,350.08576993934247,0.10000000000000001,0.2819091796874999
,183.41567916406234,350.6404278529015,0.10000000000000001,0.28292643229166659
,183.51568767499998,351.87518352565939,0.10000000000000001,0.28292643229166659
,183.61569622656248,350.24275254452351,0.10000000000000001,0.2819091796874999
,183.71570481874983,351.93796230192379,0.10000000000000001,0.28394368489583327
,183.81571332968747,353.05742636975873,0,0.28394368489583327
,183.91572192187482,345.41683529750406,0,0.28292643229166659
,184.01573042968744,347.9086355296713,0,0.28394368489583327
,184.11573897343737,347.86676211176825,0,0.28089192708333327
,184.21574755781239,350.78693471299744,0,0.28089192708333327
,184.31575606093747,354.09303469487418,0,0.28292643229166659
,184.41576464531249,353.41310721692429,0,0.2819091796874999
,184.5157731492186,354.15579383570343,0,0.28394368489583327
,184.61578169296854,353.29803597215414,0,0.28292643229166659
,184.7157902765623,352.12629542649859,0,0.28292643229166659
,184.81579878046864,353.50725500744716,0,0.28394368489583327
,184.91580736484366,352.56572052325799,0,0.28394368489583327
,185.01581587265605,351.18458217671451,0,0.28292643229166659
,185.115824421875,349.90785258917526,0,0.2819091796874999
,185.21583301093733,348.76699621117467,0,0.28089192708333327
,185.31584152031246,351.29968679566599,0,0.28292643229166659
,185.41585011015604,352.28323600581615,0,0.28292643229166659
,185.51585861874992,350.90204530326508,0,0.28292643229166659
,185.61586716796864,351.38339814913911,0,0.28394368489583327
,185.71587575781246,350.22182170962179,0,0.28394368489583327
,185.81588426718736,349.75086342322538,0,0.28394368489583327
,185.91589285703117,350.13809781845663,0.10000000000000001,0.28394368489583327
,186.01590136562481,357.14661741943729,0.10000000000000001,0.28394368489583327
,186.11590991484354,350.44159271327146,0.10000000000000001,0.2819091796874999
,186.2159185039061,347.69926646013539,0.10000000000000001,0.2819091796874999
,186.31592701328123,347.17582237147275,0.10000000000000001,0.28292643229166659
,186.41593560234355,348.90306988210108,0.10000000000000001,0.2849609374999999
,186.51594411093743,348.00284999246287,0.10000000000000001,0.28394368489583327
,186.61595266015615,346.42201044612676,0.10000000000000001,0.28292643229166659
,186.71596124921871,348.44250404384576,0.10000000000000001,0.28597819010416659
,186.81596975859361,348.75652891497799,0.10000000000000001,0.2849609374999999
,186.91597834843742,348.62045288989879,0.10000000000000001,0.28597819010416659
,187.01598686093735,348.95540532426963,0.10000000000000001,0.28597819010416659
,187.1159954132811,345.76237589326917,0.10000000000000001,0.28292643229166659
,187.21600400624993,347.09206851619422,0.10000000000000001,0.28394368489583327
,187.31601251874986,350.24275254452351,0.10000000000000001,0.2849609374999999
,187.41602111093744,350.08576993934247,0.10000000000000001,0.28394368489583327
,187.51602962343736,351.87518352565939,0.10000000000000001,0.28699544270833327
,187.61603817656237,350.54624341634496,0.10000000000000001,0.2849609374999999
,187.71604676874995,349.85552320655017,0.10000000000000001,0.28597819010416659
,187.81605528124987,352.85865574313664,0.10000000000000001,0.2880126953124999
,187.9160638726562,351.68684401114484,0,0.28597819010416659
,188.01607238359361,344.285893205371,0,0.28597819010416659
,188.11608093437485,345.46919070349736,0,0.2849609374999999
,188.21608952499992,346.98737512329933,0,0.28292643229166659
,188.31609803593733,351.70777085912982,0,0.2849609374999999
,188.41610662734365,353.89429360744077,0,0.2849609374999999
,188.51611513828107,353.09927210762345,0,0.28597819010416659
,188.61612368906231,353.42356814529006,0,0.28699544270833327
,188.71613228046863,351.48803603694682,0,0.28597819010416659
,188.81614079140604,351.37293428058865,0,0.28597819010416659
,188.91614938124985,352.34601129297414,0,0.28699544270833327
,189.01615789218749,350.3474058892217,0,0.2849609374999999
,189.11616644296873,348.47390704989334,0,0.28394368489583327
,189.21617503359357,349.39501008209612,0,0.28394368489583327
,189.31618354453121,350.2322871339764,0,0.28394368489583327
,189.41619213515605,351.5926724701016,0,0.28597819010416659
,189.51620064609369,351.16365387714802,0,0.28597819010416659
,189.61620919609368,348.81933249796305,0,0.2849609374999999
,189.7162177875,350.00204461959453,0,0.28699544270833327
,189.8162262968749,349.8869208769288,0,0.28699544270833327
,189.91623488749997,349.34267740466578,0.10000000000000001,0.28699544270833327
,190.01624339765613,357.86796700281303,0.10000000000000001,0.28902994791666659
,190.11625194843737,349.60433745615234,0.10000000000000001,0.2849609374999999
,190.21626053828118,346.64187853763832,0.10000000000000001,0.28597819010416659
,190.31626904921859,347.27004454159999,0.10000000000000001,0.28699544270833327
,190.4162776390624,346.23354803216802,0.10000000000000001,0.28699544270833327
,190.51628614921856,347.92957216409621,0.10000000000000001,0.28902994791666659
,190.6162946999998,346.76751514131007,0.10000000000000001,0.28699544270833327
,190.71630328984361,345.98225906536044,0.10000000000000001,0.28699544270833327
,190.81631179609371,347.9086355296713,0.10000000000000001,0.2880126953124999
,190.91632038046873,346.86174148523742,0.10000000000000001,0.28699544270833327
,191.0163288851561,346.95596687363451,0.10000000000000001,0.28699544270833327
,191.11633742890626,345.95084748644479,0.10000000000000001,0.2849609374999999
,191.21634601328105,345.2911812104382,0.10000000000000001,0.28394368489583327
,191.31635451718739,348.95540532426963,0.10000000000000001,0.28597819010416659
,191.41636310156241,350.49391823933269,0.10000000000000001,0.28597819010416659
,191.51637160546875,349.76132946251221,0.10000000000000001,0.28597819010416659
,191.61638014999994,349.96018163140923,0.10000000000000001,0.28597819010416659
,191.71638873437496,349.87645500039758,0.10000000000000001,0.28699544270833327
,191.81639724218735,350.31601003122375,0.10000000000000001,0.28699544270833327
,191.91640583046865,351.38339814913911,0,0.2880126953124999
,192.01641437812486,343.64706708261321,0,0.2849609374999999
,192.11642288671874,343.23861797598801,0,0.2849609374999999
,192.21643147499981,348.07612720922691,0,0.2849609374999999
,192.31643998281243,350.66135757331841,0,0.2849609374999999
,192.41644857109372,352.84819397738079,0,0.28597819010416659
,192.51645711874994,352.99465729922986,0,0.28699544270833327
,192.61646562734359,350.57763835468796,0,0.2849609374999999
,192.71647421562488,351.50896344014632,0,0.28699544270833327
,192.8164827234375,350.90204530326508,0,0.28597819010416659
,192.91649131171857,350.16949438095247,0,0.28597819010416659
,193.01649985937479,351.20551041880714,0,0.28699544270833327
,193.11650836718741,347.29098266932488,0,0.28394368489583327
,193.21651695546871,348.08659533299834,0,0.28394368489583327
,193.3165254632811,350.3055447175023,0,0.28597819010416659
,193.41653405078114,349.40547657767229,0,0.2849609374999999
,193.51654259921861,350.78693471299744,0,0.28699544270833327
,193.61655110703123,349.51014079992871,0,0.28597819010416659
,193.71655969453104,348.29595516842409,0,0.28699544270833327
,193.81656820312492,349.64620228763408,0,0.2880126953124999
,193.91657679140621,347.1025377899436,0,0.28699544270833327
,194.01658533984369,345.69955122548589,0.10000000000000001,0.28699544270833327
,194.11659384843733,353.08881069637118,0.10000000000000001,0.28699544270833327
,194.21660243671863,348.22267979935458,0.10000000000000001,0.2849609374999999
,194.31661094453125,347.80395161303267,0.10000000000000001,0.28699544270833327
,194.41661953359358,347.2281681416934,0.10000000000000001,0.28699544270833327
,194.51662808203105,345.12363999980187,0.10000000000000001,0.28699544270833327
,194.61663658984367,345.8984946300647,0.10000000000000001,0.2880126953124999
,194.71664518203124,345.32259487907123,0.10000000000000001,0.2880126953124999
,194.81665369374991,346.21260753491964,0.10000000000000001,0.2880126953124999
,194.91666228515624,347.12347630161133,0.10000000000000001,0.28902994791666659
,195.01667083671873,345.23882487918979,0.10000000000000001,0.28699544270833327
,195.1166793484374,343.36429619633748,0.10000000000000001,0.28597819010416659
,195.21668793984372,345.17599692485157,0.10000000000000001,0.28699544270833327
,195.31669645156239,345.92990637758919,0.10000000000000001,0.28597819010416659
,195.41670504374997,347.5108300895763,0.10000000000000001,0.28699544270833327
,195.51671359531247,347.92957216409621,0.10000000000000001,0.28699544270833327
,195.61672210624988,346.2858990753665,0.10000000000000001,0.2849609374999999
,195.7167306976562,348.44250404384576,0.10000000000000001,0.2880126953124999
,195.81673920859362,348.64138780468852,0.10000000000000001,0.28597819010416659
,195.91674779999994,347.62598612089283,0.10000000000000001,0.28597819010416659
,196.01675635156244,349.35314396673778,0.10000000000000001,0.28699544270833327
,196.11676486249985,346.34871994930393,0.10000000000000001,0.28394368489583327
,196.21677345390617,347.23863725971142,0.10000000000000001,0.28394368489583327
,196.31678196562484,350.77647002895117,0.10000000000000001,0.28597819010416659
,196.41679055703116,349.89738673985676,0.10000000000000001,0.2849609374999999
,196.51679910859366,350.87065167600321,0.10000000000000001,0.28597819010416659
,196.61680761796856,350.83925792108602,0.10000000000000001,0.28597819010416659
,196.71681620624986,349.71946522425384,0.10000000000000001,0.2849609374999999
,196.81682471328122,352.26231078994005,0.10000000000000001,0.28699544270833327
,196.91683330156229,351.46710857556121,0.10000000000000001,0.28597819010416659
,197.01684184921874,350.12763227011271,0,0.2849609374999999
,197.11685035703113,343.92983079142959,0,0.2849609374999999
,197.21685894453117,344.44297581770849,0,0.28292643229166659
,197.31686745234356,349.10194282417353,0,0.28394368489583327
,197.41687604062486,353.64324401097969,0,0.2849609374999999
,197.51688458828107,352.2727734053808,0,0.28394368489583327
,197.61689309609369,352.19953478252444,0,0.2849609374999999
,197.71690168437499,352.42971083293202,0,0.2849609374999999
,197.81691019140612,352.01120353362285,0,0.2849609374999999
,197.91691877968742,352.80634676101522,0,0.28597819010416659
,198.01692732734364,351.34154258808752,0,0.2849609374999999
,198.11693583515626,347.70973503087799,0,0.28292643229166659
,198.21694442265607,348.94493826191149,0,0.28292643229166659
,198.31695293046869,349.65666846186843,0,0.28292643229166659
,198.41696151874999,350.7450758920661,0,0.28394368489583327
,198.51697006718746,351.54035443573918,0,0.2849609374999999
,198.61697857656236,348.76699621117467,0,0.28292643229166659
,198.71698716640617,349.18567738340585,0,0.2849609374999999
,198.81699567656233,349.85552320655017,0,0.2849609374999999
,198.91700426640614,347.97144528364197,0,0.28394368489583327
,199.01701281562487,348.6309203537221,0.10000000000000001,0.2849609374999999
,199.11702132578125,354.01981496658362,0.10000000000000001,0.28292643229166659
,199.21702991562483,348.95540532426963,0.10000000000000001,0.2819091796874999
,199.31703842499996,348.67279008038389,0.10000000000000001,0.28394368489583327
,199.41704701484355,346.62093894009962,0.10000000000000001,0.28292643229166659
,199.5170555640625,346.71516676126993,0.10000000000000001,0.28394368489583327
,199.61706407265615,346.47436045517856,0.10000000000000001,0.28394368489583327
,199.7170726617187,345.2911812104382,0.10000000000000001,0.28394368489583327
,199.81708117109361,346.83033280987138,0.10000000000000001,0.2849609374999999
,199.9170897593749,346.65234831891456,0.10000000000000001,0.28394368489583327
,200.01709830859363,345.02939685827903,0.10000000000000001,0.28292643229166659
,200.1171068171875,344.5791122021846,0.10000000000000001,0.2819091796874999
,200.21711540624983,344.47439206191592,0.10000000000000001,0.28089192708333327
,200.31712391484371,346.65234831891456,0.10000000000000001,0.2819091796874999
,200.41713250390626,349.78226150049295,0.10000000000000001,0.28394368489583327
,200.51714105546876,348.58905042134978,0.10000000000000001,0.28292643229166659
,200.61714956640617,348.39016544562674,0.10000000000000001,0.28292643229166659
,200.71715815703124,349.54153980597954,0.10000000000000001,0.28394368489583327
,200.81716666796865,349.00774044018209,0.10000000000000001,0.28292643229166659
,200.91717525937497,350.03344171720562,0.10000000000000001,0.2849609374999999
,201.01718381015621,349.38454357320842,0,0.28394368489583327
,201.11719232109363,339.48863141404649,0,0.27987467447916659
,201.21720091249995,343.22814472843419,0,0.28089192708333327
,201.31720942343736,347.24910636570604,0,0.28089192708333327
,201.41721801484368,350.12763227011271,0,0.2819091796874999
,201.51722656562492,351.78101436448549,0,0.28292643229166659
,201.61723507578108,349.67760076993045,0,0.28089192708333327
,201.71724366640615,349.66713462263596,0,0.2819091796874999
,201.81725217734356,349.79272749917453,0,0.28089192708333327
,201.91726076796863,348.1284677027034,0,0.28089192708333327
,202.01726931874987,348.90306988210108,0,0.28089192708333327
,202.11727782890625,345.78331736020169,0.10000000000000001,0.27784016927083327
,202.21728641953109,354.63692790134439,0.10000000000000001,0.2788574218749999
,202.31729493046873,353.00511884958348,0.10000000000000001,0.27987467447916659
,202.41730352109357,349.17521060959177,0.10000000000000001,0.2788574218749999
,202.51731207265607,348.47390704989334,0.10000000000000001,0.28089192708333327
,202.61732058359371,347.66786067413358,0.10000000000000001,0.27987467447916659
,202.7173291749998,346.14978576965308,0.10000000000000001,0.27987467447916659
,202.8173376867187,348.42156864274784,0.10000000000000001,0.2819091796874999
,202.9173462781248,347.73067213543851,0.10000000000000001,0.28089192708333327
,203.01735482890626,346.69422732725104,0.10000000000000001,0.27987467447916659
,203.11736334062493,345.95084748644479,0.10000000000000001,0.2788574218749999
,203.21737193203126,345.80425878255204,0.10000000000000001,0.27682291666666659
,203.31738044296867,348.66232266802564,0.10000000000000001,0.2788574218749999
,203.41738903359374,350.67182241243898,0.10000000000000001,0.27987467447916659
,203.51739758359372,350.09623554263186,0.10000000000000001,0.27987467447916659
,203.61740609374988,350.28461404851322,0.10000000000000001,0.27987467447916659
,203.71741468359369,349.2484777491407,0.10000000000000001,0.27987467447916659
,203.81742319374985,350.00204461959453,0.10000000000000001,0.27987467447916659
,203.91743178359366,351.20551041880714,0.10000000000000001,0.28089192708333327
,204.01744033359364,349.51014079992871,0.10000000000000001,0.2788574218749999
,204.1174488437498,347.94004046265508,0.10000000000000001,0.27784016927083327
,204.21745743359361,349.31127763879164,0.10000000000000001,0.27784016927083327
,204.31746594453125,350.98576101727355,0.10000000000000001,0.27784016927083327
,204.41747453749986,353.85245264361129,0.10000000000000001,0.27987467447916659
,204.51748309062486,352.51340940669184,0.10000000000000001,0.2788574218749999
,204.61749160312479,351.41478966785502,0.10000000000000001,0.2788574218749999
,204.71750019609362,353.26665257743338,0.10000000000000001,0.27987467447916659
,204.81750870859355,352.76449929959375,0.10000000000000001,0.2788574218749999
,204.91751730156238,353.44448995499386,0.10000000000000001,0.27987467447916659
,205.01752585468739,353.66416515945707,0.10000000000000001,0.27987467447916659
,205.11753436718732,350.62996297161743,0,0.27682291666666659
,205.21754296015615,345.74143438180522,0,0.27784016927083327
,205.31755147109357,349.63573609993909,0,0.2788574218749999
,205.41756005859361,352.33554878269911,0,0.2788574218749999
,205.51756860624982,356.00692225928742,0,0.27987467447916659
,205.61757711406244,355.55726125851794,0,0.27987467447916659
,205.71758570156248,353.64324401097969,0,0.27987467447916659
,205.81759420937487,355.19123502935122,0,0.28089192708333327
,205.91760279765617,353.77923034415608,0,0.27987467447916659
,206.01761134531239,353.04696489662297,0,0.27987467447916659
,206.11761985234375,352.14722103148279,0,0.2788574218749999
,206.21762844062482,350.58810330612118,0,0.27682291666666659
,206.31763695156246,353.46541170195354,0,0.27987467447916659
,206.4176455421873,353.95705457468887,0,0.2788574218749999
,206.5176540937498,352.99465729922986,0,0.27987467447916659
,206.61766260468744,353.52817656588422,0,0.28089192708333327
,206.71767119609376,352.11583260162359,0,0.27987467447916659
,206.81767970703117,351.82286747245359,0,0.27987467447916659
,206.9176882984375,352.22046017824533,0,0.28089192708333327
,207.01769684999999,349.63573609993909,0,0.2788574218749999
,207.11770536093741,348.24361568224845,0.10000000000000001,0.2788574218749999
,207.21771395234373,357.60661836931797,0.10000000000000001,0.2788574218749999
,207.3177224640624,353.51771579452986,0.10000000000000001,0.2788574218749999
,207.41773105546872,351.06947581917763,0.10000000000000001,0.27987467447916659
,207.51773960703122,349.42640952886489,0.10000000000000001,0.27987467447916659
,207.61774811874989,347.87723048486004,0.10000000000000001,0.27987467447916659
,207.71775671093746,349.19614414403264,0.10000000000000001,0.28089192708333327
,207.81776522187488,348.49484232345264,0.10000000000000001,0.27987467447916659
,207.91777381406246,348.9658723735775,0.10000000000000001,0.28089192708333327
,208.01778236562495,348.72512694882209,0.10000000000000001,0.27987467447916659
,208.11779087734362,345.55295878308522,0.10000000000000001,0.27784016927083327
,208.21779946874994,348.18080788225899,0.10000000000000001,0.27784016927083327
,208.31780797968736,349.19614414403264,0.10000000000000001,0.27784016927083327
,208.41781657109368,349.72993130409003,0.10000000000000001,0.27784016927083327
,208.51782512265618,350.3055447175023,0.10000000000000001,0.27784016927083327
,208.61783363359359,348.88213561405638,0.10000000000000001,0.2758056640624999
,208.71784222578117,349.66713462263596,0.10000000000000001,0.27682291666666659
,208.81785073671858,351.81240421756013,0.10000000000000001,0.27784016927083327
,208.91785932812491,350.9334388027055,0.10000000000000001,0.27682291666666659
,209.0178678796874,351.64499013926786,0.10000000000000001,0.27682291666666659
,209.11787639062482,350.03344171720562,0,0.27478841145833327
,209.21788498203114,343.00820432457084,0,0.27377115885416659
,209.31789349296855,348.39016544562674,0,0.27682291666666659
,209.41790208359362,351.81240421756013,0,0.2758056640624999
,209.51791063437486,353.87337315739364,0,0.27784016927083327
,209.6179191453125,354.33360825020031,0,0.27682291666666659
,209.71792773593734,352.77496118790179,0,0.27682291666666659
,209.81793624687498,354.20809267712849,0,0.2788574218749999
,209.91794483749982,352.45063556707493,0,0.27784016927083327
,210.01795338828106,350.9334388027055,0,0.27682291666666659
,210.1179618992187,350.35787114747825,0,0.27682291666666659
,210.21797048906251,349.66713462263596,0,0.27478841145833327
,210.31797899765616,351.48803603694682,0,0.27682291666666659
,210.41798758749997,353.17250155244045,0,0.27784016927083327
,210.51799613671869,351.12179710578999,0,0.27682291666666659
,210.6180046460936,351.41478966785502,0,0.27784016927083327
,210.71801323515615,350.86018710520653,0,0.27784016927083327
,210.81802174453105,349.2275443467276,0,0.27682291666666659
,210.91803033359361,350.46252296553246,0,0.2788574218749999
,211.01803888281233,348.60998541322476,0,0.27784016927083327
,211.11804739218746,346.41154040969633,0,0.27682291666666659
,211.2180559828123,347.5108300895763,0,0.27682291666666659
,211.31806449374994,347.96097702243418,0,0.27682291666666659
,211.41807308437501,349.04960829748433,0,0.27784016927083327
,211.51808163437499,348.73559428379542,0,0.2788574218749999
,211.61809014531241,345.98225906536044,0,0.27682291666666659
,211.71809873593747,347.62598612089283,0,0.2788574218749999
,211.81810724609363,347.44801708679574,0,0.27784016927083327
,211.9181158367187,345.46919070349736,0,0.27784016927083327
,212.01812438749994,346.23354803216802,0,0.27784016927083327
,212.11813289999986,342.84062788184929,0,0.2758056640624999
,212.21814149218744,343.12341172654624,0,0.2758056640624999

trace_size,70
trace_types,5,4
trace_names,,Value
trace_units,,
devices,Platform,Platform
raster,OnChange,OnChange
description,,
displayidentifier,,
path,,Model Root/PumpFlow
flags,,2
min,,-1.797693135e+308
max,,1.797693135e+308
minWeak,,-1.797693135e+308
maxWeak,,1.797693135e+308
trace_values,-1.4179427500000656,0
,1.5949753499999133,0
,4.6619524499999443,0
,7.7259647500000028,0
,10.783019849999846,0
,13.851689849999957,0.10000000000000001
,16.912934249999807,0.10000000000000001
,19.970977249999805,0.10000000000000001
,23.033927549999817,0.10000000000000001
,26.095007649999843,0.10000000000000001
,29.158072849999826,0.10000000000000001
,32.22094304999996,0.10000000000000001
,35.2879640499998,0.10000000000000001
,38.345962549999967,0.10000000000000001
,41.411976749999894,0.10000000000000001
,44.474713749999864,0.10000000000000001
,47.534002849999979,0.10000000000000001
,50.600000949999867,0.10000000000000001
,53.661968649999835,0.10000000000000001
,56.721990249999862,0.10000000000000001
,59.785986649999813,0.10000000000000001
,62.844968049999807,0.10000000000000001
,65.909996249999949,0.10000000000000001
,68.976040349999948,0.10000000000000001
,72.037977049999881,0.10000000000000001
,75.096048849999988,0.10000000000000001
,78.163106549999839,0.10000000000000001
,81.225446449999936,0.10000000000000001
,84.283026249999921,0.10000000000000001
,87.352021349999859,0.10000000000000001
,90.411994549999918,0.10000000000000001
,93.470968549999952,0.10000000000000001
,96.537936549999813,0.10000000000000001
,99.596942549999994,0.10000000000000001
,102.65996335,0.10000000000000001
,105.72600334999993,0.10000000000000001
,108.78609154999981,0.10000000000000001
,111.84595364999996,0.10000000000000001
,114.91401384999995,0.10000000000000001
,117.97198424999988,0.10000000000000001
,121.03597554999988,0
,124.09603225000001,0
,127.15896174999989,0
,130.22091884999986,0.10000000000000001
,133.28698574999999,0.10000000000000001
,136.34765934999996,0.10000000000000001
,139.41005414999995,0
,142.46998454999994,0.10000000000000001
,145.53817194999988,0
,148.59507054999995,0.10000000000000001
,151.66100254999992,0.10000000000000001
,154.72482274999993,0
,157.78301054999997,0.10000000000000001
,160.84499934999985,0
,163.90897284999983,0.10000000000000001
,166.97193464999987,0.10000000000000001
,170.03696874999991,0.10000000000000001
,173.0969464499999,0
,176.15897165000001,0.10000000000000001
,179.21998644999985,0.10000000000000001
,182.28898264999998,0.10000000000000001
,185.34601664999991,0
,188.41196624999998,0
,191.47314224999991,0.10000000000000001
,194.53610724999999,0.10000000000000001
,197.59599624999987,0
,200.66198084999996,0.10000000000000001
,203.73896104999994,0.10000000000000001
,206.8009598499998,0
,209.86499534999984,0

