descriptions,General,User,Visitor
,General,DateTime,20/04/2025 17:29:27
,General,Origin,"Software revision: rl_tts1_top_hostpc_6e8x0_openloop.sdf, rl_tts1_top_hostpc_6e8x0_openloop.ppc\nVariable description: rl_tts1_top_hostpc_6e8x0_openloop.sdf\n    Platform / Device: Platform [DS1104 R&D Controller Board, assigned to 'ds1104']\nControlDesk version: 7.3"
,General,Description,
,Recording,StartCondition,None (Immediate Recording)
,Recording,StopCondition,None
,Measurement,XAxisOffset,0
,Measurement,Length,184.8157994
,Measurement,StartTimestamp,2280.094913
,Measurement,StopTimestamp,2464.910713
,MDF,Department,
,MDF,Project,
,MDF,MeasurementObject,

trace_size,1849
trace_types,5,4,4,4
trace_names,,In1,In1,In1
trace_units,,,,
devices,Platform,Platform,Platform,Platform
raster,HostService,HostService,HostService,HostService
description,,,,
displayidentifier,,,,
path,,Model Root/Height_T1\n,Model Root/TTS dSPACE RTI1104/PumpLeft,Model Root/TTS dSPACE RTI1104/ValvePos_LD
flags,,2,2,2
min,,-1.797693135e+308,-1.797693135e+308,-1.797693135e+308
max,,1.797693135e+308,1.797693135e+308,1.797693135e+308
minWeak,,-1.797693135e+308,-1.797693135e+308,-1.797693135e+308
maxWeak,,1.797693135e+308,1.797693135e+308,1.797693135e+308
trace_values,0,-20.792294969402157,0,0.80070800781249996
,0.10000859218735059,-19.336177713034932,0,0.80070800781249996
,0.20001714374984658,-18.596858050750445,0,0.80172526041666659
,0.30002565624999988,-18.248760054243643,0,0.80274251302083333
,0.40003420781249588,-20.637943821315616,0,0.80172526041666659
,0.50004276015624782,-17.914969060609607,0,0.80375976562499996
,0.60005134921857461,-18.34618640003178,0,0.80274251302083333
,0.70005989609398966,-19.084881520628038,0,0.80375976562499996
,0.80006840312489658,-20.651972420748443,0,0.80274251302083333
,0.90007695078111283,-21.818669472698208,0,0.80172526041666659
,1.0000854976560731,-20.035341494233357,0,0.80172526041666659
,1.1000940851563428,-16.888131424311901,0,0.80375976562499996
,1.2001026320313031,-17.803788606752139,0,0.80375976562499996
,1.3001111390626647,-16.542025494413476,0,0.80477701822916659
,1.400119685937625,-18.847741385370242,0,0.80375976562499996
,1.5001282328125853,-17.664871453001059,0,0.80477701822916659
,1.6001368218749121,-17.387231574378344,0,0.80579427083333333
,1.7001453695311284,-18.415796205513807,0,0.80477701822916659
,1.800153877343746,-19.643606767500732,0,0.80477701822916659
,1.9001624257812182,-20.469652423620044,0,0.80375976562499996
,2.0001709734374344,-19.867391815694688,0,0.80375976562499996
,2.10017956171896,-16.320728456122822,0,0.80477701822916659
,2.2001881093751763,-17.012828058421562,0,0.80477701822916659
,2.3001966179685951,-16.127228198378738,0,0.80681152343749996
,2.4002051656248113,-17.276248104131778,0,0.80579427083333333
,2.5002137132814823,-17.276248104131778,0,0.80579427083333333
,2.6002223031250651,-16.36220913934217,0,0.80681152343749996
,2.7002308523437932,-16.500519783462686,0,0.80681152343749996
,2.8002393617189227,-19.741491950356075,0,0.80477701822916659
,2.9002479109376509,-18.708335595273198,0,0.80579427083333333
,3.000256460156379,-18.833797861479283,0,0.80477701822916659
,3.1002650499999618,-16.52818961519964,0,0.80579427083333333
,3.2002735992186899,-15.464749980953027,0,0.80681152343749996
,3.3002821085938194,-16.680419626867394,0,0.80579427083333333
,3.4002906578125476,-17.206904441133375,0,0.80579427083333333
,3.5002992062500198,-15.685412689412889,0,0.80681152343749996
,3.6003077960936025,-16.929691168705752,0,0.80579427083333333
,3.7003163453123307,-15.782003945199069,0,0.80681152343749996
,3.8003248546874602,-18.415796205513807,0,0.80477701822916659
,3.9003334039061883,-19.643606767500732,0,0.80477701822916659
,4.0003419531249165,-17.775999985671607,0,0.80477701822916659
,4.100350542968954,-16.721950403093619,0,0.80477701822916659
,4.2003590921876821,-15.795805248489062,0,0.80579427083333333
,4.3003676015623569,-14.968854255078011,0,0.80681152343749996
,4.400376150781085,-18.123544512389334,0,0.80477701822916659
,4.5003846984373013,-15.58885268323348,0,0.80681152343749996
,4.6003932859375709,-16.417525696446368,0,0.80579427083333333
,4.7004018335937872,-17.193037646499882,0,0.80579427083333333
,4.8004103406251488,-18.262676148614677,0,0.80477701822916659
,4.9004188882813651,-20.315469234321657,0,0.80274251302083333
,5.0004274359375813,-18.917468826712685,0,0.80274251302083333
,5.1004360234373962,-15.920045712127585,0,0.80477701822916659
,5.2004445710936125,-16.846577477556377,0,0.80375976562499996
,5.3004530781249741,-15.065213974232854,0,0.80477701822916659
,5.4004616257811904,-17.650983304748927,0,0.80375976562499996
,5.5004701742186626,-17.151441137194148,0,0.80375976562499996
,5.6004787625001882,-16.403695594861357,0,0.80375976562499996
,5.7004873109376604,-17.206904441133375,0,0.80375976562499996
,5.8004958195310792,-18.694398614190128,0,0.80274251302083333
,5.9005043679685514,-19.951354763699712,0,0.80070800781249996
,6.0005129164064783,-19.713521458898885,0,0.80070800781249996
,6.1005215046875492,-16.099595550898258,0,0.80274251302083333
,6.2005300531250214,-16.389866134864963,0,0.80172526041666659
,6.3005385617188949,-16.58353698632515,0,0.80274251302083333
,6.4005471101563671,-17.762106648579024,0,0.80172526041666659
,6.5005556578125834,-17.734321920916653,0,0.80172526041666659
,6.6005642453123983,-17.387231574378344,0,0.80172526041666659
,6.7005727929686145,-17.220771881656546,0,0.80172526041666659
,6.8005812999999762,-20.469652423620044,0,0.79867350260416659
,6.9005898476561924,-20.259422502875726,0,0.79867350260416659
,7.0005983953124087,-19.797440847833837,0,0.79765624999999996
,7.1006069828126783,-17.734321920916653,0,0.79867350260416659
,7.2006155304688946,-16.929691168705752,0,0.79969075520833333
,7.3006240374998015,-17.72043053019798,0,0.79867350260416659
,7.4006325914060653,-19.140706736470303,0,0.79765624999999996
,7.5006411453123292,-17.59543719369487,0,0.79867350260416659
,7.6006497390626464,-18.903522028609469,0,0.79765624999999996
,7.7006582929689102,-18.123544512389334,0,0.79867350260416659
,7.8006668070311207,-20.666001684578699,0,0.79663899739583333
,7.9006753601561286,-22.058200184159396,0,0.79358723958333333
,8.0006839140623924,-20.007343273881482,0,0.79460449218749996
,8.1006925078127097,-19.168623281691698,0,0.79460449218749996
,8.2007010617189735,-18.833797861479283,0,0.79460449218749996
,8.3007095734374161,-17.303990092639395,0,0.79562174479166659
,8.4007181226561443,-20.021342053556243,0,0.79460449218749996
,8.5007266710936165,-18.220929819856547,0,0.79562174479166659
,8.600735260156398,-18.387950326724781,0,0.79460449218749996
,8.7007438093751261,-19.811429721509512,0,0.79460449218749996
,8.800752317968545,-20.806330881362939,0,0.79358723958333333
,8.9007608664064719,-22.453144878598334,0,0.79256998697916659
,9.0007694156252001,-21.917276270344058,0,0.79155273437499996
,9.1007780046875268,-18.680462286976081,0,0.79358723958333333
,9.200786553124999,-19.741491950356075,0,0.79256998697916659
,9.3007950617188726,-18.360107056830319,0,0.79460449218749996
,9.4008036093750889,-20.399559210562249,0,0.79256998697916659
,9.5008121570313051,-19.783452633955907,0,0.79358723958333333
,9.60082074453112,-18.290510292085276,0,0.79460449218749996
,9.7008292921873363,-19.685553604827103,0,0.79358723958333333
,9.8008377992186979,-22.919294032272123,0,0.79256998697916659
,9.9008463468749142,-21.649705691987815,0,0.79256998697916659
,10.00085489453113,-22.142786782570873,0,0.79155273437499996
,10.1008634820314,-19.895376823530537,0,0.79358723958333333
,10.200872029687616,-19.419990415735832,0,0.79358723958333333
,10.300880535156466,-19.559730883016712,0,0.79460449218749996
,10.40088908125017,-20.820367458552631,0,0.79358723958333333
,10.500897626562619,-19.461905645939005,0,0.79460449218749996
,10.600906212499922,-20.932684033383723,0,0.79460449218749996
,10.700914758593626,-20.343496575255394,0,0.79460449218749996
,10.800923264062476,-23.726197875399109,0,0.79256998697916659
,10.900931809374924,-23.839624269982814,0,0.79256998697916659
,11.000940355468629,-21.97363777699044,0,0.79256998697916659
,11.10094894062513,-20.89056032558042,0,0.79358723958333333
,11.200957485937579,-20.750191224136774,0,0.79358723958333333
,11.300965992968941,-19.601665860907229,0,0.79460449218749996
,11.400974539062645,-22.707316873319698,0,0.79358723958333333
,11.500983085937605,-20.315469234321657,0,0.79562174479166659
,11.600991672656164,-20.89056032558042,0,0.79460449218749996
,11.701000218749869,-21.438636580183076,0,0.79562174479166659
,11.801008724999974,-22.580203546674763,0.10000000000000001,0.79460449218749996
,11.901017271874935,-14.322670770411877,0.10000000000000001,0.79460449218749996
,12.001025817968639,-18.778030311344132,0.10000000000000001,0.79358723958333333
,12.101034404687653,-18.276592894536989,0.10000000000000001,0.79562174479166659
,12.201042951562613,-20.932684033383723,0.10000000000000001,0.79460449218749996
,12.301051460937288,-20.399559210562249,0.10000000000000001,0.79562174479166659
,12.401060009375215,-22.933431253048887,0.10000000000000001,0.79460449218749996
,12.501068558593943,-22.04410477012761,0.10000000000000001,0.79460449218749996
,12.60107714765627,-20.750191224136774,0.10000000000000001,0.79562174479166659
,12.701085696093742,-22.015915957696542,0.10000000000000001,0.79562174479166659
,12.801094205468871,-24.54952912173129,0.10000000000000001,0.79256998697916659
,12.901102753906343,-23.839624269982814,0.10000000000000001,0.78951822916666659
,13.001111303125072,-23.981468612244512,0.10000000000000001,0.78138020833333333
,13.101119892187398,-20.848442608920962,0.10000000000000001,0.77425944010416659
,13.201128442968638,-19.671570666622614,0.10000000000000001,0.76612141927083333
,13.30113695390628,-20.09134586847216,0.10000000000000001,0.75493164062499996
,13.40114550468752,-20.834404701046754,0.10000000000000001,0.74272460937499996
,13.501154056250016,-19.797440847833837,0.10000000000000001,0.73153483072916659
,13.601162646874855,-19.587686876299227,0.10000000000000001,0.71932779947916659
,13.701171197656095,-16.597375435299263,0.10000000000000001,0.70915527343749996
,13.801179708593736,-18.054003104116376,0.10000000000000001,0.69491373697916659
,13.901188260156232,-17.72043053019798,0.10000000000000001,0.68270670572916659
,14.001196810937472,-15.161604780636953,0.10000000000000001,0.67151692708333333
,14.101205402343567,-14.116735531373202,0.10000000000000001,0.65930989583333333
,14.201213957031086,-13.362849321682011,0.10000000000000001,0.64710286458333333
,14.301222471875008,-11.602043934925724,0.10000000000000001,0.63693033854166659
,14.401231025781271,-15.285581537258569,0.10000000000000001,0.62472330729166659
,14.501239580468791,-12.215106203210548,0.10000000000000001,0.61455078124999996
,14.60124817499991,-11.370767618491135,0.10000000000000001,0.60234374999999996
,14.701256729687429,-10.257688507607902,0.10000000000000001,0.59115397135416659
,14.801265244531351,-10.827288254990032,0.10000000000000001,0.57894694010416659
,14.901273798437614,-12.119658768049684,0.10000000000000001,0.56572265624999996
,15.001282353125134,-11.030978040340527,0.10000000000000001,0.55453287760416659
,15.101290946093741,-6.4875492520075895,0.10000000000000001,0.54436035156249996
,15.201299497656237,-7.4122719713122223,0.10000000000000001,0.53113606770833321
,15.301308008593878,-5.019142609812647,0.10000000000000001,0.51892903645833321
,15.401316560156374,-5.9394059472293623,0.10000000000000001,0.50672200520833321
,15.50132511171887,-4.3673040474058986,0.10000000000000001,0.49451497395833327
,15.601333703124965,-2.8958087075067418,0.10000000000000001,0.48332519531249996
,15.701342254687461,-4.4869252428545288,0.10000000000000001,0.47010091145833327
,15.801350765625102,-6.4741681433629275,0.10000000000000001,0.45585937499999996
,15.901359317187598,-4.8327609702274579,0.10000000000000001,0.44365234374999996
,16.001367868750094,-4.1016466703031718,0.10000000000000001,0.43144531249999996
,16.101376455468653,-1.4445006496648531,0.10000000000000001,0.42127278645833327
,16.201385001562358,0.70665494547360908,0.10000000000000001,0.41008300781249996
,16.301393507031207,0.71972595109307491,0.10000000000000001,0.39889322916666659
,16.401402053124912,0.13098382730757763,0.10000000000000001,0.38668619791666659
,16.501410599218616,1.1768642763819308,0.10000000000000001,0.37651367187499996
,16.601419185156374,1.6463621154656778,0.10000000000000001,0.36430664062499996
,16.701427730468822,4.0738168791288132,0.10000000000000001,0.35413411458333327
,16.801436236718928,1.1768642763819308,0.10000000000000001,0.33989257812499996
,16.901444782812632,0.87653503210153261,0.10000000000000001,0.32768554687499996
,17.001453328906337,3.9574187715832139,0.10000000000000001,0.31649576822916659
,17.101461920312431,5.2611915103590938,0.10000000000000001,0.3063232421874999
,17.201470471874927,6.8032331240675319,0.10000000000000001,0.29513346354166659
,17.301478983593825,8.0442378780005406,0.10000000000000001,0.28699544270833327
,17.401487535156321,6.2643762463778252,0.10000000000000001,0.28597819010416659
,17.501496086718817,9.1786379194003516,0.10000000000000001,0.2880126953124999
,17.601504678124911,9.0259208024704662,0.10000000000000001,0.28699544270833327
,17.701513229687407,9.903047160322032,0.10000000000000001,0.2880126953124999
,17.801521740625049,9.3821469710585141,0.10000000000000001,0.28699544270833327
,17.901530292187545,7.7504184387986399,0.10000000000000001,0.2849609374999999
,18.001538841406273,10.055345180454172,0.10000000000000001,0.2849609374999999
,18.101547429687344,13.688998104764742,0.10000000000000001,0.28699544270833327
,18.20155597734356,13.525857775337734,0.10000000000000001,0.28699544270833327
,18.301564485156177,16.064069862937352,0.10000000000000001,0.28902994791666659
,18.40157303359365,14.35326143058181,0.10000000000000001,0.28699544270833327
,18.501581581249866,15.166076747967303,0.10000000000000001,0.2880126953124999
,18.601590169531391,16.947187522799517,0.10000000000000001,0.28902994791666659
,18.701598717187608,17.034127061252896,0.10000000000000001,0.2880126953124999
,18.801607225781481,15.153587232758888,0.10000000000000001,0.28699544270833327
,18.901615773437697,16.176145973230724,0.10000000000000001,0.28699544270833327
,19.001624326562705,16.624067863156441,0.10000000000000001,0.28597819010416659
,19.101632920312568,19.988855801446554,0.10000000000000001,0.2880126953124999
,19.201641474218832,22.050249263188206,0.10000000000000001,0.28902994791666659
,19.301649988281042,21.621834899477228,0.10000000000000001,0.28902994791666659
,19.401658542187306,20.701961109976587,0.10000000000000001,0.28902994791666659
,19.50166709609357,22.368147780043415,0.10000000000000001,0.29004720052083327
,19.601675689843887,22.46590250046745,0.10000000000000001,0.28902994791666659
,19.701684243750151,23.916681585206106,0.10000000000000001,0.29004720052083327
,19.801692757812361,22.025783115351068,0.10000000000000001,0.2880126953124999
,19.901701310937369,21.67082414423021,0.10000000000000001,0.28699544270833327
,20.001709860937353,23.843681297982528,0.10000000000000001,0.2880126953124999
,20.101718450000135,26.932540193288688,0.10000000000000001,0.28902994791666659
,20.201727000000119,28.076253023204039,0.10000000000000001,0.28902994791666659
,20.301735509374794,29.228202316538741,0.10000000000000001,0.2910644531249999
,20.401744058593977,27.245931223532928,0.10000000000000001,0.28902994791666659
,20.501752607812705,30.638977485205309,0.10000000000000001,0.29208170572916659
,20.601761197656288,30.710561263732615,0.10000000000000001,0.2910644531249999
,20.701769746875016,30.627045446693458,0.10000000000000001,0.29208170572916659
,20.801778256250145,29.623311152879381,0.10000000000000001,0.2910644531249999
,20.901786806250129,28.100290780686429,0.10000000000000001,0.28902994791666659
,21.001795357031369,31.127845076745373,0.10000000000000001,0.29004720052083327
,21.101803947656208,34.649302442443883,0.10000000000000001,0.29208170572916659
,21.201812497656192,33.739640878010206,0.10000000000000001,0.2910644531249999
,21.301821007812578,35.144520855271473,0.10000000000000001,0.29309895833333327
,21.401829558593818,34.259727561837899,0.10000000000000001,0.29208170572916659
,21.501838108593802,35.48606442611618,0.10000000000000001,0.29208170572916659
,21.60184669921864,36.849057323966385,0.10000000000000001,0.29309895833333327
,21.701855249218625,37.048381953091997,0.10000000000000001,0.29309895833333327
,21.801863760156266,35.544918922761255,0.10000000000000001,0.29208170572916659
,21.90187231015625,36.450083926470249,0.10000000000000001,0.29208170572916659
,22.00188086093749,36.673093006449008,0.10000000000000001,0.2910644531249999
,22.101889451562329,39.757925092593062,0.10000000000000001,0.29309895833333327
,22.201898002343569,40.478716659067736,0.10000000000000001,0.29309895833333327
,22.301906512499954,40.397405908348858,0.10000000000000001,0.29309895833333327
,22.401915063281194,40.815389370158613,0.10000000000000001,0.29309895833333327
,22.501923614062434,42.517401035960511,0.10000000000000001,0.2941162109374999
,22.601932204687728,42.216916627609997,0.10000000000000001,0.2941162109374999
,22.701940754687712,44.15438473336026,0.10000000000000001,0.29513346354166659
,22.801949265624899,41.881482527802397,0.10000000000000001,0.29309895833333327
,22.901957816406139,41.337221273917528,0.10000000000000001,0.29208170572916659
,23.001966366406123,43.947262664881549,0.10000000000000001,0.29309895833333327
,23.101974957031416,45.417745674713359,0.10000000000000001,0.29309895833333327
,23.2019835070314,46.551305641302037,0.10000000000000001,0.2941162109374999
,23.301992017968587,48.160203135265718,0.10000000000000001,0.29513346354166659
,23.402000567968571,45.612629319969059,0.10000000000000001,0.29309895833333327
,23.502009117968555,48.990649558700099,0.10000000000000001,0.29615071614583327
,23.602017708593849,48.876990688951736,0.10000000000000001,0.29513346354166659
,23.702026259375089,48.228523588701933,0.10000000000000001,0.29513346354166659
,23.802034768750218,48.797410473766234,0.10000000000000001,0.29513346354166659
,23.902043318750202,47.453543063742387,0.10000000000000001,0.29309895833333327
,24.002051869531442,48.683697262126927,0.10000000000000001,0.2941162109374999
,24.102060459375025,52.49849719716363,0.10000000000000001,0.29615071614583327
,24.202069009375009,51.799309731424046,0.10000000000000001,0.29513346354166659
,24.302077519531395,53.443922644162853,0.10000000000000001,0.2971679687499999
,24.402086069531379,52.49849719716363,0.10000000000000001,0.29513346354166659
,24.502094619531363,52.543565839659493,0.10000000000000001,0.29615071614583327
,24.602103210156201,54.633944388438266,0.10000000000000001,0.2971679687499999
,24.702111760156185,54.454532046955677,0.10000000000000001,0.29615071614583327
,24.802120270312571,52.442154557976806,0.10000000000000001,0.2941162109374999
,24.902128820312555,53.679947401809926,0.10000000000000001,0.29513346354166659
,25.002137371093795,54.095480251227514,0.10000000000000001,0.2941162109374999
,25.102145960937378,56.903753178007378,0.10000000000000001,0.29513346354166659
,25.202154510937362,58.373358774751736,0.10000000000000001,0.29615071614583327
,25.302163021093747,58.217723842587574,0.10000000000000001,0.29615071614583327
,25.402171571874987,57.605769034483103,0.10000000000000001,0.29615071614583327
,25.502180121874972,59.7937869108531,0.10000000000000001,0.2971679687499999
,25.602188711718554,59.428014784543961,0.10000000000000001,0.29615071614583327
,25.702197262499794,60.413811319482562,0.10000000000000001,0.2971679687499999
,25.802205773437436,58.662250084540204,0.10000000000000001,0.29513346354166659
,25.902214324218676,58.362243808991451,0.10000000000000001,0.2941162109374999
,26.002222874999916,61.066133474870384,0.10000000000000001,0.29513346354166659
,26.102231465625209,62.764433974502637,0.10000000000000001,0.29615071614583327
,26.202240017187705,63.116545380895644,0.10000000000000001,0.29615071614583327
,26.302248527343636,64.270051530531745,0.10000000000000001,0.2971679687499999
,26.402257078124876,62.092479999545063,0.10000000000000001,0.29513346354166659
,26.502265628906116,64.456543937160816,0.10000000000000001,0.2971679687499999
,26.602274220312665,65.289379362562315,0.10000000000000001,0.2971679687499999
,26.70228277031265,64.63199908677872,0.10000000000000001,0.29615071614583327
,26.802291278906068,64.29199563385032,0.10000000000000001,0.29615071614583327
,26.902299827343541,63.721116587124882,0.10000000000000001,0.2941162109374999
,27.002308376562723,64.741625587786274,0.10000000000000001,0.2941162109374999
,27.10231696562505,68.552044379772752,0.10000000000000001,0.2971679687499999
,27.202325514062522,67.692117677935158,0.10000000000000001,0.29615071614583327
,27.302334023437652,68.628168464003792,0.10000000000000001,0.2971679687499999
,27.402342571875124,68.388882049263316,0.10000000000000001,0.2971679687499999
,27.502351121093852,68.7042808995309,0.10000000000000001,0.2971679687499999
,27.602359710156179,70.440850374907399,0.10000000000000001,0.29818522135416659
,27.702368257031139,70.039799912518845,0.10000000000000001,0.29818522135416659
,27.802376763281245,67.376071480458592,0.10000000000000001,0.29513346354166659
,27.902385309374949,69.008614445144602,0.10000000000000001,0.29615071614583327
,28.002393855468654,69.8662743350542,0.10000000000000001,0.29513346354166659
,28.102402441406412,71.977103482604079,0.10000000000000001,0.29615071614583327
,28.202410987500116,73.002340236089054,0.10000000000000001,0.2971679687499999
,28.302419493750222,72.355056477000346,0.10000000000000001,0.2971679687499999
,28.402428039843926,71.739392179514283,0.10000000000000001,0.29615071614583327
,28.50243658593763,74.552593029137853,0.10000000000000001,0.29818522135416659
,28.602445171874933,73.530364925433886,0.10000000000000001,0.2971679687499999
,28.702453721093661,74.348303809106113,0.10000000000000001,0.29818522135416659
,28.802462231250047,73.217924313682801,0.10000000000000001,0.29615071614583327
,28.902470781250031,71.933891351995598,0.10000000000000001,0.2941162109374999
,29.002479330468759,74.154694778391331,0.10000000000000001,0.29513346354166659
,29.102487920312342,76.334163165772736,0.10000000000000001,0.29615071614583327
,29.202496470312326,76.259153998638936,0.10000000000000001,0.29615071614583327
,29.302504980468711,77.778786585597629,0.10000000000000001,0.2971679687499999
,29.40251352968744,75.798158495683509,0.10000000000000001,0.29615071614583327
,29.502522079687424,78.195428699170023,0.10000000000000001,0.2971679687499999
,29.602530670312717,78.590421026975619,0.10000000000000001,0.2971679687499999
,29.702539220312701,77.864276749004659,0.10000000000000001,0.2971679687499999
,29.802547730468632,77.661216377868939,0.10000000000000001,0.29615071614583327
,29.902556280468616,76.54841883390381,0.10000000000000001,0.29513346354166659
,30.0025648304686,77.479468495678248,0.10000000000000001,0.29513346354166659
,30.102573420312638,81.443386158583991,0.10000000000000001,0.2971679687499999
,30.202581970312622,80.571946217921806,0.10000000000000001,0.29615071614583327
,30.302590480468552,81.751271572256982,0.10000000000000001,0.2971679687499999
,30.402599030468991,81.252204587855942,0.10000000000000001,0.29615071614583327
,30.502607580468975,81.156590657747785,0.10000000000000001,0.29615071614583327
,30.602616168750046,82.758754381391128,0.10000000000000001,0.2971679687499999
,30.702624716406262,82.864707381583813,0.10000000000000001,0.29818522135416659
,30.802633225000136,80.603850914062093,0.10000000000000001,0.29513346354166659
,30.902641772656352,81.963513758102721,0.10000000000000001,0.29513346354166659
,31.002650320312569,82.239316174449229,0.10000000000000001,0.29513346354166659
,31.102658908593639,84.36726225045939,0.10000000000000001,0.29615071614583327
,31.202667457031112,85.760752524412638,0.10000000000000001,0.2971679687499999
,31.302675964843729,85.001049873452345,0.10000000000000001,0.2971679687499999
,31.402684512499945,84.45180445825369,0.10000000000000001,0.29615071614583327
,31.502693060156162,86.688048624161397,0.10000000000000001,0.2971679687499999
,31.602701647656431,85.560364011235194,0.10000000000000001,0.29615071614583327
,31.702710195312648,87.245890871326722,0.10000000000000001,0.29818522135416659
,31.80271870312481,85.402117811617941,0.10000000000000001,0.29513346354166659
,31.902727250781481,84.578596254686587,0.10000000000000001,0.2941162109374999
,32.002735797656442,87.393165601156653,0.10000000000000001,0.29615071614583327
,32.102744385937513,88.89558914453535,0.10000000000000001,0.29615071614583327
,32.202752932812473,89.189373710918488,0.10000000000000001,0.2971679687499999
,32.30276144062509,90.698261576412051,0.10000000000000001,0.29818522135416659
,32.402769988281307,88.118536881157112,0.10000000000000001,0.29513346354166659
,32.502778535937523,90.740127829376874,0.10000000000000001,0.2971679687499999
,32.602787125781106,91.817319245314195,0.10000000000000001,0.29818522135416659
,32.70279567578109,90.572647623877032,0.10000000000000001,0.2971679687499999
,32.802804185156219,90.028055834129859,0.10000000000000001,0.2971679687499999
,32.902812735156203,89.52497088523819,0.10000000000000001,0.29513346354166659
,33.002821285156188,90.111867293411834,0.10000000000000001,0.29513346354166659
,33.102829875000225,93.779255141229498,0.10000000000000001,0.2971679687499999
,33.202838425000209,93.289270764310146,0.10000000000000001,0.29615071614583327
,33.302846934374884,93.883464798843704,0.10000000000000001,0.2971679687499999
,33.402855484374868,93.768833361256341,0.10000000000000001,0.2971679687499999
,33.502864035937364,94.320984347845553,0.10000000000000001,0.2971679687499999
,33.602872628125169,95.039206960472171,0.10000000000000001,0.29818522135416659
,33.702881180468921,95.309663002477222,0.10000000000000001,0.29818522135416659
,33.80288969296862,93.48738918299442,0.10000000000000001,0.29615071614583327
,33.902898246093628,94.373052757858204,0.10000000000000001,0.29615071614583327
,34.00290679843738,94.935159497290712,0.10000000000000001,0.29513346354166659
,34.102915391406441,96.847354660105012,0.10000000000000001,0.2971679687499999
,34.202923943750193,98.361295461931263,0.10000000000000001,0.29818522135416659
,34.302932456249891,97.977899112318482,0.10000000000000001,0.2971679687499999
,34.402941009374899,97.438759282927876,0.10000000000000001,0.2971679687499999
,34.502949558593627,99.168938656742782,0.10000000000000001,0.29818522135416659
,34.602958147656409,98.071174619165404,0.10000000000000001,0.2971679687499999
,34.702966696875137,99.25172845686042,0.10000000000000001,0.29818522135416659
,34.802975206249812,97.293543344864858,0.10000000000000001,0.29615071614583327
,34.90298375546854,96.369753131438031,0.10000000000000001,0.2941162109374999
,35.002992304687723,99.024036286658031,0.10000000000000001,0.29513346354166659
,35.103000894531306,100.51324372546399,0.10000000000000001,0.29615071614583327
,35.203009443750034,101.0400342812241,0.10000000000000001,0.29615071614583327
,35.303017953125163,102.49476817079521,0.10000000000000001,0.2971679687499999
,35.403026500000124,100.09984345912088,0.10000000000000001,0.2941162109374999
,35.503035045312572,102.37105606650042,0.10000000000000001,0.29615071614583327
,35.603043631249875,102.64938376015736,0.10000000000000001,0.29615071614583327
,35.703052176562323,102.11326622035484,0.10000000000000001,0.29615071614583327
,35.803060682031173,102.32981481021407,0.10000000000000001,0.29513346354166659
,35.903069227343622,101.34975825700917,0.10000000000000001,0.29309895833333327
,36.003077773437326,102.13389221582308,0.10000000000000001,0.29309895833333327
,36.103086358593828,105.56148627875208,0.10000000000000001,0.29513346354166659
,36.203094903906276,104.63638317187711,0.10000000000000001,0.2941162109374999
,36.303103409375126,105.86965082728743,0.10000000000000001,0.29513346354166659
,36.40311195546883,105.27377488525681,0.10000000000000001,0.2941162109374999
,36.503120502343791,105.15044289645671,0.10000000000000001,0.2941162109374999
,36.60312908906235,106.83458756455498,0.10000000000000001,0.29513346354166659
,36.70313763593731,106.93718349335653,0.10000000000000001,0.29513346354166659
,36.803146142968671,105.06821249738086,0.10000000000000001,0.29309895833333327
,36.903154689062376,105.62312724647838,0.10000000000000001,0.29309895833333327
,37.003163235937336,105.48956670762971,0.10000000000000001,0.29208170572916659
,37.10317182265635,108.20848202548028,0.10000000000000001,0.29309895833333327
,37.20318036953131,109.30419282676128,0.10000000000000001,0.29309895833333327
,37.303188876562672,109.19160395743729,0.10000000000000001,0.2941162109374999
,37.403197423437632,108.74112464566521,0.10000000000000001,0.29309895833333327
,37.503205970312592,110.03060834156118,0.10000000000000001,0.2941162109374999
,37.603214557812407,109.82603554425397,0.10000000000000001,0.29309895833333327
,37.703223104687368,111.28786251429649,0.10000000000000001,0.2941162109374999
,37.803231611718729,108.9971031738318,0.10000000000000001,0.29208170572916659
,37.90324015859369,108.29044538206044,0.10000000000000001,0.2910644531249999
,38.00324870546865,110.3885148928622,0.10000000000000001,0.2910644531249999
,38.10325729296892,111.81894348386599,0.10000000000000001,0.2910644531249999
,38.20326583984388,112.46202524242499,0.10000000000000001,0.29208170572916659
,38.303274347656043,114.0630320728702,0.10000000000000001,0.29309895833333327
,38.403282898437737,111.55343530311525,0.10000000000000001,0.2910644531249999
,38.503291449218978,113.63495623383754,0.10000000000000001,0.29309895833333327
,38.603300039843816,113.79805135976137,0.10000000000000001,0.29309895833333327
,38.703308590625056,113.23731509813486,0.10000000000000001,0.29208170572916659
,38.803317100781442,112.75792235093094,0.10000000000000001,0.2910644531249999
,38.903325651562682,112.05376263710913,0.10000000000000001,0.29004720052083327
,39.003334201562666,113.16592899633444,0.10000000000000001,0.28902994791666659
,39.103342792187505,116.43504007168782,0.10000000000000001,0.2910644531249999
,39.203351342968745,115.49900832225167,0.10000000000000001,0.29004720052083327
,39.303359855468898,117.37037145395176,0.10000000000000001,0.29208170572916659
,39.40336840781265,115.89589120976215,0.10000000000000001,0.2910644531249999
,39.503376960156402,115.99763537947764,0.10000000000000001,0.2910644531249999
,39.603385553125008,117.79714320448117,0.10000000000000001,0.29309895833333327
,39.70339410546876,118.14252256856692,0.10000000000000001,0.29208170572916659
,39.803402617968914,115.65167082866746,0.10000000000000001,0.29004720052083327
,39.903411170312665,115.76361120819995,0.10000000000000001,0.29004720052083327
,40.003419723437673,115.93658988570901,0.10000000000000001,0.2880126953124999
,40.103428315625024,119.00557654859297,0.10000000000000001,0.29004720052083327
,40.203436867968776,119.9289416231304,0.10000000000000001,0.2910644531249999
,40.303445373437626,119.72605743172819,0.10000000000000001,0.29004720052083327
,40.403453918750074,119.63474983703678,0.10000000000000001,0.29004720052083327
,40.503462464062522,120.80100890001403,0.10000000000000001,0.2910644531249999
,40.603471049999825,120.28391786445259,0.10000000000000001,0.29004720052083327
,40.703479595312729,121.4293779711813,0.10000000000000001,0.2910644531249999
,40.803488100781124,119.41152798088403,0.10000000000000001,0.28902994791666659
,40.903496646874828,119.57387474635196,0.10000000000000001,0.2880126953124999
,41.003505192187731,121.28751202233981,0.10000000000000001,0.2880126953124999
,41.103513778125034,122.6144393567546,0.10000000000000001,0.28902994791666659
,41.20352232578125,123.50515661940138,0.10000000000000001,0.29004720052083327
,41.303530838281404,124.43581983104413,0.10000000000000001,0.2910644531249999
,41.403539390625156,122.38155275628462,0.10000000000000001,0.2880126953124999
,41.503547942187652,124.65828976695538,0.10000000000000001,0.29004720052083327
,41.603556534375002,124.456045631224,0.10000000000000001,0.29004720052083327
,41.703565086718754,123.87951058341712,0.10000000000000001,0.29004720052083327
,41.803573599218907,124.09194238640769,0.10000000000000001,0.28902994791666659
,41.903582150781403,122.76630266696482,0.10000000000000001,0.28699544270833327
,42.003590703125155,124.27400431075749,0.10000000000000001,0.2880126953124999
,42.103599295312506,126.9823415539055,0.10000000000000001,0.29004720052083327
,42.203607847656258,126.20464130033371,0.10000000000000001,0.28902994791666659
,42.303616357812643,127.84044712186146,0.10000000000000001,0.29004720052083327
,42.403624908593883,125.85102588301255,0.10000000000000001,0.2880126953124999
,42.503633459375123,127.17418887639813,0.10000000000000001,0.28902994791666659
,42.603642049999962,128.5064637501934,0.10000000000000001,0.29004720052083327
,42.703650600781202,127.40639761332845,0.10000000000000001,0.2880126953124999
,42.803659111718844,126.31576256332725,0.10000000000000001,0.28699544270833327
,42.903667662500084,126.91165574735108,0.10000000000000001,0.28699544270833327
,43.003676213281324,127.13380168032192,0.10000000000000001,0.28597819010416659
,43.103684803906162,130.31161598196741,0.10000000000000001,0.2880126953124999
,43.203693351562379,130.45273182940804,0.10000000000000001,0.2880126953124999
,43.30370185859374,130.03943623538072,0.10000000000000001,0.2880126953124999
,43.403710405468701,130.14024783034353,0.10000000000000001,0.2880126953124999
,43.503718952343661,130.70470020150162,0.10000000000000001,0.2880126953124999
,43.603727539843931,130.96671469029582,0.10000000000000001,0.2880126953124999
,43.703736086718891,132.26623069708143,0.10000000000000001,0.28902994791666659
,43.803744593749798,129.85796258890019,0.10000000000000001,0.28699544270833327
,43.903753140625213,129.96886510722055,0.10000000000000001,0.28089192708333327
,44.003761688281429,131.49064539586294,0.10000000000000001,0.28902994791666659
,44.1037702765625,133.15228128995261,0.10000000000000001,0.28699544270833327
,44.203778829687508,133.66563086737216,0.10000000000000001,0.2849609374999999
,44.303787342968917,134.5612100863313,0.10000000000000001,0.2880126953124999
,44.403795896093925,132.67909306459933,0.10000000000000001,0.28597819010416659
,44.503804449218933,135.0843180934848,0.10000000000000001,0.2880126953124999
,44.603813042187539,134.43041581396335,0.10000000000000001,0.28699544270833327
,44.703821595312547,134.903254655311,0.10000000000000001,0.2880126953124999
,44.803830108593957,133.69582439322392,0.10000000000000001,0.28597819010416659
,44.903838661718964,132.79991644805898,0.10000000000000001,0.28394368489583327
,45.003847214843972,134.72217811191979,0.10000000000000001,0.2849609374999999
,45.103855805468811,136.66305588169303,0.10000000000000001,0.28597819010416659
,45.203864355468795,136.33129741711633,0.10000000000000001,0.28597819010416659
,45.303872865625181,138.66283275472716,0.10000000000000001,0.2880126953124999
,45.403881415625165,136.56252729290321,0.10000000000000001,0.2849609374999999
,45.503889965625149,137.97964673375549,0.10000000000000001,0.28699544270833327
,45.603898555468732,138.73315195424914,0.10000000000000001,0.28699544270833327
,45.703907105468716,138.04998193587215,0.10000000000000001,0.28699544270833327
,45.803915615625101,136.96461957198431,0.10000000000000001,0.2849609374999999
,45.903924165625085,137.28625148089219,0.10000000000000001,0.28394368489583327
,46.003932715625069,136.99477413380941,0.10000000000000001,0.28292643229166659
,46.103941306249908,140.87212481671946,0.10000000000000001,0.2849609374999999
,46.203949857031148,140.58098418808021,0.10000000000000001,0.2849609374999999
,46.303958367968789,140.56090461802478,0.10000000000000001,0.2849609374999999
,46.403966918750029,140.65126175832359,0.10000000000000001,0.2849609374999999
,46.503975469531269,140.82192990044734,0.10000000000000001,0.2849609374999999
,46.603984060156108,141.36399718638563,0.10000000000000001,0.28597819010416659
,46.703992610937348,141.87587476042506,0.10000000000000001,0.28597819010416659
,46.80400112187499,139.87812820266953,0.10000000000000001,0.28394368489583327
,46.904009671874974,140.20949295088548,0.10000000000000001,0.28394368489583327
,47.004018221874958,141.19335529974029,0.10000000000000001,0.28292643229166659
,47.104026810156483,142.80911949767597,0.10000000000000001,0.28394368489583327
,47.204035358593956,144.1433831462989,0.10000000000000001,0.2849609374999999
,47.304043867187374,143.89261391386901,0.10000000000000001,0.2849609374999999
,47.404052415624847,142.76898454745657,0.10000000000000001,0.28394368489583327
,47.504060964062319,145.38699222781946,0.10000000000000001,0.28597819010416659
,47.604069552343844,144.36404821414868,0.10000000000000001,0.2849609374999999
,47.704078100781317,145.6978433770272,0.10000000000000001,0.28699544270833327
,47.804086608593934,143.93273796496766,0.10000000000000001,0.28394368489583327
,47.904095157031406,143.57160795352911,0.10000000000000001,0.28394368489583327
,48.004103707812646,144.61479074944162,0.10000000000000001,0.28394368489583327
,48.104112299218741,146.37964314586264,0.10000000000000001,0.28394368489583327
,48.204120851562493,146.64030774902022,0.10000000000000001,0.2849609374999999
,48.30412936328139,148.33433480553782,0.10000000000000001,0.28597819010416659
,48.404137915625142,145.72792470797998,0.10000000000000001,0.28394368489583327
,48.504146467187638,147.58260791899704,0.10000000000000001,0.28597819010416659
,48.604155059374989,147.77305415601603,0.10000000000000001,0.28597819010416659
,48.704163611718741,147.01123194659476,0.10000000000000001,0.2849609374999999
,48.804172123437638,146.54005363532349,0.10000000000000001,0.28394368489583327
,48.904180675000134,146.61023171079131,0.10000000000000001,0.2819091796874999
,49.004189224218862,147.71291389466393,0.10000000000000001,0.2819091796874999
,49.104197813281189,150.84950967683585,0.10000000000000001,0.28394368489583327
,49.204206362499917,149.85757042531162,0.10000000000000001,0.28394368489583327
,49.304214871093791,150.80943364195235,0.10000000000000001,0.2849609374999999
,49.404223419531263,150.18823049331928,0.10000000000000001,0.28394368489583327
,49.504231968749991,150.64912761725947,0.10000000000000001,0.28394368489583327
,49.604240557031062,151.70108295454281,0.10000000000000001,0.2849609374999999
,49.70424910624979,151.72111903787919,0.10000000000000001,0.2849609374999999
,49.804257614843664,149.60706080275747,0.10000000000000001,0.28292643229166659
,49.90426616249988,150.68920440824832,0.10000000000000001,0.28292643229166659
,50.00427470937484,150.82947168276729,0.10000000000000001,0.2819091796874999
,50.104283296093854,153.38398249525136,0.10000000000000001,0.28394368489583327
,50.204291842187558,154.70610429708051,0.10000000000000001,0.2849609374999999
,50.30430034921892,153.73455675158249,0.10000000000000001,0.28394368489583327
,50.40430889609388,153.16361674048505,0.10000000000000001,0.28394368489583327
,50.504317442187585,154.99655589284288,0.10000000000000001,0.2849609374999999
,50.604326028906144,154.06509012672694,0.10000000000000001,0.28394368489583327
,50.704334575781104,155.56743088447598,0.10000000000000001,0.28597819010416659
,50.80434308203121,153.53422972373158,0.10000000000000001,0.28292643229166659
,50.904351629687426,152.36225267748733,0.10000000000000001,0.2819091796874999
,51.004360176562386,155.34709503048646,0.10000000000000001,0.28292643229166659
,51.1043687632814,156.45876920353447,0.10000000000000001,0.28292643229166659
,51.204377310937616,156.15832138433615,0.10000000000000001,0.28292643229166659
,51.304385817968978,157.93092978185825,0.10000000000000001,0.2849609374999999
,51.404394364843938,155.27698769091467,0.10000000000000001,0.2819091796874999
,51.504402911718898,158.00103174067948,0.10000000000000001,0.28394368489583327
,51.604411498437457,158.36155546352927,0.10000000000000001,0.28394368489583327
,51.704420046093674,157.58041911435947,0.10000000000000001,0.28394368489583327
,51.804428553125035,157.77069653090689,0.10000000000000001,0.28292643229166659
,51.904437097656228,156.15832138433615,0.10000000000000001,0.28089192708333327
,52.00444564218742,158.01104630227957,0.10000000000000001,0.2819091796874999
,52.104454227343922,160.45460474295169,0.10000000000000001,0.28292643229166659
,52.204462771875114,159.58332975738011,0.10000000000000001,0.2819091796874999
,52.304471276562708,161.96686599218538,0.10000000000000001,0.2849609374999999
,52.404479821093901,159.77360709784585,0.10000000000000001,0.28292643229166659
,52.504488365625093,161.08553887046406,0.10000000000000001,0.28394368489583327
,52.60449695078114,162.10708004050434,0.10000000000000001,0.2849609374999999
,52.704505495312333,161.59630435582693,0.10000000000000001,0.2849609374999999
,52.804514001562438,160.03398750573814,0.10000000000000001,0.2819091796874999
,52.904522551562422,160.65490009689398,0.10000000000000001,0.28292643229166659
,53.004531102343662,160.14414880846766,0.10000000000000001,0.28089192708333327
,53.104539692968956,163.01849486562708,0.10000000000000001,0.28292643229166659
,53.204548243750196,164.20040192091108,0.10000000000000001,0.28394368489583327
,53.304556753906127,164.13028617579647,0.10000000000000001,0.28394368489583327
,53.404565304687367,163.61945321693833,0.10000000000000001,0.28394368489583327
,53.504573854687351,164.50090205037122,0.10000000000000001,0.28394368489583327
,53.604582445312644,164.27051802146468,0.10000000000000001,0.28394368489583327
,53.704590996093884,165.5126382129742,0.10000000000000001,0.2849609374999999
,53.804599507812327,162.55777432254462,0.10000000000000001,0.2819091796874999
,53.904608059374823,163.6294693808747,0.10000000000000001,0.2819091796874999
,54.004616610937319,165.09190597819878,0.10000000000000001,0.2819091796874999
,54.104625203125124,165.68293899067015,0.10000000000000001,0.2819091796874999
,54.20463375468762,167.65663097036406,0.10000000000000001,0.28394368489583327
,54.304642266406063,168.06745207289771,0.10000000000000001,0.28394368489583327
,54.404650817968559,165.74304577066584,0.10000000000000001,0.28292643229166659
,54.504659369531055,168.45825166332105,0.10000000000000001,0.2849609374999999
,54.60466796171886,167.23580973524668,0.10000000000000001,0.28394368489583327
,54.704676513281356,167.75682943884414,0.10000000000000001,0.28394368489583327
,54.80468502187523,167.49631579089782,0.10000000000000001,0.28292643229166659
,54.904693570312702,165.9033321345716,0.10000000000000001,0.2819091796874999
,55.00470211953143,168.25783931481152,0.10000000000000001,0.28292643229166659
,55.104710707812501,170.10182736909763,0.10000000000000001,0.28292643229166659
,55.204719257031229,168.93926161650234,0.10000000000000001,0.2819091796874999
,55.304727765625103,171.12424061844359,0.10000000000000001,0.28394368489583327
,55.404736314062575,169.00941135267499,0.10000000000000001,0.2819091796874999
,55.504744862500047,170.913731135055,0.10000000000000001,0.28394368489583327
,55.604753451562374,171.98639856989229,0.10000000000000001,0.28394368489583327
,55.70476199921859,171.01397291073272,0.10000000000000001,0.28292643229166659
,55.804770505468696,170.04169012471056,0.10000000000000001,0.2819091796874999
,55.9047790515624,170.14191914899499,0.10000000000000001,0.2819091796874999
,56.004787597656104,170.25217272011145,0.10000000000000001,0.27987467447916659
,56.104796184375118,173.87154309065085,0.10000000000000001,0.28292643229166659
,56.204804730468823,173.95177577834494,0.10000000000000001,0.28292643229166659
,56.304813236718928,173.81136933888718,0.10000000000000001,0.28292643229166659
,56.404821782812633,173.6308519892799,0.10000000000000001,0.28292643229166659
,56.504830328906337,174.31283741404309,0.10000000000000001,0.28292643229166659
,56.60483891484364,174.82438283901558,0.10000000000000001,0.28394368489583327
,56.704847464843624,175.47642483259625,0.10000000000000001,0.28394368489583327
,56.804855978906289,172.52781447217848,0.10000000000000001,0.2819091796874999
,56.904864532031297,173.62082341860395,0.10000000000000001,0.2819091796874999
,57.004873085937561,174.35295685532299,0.10000000000000001,0.28089192708333327
,57.104881679687423,175.85765715644084,0.10000000000000001,0.2819091796874999
,57.204890232812431,177.34273901440787,0.10000000000000001,0.28292643229166659
,57.304898746875097,177.17213184941824,0.10000000000000001,0.28292643229166659
,57.404907300000104,175.84762435633888,0.10000000000000001,0.28292643229166659
,57.504915853906368,178.34643827019022,0.10000000000000001,0.2849609374999999
,57.604924447656231,177.06174227803547,0.10000000000000001,0.28292643229166659
,57.704932996874959,178.43678210139331,0.10000000000000001,0.2849609374999999
,57.804941506250088,177.22230978297529,0.10000000000000001,0.28292643229166659
,57.904950056250073,175.75733006080134,0.10000000000000001,0.28089192708333327
,58.004958605468801,178.36651451940077,0.10000000000000001,0.2819091796874999
,58.104967195312383,179.75199720490752,0.10000000000000001,0.28292643229166659
,58.204975745312368,179.74195587609677,0.10000000000000001,0.28292643229166659
,58.304984254687497,181.69042895672362,0.10000000000000001,0.2849609374999999
,58.404992803906225,178.81825407652019,0.10000000000000001,0.28292643229166659
,58.505001353906209,180.13358538655535,0.10000000000000001,0.28394368489583327
,58.605009943749792,181.43928466525625,0.10000000000000001,0.2849609374999999
,58.705018495312288,180.37460634459075,0.10000000000000001,0.28394368489583327
,58.805027006249929,179.82228717235648,0.10000000000000001,0.28292643229166659
,58.905035557031169,179.73191457103707,0.10000000000000001,0.2819091796874999
,59.005044107812409,179.92270343717706,0.10000000000000001,0.28089192708333327
,59.105052699218959,183.36848680779292,0.10000000000000001,0.28394368489583327
,59.205061250000199,182.79565440043984,0.10000000000000001,0.28292643229166659
,59.305069760937386,183.98161448848259,0.10000000000000001,0.2849609374999999
,59.405078312499882,183.34838595955733,0.10000000000000001,0.28394368489583327
,59.505086863281122,183.46899265856507,0.10000000000000001,0.28394368489583327
,59.605095453125159,184.05197986427646,0.10000000000000001,0.2849609374999999
,59.705104003125143,184.37366726019422,0.10000000000000001,0.2849609374999999
,59.805112512499818,181.95163588026639,0.10000000000000001,0.28292643229166659
,59.905121061718546,183.00668788158288,0.10000000000000001,0.28292643229166659
,60.005129611718985,183.17753306944473,0.10000000000000001,0.2819091796874999
,60.105138201562568,185.3187883913813,0.10000000000000001,0.28292643229166659
,60.205146751562552,186.81742127181036,0.10000000000000001,0.2849609374999999
,60.305155260937681,186.05293778683676,0.10000000000000001,0.28394368489583327
,60.405163810937665,185.40929174195549,0.10000000000000001,0.28394368489583327
,60.505172360156394,187.00856859097019,0.10000000000000001,0.2849609374999999
,60.605180950781232,186.23398446661179,0.10000000000000001,0.28394368489583327
,60.705189502343728,187.08905486492756,0.10000000000000001,0.2849609374999999
,60.805198014062626,185.25845409949255,0.10000000000000001,0.28292643229166659
,60.905206565625122,184.62500519069715,0.10000000000000001,0.2819091796874999
,61.005215117187618,186.76712111448444,0.10000000000000001,0.2819091796874999
,61.105223708593712,188.69918363648964,0.10000000000000001,0.28292643229166659
,61.205232260156208,188.79984254896596,0.10000000000000001,0.28292643229166659
,61.305240771875106,189.02130302500092,0.10000000000000001,0.28394368489583327
,61.405249323437602,186.79730112059542,0.10000000000000001,0.28089192708333327
,61.505257874218842,189.61529403403887,0.10000000000000001,0.28292643229166659
,61.60526646484368,189.93750428237507,0.10000000000000001,0.28292643229166659
,61.705275014843664,189.81667165691823,0.10000000000000001,0.28292643229166659
,61.80528352500005,189.43406491470444,0.10000000000000001,0.2819091796874999
,61.905292075000034,187.89402255721211,0.10000000000000001,0.27987467447916659
,62.005300625781274,189.40386104789746,0.10000000000000001,0.28089192708333327
,62.105309215624857,192.63730684696776,0.10000000000000001,0.28292643229166659
,62.205317766406097,191.59941949617757,0.10000000000000001,0.2819091796874999
,62.305326276562482,192.62722858155462,0.10000000000000001,0.28292643229166659
,62.405334826562466,191.79084815113566,0.10000000000000001,0.28292643229166659
,62.50534337656245,192.00244097411377,0.10000000000000001,0.28292643229166659
,62.605351967187289,193.08078361462373,0.10000000000000001,0.28394368489583327
,62.705360517968984,193.00014665120278,0.10000000000000001,0.28292643229166659
,62.805369028906171,190.42088042882847,0.10000000000000001,0.28089192708333327
,62.905377579687411,191.77069720933054,0.10000000000000001,0.28089192708333327
,63.005386130468651,191.74047104261155,0.10000000000000001,0.27987467447916659
,63.105394721093944,194.32084950895,0.10000000000000001,0.2819091796874999
,63.205403271875184,195.13776124244907,0.10000000000000001,0.28292643229166659
,63.305411782031115,194.48219683946354,0.10000000000000001,0.2819091796874999
,63.405420332812355,194.66372312176719,0.10000000000000001,0.28292643229166659
,63.505428884374851,195.96499085871761,0.10000000000000001,0.28292643229166659
,63.6054374757814,195.76320579726831,0.10000000000000001,0.28292643229166659
,63.70544602656264,197.10534262801929,0.10000000000000001,0.28394368489583327
,63.805454537499827,193.86710718689915,0.10000000000000001,0.2819091796874999
,63.905463089062323,194.15951096773694,0.10000000000000001,0.28089192708333327
,64.005471639843563,195.7228504732513,0.10000000000000001,0.28089192708333327
,64.105480230468856,196.42915008580633,0.10000000000000001,0.2819091796874999
,64.205488782031352,198.14517700076954,0.10000000000000001,0.28292643229166659
,64.305497292968539,198.48850777999877,0.10000000000000001,0.28292643229166659
,64.40550584453149,196.56033911212512,0.10000000000000001,0.28089192708333327
,64.505514393750218,198.82178101278703,0.10000000000000001,0.28292643229166659
,64.605522982812545,198.04420537480621,0.10000000000000001,0.2819091796874999
,64.705531532812529,198.19566417811268,0.10000000000000001,0.28292643229166659
,64.805540042187658,197.79179219781503,0.10000000000000001,0.28089192708333327
,64.905548591406387,196.58052257255048,0.10000000000000001,0.27987467447916659
,65.005557140625115,198.30673917382472,0.10000000000000001,0.28089192708333327
,65.105565730468697,201.14571480658469,0.10000000000000001,0.2819091796874999
,65.205574279687426,199.98350140547558,0.10000000000000001,0.28089192708333327
,65.305582789062555,201.67140114204477,0.10000000000000001,0.28292643229166659
,65.405591336718771,200.45843299367397,0.10000000000000001,0.2819091796874999
,65.505599882812476,201.19625711696744,0.10000000000000001,0.28292643229166659
,65.605608468750233,202.6927402248669,0.10000000000000001,0.28394368489583327
,65.705617014843938,201.62084991906562,0.10000000000000001,0.28292643229166659
,65.805625520312333,199.98350140547558,0.10000000000000001,0.28089192708333327
,65.905634066406492,201.00420136443529,0.10000000000000001,0.2819091796874999
,66.00564261171894,200.77173105066237,0.10000000000000001,0.28089192708333327
,66.105651197656243,204.5139242433296,0.10000000000000001,0.28394368489583327
,66.205659743749948,204.48356083209734,0.10000000000000001,0.28292643229166659
,66.305668249218797,203.91684178563924,0.10000000000000001,0.28292643229166659
,66.405676796093758,203.79541791382144,0.10000000000000001,0.28292643229166659
,66.505685342968718,204.50380306705449,0.10000000000000001,0.28292643229166659
,66.605693930468988,204.61513816287572,0.10000000000000001,0.28394368489583327
,66.705702477343948,205.51611536792819,0.10000000000000001,0.28394368489583327
,66.805710984374855,202.91526202977627,0.10000000000000001,0.2819091796874999
,66.905719532031071,203.40082900339405,0.10000000000000001,0.2819091796874999
,67.005728078906486,204.91880348178006,0.10000000000000001,0.2819091796874999
,67.105736665625045,206.01229263968474,0.10000000000000001,0.2819091796874999
,67.205745213281261,207.35954188878355,0.10000000000000001,0.28292643229166659
,67.305753721093879,207.80540462703556,0.10000000000000001,0.28394368489583327
,67.405762274218887,205.34399445777012,0.10000000000000001,0.2819091796874999
,67.505770828125151,208.64667685563381,0.10000000000000001,0.2849609374999999
,67.605779421875013,208.11958210173214,0.10000000000000001,0.28394368489583327
,67.705787975000021,208.05877052618558,0.10000000000000001,0.28394368489583327
,67.80579648828143,207.67366433320939,0.10000000000000001,0.28292643229166659
,67.905805042187694,206.40727744453204,0.10000000000000001,0.28089192708333327
,68.005813595312702,207.88647896739798,0.10000000000000001,0.2819091796874999
,68.105822189062565,210.56339212895818,0.10000000000000001,0.28394368489583327
,68.205830742187572,209.76204755977136,0.10000000000000001,0.28292643229166659
,68.30583925390647,210.51266651182812,0.10000000000000001,0.28394368489583327
,68.405847802343942,209.65048824806348,0.10000000000000001,0.2819091796874999
,68.50585635156267,210.29963015827593,0.10000000000000001,0.28292643229166659
,68.605864940624997,211.23306692845898,0.10000000000000001,0.28394368489583327
,68.705873489843725,211.14173704186248,0.10000000000000001,0.28394368489583327
,68.805881998437599,209.36654143254702,0.10000000000000001,0.28089192708333327
,68.905890547656327,210.38078472462786,0.10000000000000001,0.2819091796874999
,69.005899096875055,210.55324692315253,0.10000000000000001,0.28089192708333327
,69.105907685937382,212.87757985602985,0.10000000000000001,0.2819091796874999
,69.205916234374854,214.06596509180815,0.10000000000000001,0.28394368489583327
,69.305924748437519,213.98468968364818,0.10000000000000001,0.28394368489583327
,69.405933302343783,213.08068198905215,0.10000000000000001,0.28292643229166659
,69.505941857031303,214.56383574902884,0.10000000000000001,0.28394368489583327
,69.605950451562421,214.19804337210161,0.10000000000000001,0.28292643229166659
,69.705959006249941,214.73659002922307,0.10000000000000001,0.28394368489583327
,69.805967521093862,213.38536657389352,0.10000000000000001,0.2819091796874999
,69.905976075781382,212.78618935107454,0.10000000000000001,0.28089192708333327
,70.005984630468902,214.28948634827384,0.10000000000000001,0.2819091796874999
,70.10599322500002,215.34640858142711,0.10000000000000001,0.2819091796874999
,70.20600177968754,215.9360446918318,0.10000000000000001,0.2819091796874999
,70.306010293750205,217.53284599327435,0.10000000000000001,0.28292643229166659
,70.406018848437725,215.52938384195573,0.10000000000000001,0.2819091796874999
,70.50602740312479,218.05177842571248,0.10000000000000001,0.28394368489583327
,70.606035997656363,217.8075610721927,0.10000000000000001,0.28394368489583327
,70.706044551562627,217.43110757317453,0.10000000000000001,0.28394368489583327
,70.806053066406093,216.96316582001072,0.10000000000000001,0.2819091796874999
,70.906061620312357,216.66820543046896,0.10000000000000001,0.2819091796874999
,71.006070174999877,217.73633565193461,0.10000000000000001,0.2819091796874999
,71.10607876953145,220.03696023433764,0.10000000000000001,0.28292643229166659
,71.206087322656458,219.66015908848669,0.10000000000000001,0.28292643229166659
,71.306095835156157,220.45456552824544,0.10000000000000001,0.28394368489583327
,71.406104387499909,219.90456392521719,0.10000000000000001,0.28292643229166659
,71.506112939843661,220.52587123683088,0.10000000000000001,0.28394368489583327
,71.606121532812722,221.22885496794675,0.10000000000000001,0.2849609374999999
,71.706130085156474,221.22885496794675,0.10000000000000001,0.28394368489583327
,71.806138596874916,219.10015813078491,0.10000000000000001,0.2819091796874999
,71.906147149999924,220.25084657636194,0.10000000000000001,0.2819091796874999
,72.006155702343676,220.22029022101628,0.10000000000000001,0.28089192708333327
,72.106164294531482,222.76798693664472,0.10000000000000001,0.28292643229166659
,72.206172847656489,223.4002345484065,0.10000000000000001,0.28292643229166659
,72.3061813617187,224.14486904302947,0.10000000000000001,0.28394368489583327
,72.406189914843708,223.29824784502256,0.10000000000000001,0.28292643229166659
,72.506198468749972,224.72645698742758,0.10000000000000001,0.2849609374999999
,72.606207062499834,224.21628451588151,0.10000000000000001,0.28394368489583327
,72.706215616406098,224.96117283411712,0.10000000000000001,0.2849609374999999
,72.806224129687507,222.97191955769586,0.10000000000000001,0.2819091796874999
,72.906232683593771,222.94132855854224,0.10000000000000001,0.2819091796874999
,73.006241237500035,224.38973096026388,0.10000000000000001,0.2819091796874999
,73.106249831249897,225.61441633251314,0.10000000000000001,0.2819091796874999
,73.206258382812393,226.9010106902482,0.10000000000000001,0.28394368489583327
,73.306266893750035,227.88173737482452,0.10000000000000001,0.28394368489583327
,73.406275445312531,225.99215407085342,0.10000000000000001,0.28292643229166659
,73.506283996875027,228.21895495270303,0.10000000000000001,0.2849609374999999
,73.606292588281121,228.12698181428823,0.10000000000000001,0.28394368489583327
,73.706301139843617,227.74890712073477,0.10000000000000001,0.28394368489583327
,73.806309650781259,227.62630111712582,0.10000000000000001,0.28292643229166659
,73.906318202343755,226.76823482984247,0.10000000000000001,0.2819091796874999
,74.006326753906251,227.40153974614191,0.10000000000000001,0.2819091796874999
,74.106335343749834,231.08210505807193,0.10000000000000001,0.28394368489583327
,74.20634389140605,230.0693865293199,0.10000000000000001,0.28292643229166659
,74.306352399218667,231.48117198533765,0.10000000000000001,0.2849609374999999
,74.406360946874884,230.65241474954246,0.10000000000000001,0.28394368489583327
,74.5063694945311,231.08210505807193,0.10000000000000001,0.28394368489583327
,74.60637808203137,232.18737565565431,0.10000000000000001,0.2849609374999999
,74.706386629687586,231.68584737711035,0.10000000000000001,0.2849609374999999
,74.806395136718947,229.34335641115308,0.10000000000000001,0.28292643229166659
,74.906403684375164,230.60126625941683,0.10000000000000001,0.28292643229166659
,75.00641223203138,231.06164187270019,0.10000000000000001,0.2819091796874999
,75.106420820312451,234.10233059711584,0.10000000000000001,0.2849609374999999
,75.206429368749923,234.77855944957344,0.10000000000000001,0.2849609374999999
,75.306437877343797,234.51214372329093,0.10000000000000001,0.2849609374999999
,75.406446425781269,233.91793733082534,0.10000000000000001,0.28597819010416659
,75.506454974218741,235.45497701972852,0.10000000000000001,0.28699544270833327
,75.606463563281068,234.45066733177009,0.10000000000000001,0.28597819010416659
,75.70647211171854,236.29563709729501,0.10000000000000001,0.2880126953124999
,75.806480620312414,233.89745005788944,0.10000000000000001,0.28597819010416659
,75.906489168749886,233.57991952691958,0.10000000000000001,0.2849609374999999
,76.006497717968614,235.96754005178468,0.10000000000000001,0.28597819010416659
,76.106506304687628,237.10581592928673,0.10000000000000001,0.3002197265624999
,76.206514851562588,237.14684480039216,0.10000000000000001,0.28699544270833327
,76.30652335859395,239.04518206300605,0.10000000000000001,0.28902994791666659
,76.40653190546891,236.30589084263164,0.10000000000000001,0.28699544270833327
,76.50654045234387,238.3882936428393,0.10000000000000001,0.28902994791666659
,76.606549039062429,238.6756607081723,0.10000000000000001,0.28902994791666659
,76.706557585937389,238.27540864663689,0.10000000000000001,0.28902994791666659
,76.806566092187495,237.87522191205642,0.10000000000000001,0.2880126953124999
,76.906574639062455,237.14684480039216,0.10000000000000001,0.28699544270833327
,77.006583189062439,237.87522191205642,0.10000000000000001,0.28699544270833327
,77.106591784374814,241.674486814852,0.10000000000000001,0.29004720052083327
,77.20660033984359,240.8011656549009,0.10000000000000001,0.28902994791666659
,77.306608854687511,241.3045721228911,0.10000000000000001,0.2910644531249999
,77.406617410156286,241.06826657022015,0.10000000000000001,0.29004720052083327
,77.506625964843806,241.58200298200899,0.10000000000000001,0.2910644531249999
,77.606634560156181,242.23974044351502,0.10000000000000001,0.29208170572916659
,77.706643115624956,242.76399917896003,0.10000000000000001,0.29208170572916659
,77.806651630468878,240.39029739292636,0.10000000000000001,0.29004720052083327
,77.906660185937653,241.10936157202639,0.10000000000000001,0.29004720052083327
,78.006668739062661,241.59227879362885,0.10000000000000001,0.28902994791666659
,78.106677330468756,243.89512710138985,0.10000000000000001,0.29208170572916659
,78.206685882812508,244.96502494396486,0.10000000000000001,0.29309895833333327
,78.306694393750149,244.61520076830101,0.10000000000000001,0.29309895833333327
,78.406702946093901,243.95683964042092,0.10000000000000001,0.29309895833333327
,78.506711497656397,245.47956005868133,0.10000000000000001,0.2941162109374999
,78.606720089843748,245.13995516596793,0.10000000000000001,0.2941162109374999
,78.706728641406244,246.50894284419979,0.10000000000000001,0.29513346354166659
,78.806737153125141,243.94655411217792,0.10000000000000001,0.29309895833333327
,78.906745704687637,243.9979821736103,0.10000000000000001,0.29208170572916659
,79.006754250000085,245.76774528931759,0.10000000000000001,0.29309895833333327
,79.106762835937388,247.12677179172141,0.10000000000000001,0.2941162109374999
,79.206771382031093,247.87866433275627,0.10000000000000001,0.29513346354166659
,79.306779887499943,248.44530367219483,0.10000000000000001,0.29513346354166659
,79.406788432812391,246.21037902565462,0.10000000000000001,0.2941162109374999
,79.506796978906095,248.98114956149152,0.10000000000000001,0.29615071614583327
,79.606805564843853,248.78534687728705,0.10000000000000001,0.29513346354166659
,79.706814110156301,248.40408934835938,0.10000000000000001,0.29615071614583327
,79.806822615625151,247.60054147603495,0.10000000000000001,0.29513346354166659
,79.906831161718856,247.10617509264415,0.10000000000000001,0.29309895833333327
,80.006839708593816,248.41439286776523,0.10000000000000001,0.29309895833333327
,80.106848295312375,251.60013294752105,0.10000000000000001,0.29615071614583327
,80.206856842968591,250.73372317117065,0.10000000000000001,0.29513346354166659
,80.306865349999953,252.43586817190209,0.10000000000000001,0.2971679687499999
,80.406873896874913,250.651222809518,0.10000000000000001,0.29513346354166659
,80.506882443749873,251.29066823433732,0.10000000000000001,0.29615071614583327
,80.606891030468887,252.49778493452754,0.10000000000000001,0.2971679687499999
,80.706899578125103,251.75487887659131,0.10000000000000001,0.29615071614583327
,80.806908085156465,250.26969234267517,0.10000000000000001,0.29513346354166659
,80.906916631250169,250.79560014090231,0.10000000000000001,0.29513346354166659
,81.006925177343874,250.87810503072166,0.10000000000000001,0.2941162109374999
,81.106933764062433,253.98421715373473,0.10000000000000001,0.29615071614583327
,81.206942310156137,254.26301467285742,0.10000000000000001,0.29615071614583327
,81.306950816406243,254.28366748491726,0.10000000000000001,0.29615071614583327
,81.406959362499947,253.96356663057048,0.10000000000000001,0.29615071614583327
,81.506967909374907,254.9033250441841,0.10000000000000001,0.2971679687499999
,81.606976495312665,254.34562686695307,0.10000000000000001,0.29615071614583327
,81.706985042187625,255.41981423659888,0.10000000000000001,0.2971679687499999
,81.806993547656475,252.74546635904159,0.10000000000000001,0.29513346354166659
,81.907002099218971,253.3750932563799,0.10000000000000001,0.2941162109374999
,82.007010649218955,255.08924987826714,0.10000000000000001,0.29513346354166659
,82.107019239843794,256.184397330602,0.10000000000000001,0.29513346354166659
,82.207027789843778,257.6418252835424,0.10000000000000001,0.29615071614583327
,82.307036300000163,257.66250352496513,0.10000000000000001,0.2971679687499999
,82.407044850000148,255.20287685825201,0.10000000000000001,0.29513346354166659
,82.507053400781388,258.10712274924606,0.10000000000000001,0.2971679687499999
,82.60706199062497,258.20019152903888,0.10000000000000001,0.2971679687499999
,82.70707054140621,257.7245391689375,0.10000000000000001,0.29615071614583327
,82.807079052343852,256.98020266852387,0.10000000000000001,0.29513346354166659
,82.907087606250116,256.24639988831228,0.10000000000000001,0.2941162109374999
,83.007096159375124,257.29031866172011,0.10000000000000001,0.2941162109374999
,83.10710475234373,260.18639059178264,0.10000000000000001,0.29615071614583327
,83.207113306249994,259.62763146736427,0.10000000000000001,0.29615071614583327
,83.307121818750147,260.90051939060834,0.10000000000000001,0.2971679687499999
,83.407130372656411,259.4931317533534,0.10000000000000001,0.29615071614583327
,83.507138925781419,260.14499727555813,0.10000000000000001,0.29615071614583327
,83.607147518750025,261.48023237808729,0.10000000000000001,0.2971679687499999
,83.707156072656289,260.97297715105418,0.10000000000000001,0.2971679687499999
,83.807164582031419,259.34829303129328,0.10000000000000001,0.29513346354166659
,83.907173128906379,259.73109711520141,0.10000000000000001,0.29513346354166659
,84.007181676562595,259.79317830923173,0.10000000000000001,0.2941162109374999
,84.10719026406241,262.79536712670898,0.10000000000000001,0.29615071614583327
,84.207198810937371,262.91966236946661,0.10000000000000001,0.29615071614583327
,84.307207317968732,262.2257478978438,0.10000000000000001,0.29615071614583327
,84.407215865624948,262.02899610394519,0.10000000000000001,0.29513346354166659
,84.507224413281165,263.15790957206713,0.10000000000000001,0.29615071614583327
,84.607233000781434,262.99217035025089,0.10000000000000001,0.29615071614583327
,84.707241547656395,264.73289369978477,0.10000000000000001,0.2971679687499999
,84.807250055468558,261.89438410029254,0.10000000000000001,0.2941162109374999
,84.907258603125229,261.40776190086513,0.10000000000000001,0.2941162109374999
,85.007267150781445,262.87823003878754,0.10000000000000001,0.2941162109374999
,85.10727573828126,263.78987553457921,0.10000000000000001,0.2941162109374999
,85.207284285937476,265.10603763669337,0.10000000000000001,0.29513346354166659
,85.307292792968838,265.35482587645078,0.10000000000000001,0.29513346354166659
,85.407301340625054,263.60337976946283,0.10000000000000001,0.29309895833333327
,85.50730988828127,266.03909867455701,0.10000000000000001,0.29513346354166659
,85.607318475781085,264.95055538445172,0.10000000000000001,0.2941162109374999
,85.707327024218557,265.68657529093628,0.10000000000000001,0.2941162109374999
,85.807335533593687,264.91945989536219,0.10000000000000001,0.29309895833333327
,85.907344082812415,263.13719166038254,0.10000000000000001,0.29004720052083327
,86.007352632031143,265.1889647769674,0.10000000000000001,0.2910644531249999
,86.10736122187518,267.43922354189431,0.10000000000000001,0.29208170572916659
,86.207369771093909,266.84798218192651,0.10000000000000001,0.29208170572916659
,86.307378280468583,268.34186100303867,0.10000000000000001,0.29309895833333327
,86.407386829687312,266.09094378268196,0.10000000000000001,0.2910644531249999
,86.50739537890604,267.33548883433451,0.10000000000000001,0.29208170572916659
,86.607403967968821,268.4663831100363,0.10000000000000001,0.29208170572916659
,86.707412516406293,267.55333571598095,0.10000000000000001,0.29208170572916659
,86.807421022656399,267.58445794377229,0.10000000000000001,0.2910644531249999
,86.907429568750103,266.09094378268196,0.10000000000000001,0.28902994791666659
,87.007438114843808,266.5679599500811,0.10000000000000001,0.2880126953124999
,87.107446700781111,270.41786668275137,0.10000000000000001,0.2910644531249999
,87.207455246874815,269.41083528919893,0.10000000000000001,0.29004720052083327
,87.307463753124921,270.25173671732961,0.10000000000000001,0.2910644531249999
,87.407472299218625,269.4419758527344,0.10000000000000001,0.29004720052083327
,87.50748084531233,269.37969502941138,0.10000000000000001,0.29004720052083327
,87.607489432031343,270.48016761897759,0.10000000000000001,0.2910644531249999
,87.707497978906304,270.15829236576377,0.10000000000000001,0.29004720052083327
,87.807506485937665,268.03057730638915,0.10000000000000001,0.28699544270833327
,87.907515033593882,269.08906727441939,0.10000000000000001,0.2880126953124999
,88.007523581250098,269.19285985624856,0.10000000000000001,0.28699544270833327
,88.107532168749913,271.39405179690624,0.10000000000000001,0.2880126953124999
,88.207540715624873,272.36013777641949,0.10000000000000001,0.28902994791666659
,88.307549223437491,271.97574718012697,0.10000000000000001,0.2880126953124999
,88.407557770312451,271.29018844400912,0.10000000000000001,0.2880126953124999
,88.507566317968667,272.7030100944616,0.10000000000000001,0.28902994791666659
,88.607574906250193,271.80953802960892,0.10000000000000001,0.2880126953124999
,88.707583456250177,272.67183842897163,0.10000000000000001,0.28902994791666659
,88.807591966406108,269.99217576041582,0.10000000000000001,0.28597819010416659
,88.907600516406092,270.127144849986,0.10000000000000001,0.28597819010416659
,89.007609067187332,272.26663326595025,0.10000000000000001,0.28597819010416659
,89.107617657031369,273.2849343543777,0.10000000000000001,0.28699544270833327
,89.207626207031353,274.12682356236962,0.10000000000000001,0.2880126953124999
,89.307634717187739,275.29125833486887,0.10000000000000001,0.2880126953124999
,89.407643267968979,272.77574510985033,0.10000000000000001,0.28597819010416659
,89.507651817968963,275.2288679635256,0.10000000000000001,0.28902994791666659
,89.60766040703129,274.63621539781855,0.10000000000000001,0.2880126953124999
,89.707668956250018,273.9812969513157,0.10000000000000001,0.2880126953124999
,89.807677464843891,272.93161117410159,0.10000000000000001,0.28597819010416659
,89.90768601406262,272.10040952155987,0.10000000000000001,0.2849609374999999
,90.007694562500092,273.6798687360349,0.10000000000000001,0.2849609374999999
,90.107703151562418,276.84097505905703,0.10000000000000001,0.28699544270833327
,90.207711700781147,275.8528218545494,0.10000000000000001,0.28597819010416659
,90.30772020937502,277.31954778474284,0.10000000000000001,0.28699544270833327
,90.407728758593748,275.90482302940137,0.10000000000000001,0.28597819010416659
,90.507737307812477,276.69533519499953,0.10000000000000001,0.28699544270833327
,90.607745896093547,277.91265002539177,0.10000000000000001,0.28699544270833327
,90.707754444531474,276.89299073636101,0.10000000000000001,0.28597819010416659
,90.807762952343637,275.57202882477543,0.10000000000000001,0.2849609374999999
,90.907771500781109,276.31045853516008,0.10000000000000001,0.2849609374999999
,91.007780049218582,276.12323635354255,0.10000000000000001,0.28394368489583327
,91.107788637500107,278.91177723878218,0.10000000000000001,0.28597819010416659
,91.207797185937579,278.37054954475849,0.10000000000000001,0.2849609374999999
,91.307805694531453,278.73482867013308,0.10000000000000001,0.2849609374999999
,91.407814242968925,278.56829659290941,0.10000000000000001,0.2849609374999999
,91.507822791406397,279.28651975334742,0.10000000000000001,0.2849609374999999
,91.607831379687468,279.75500088119946,0.10000000000000001,0.28597819010416659
,91.70783992812494,279.89035077185622,0.10000000000000001,0.28597819010416659
,91.807848435937558,277.96468116679097,0.10000000000000001,0.28394368489583327
,91.90785698437503,278.62033705819385,0.10000000000000001,0.28292643229166659
,92.007865532812502,279.4530840973419,0.10000000000000001,0.28292643229166659
,92.107874121093573,281.15037769876113,0.10000000000000001,0.28394368489583327
,92.207882669531045,281.9211762945439,0.10000000000000001,0.2849609374999999
,92.307891177343663,281.77533781641995,0.10000000000000001,0.28394368489583327
,92.407899725781135,280.7025518575046,0.10000000000000001,0.28394368489583327
,92.507908274218607,282.68170753209938,0.10000000000000001,0.2849609374999999
,92.607916861718877,282.49416566593317,0.10000000000000001,0.2849609374999999
,92.707925409375093,282.97345691997702,0.10000000000000001,0.2849609374999999
,92.807933917187711,280.76503604504734,0.10000000000000001,0.28292643229166659
,92.907942465625183,280.49427861450636,0.10000000000000001,0.2819091796874999
,93.007951013281399,282.69212678470069,0.10000000000000001,0.28292643229166659
,93.10795960156247,284.07812882003259,0.10000000000000001,0.28292643229166659
,93.207968149218686,284.18235868298314,0.10000000000000001,0.28394368489583327
,93.307976657031304,286.33007638944878,0.10000000000000001,0.2849609374999999
,93.40798520468752,283.34859457961011,0.10000000000000001,0.28292643229166659
,93.507993751562481,285.70441413534803,0.10000000000000001,0.2849609374999999
,93.608002339062296,285.81911198336286,0.10000000000000001,0.2849609374999999
,93.708010885156455,284.97459200088684,0.10000000000000001,0.28394368489583327
,93.808019392187362,284.66185016069466,0.10000000000000001,0.28394368489583327
,93.908027939062322,283.76545521554499,0.10000000000000001,0.2819091796874999
,94.008036485937737,284.58888046394173,0.10000000000000001,0.2819091796874999
,94.108045072656296,287.51908549288737,0.10000000000000001,0.28394368489583327
,94.208053619531256,286.80981275414314,0.10000000000000001,0.28292643229166659
,94.308062126562618,288.31193738487298,0.10000000000000001,0.28394368489583327
,94.408070674218834,287.37304934102752,0.10000000000000001,0.28292643229166659
,94.50807922578133,287.57124243745699,0.10000000000000001,0.28394368489583327
,94.608087817187425,289.01101543239758,0.10000000000000001,0.2849609374999999
,94.708096368749921,288.48930513651101,0.10000000000000001,0.28394368489583327
,94.808104880468818,286.6116542998268,0.10000000000000001,0.2819091796874999
,94.908113432031314,287.26874078170255,0.10000000000000001,0.2819091796874999
,95.00812198359381,287.10185226403809,0.10000000000000001,0.28089192708333327
,95.108130574999905,290.04417750741425,0.10000000000000001,0.28292643229166659
,95.208139126562401,290.77483452310429,0.10000000000000001,0.28292643229166659
,95.308147638281298,290.61825563673546,0.10000000000000001,0.28292643229166659
,95.408156188281282,290.43036781015758,0.10000000000000001,0.28292643229166659
,95.508164735156242,291.62044914059857,0.10000000000000001,0.28292643229166659
,95.608173321874801,291.74573798151647,0.10000000000000001,0.28292643229166659
,95.708181868750216,292.45576863841745,0.10000000000000001,0.28394368489583327
,95.808190374999867,289.56409360833521,0.10000000000000001,0.28089192708333327
,95.908198921874828,290.68088657100446,0.10000000000000001,0.28089192708333327
,96.008207468749788,291.8501478106615,0.10000000000000001,0.28089192708333327
,96.108216055468802,293.35389383184395,0.10000000000000001,0.28089192708333327
,96.208224602343762,294.47154974917032,0.10000000000000001,0.28292643229166659
,96.308233108593868,294.85808470506208,0.10000000000000001,0.28292643229166659
,96.408241657812596,292.84215164490109,0.10000000000000001,0.2819091796874999
,96.50825020781258,295.40137057880099,0.10000000000000001,0.28292643229166659
,96.608258797656163,295.09837741264926,0.10000000000000001,0.28292643229166659
,96.708267347656147,295.10882516752037,0.10000000000000001,0.28292643229166659
,96.808275857031276,294.17905572761794,0.10000000000000001,0.2819091796874999
,96.90828440703126,293.20767649128442,0.10000000000000001,0.27987467447916659
,97.008292957031244,295.06703427071494,0.10000000000000001,0.28089192708333327
,97.108301546874827,297.90954048028766,0.10000000000000001,0.2819091796874999
,97.208310096093555,296.94794278749487,0.10000000000000001,0.2819091796874999
,97.308318606249941,298.81902380043744,0.10000000000000001,0.28394368489583327
,97.408327155468669,296.75982312124682,0.10000000000000001,0.2819091796874999
,97.508335705468653,298.20223243357913,0.10000000000000001,0.28394368489583327
,97.608344295312691,299.80183903840037,0.10000000000000001,0.2849609374999999
,97.708352845312675,298.5367553846491,0.10000000000000001,0.28394368489583327
,97.808361355468605,297.38691300326462,0.10000000000000001,0.28292643229166659
,97.908369904687333,298.08724456109746,0.10000000000000001,0.28394368489583327
,98.008378454687318,297.77365278642668,0.10000000000000001,0.28292643229166659
,98.108387044531355,300.81618424050902,0.10000000000000001,0.26868489583333327
,98.208395594531339,301.00443106392333,0.10000000000000001,0.28597819010416659
,98.308404105468981,301.48553112061705,0.10000000000000001,0.28699544270833327
,98.408412655468965,300.93122331191142,0.10000000000000001,0.28699544270833327
,98.508421205468949,302.07126562108556,0.10000000000000001,0.2880126953124999
,98.608429795312531,302.69889495627689,0.10000000000000001,0.28902994791666659
,98.708438345312516,303.06503860287825,0.10000000000000001,0.29004720052083327
,98.808446854687645,300.25147705949701,0.10000000000000001,0.2880126953124999
,98.908455404687629,301.23451796239306,0.10000000000000001,0.2880126953124999
,99.008463954687613,302.4164545864262,0.10000000000000001,0.2880126953124999
,99.108472544531196,304.34145917807393,0.10000000000000001,0.28902994791666659
,99.20848109453118,305.52391571776718,0.10000000000000001,0.2910644531249999
,99.308489603125054,305.29368845878463,0.10000000000000001,0.2910644531249999
,99.40849815078127,303.87062187127066,0.10000000000000001,0.2910644531249999
,99.508506699218742,306.1518429167441,0.10000000000000001,0.29309895833333327
,99.608515287499813,305.50298568237787,0.10000000000000001,0.29208170572916659
,99.70852383593774,306.47629150792329,0.10000000000000001,0.2941162109374999
,99.808532343749903,304.87511124573666,0.10000000000000001,0.29208170572916659
,99.908540892187375,303.5985965235418,0.10000000000000001,0.2910644531249999
,100.00854944062485,305.65996232775564,0.10000000000000001,0.29208170572916659
,100.10855802890637,307.88936254019336,0.10000000000000001,0.29309895833333327
,100.2085665781251,307.44971486414181,0.10000000000000001,0.29309895833333327
,100.30857508984354,308.63262721407148,0.10000000000000001,0.2941162109374999
,100.4085836421873,306.27743435832741,0.10000000000000001,0.29208170572916659
,100.50859219453105,308.33950124691819,0.10000000000000001,0.2941162109374999
,100.60860078750011,308.90482421492669,0.10000000000000001,0.2941162109374999
,100.7086093390626,308.28715834580464,0.10000000000000001,0.2941162109374999
,100.8086178515623,307.69047149911574,0.10000000000000001,0.29309895833333327
,100.90862640390606,307.21943233595027,0.10000000000000001,0.29208170572916659
,101.00863495624981,307.89983061724348,0.10000000000000001,0.29208170572916659
,101.10864354843761,311.20834506180825,0.10000000000000001,0.2941162109374999
,101.20865210078136,310.74759746172532,0.10000000000000001,0.2941162109374999
,101.30866061249981,311.36542284314862,0.10000000000000001,0.29513346354166659
,101.40866916484356,310.43346346690038,0.10000000000000001,0.2941162109374999
,101.50867771640605,310.69524110812807,0.10000000000000001,0.2941162109374999
,101.60868630859386,311.93092233319413,0.10000000000000001,0.29513346354166659
,101.70869486015636,312.15084687913532,0.10000000000000001,0.29513346354166659
,101.8087033718748,309.08280359965823,0.10000000000000001,0.29309895833333327
,101.90871192421855,310.72665488745616,0.10000000000000001,0.29309895833333327
,102.00872047578105,311.27117588833522,0.10000000000000001,0.29208170572916659
,102.10872906796885,313.39716786440283,0.10000000000000001,0.2941162109374999
,102.20873761796884,314.62267019141916,0.10000000000000001,0.29513346354166659
,102.30874612812522,313.7532841486738,0.10000000000000001,0.2941162109374999
,102.40875467812521,313.47048505632443,0.10000000000000001,0.2941162109374999
,102.50876322734393,314.57029584553209,0.10000000000000001,0.29513346354166659
,102.60877181796877,314.02561542782297,0.10000000000000001,0.29513346354166659
,102.7087803671875,315.55496826920603,0.10000000000000001,0.29615071614583327
,102.80878887734389,312.39172170119542,0.10000000000000001,0.29309895833333327
,102.90879742734387,312.45455947539455,0.10000000000000001,0.29309895833333327
,103.0088059765626,314.03608982819657,0.10000000000000001,0.29208170572916659
,103.10881456718744,315.28260485242316,0.10000000000000001,0.29309895833333327
,103.20882311562491,316.82257405783895,0.10000000000000001,0.29513346354166659
,103.30883162421878,317.44070121533514,0.10000000000000001,0.29513346354166659
,103.40884017265626,315.09404875191757,0.10000000000000001,0.2941162109374999
,103.50884872187498,317.555947881588,0.10000000000000001,0.29615071614583327
,103.60885731015605,316.74923854889585,0.10000000000000001,0.29513346354166659
,103.70886585859398,316.79114451132534,0.10000000000000001,0.29513346354166659
,103.8088743671874,315.75400645580578,0.10000000000000001,0.2941162109374999
,103.90888291640613,314.74836948556265,0.10000000000000001,0.29208170572916659
,104.0088914648436,316.37209007739438,0.10000000000000001,0.29309895833333327
,104.10890005468764,318.61415815870168,0.10000000000000001,0.2941162109374999
,104.20890860468762,318.41508405430341,0.10000000000000001,0.2941162109374999
,104.30891711484355,320.03916963337281,0.10000000000000001,0.29615071614583327
,104.40892566484399,317.65024120519178,0.10000000000000001,0.29309895833333327
,104.50893421562523,318.84466769774423,0.10000000000000001,0.29513346354166659
,104.60894280546881,319.82960286842575,0.10000000000000001,0.29513346354166659
,104.70895135625005,318.58272526135505,0.10000000000000001,0.2941162109374999
,104.80895986562518,317.40927044665244,0.10000000000000001,0.29309895833333327
,104.90896841640642,317.53499388238248,0.10000000000000001,0.29208170572916659
,105.00897696640641,317.57690190729437,0.10000000000000001,0.2910644531249999
,105.10898555859376,321.29661072300695,0.10000000000000001,0.29309895833333327
,105.20899411171877,321.22325820307026,0.10000000000000001,0.29309895833333327
,105.30900262421892,321.10799038295096,0.10000000000000001,0.29309895833333327
,105.40901117734393,320.77266884895829,0.10000000000000001,0.29309895833333327
,105.50901972968768,320.86697756618656,0.10000000000000001,0.29309895833333327
,105.60902832265629,321.51666952085975,0.10000000000000001,0.29309895833333327
,105.70903687578129,321.85200067038863,0.10000000000000001,0.29309895833333327
,105.80904538828145,318.85514547136097,0.10000000000000001,0.2910644531249999
,105.90905394140646,320.45830916277652,0.10000000000000001,0.2910644531249999
,106.00906249375021,320.5526166254225,0.10000000000000001,0.29004720052083327
,106.10907108671881,322.86849663527869,0.10000000000000001,0.2910644531249999
,106.20907963906257,323.92694225827381,0.10000000000000001,0.29208170572916659
,106.30908815156272,323.38199625678652,0.10000000000000001,0.29208170572916659
,106.40909670390647,322.27117018014576,0.10000000000000001,0.2910644531249999
,106.50910525625022,324.18893805353372,0.10000000000000001,0.29208170572916659
,106.60911384843757,323.56015085999525,0.10000000000000001,0.2910644531249999
,106.70912240078133,324.41949559568712,0.10000000000000001,0.29208170572916659
,106.80913091328148,322.10350165716335,0.10000000000000001,0.29004720052083327
,106.90913946562523,321.79960491027708,0.10000000000000001,0.28902994791666659
,107.00914801562521,323.5182320558726,0.10000000000000001,0.28902994791666659
,107.10915660234377,324.99589405772161,0.10000000000000001,0.29004720052083327
,107.20916514921873,325.56181809067641,0.10000000000000001,0.29004720052083327
,107.3091736562501,326.55743529718148,0.10000000000000001,0.2910644531249999
,107.4091822023438,324.31469657366335,0.10000000000000001,0.28902994791666659
,107.50919074921876,326.52599460156466,0.10000000000000001,0.2910644531249999
,107.60919933593732,326.10678617584375,0.10000000000000001,0.29004720052083327
,107.70920788281273,325.8657421529843,0.10000000000000001,0.2910644531249999
,107.80921638984364,324.55573465955752,0.10000000000000001,0.28902994791666659
,107.9092249367186,323.63350887466117,0.10000000000000001,0.28699544270833327
,108.00923348515607,325.40461648080367,0.10000000000000001,0.2880126953124999
,108.10924207421886,328.15043705649384,0.10000000000000001,0.28902994791666659
,108.20925062343758,327.46921820191943,0.10000000000000001,0.28902994791666659
,108.30925913281271,328.83165535994374,0.10000000000000001,0.29004720052083327
,108.40926768203144,327.01856632011641,0.10000000000000001,0.28902994791666659
,108.50927623125017,327.94083122866698,0.10000000000000001,0.29004720052083327
,108.6092848203125,329.10414211644513,0.10000000000000001,0.29004720052083327
,108.70929336953122,328.04563414576569,0.10000000000000001,0.28902994791666659
,108.80930187890635,326.49455391409248,0.10000000000000001,0.2880126953124999
,108.90931042812508,327.00808605473651,0.10000000000000001,0.28699544270833327
,109.00931897500004,327.2910534078427,0.10000000000000001,0.28597819010416659
,109.10932756249986,330.34080477651321,0.10000000000000001,0.2880126953124999
,109.20933611015607,329.86919804364192,0.10000000000000001,0.2880126953124999
,109.30934461718743,330.7076079106842,0.10000000000000001,0.28902994791666659
,109.4093531640624,330.28840416971713,0.10000000000000001,0.2880126953124999
,109.50936171171861,330.62376737375303,0.10000000000000001,0.28902994791666659
,109.60937029921888,330.56088689931124,0.10000000000000001,0.28902994791666659
,109.70937884609384,330.88576867406283,0.10000000000000001,0.28902994791666659
,109.8093873531252,328.10851589339433,0.10000000000000001,0.28597819010416659
,109.90939590312519,329.65959421939488,0.10000000000000001,0.28699544270833327
,110.00940445546894,330.29888429408442,0.10000000000000001,0.28597819010416659
,110.10941304765629,332.37391081151668,0.10000000000000001,0.28699544270833327
,110.20942160000004,333.26467419236934,0.10000000000000001,0.2880126953124999
,110.30943011171894,332.40534988908871,0.10000000000000001,0.2880126953124999
,110.40943866406269,331.8918418916424,0.10000000000000001,0.2880126953124999
,110.50944721640644,333.30659189981878,0.10000000000000001,0.2880126953124999
,110.60945580937505,332.51014662914071,0.10000000000000001,0.2880126953124999
,110.70946436093755,334.09253836671871,0.10000000000000001,0.28902994791666659
,110.8094728734377,330.99056887274207,0.10000000000000001,0.28597819010416659
,110.90948142187517,330.74952813719528,0.10000000000000001,0.2849609374999999
,111.00948996953139,332.3948701993894,0.10000000000000001,0.2849609374999999
,111.1094985570312,333.47426218078061,0.10000000000000001,0.2849609374999999
,111.20950710468742,334.73175877709463,0.10000000000000001,0.28597819010416659
,111.30951561250004,335.50718485110622,0.10000000000000001,0.28699544270833327
,111.40952416015625,333.18083861578708,0.10000000000000001,0.2849609374999999
,111.50953270781247,335.59101317297331,0.10000000000000001,0.28699544270833327
,111.60954129531274,335.51766340817835,0.10000000000000001,0.28597819010416659
,111.70954984296895,334.71080097655607,0.10000000000000001,0.2849609374999999
,111.80955835156237,333.86199621881445,0.10000000000000001,0.28394368489583327
,111.90956690390612,334.04014258723794,0.10000000000000001,0.28394368489583327
,112.00957545624988,334.89942055730961,0.10000000000000001,0.28394368489583327
,112.10958404843768,337.33037588882337,0.10000000000000001,0.2849609374999999
,112.20959260078143,336.68075191864654,0.10000000000000001,0.2849609374999999
,112.30960111328113,337.95902254068812,0.10000000000000001,0.28597819010416659
,112.40960966562488,336.47119119070845,0.10000000000000001,0.2849609374999999
,112.50961821796864,337.26751002512304,0.10000000000000001,0.28597819010416659
,112.60962681015644,338.02188597623319,0.10000000000000001,0.28597819010416659
,112.70963536250019,337.24655468998662,0.10000000000000001,0.2849609374999999
,112.80964387265612,335.0042085985171,0.10000000000000001,0.28292643229166659
,112.90965241796857,336.14636781528299,0.10000000000000001,0.28292643229166659
,113.00966096328148,336.35593186682428,0.10000000000000001,0.2819091796874999
,113.10966954843752,338.87051934454058,0.10000000000000001,0.28394368489583327
,113.20967809374997,340.26385462924634,0.10000000000000001,0.2849609374999999
,113.30968659921882,339.56196508844977,0.10000000000000001,0.28394368489583327
,113.40969514453127,338.55621578073266,0.10000000000000001,0.28394368489583327
,113.50970368984372,340.19052448261982,0.10000000000000001,0.2849609374999999
,113.60971227500022,339.44672629691462,0.10000000000000001,0.28394368489583327
,113.70972082031267,340.07529063194733,0.10000000000000001,0.2849609374999999
,113.80972932890609,338.14761215822887,0.10000000000000001,0.28292643229166659
,113.90973787812482,337.87520427249535,0.10000000000000001,0.2819091796874999
,114.0097464281248,339.64577456231615,0.10000000000000001,0.28292643229166659
,114.10975501718758,341.18568615085144,0.10000000000000001,0.28292643229166659
,114.20976356640631,341.78274740998421,0.10000000000000001,0.28394368489583327
,114.30977207578144,342.2121951149191,0.10000000000000001,0.28394368489583327
,114.40978062500017,339.96005585617536,0.10000000000000001,0.2819091796874999
,114.50978917500015,342.57878490725722,0.10000000000000001,0.2849609374999999
,114.60979776406248,341.84559433981656,0.10000000000000001,0.28394368489583327
,114.70980631328121,341.48945761823603,0.10000000000000001,0.28394368489583327
,114.80981482031257,340.78763019694242,0.10000000000000001,0.28292643229166659
,114.90982336718753,339.5095839289512,0.10000000000000001,0.28089192708333327
,115.00983191484374,341.30091064437454,0.10000000000000001,0.2819091796874999
,115.1098405015623,344.55816825724179,0.10000000000000001,0.28292643229166659
,115.20984904921897,343.41666171103242,0.10000000000000001,0.2819091796874999
,115.30985755624988,345.24929616709585,0.10000000000000001,0.2849609374999999
,115.40986610312484,342.91394287166901,0.10000000000000001,0.28292643229166659
,115.5098746499998,343.55281091179154,0.10000000000000001,0.28292643229166659
,115.60988323750007,345.14458280210283,0.10000000000000001,0.28394368489583327
,115.70989178750006,343.89841295992159,0.10000000000000001,0.28292643229166659
,115.80990030000021,342.30646212154261,0.10000000000000001,0.2819091796874999
,115.90990885234396,343.52139201176982,0.10000000000000001,0.2819091796874999
,116.00991740546897,343.60517554931579,0.10000000000000001,0.27987467447916659
,116.10992599765632,346.86174148523742,0.10000000000000001,0.28292643229166659
,116.20993455078133,346.61046912384967,0.10000000000000001,0.28292643229166659
,116.30994306328148,346.26495869239113,0.10000000000000001,0.28292643229166659
,116.40995161562523,346.32777970387349,0.10000000000000001,0.28292643229166659
,116.50996016875024,346.71516676126993,0.10000000000000001,0.28292643229166659
,116.60996876093759,347.14441476546244,0.10000000000000001,0.28292643229166659
,116.70997731640637,347.94004046265508,0.10000000000000001,0.28394368489583327
,116.80998583124983,344.6733594381792,0.10000000000000001,0.28089192708333327
,116.90999438671861,345.15505418711911,0.10000000000000001,0.2819091796874999
,117.01000294218738,346.40107036174061,0.10000000000000001,0.28089192708333327
,117.11001153750021,348.28548729647787,0.10000000000000001,0.2819091796874999
,117.21002009296899,349.69853302407546,0.10000000000000001,0.28292643229166659
,117.31002860859371,350.14856335304864,0.10000000000000001,0.28394368489583327
,117.41003716328123,348.02378640261213,0.10000000000000001,0.2819091796874999
,117.51004571875001,350.3055447175023,0.10000000000000001,0.28394368489583327
,117.61005431406238,349.19614414403264,0.10000000000000001,0.28292643229166659
,117.71006286015609,349.82412541390966,0.10000000000000001,0.28394368489583327
,117.81007136640619,348.04472276278455,0.10000000000000001,0.2819091796874999
,117.9100799124999,347.63645477760258,0.10000000000000001,0.2819091796874999
,118.0100884585936,350.07530432233216,0.10000000000000001,0.2819091796874999
,118.11009704453136,351.22643860337661,0.10000000000000001,0.28292643229166659
,118.21010559062506,351.19504630494811,0.10000000000000001,0.28292643229166659
,118.31011409687517,352.4820225549563,0.10000000000000001,0.28394368489583327
,118.41012264296887,349.57293869144331,0.10000000000000001,0.2819091796874999
,118.51013118828132,351.47757231352421,0.10000000000000001,0.28394368489583327
,118.61013977499988,351.97981452331715,0.10000000000000001,0.28394368489583327
,118.71014832187484,351.52989078511058,0.10000000000000001,0.28292643229166659
,118.81015682812495,351.24736673037387,0.10000000000000001,0.2819091796874999
,118.91016537421865,349.98111315281989,0.10000000000000001,0.28089192708333327
,119.01017392031235,350.94390327408541,0.10000000000000001,0.28089192708333327
,119.11018250703137,354.77289431835089,0.10000000000000001,0.28292643229166659
,119.21019105312507,353.17250155244045,0.10000000000000001,0.2819091796874999
,119.31019955937518,354.76243546173458,0.10000000000000001,0.28394368489583327
,119.41020810546888,353.64324401097969,0.10000000000000001,0.28292643229166659
,119.51021665234384,353.77923034415608,0.10000000000000001,0.28292643229166659
,119.61022524140617,354.63692790134439,0.10000000000000001,0.28394368489583327
,119.71023379218741,354.4382027796641,0.10000000000000001,0.28394368489583327
,119.81024230312505,352.0949069071383,0.10000000000000001,0.28089192708333327
,119.91025085390629,352.93188767338842,0.10000000000000001,0.28089192708333327
,120.01025940468753,353.76876995209631,0.10000000000000001,0.28089192708333327
,120.11026799609363,356.1324034093314,0.10000000000000001,0.2819091796874999
,120.21027654687487,356.97933577681641,0.10000000000000001,0.2819091796874999
,120.31028505703125,356.82250511999399,0.10000000000000001,0.2819091796874999
,120.41029360859375,355.51543073241476,0.10000000000000001,0.28089192708333327
,120.51030215937499,356.91660399100846,0.10000000000000001,0.2819091796874999
,120.61031074921857,357.00024623050865,0.10000000000000001,0.2819091796874999
,120.7103192984373,357.88887440319814,0.10000000000000001,0.28292643229166659
,120.81032780781243,355.23306763801384,0.10000000000000001,0.27987467447916659
,120.91033635781241,355.7454952744381,0.10000000000000001,0.27987467447916659
,121.01034490703114,356.84341610368682,0.10000000000000001,0.27987467447916659
,121.11035349687518,358.65194427384483,0.10000000000000001,0.28089192708333327
,121.21036204687516,360.75247956640288,0.10000000000000001,0.28292643229166659
,121.31037055624984,360.25093014924147,0.10000000000000001,0.28292643229166659
,121.41037910546856,358.69375347144023,0.10000000000000001,0.2819091796874999
,121.51038765468729,360.83606671829409,0.10000000000000001,0.28394368489583327
,121.61039624375007,360.03148809720301,0.10000000000000001,0.28292643229166659
,121.71040479218755,360.64799384509109,0.10000000000000001,0.28394368489583327
,121.81041330078142,358.56832498425615,0.10000000000000001,0.2819091796874999
,121.91042184921889,357.67979712825871,0.10000000000000001,0.28089192708333327
,122.01043039765636,359.96878879407529,0.10000000000000001,0.2819091796874999
,122.11043898593744,362.0374902530408,0.10000000000000001,0.28292643229166659
,122.21044753437491,362.00615217527343,0.10000000000000001,0.28292643229166659
,122.31045604296878,363.38485110193881,0.10000000000000001,0.28394368489583327
,122.41046459140625,360.79427330091215,0.10000000000000001,0.2819091796874999
,122.51047313906247,362.65376810638918,0.10000000000000001,0.28394368489583327
,122.61048172578148,363.67725529925906,0.10000000000000001,0.28394368489583327
,122.71049027187519,362.68510234138364,0.10000000000000001,0.28292643229166659
,122.81049877890609,361.23308829706122,0.10000000000000001,0.2819091796874999
,122.91050732578105,361.73454779756719,0.10000000000000001,0.2819091796874999
,123.01051587187521,362.50753920062823,0.10000000000000001,0.28089192708333327
,123.11052445859377,366.13068981695272,0.10000000000000001,0.28292643229166659
,123.21053300546873,365.61922351557882,0.10000000000000001,0.28292643229166659
,123.31054151171884,365.68185494337075,0.10000000000000001,0.28394368489583327
,123.4105500585938,365.01374499934803,0.10000000000000001,0.28292643229166659
,123.51055860859378,365.5252748629411,0.10000000000000001,0.28292643229166659
,123.61056719843737,366.05762651790201,0.10000000000000001,0.28394368489583327
,123.71057574921861,367.17432913821096,0.10000000000000001,0.2849609374999999
,123.81058425859374,363.8025662619151,0.10000000000000001,0.2819091796874999
,123.91059280859372,364.55436687798459,0.10000000000000001,0.2819091796874999
,124.01060135937496,365.81755359953002,0.10000000000000001,0.2819091796874999
,124.11060994921854,367.309985330404,0.10000000000000001,0.28292643229166659
,124.21061849921898,369.15660059460856,0.10000000000000001,0.28394368489583327
,124.31062700937491,369.11487743680783,0.10000000000000001,0.2849609374999999
,124.4106355593749,367.36215974289888,0.10000000000000001,0.28394368489583327
,124.51064410937488,369.7511133798622,0.10000000000000001,0.28597819010416659
,124.61065270000017,368.90625585388,0.10000000000000001,0.2849609374999999
,124.71066125078141,370.18912458187924,0.10000000000000001,0.28699544270833327
,124.81066976093734,368.09254009033458,0.10000000000000001,0.2849609374999999
,124.91067831171858,367.08041101629709,0.10000000000000001,0.28394368489583327
,125.01068686171857,369.65724820428051,0.10000000000000001,0.27784016927083327
,125.11069545234386,372.12835953608931,0.10000000000000001,0.28699544270833327
,125.21070400234385,372.74330941509169,0.10000000000000001,0.28902994791666659
,125.31071251328149,374.08754496031656,0.10000000000000001,0.2910644531249999
,125.41072106171896,371.22140648125793,0.10000000000000001,0.28902994791666659
,125.51072961015643,372.21174782423714,0.10000000000000001,0.29208170572916659
,125.6107381984375,372.77457564961571,0.10000000000000001,0.29208170572916659
,125.71074674687497,372.61824214413593,0.10000000000000001,0.29208170572916659
,125.81075525468759,371.07544210600884,0.10000000000000001,0.29208170572916659
,125.91076380312506,370.89819302884058,0.10000000000000001,0.2910644531249999
,126.01077235156254,371.63842028473772,0.10000000000000001,0.2910644531249999
,126.11078093984361,375.03553882338241,0.10000000000000001,0.29309895833333327
,126.21078948828108,374.28549603853469,0.10000000000000001,0.29309895833333327
,126.3107979960937,374.6188655566549,0.10000000000000001,0.2941162109374999
,126.41080655078122,373.97293731868734,0.10000000000000001,0.29309895833333327
,126.51081510546874,375.03553882338241,0.10000000000000001,0.2941162109374999
,126.61082370078111,375.91041167173273,0.10000000000000001,0.29513346354166659
,126.71083225546863,376.49355298306358,0.10000000000000001,0.29615071614583327
,126.81084077031255,373.04553988458457,0.10000000000000001,0.29309895833333327
,126.91084932500007,373.79581010988414,0.10000000000000001,0.29309895833333327
,127.01085787968759,375.51465964318317,0.10000000000000001,0.2941162109374999
,127.11086647499997,377.0245526354293,0.10000000000000001,0.29513346354166659
,127.21087502968749,378.60670692588758,0.10000000000000001,0.29615071614583327
,127.31088354218764,378.11755799172141,0.10000000000000001,0.29615071614583327
,127.4108920890626,376.30612412737457,0.10000000000000001,0.29513346354166659
,127.51090063593756,378.75239867286768,0.10000000000000001,0.2971679687499999
,127.61090922265612,377.72203000791677,0.10000000000000001,0.29615071614583327
,127.71091776953108,379.01254852567325,0.10000000000000001,0.29818522135416659
,127.81092627656244,377.34728170183763,0.10000000000000001,0.29513346354166659
,127.9109348234374,376.21240634639122,0.10000000000000001,0.29513346354166659
,128.01094337031236,378.53385894954732,0.10000000000000001,0.29615071614583327
,128.11095195781263,380.33383058465421,0.10000000000000001,0.29615071614583327
,128.21096050468759,379.43915531980281,0.10000000000000001,0.29615071614583327
,128.3109690109377,381.38427662508735,0.10000000000000001,0.29818522135416659
,128.41097755859391,378.56507968233507,0.10000000000000001,0.29513346354166659
,128.51098610625013,380.35463441538639,0.10000000000000001,0.2971679687499999
,128.6109946945312,382.02895473027149,0.10000000000000001,0.29818522135416659
,128.71100324218742,380.73948407495834,0.10000000000000001,0.2971679687499999
,128.81101174921878,379.43915531980281,0.10000000000000001,0.29615071614583327
,128.91102029687499,379.30389500662704,0.10000000000000001,0.29513346354166659
,129.01102884453121,379.56400665010045,0.10000000000000001,0.29513346354166659
,129.11103743281274,382.97496644231927,0.10000000000000001,0.2971679687499999
,129.21104598046895,382.57995903394504,0.10000000000000001,0.29615071614583327
,129.31105448593735,382.56956351109699,0.10000000000000001,0.2971679687499999
,129.41106303203105,382.06014591173158,0.10000000000000001,0.29615071614583327
,129.51107157812521,382.73588824327453,0.10000000000000001,0.2971679687499999
,129.61108016406251,383.30757020241668,0.10000000000000001,0.2971679687499999
,129.71108871015622,383.52582442792465,0.10000000000000001,0.29818522135416659
,129.81109721640632,380.0321618701393,0.10000000000000001,0.2941162109374999
,129.91110576171877,381.62344481324448,0.10000000000000001,0.29513346354166659
,130.01111430781248,382.41362704016387,0.10000000000000001,0.2941162109374999
,130.11112289453149,384.06620523705527,0.10000000000000001,0.29513346354166659
,130.21113144218771,384.70000713945211,0.10000000000000001,0.29615071614583327
,130.31113995312489,384.29480281084972,0.10000000000000001,0.29513346354166659
,130.41114850468739,382.59035452653433,0.10000000000000001,0.2941162109374999
,130.51115705546863,385.46872618955894,0.10000000000000001,0.29615071614583327
,130.61116564687518,384.34675471828274,0.10000000000000001,0.29513346354166659
,130.71117419765642,385.40640399898263,0.10000000000000001,0.29615071614583327
,130.81118270859361,382.85023199496118,0.10000000000000001,0.29309895833333327
,130.9111912601561,381.64424130097325,0.10000000000000001,0.29208170572916659
,131.01119981093734,384.54416490434744,0.10000000000000001,0.29309895833333327
,131.11120840234389,385.91533544072666,0.10000000000000001,0.29309895833333327
,131.2112169484376,385.81147801899237,0.10000000000000001,0.29309895833333327
,131.31122545156268,387.73232614658122,0.10000000000000001,0.2941162109374999
,131.41123399453136,384.27402183129908,0.10000000000000001,0.29208170572916659
,131.51124253750004,386.60071510955964,0.10000000000000001,0.29309895833333327
,131.61125112109357,386.6110985872586,0.10000000000000001,0.29309895833333327
,131.71125966406271,385.28175623167243,0.10000000000000001,0.29208170572916659
,131.81126816640608,385.24020597351921,0.10000000000000001,0.29208170572916659
,131.91127670937522,383.79602522302019,0.10000000000000001,0.29004720052083327
,132.01128525312515,383.99346651239279,0.10000000000000001,0.28902994791666659
,132.11129383593743,388.35506827491241,0.10000000000000001,0.29208170572916659
,132.21130237968737,387.15099550370354,0.10000000000000001,0.2910644531249999
,132.31131088281245,388.06446976574864,0.10000000000000001,0.29208170572916659
,132.41131942578113,387.10946803762874,0.10000000000000001,0.2910644531249999
,132.51132796874981,386.98488256908445,0.10000000000000001,0.2910644531249999
,132.61133655156254,388.09560653430628,0.10000000000000001,0.2910644531249999
,132.71134509531248,387.82574487918635,0.10000000000000001,0.2910644531249999
,132.81135359843756,384.77273112257456,0.10000000000000001,0.2880126953124999
,132.91136214140624,385.81147801899237,0.10000000000000001,0.2880126953124999
,133.01137068437492,385.98803375879862,0.10000000000000001,0.28699544270833327
,133.11137926953143,389.16445834355369,0.10000000000000001,0.28902994791666659
,133.21138782109392,390.2640792866423,0.10000000000000001,0.28902994791666659
,133.31139633203111,388.99844578487074,0.10000000000000001,0.28902994791666659
,133.4114048835936,387.96067843597655,0.10000000000000001,0.2880126953124999
,133.5114134351561,388.98806972216568,0.10000000000000001,0.28902994791666659
,133.61142202656265,388.2720427209768,0.10000000000000001,0.2880126953124999
,133.71143057812515,389.98402228884015,0.10000000000000001,0.29004720052083327
,133.81143908906233,386.87067518143522,0.10000000000000001,0.28699544270833327
,133.91144764062483,387.20290411609676,0.10000000000000001,0.28597819010416659
,134.01145619218732,389.06070147505397,0.10000000000000001,0.28699544270833327
,134.11146478359387,389.83879807394794,0.10000000000000001,0.28699544270833327
,134.21147333593763,390.65819269322833,0.10000000000000001,0.28699544270833327
,134.31148184765607,390.60633840304814,0.10000000000000001,0.2880126953124999
,134.41149039999982,388.04371175836002,0.10000000000000001,0.28597819010416659
,134.51149895234357,391.20779701801519,0.10000000000000001,0.2880126953124999
,134.61150754453138,390.75152832208124,0.10000000000000001,0.28699544270833327
,134.71151609609387,390.93819149609027,0.10000000000000001,0.28699544270833327
,134.81152460859357,389.38233711268737,0.10000000000000001,0.2849609374999999
,134.91153316015607,387.92954040705439,0.10000000000000001,0.28394368489583327
,135.01154171249982,390.06700465112425,0.10000000000000001,0.28394368489583327
,135.11155030234386,392.41037646746969,0.10000000000000001,0.2849609374999999
,135.21155885156259,391.42553884129575,0.10000000000000001,0.2849609374999999
,135.31156736015646,393.27056404102223,0.10000000000000001,0.28699544270833327
,135.41157590859393,390.37816966928932,0.10000000000000001,0.28394368489583327
,135.51158445781266,391.43590713155351,0.10000000000000001,0.2849609374999999
,135.61159304687499,393.15657672543131,0.10000000000000001,0.2849609374999999
,135.71160159531246,391.96464546666238,0.10000000000000001,0.28394368489583327
,135.81161010468759,391.03151903626753,0.10000000000000001,0.28292643229166659
,135.91161865312506,391.20779701801519,0.10000000000000001,0.28292643229166659
,136.01162720156253,390.94856135609183,0.10000000000000001,0.28089192708333327
,136.1116357898436,395.30091596066217,0.10000000000000001,0.28394368489583327
,136.21164433828108,394.12015752056038,0.10000000000000001,0.28292643229166659
,136.31165284609369,394.1719545550456,0.10000000000000001,0.28394368489583327
,136.41166139453117,394.10979801070869,0.10000000000000001,0.28292643229166659
,136.51166994218738,394.44128529090966,0.10000000000000001,0.28292643229166659
,136.61167853046891,394.93845011459018,0.10000000000000001,0.28394368489583327
,136.71168707890638,395.43553532533087,0.10000000000000001,0.28394368489583327
,136.81169558671854,392.18233583772394,0.10000000000000001,0.28089192708333327
,136.91170413515647,393.15657672543131,0.10000000000000001,0.28089192708333327
,137.01171268359394,393.73683282896218,0.10000000000000001,0.28089192708333327
,137.11172127187501,395.93254059428341,0.10000000000000001,0.2819091796874999
,137.21172982031248,397.35063391784109,0.10000000000000001,0.28292643229166659
,137.31173832890636,397.16435265757423,0.10000000000000001,0.28292643229166659
,137.41174687734383,395.62192168684498,0.10000000000000001,0.2819091796874999
,137.51175542656256,397.27819256074264,0.10000000000000001,0.28292643229166659
,137.61176401484363,396.55368427072551,0.10000000000000001,0.28292643229166659
,137.7117725632811,397.5162076799806,0.10000000000000001,0.28394368489583327
,137.81178107187498,395.22842618392912,0.10000000000000001,0.28089192708333327
,137.9117896210937,394.38949272345235,0.10000000000000001,0.27987467447916659
,138.01179816874992,396.7917559640523,0.10000000000000001,0.28089192708333327
,138.11180675703145,398.29221415873189,0.10000000000000001,0.2819091796874999
,138.21181530468766,398.70600277476535,0.10000000000000001,0.2819091796874999
,138.31182381249982,399.9677058283927,0.10000000000000001,0.28292643229166659
,138.4118323609373,397.04015881840746,0.10000000000000001,0.27987467447916659
,138.51184090859397,399.81260710728048,0.10000000000000001,0.28292643229166659
,138.61184949687504,399.18178930931833,0.10000000000000001,0.2819091796874999
,138.71185804453125,399.06802112970257,0.10000000000000001,0.2819091796874999
,138.81186655312513,398.41635670991741,0.10000000000000001,0.28089192708333327
,138.91187510078134,396.48122399087316,0.10000000000000001,0.2788574218749999
,139.01188364609379,398.61290529269235,0.10000000000000001,0.27987467447916659
,139.1118922320311,401.6422558945215,0.10000000000000001,0.28089192708333327
,139.2119007781248,400.63970688954532,0.10000000000000001,0.28089192708333327
,139.31190928359365,402.66512417737147,0.10000000000000001,0.28292643229166659
,139.4119178289061,400.74307817025664,0.10000000000000001,0.28089192708333327
,139.51192637421855,401.2702155571767,0.10000000000000001,0.2819091796874999
,139.6119349601563,402.00391672152551,0.10000000000000001,0.28292643229166659
,139.71194350546875,401.09451353606789,0.10000000000000001,0.2819091796874999
,139.81195201171886,399.49204420270991,0.10000000000000001,0.27987467447916659
,139.91196056015633,400.32957143390087,0.10000000000000001,0.27987467447916659
,140.01196911328134,400.79476245842886,0.10000000000000001,0.2788574218749999
,140.11197770624995,404.83365864845825,0.10000000000000001,0.28089192708333327
,140.2119862585937,404.01806662578241,0.10000000000000001,0.28089192708333327
,140.31199477109385,403.74959371983061,0.10000000000000001,0.28089192708333327
,140.41200332421886,403.45011390367966,0.10000000000000001,0.28089192708333327
,140.51201187734387,403.31585432476191,0.10000000000000001,0.28089192708333327
,140.61202046953122,403.92513650661277,0.10000000000000001,0.28089192708333327
,140.71202902265622,405.22588675157715,0.10000000000000001,0.2819091796874999
,140.81203753515638,401.95225361252875,0.10000000000000001,0.2788574218749999
,140.91204608281259,403.31585432476191,0.10000000000000001,0.2788574218749999
,141.01205462968755,404.41040540267795,0.10000000000000001,0.2788574218749999
,141.11206321640611,405.74189499566535,0.10000000000000001,0.27987467447916659
,141.21207176328107,406.76331771725842,0.10000000000000001,0.28089192708333327
,141.31208026953118,405.83476664465303,0.10000000000000001,0.27987467447916659
,141.41208881640614,404.61687814262928,0.10000000000000001,0.2788574218749999
,141.5120973632811,407.40281084491028,0.10000000000000001,0.28089192708333327
,141.61210595000011,406.29907980733435,0.10000000000000001,0.27987467447916659
,141.71211449609382,407.48531564054173,0.10000000000000001,0.28089192708333327
,141.81212300312518,405.31877506441174,0.10000000000000001,0.27784016927083327
,141.91213155390642,405.59742201871165,0.10000000000000001,0.27784016927083327
,142.0121401039064,407.73281568153078,0.10000000000000001,0.2788574218749999
,142.11214869453124,409.33073387964271,0.10000000000000001,0.27987467447916659
,142.21215724531248,409.42348851960014,0.10000000000000001,0.28089192708333327
,142.31216575546887,411.25734183004084,0.10000000000000001,0.2819091796874999
,142.41217430546885,407.86686921326634,0.10000000000000001,0.27987467447916659
,142.51218285625009,410.22723430985906,0.10000000000000001,0.28292643229166659
,142.61219144687493,410.1963252502041,0.10000000000000001,0.2819091796874999
,142.71219999687492,409.45440605575436,0.10000000000000001,0.2819091796874999
,142.81220850468753,408.95968486478836,0.10000000000000001,0.2819091796874999
,142.91221705078124,408.13495730758598,0.10000000000000001,0.28089192708333327
,143.01222559687494,409.0215297495692,0.10000000000000001,0.28089192708333327
,143.11223418359396,413.03853374550806,0.10000000000000001,0.28292643229166659
,143.21224272968766,411.46331796441194,0.10000000000000001,0.2819091796874999
,143.31225123515605,412.59591578711343,0.10000000000000001,0.28394368489583327
,143.41225978125021,411.72076683537267,0.10000000000000001,0.28394368489583327
,143.51226832734392,411.7104693350559,0.10000000000000001,0.28394368489583327
,143.61227691406248,413.18262675671133,0.10000000000000001,0.28597819010416659
,143.71228546015618,413.16204249699399,0.10000000000000001,0.2849609374999999
,143.81229396875005,409.50593453012249,0.10000000000000001,0.28292643229166659
,143.91230251953129,410.86594548452308,0.10000000000000001,0.28292643229166659
,144.01231107031253,411.39122803955621,0.10000000000000001,0.28292643229166659
,144.11231966093737,414.65400678416091,0.10000000000000001,0.2849609374999999
,144.21232821171861,415.71332911200068,0.10000000000000001,0.28699544270833327
,144.31233672265626,414.70543954397914,0.10000000000000001,0.28292643229166659
,144.4123452734375,414.31452666913634,0.10000000000000001,0.28699544270833327
,144.51235382421874,415.55908405712597,0.10000000000000001,0.2880126953124999
,144.61236241484357,414.69515306826827,0.10000000000000001,0.2880126953124999
,144.71237096562481,415.83671897030013,0.10000000000000001,0.28902994791666659
,144.81237947421869,412.71944414305062,0.10000000000000001,0.28597819010416659
,144.9123880218749,413.69718380841687,0.10000000000000001,0.28597819010416659
,145.01239657031238,415.21971470386825,0.10000000000000001,0.28699544270833327
,145.11240515937516,416.55638351562811,0.10000000000000001,0.28699544270833327
,145.21241370703137,417.67663113467182,0.10000000000000001,0.28902994791666659
,145.31242221562479,419.24832208077629,0.10000000000000001,0.29004720052083327
,145.41243076406272,416.64889823027164,0.10000000000000001,0.28902994791666659
,145.51243931250019,418.68343826621651,0.10000000000000001,0.2910644531249999
,145.61244790078126,417.95405344576551,0.10000000000000001,0.2910644531249999
,145.71245644999999,417.59442657581593,0.10000000000000001,0.2910644531249999
,145.81246495937512,416.15545064921611,0.10000000000000001,0.29004720052083327
,145.9124735093751,415.00373075151646,0.10000000000000001,0.2880126953124999
,146.01248205937509,417.28613767818712,0.10000000000000001,0.28902994791666659
,146.11249064921867,420.56251256606009,0.10000000000000001,0.2910644531249999
,146.2124991984374,419.70014577962041,0.10000000000000001,0.2910644531249999
,146.31250770781253,422.12229968763063,0.10000000000000001,0.29309895833333327
,146.41251625781251,419.58719680096925,0.10000000000000001,0.29208170572916659
,146.5125248078125,420.48039402822093,0.10000000000000001,0.29309895833333327
,146.61253339765608,421.22963492450373,0.10000000000000001,0.2941162109374999
,146.71254194687481,420.11083030413045,0.10000000000000001,0.29309895833333327
,146.81255045546868,418.35472532254761,0.10000000000000001,0.29208170572916659
,146.91255900468741,418.87859303584969,0.10000000000000001,0.29208170572916659
,147.01256755312488,419.39209220357088,0.10000000000000001,0.2910644531249999
,147.11257614218766,423.24028760429206,0.10000000000000001,0.2941162109374999
,147.21258469062514,422.56339498668154,0.10000000000000001,0.2941162109374999
,147.31259319999981,422.43004804381076,0.10000000000000001,0.2941162109374999
,147.41260174843774,421.93763416584437,0.10000000000000001,0.2941162109374999
,147.51261029687521,422.24540315667247,0.10000000000000001,0.2941162109374999
,147.61261888593754,422.90186208417401,0.10000000000000001,0.29513346354166659
,147.71262743828129,424.50132587373525,0.10000000000000001,0.29513346354166659
,147.81263595000019,420.96280537501394,0.10000000000000001,0.29309895833333327
,147.91264450234394,421.3630400039425,0.10000000000000001,0.29309895833333327
,148.01265305468769,422.48133609351447,0.10000000000000001,0.29309895833333327
,148.11266164609378,424.14255254599385,0.10000000000000001,0.2941162109374999
,148.21267019843754,426.11010708509053,0.10000000000000001,0.29615071614583327
,148.31267871015643,425.78227863524046,0.10000000000000001,0.29615071614583327
,148.41268726250019,423.49664290597207,0.10000000000000001,0.29513346354166659
,148.51269581484394,426.08961894554778,0.10000000000000001,0.2971679687499999
,148.61270440546878,424.05028900382894,0.10000000000000001,0.29513346354166659
,148.71271295546876,424.82930637997481,0.10000000000000001,0.29615071614583327
,148.81272146484389,423.16850384612604,0.10000000000000001,0.2941162109374999
,148.91273001406262,421.94789368636492,0.10000000000000001,0.29208170572916659
,149.01273856328135,424.92154387517763,0.10000000000000001,0.29309895833333327
,149.11274715312493,427.03191641409813,0.10000000000000001,0.2941162109374999
,149.21275570234366,426.33546660536524,0.10000000000000001,0.2941162109374999
,149.31276421171879,428.53687950206955,0.10000000000000001,0.29615071614583327
,149.41277276171877,425.52613560504352,0.10000000000000001,0.2941162109374999
,149.5127813109375,426.55056539064071,0.10000000000000001,0.29513346354166659
,149.61278990312485,428.27075491189163,0.10000000000000001,0.29615071614583327
,149.7127984554686,427.25720092804596,0.10000000000000001,0.29513346354166659
,149.8128069671875,425.47490414977665,0.10000000000000001,0.2941162109374999
,149.91281551953125,425.92570836471685,0.10000000000000001,0.29309895833333327
,150.012824071875,425.44416482061877,0.10000000000000001,0.29309895833333327
,150.11283266406235,429.51927303590679,0.10000000000000001,0.29513346354166659
,150.2128412164061,429.79550885947674,0.10000000000000001,0.29513346354166659
,150.312849728125,429.81596968511093,0.10000000000000001,0.29615071614583327
,150.41285828046875,428.58805438855029,0.10000000000000001,0.29513346354166659
,150.51286683359376,428.92578503958987,0.10000000000000001,0.29615071614583327
,150.61287542734362,428.99741960814987,0.10000000000000001,0.29615071614583327
,150.71288398046863,430.64450729639617,0.10000000000000001,0.29615071614583327
,150.81289249375004,427.23672127425368,0.10000000000000001,0.2941162109374999
,150.91290104765631,427.49270607609861,0.10000000000000001,0.2941162109374999
,151.01290960078131,429.39649278104196,0.10000000000000001,0.2941162109374999
,151.11291819453118,430.67518916413411,0.10000000000000001,0.2941162109374999
,151.21292674843744,432.01463702194764,0.10000000000000001,0.29513346354166659
,151.31293526171885,431.37055479547553,0.10000000000000001,0.29513346354166659
,151.41294381484386,429.38626084917803,0.10000000000000001,0.2941162109374999
,151.51295236796886,431.96352477023385,0.10000000000000001,0.29513346354166659
,151.61296096015622,431.02289352552697,0.10000000000000001,0.29513346354166659
,151.71296951171871,431.03311947171437,0.10000000000000001,0.2941162109374999
,151.81297802265635,429.2737071207581,0.10000000000000001,0.29208170572916659
,151.91298657421885,428.21957418550284,0.10000000000000001,0.2910644531249999
,152.01299512578134,431.15582791904365,0.10000000000000001,0.29208170572916659
,152.1130037179687,433.47605583135652,0.10000000000000001,0.29309895833333327
,152.21301226953119,432.89362279931623,0.10000000000000001,0.29309895833333327
,152.31302078046883,433.92557146195321,0.10000000000000001,0.2941162109374999
,152.41302933203133,431.72839646036164,0.10000000000000001,0.29208170572916659
,152.5130378804688,433.63952429485556,0.10000000000000001,0.2941162109374999
,152.61304646562485,434.18094639882924,0.10000000000000001,0.2941162109374999
,152.7130550109373,432.89362279931623,0.10000000000000001,0.29309895833333327
,152.81306351640615,431.08424864356607,0.10000000000000001,0.29208170572916659
,152.91307206249985,431.544369293182,0.10000000000000001,0.2910644531249999
,153.0130806078123,431.66705540925341,0.10000000000000001,0.29004720052083327
,153.11308919375006,434.94693391774723,0.10000000000000001,0.29208170572916659
,153.2130977390625,434.50779289834639,0.10000000000000001,0.2910644531249999
,153.31310624453135,434.35458826975832,0.10000000000000001,0.29208170572916659
,153.4131147898438,433.98686353774428,0.10000000000000001,0.2910644531249999
,153.51312333828128,434.63035067555978,0.10000000000000001,0.2910644531249999
,153.61313192656235,434.36480216785264,0.10000000000000001,0.2910644531249999
,153.71314047499982,435.63104256916915,0.10000000000000001,0.29208170572916659
,153.81314898281244,432.29062716151753,0.10000000000000001,0.28902994791666659
,153.91315753124991,432.79142920691208,0.10000000000000001,0.28902994791666659
,154.01316607890612,434.44651203489923,0.10000000000000001,0.28902994791666659
,154.11317466718765,435.88626519691059,0.10000000000000001,0.28902994791666659
,154.21318321562512,437.51915535709196,0.10000000000000001,0.2910644531249999
,154.31319172343774,436.87631490616712,0.10000000000000001,0.29004720052083327
,154.41320027109396,434.41587110924445,0.10000000000000001,0.28902994791666659
,154.51320881484389,436.58035625781673,0.10000000000000001,0.2910644531249999
,154.61321739999994,435.28390337095846,0.10000000000000001,0.29004720052083327
,154.71322594453113,437.44773567217425,0.10000000000000001,0.2910644531249999
,154.81323444843747,436.50891342161907,0.10000000000000001,0.29004720052083327
,154.91324299296866,432.28040578630805,0.10000000000000001,0.28699544270833327
,155.01325153749985,435.15116256477114,0.10000000000000001,0.2880126953124999
,155.1132601218751,437.39672053664867,0.10000000000000001,0.2880126953124999
,155.21326866640629,436.97836259168218,0.10000000000000001,0.2880126953124999
,155.31327717109389,438.70242683965137,0.10000000000000001,0.28902994791666659
,155.41328572187513,435.83522248485991,0.10000000000000001,0.28699544270833327
,155.51329427500013,438.04964671985977,0.10000000000000001,0.2880126953124999
,155.61330286875,438.43725248241196,0.10000000000000001,0.28902994791666659
,155.71331142187501,437.46814147554835,0.10000000000000001,0.2880126953124999
,155.81331993515641,436.29457430056851,0.10000000000000001,0.28699544270833327
,155.91332848828142,436.23333162541672,0.10000000000000001,0.28597819010416659
,156.01333704140643,435.98834790300731,0.10000000000000001,0.2849609374999999
,156.11334563515629,439.32447265628252,0.10000000000000001,0.28699544270833327
,156.2133541882813,438.80441058971491,0.10000000000000001,0.28699544270833327
,156.31336270156271,438.95737957106917,0.10000000000000001,0.28699544270833327
,156.41337125390646,438.44745194015911,0.10000000000000001,0.28699544270833327
,156.51337980703147,438.68202966410831,0.10000000000000001,0.28597819010416659
,156.61338840000008,439.2123101824115,0.10000000000000001,0.28699544270833327
,156.71339695312508,439.96677562570295,0.10000000000000001,0.28699544270833327
,156.81340546562524,436.32519515021659,0.10000000000000001,0.28394368489583327
,156.91341401796899,437.53956065901247,0.10000000000000001,0.28394368489583327
,157.01342257109354,438.51884714930583,0.10000000000000001,0.28394368489583327
,157.1134311640626,439.936192933386,0.10000000000000001,0.2849609374999999
,157.21343971718761,441.65852845342118,0.10000000000000001,0.28597819010416659
,157.3134482281248,440.87391894653342,0.10000000000000001,0.28597819010416659
,157.41345677812524,438.70242683965137,0.10000000000000001,0.28394368489583327
,157.51346532890648,441.6992817843136,0.10000000000000001,0.28597819010416659
,157.61347391875006,440.04832792872264,0.10000000000000001,0.2849609374999999
,157.7134824695313,441.14906515550871,0.10000000000000001,0.28597819010416659
,157.81349097968769,438.8757971059913,0.10000000000000001,0.28394368489583327
,157.91349952968767,437.46814147554835,0.10000000000000001,0.2819091796874999
,158.01350807968765,440.14007158830015,0.10000000000000001,0.28292643229166659
,158.11351667031249,442.41237593666659,0.10000000000000001,0.28394368489583327
,158.21352522031248,441.28153393727177,0.10000000000000001,0.28292643229166659
,158.31353373046886,443.56316016829169,0.10000000000000001,0.28597819010416659
,158.41354228046885,440.82296316455233,0.10000000000000001,0.28292643229166659
,158.51355083046883,442.41237593666659,0.10000000000000001,0.2849609374999999
,158.61355942031241,443.6446151883834,0.10000000000000001,0.2849609374999999
,158.7135679703124,441.76041074585453,0.10000000000000001,0.28394368489583327
,158.81357648046878,440.51721018968988,0.10000000000000001,0.28292643229166659
,158.91358503046877,440.95544638936235,0.10000000000000001,0.2819091796874999
,159.01359358046875,440.83315439052757,0.10000000000000001,0.28089192708333327
,159.11360217031233,444.7135126893491,0.10000000000000001,0.28394368489583327
,159.21361072031232,443.78715627264955,0.10000000000000001,0.28292643229166659
,159.3136192304687,444.31653680021134,0.10000000000000001,0.2849609374999999
,159.41362777968743,443.75661231142055,0.10000000000000001,0.28394368489583327
,159.51363632890616,443.66497860552892,0.10000000000000001,0.28394368489583327
,159.6136449187502,443.74643092354285,0.10000000000000001,0.2849609374999999
,159.71365346796892,444.69315618776176,0.10000000000000001,0.2849609374999999
,159.8136619773436,441.25096473829274,0.10000000000000001,0.2819091796874999
,159.91367052656233,441.80116269735078,0.10000000000000001,0.28292643229166659
,160.01367907578106,443.21695216761628,0.10000000000000001,0.2819091796874999
,160.11368766562509,444.95778031014868,0.10000000000000001,0.28292643229166659
,160.21369621484382,446.30091135871373,0.10000000000000001,0.28394368489583327
,160.3137047234377,446.4229857841317,0.10000000000000001,0.28394368489583327
,160.41371327109391,444.1943801277518,0.10000000000000001,0.28292643229166659
,160.51372181953138,446.5247108812199,0.10000000000000001,0.2849609374999999
,160.61373040781245,446.0669222111112,0.10000000000000001,0.28394368489583327
,160.71373895624993,445.89396256367172,0.10000000000000001,0.28394368489583327
,160.81374746406254,445.1206147443765,0.10000000000000001,0.28292643229166659
,160.91375601250002,443.34933043989417,0.10000000000000001,0.28089192708333327
,161.01376456093749,445.37502654349584,0.10000000000000001,0.2819091796874999
,161.11377314921856,447.98919309182224,0.10000000000000001,0.28292643229166659
,161.21378169765649,447.06379958388641,0.10000000000000001,0.2819091796874999
,161.31379020703116,448.934651713243,0.10000000000000001,0.2849609374999999
,161.41379875546863,446.77900937297034,0.10000000000000001,0.28292643229166659
,161.51380730468736,447.04345826844013,0.10000000000000001,0.28292643229166659
,161.61381589375014,448.4772059837,0.10000000000000001,0.28394368489583327
,161.71382444296887,447.49093736611553,0.10000000000000001,0.28292643229166659
,161.81383295234355,445.7616928957188,0.10000000000000001,0.2819091796874999
,161.91384150078147,446.61626068151929,0.10000000000000001,0.2819091796874999
,162.0138500500002,446.9214076556903,0.10000000000000001,0.28089192708333327
,162.11385863906253,449.82902839537206,0.10000000000000001,0.28292643229166659
,162.21386718984377,449.28023506246831,0.10000000000000001,0.28292643229166659
,162.31387570156267,449.11761212610986,0.10000000000000001,0.28292643229166659
,162.41388425312516,448.69068862088011,0.10000000000000001,0.28292643229166659
,162.5138928039064,449.53431735615015,0.10000000000000001,0.28292643229166659
,162.6139013953125,449.808704335882,0.10000000000000001,0.28292643229166659
,162.71390994687499,450.83491493126121,0.10000000000000001,0.28394368489583327
,162.81391845859389,447.52144503252811,0.10000000000000001,0.28089192708333327
,162.91392700937513,447.81633757511963,0.10000000000000001,0.28089192708333327
,163.01393556093763,449.43268678277985,0.10000000000000001,0.2819091796874999
,163.11394415234372,450.54029252226337,0.10000000000000001,0.2819091796874999
,163.21395270390622,451.52565319280546,0.10000000000000001,0.28292643229166659
,163.31396121562511,451.96237144092521,0.10000000000000001,0.28292643229166659
,163.41396976796887,449.68675736845358,0.10000000000000001,0.28089192708333327
,163.51397831953136,452.38887999924088,0.10000000000000001,0.28394368489583327
,163.61398691171871,451.39361112984056,0.10000000000000001,0.2819091796874999
,163.71399546328121,451.3631391590456,0.10000000000000001,0.28292643229166659
,163.81400397500011,450.26596570056552,0.10000000000000001,0.28089192708333327
,163.91401252734386,449.13794043234299,0.10000000000000001,0.2788574218749999
,164.01402107890635,450.96697870083591,0.10000000000000001,0.27987467447916659
,164.11402966796868,454.03349721744331,0.10000000000000001,0.28089192708333327
,164.21403821484364,453.1199158224926,0.10000000000000001,0.28089192708333327
,164.314046721875,454.60182992216039,0.10000000000000001,0.28292643229166659
,164.41405526874996,453.13006802324719,0.10000000000000001,0.2819091796874999
,164.51406381562492,453.30265095777025,0.10000000000000001,0.2819091796874999
,164.61407240312519,454.69316075717256,0.10000000000000001,0.28292643229166659
,164.71408095000015,454.26693044310468,0.10000000000000001,0.28292643229166659
,164.81408945703106,450.8247559661292,0.10000000000000001,0.27987467447916659
,164.91409800390647,452.05377056468944,0.10000000000000001,0.27987467447916659
,165.01410655156269,452.49042191563069,0.10000000000000001,0.2788574218749999
,165.11411514140627,455.35270431648343,0.10000000000000001,0.28089192708333327
,165.21412369140626,456.18457532218946,0.10000000000000001,0.2819091796874999
,165.3141322023439,455.39328773082053,0.10000000000000001,0.28089192708333327
,165.41414075234388,454.86566828413555,0.10000000000000001,0.28089192708333327
,165.51414930234387,456.44830053533667,0.10000000000000001,0.2819091796874999
,165.61415789296871,455.22080512347134,0.10000000000000001,0.28089192708333327
,165.71416644296869,456.84385375160059,0.10000000000000001,0.28292643229166659
,165.81417495312508,453.72899620218794,0.10000000000000001,0.27987467447916659
,165.91418350390632,453.45492300797235,0.10000000000000001,0.2788574218749999
,166.01419205156253,455.93097586108138,0.10000000000000001,0.27987467447916659
,166.11420063515607,456.88442097703353,0.10000000000000001,0.27987467447916659
,166.21420917890646,457.69567514029359,0.10000000000000001,0.28089192708333327
,166.31421768281234,458.65881921059179,0.10000000000000001,0.2819091796874999
,166.41422622656273,455.58605284226587,0.10000000000000001,0.27987467447916659
,166.51423477031267,458.41552089253463,0.10000000000000001,0.2819091796874999
,166.61424335468746,458.24317550899235,0.10000000000000001,0.2819091796874999
,166.7142518984374,457.13795634570397,0.10000000000000001,0.28089192708333327
,166.81426040234373,456.6308687003567,0.10000000000000001,0.28089192708333327
,166.91426894609367,455.40343351444221,0.10000000000000001,0.2788574218749999
,167.0142774953124,456.97569565229134,0.10000000000000001,0.2788574218749999
,167.1142860875002,460.54388276993603,0.10000000000000001,0.28089192708333327
,167.21429463984396,459.40889555080821,0.10000000000000001,0.27987467447916659
,167.3143031515624,461.06060449506202,0.10000000000000001,0.2819091796874999
,167.41431170390615,458.64868207909331,0.10000000000000001,0.28089192708333327
,167.5143202562499,460.25003214904211,0.10000000000000001,0.2819091796874999
,167.61432884921896,461.50635297414044,0.10000000000000001,0.28292643229166659
,167.71433740078146,460.27029837666566,0.10000000000000001,0.2819091796874999
,167.81434591328116,458.06068391734954,0.10000000000000001,0.27987467447916659
,167.91435446562491,458.55744672930018,0.10000000000000001,0.27987467447916659
,168.01436301718741,459.12509938000198,0.10000000000000001,0.2788574218749999
,168.11437160859396,462.59014044193657,0.10000000000000001,0.28089192708333327
,168.2143801593752,462.29643015853605,0.10000000000000001,0.28089192708333327
,168.31438867031238,462.19514621359173,0.10000000000000001,0.28089192708333327
,168.41439722187488,461.18217688621917,0.10000000000000001,0.28089192708333327
,168.51440577343737,463.03573281038706,0.10000000000000001,0.2819091796874999
,168.61441436484392,461.8811510867431,0.10000000000000001,0.28089192708333327
,168.71442291562516,463.09649197801889,0.10000000000000001,0.2819091796874999
,168.81443142734361,460.28043145329769,0.10000000000000001,0.27987467447916659
,168.91443997812485,460.98968565701216,0.10000000000000001,0.27987467447916659
,169.01444852968734,462.65090565580095,0.10000000000000001,0.27987467447916659
,169.11445712109389,463.66353834262844,0.10000000000000001,0.28089192708333327
,169.21446567265639,465.18207225346288,0.10000000000000001,0.2819091796874999
,169.31447418437483,465.35414234267677,0.10000000000000001,0.2819091796874999
,169.41448273593733,462.47873538939149,0.10000000000000001,0.28089192708333327
,169.51449128749982,465.41487151598176,0.10000000000000001,0.28292643229166659
,169.61449987968763,464.51397735689744,0.10000000000000001,0.2819091796874999
,169.71450843125012,464.89864940071271,0.10000000000000001,0.2819091796874999
,169.81451694218731,463.83566353372152,0.10000000000000001,0.28089192708333327
,169.91452549374981,462.44835170693977,0.10000000000000001,0.2788574218749999
,170.01453404374979,464.19001882304343,0.10000000000000001,0.27987467447916659
,170.11454263437508,467.03404447530346,0.10000000000000001,0.28089192708333327
,170.21455118515632,466.12332345750895,0.10000000000000001,0.28089192708333327
,170.31455969531271,468.197514101168,0.10000000000000001,0.28292643229166659
,170.41456824531269,465.8601959303179,0.10000000000000001,0.28089192708333327
,170.51457679609393,466.862031706903,0.10000000000000001,0.2819091796874999
,170.61458538671877,467.48934524649621,0.10000000000000001,0.28292643229166659
,170.71459393750001,467.04416269718052,0.10000000000000001,0.28292643229166659
,170.8146024476564,464.98975141594508,0.10000000000000001,0.28089192708333327
,170.91461100000015,465.48572126811086,0.10000000000000001,0.27987467447916659
,171.0146195523439,466.01200195635926,0.10000000000000001,0.27987467447916659
,171.11462814531251,469.18879857918739,0.10000000000000001,0.2819091796874999
,171.21463669843752,469.67426325746828,0.10000000000000001,0.2819091796874999
,171.31464521093767,469.25959802212543,0.10000000000000001,0.2819091796874999
,171.41465376328142,467.94460723747306,0.10000000000000001,0.2819091796874999
,171.51466231562517,469.62369588923434,0.10000000000000001,0.28292643229166659
,171.61467090859378,469.15845569602942,0.10000000000000001,0.28292643229166659
,171.71467946171879,469.95743259384238,0.10000000000000001,0.28394368489583327
,171.81468797343769,466.71025101183915,0.10000000000000001,0.28089192708333327
,171.9146965210939,467.48934524649621,0.10000000000000001,0.28089192708333327
,172.01470506796886,469.99788426549514,0.10000000000000001,0.2819091796874999
,172.11471365624993,470.89786497675482,0.10000000000000001,0.2819091796874999
,172.21472220390615,471.56518368132487,0.10000000000000001,0.28292643229166659
,172.31473071093751,472.35374637755916,0.10000000000000001,0.28394368489583327
,172.41473925859373,469.56301447729908,0.10000000000000001,0.28292643229166659
,172.51474780624994,472.28298165678552,0.10000000000000001,0.2849609374999999
,172.61475639375021,471.85837799828965,0.10000000000000001,0.28394368489583327
,172.71476494140643,471.61573534755223,0.10000000000000001,0.2849609374999999
,172.81477344921859,470.13946298679423,0.10000000000000001,0.28394368489583327
,172.91478199765606,469.38096649116295,0.10000000000000001,0.2819091796874999
,173.01479054609399,471.41352635674036,0.10000000000000001,0.28394368489583327
,173.11479913437506,474.27423885847634,0.10000000000000001,0.2849609374999999
,173.21480768281253,472.96027188723627,0.10000000000000001,0.28394368489583327
,173.31481619140641,474.79976371606006,0.10000000000000001,0.28699544270833327
,173.41482473984388,472.90973006710152,0.10000000000000001,0.28902994791666659
,173.51483328828135,473.70825018921158,0.10000000000000001,0.30835774739583327
,173.61484187656242,474.90082233353087,0.10000000000000001,0.28699544270833327
,173.7148504249999,474.0518910623482,0.10000000000000001,0.28699544270833327
,173.81485893515628,471.52474206986631,0.10000000000000001,0.2849609374999999
,173.91486748593752,472.94005520164364,0.10000000000000001,0.28597819010416659
,174.0148760359375,473.21297571367433,0.10000000000000001,0.2849609374999999
,174.11488462656234,476.50749754900193,0.10000000000000001,0.28699544270833327
,174.21489317656233,476.41656116824254,0.10000000000000001,0.28699544270833327
,174.31490168671871,476.13364245163359,0.10000000000000001,0.2880126953124999
,174.41491023749995,474.99177404682359,0.10000000000000001,0.2880126953124999
,174.51491878749994,475.95176163164024,0.10000000000000001,0.28902994791666659
,174.61492737812523,476.63884859728245,0.10000000000000001,0.29004720052083327
,174.71493592812521,477.43702196855412,0.10000000000000001,0.29004720052083327
,174.81494444296868,473.70825018921158,0.10000000000000001,0.28699544270833327
,174.91495299687494,474.47636782921273,0.10000000000000001,0.2880126953124999
,175.01496155156246,475.79008677406898,0.10000000000000001,0.2880126953124999
,175.11497014609358,477.3359907605406,0.10000000000000001,0.28902994791666659
,175.2149787007811,478.30585220432567,0.10000000000000001,0.28902994791666659
,175.31498721484377,478.63922333508998,0.10000000000000001,0.29004720052083327
,175.41499576953129,476.53780948625314,0.10000000000000001,0.28902994791666659
,175.51500432343755,479.35644661281952,0.10000000000000001,0.2910644531249999
,175.61501291796867,478.36646581980574,0.10000000000000001,0.29004720052083327
,175.71502146796865,478.62912131290045,0.10000000000000001,0.2910644531249999
,175.81502997421876,477.14402880332557,0.10000000000000001,0.29004720052083327
,175.91503852031246,475.64861890845589,0.10000000000000001,0.2880126953124999
,176.01504710625022,477.96236915029215,0.10000000000000001,0.28902994791666659
,176.11505565234393,480.69988035273099,0.10000000000000001,0.29004720052083327
,176.21506419921889,480.76048373429512,0.10000000000000001,0.2910644531249999
,176.31507270468774,482.23510780327643,0.10000000000000001,0.29309895833333327
,176.41508125078144,478.73014116697419,0.10000000000000001,0.2910644531249999
,176.5150898375,480.28575146085734,0.10000000000000001,0.29208170572916659
,176.6150983835937,481.33620580875447,0.10000000000000001,0.29309895833333327
,176.71510693437494,480.81098639273381,0.10000000000000001,0.29309895833333327
,176.81511544453133,479.15441583699874,0.10000000000000001,0.29208170572916659
,176.91512399531257,479.33624366997253,0.10000000000000001,0.29208170572916659
,177.01513258593741,479.40695384060228,0.10000000000000001,0.2910644531249999
,177.11514113671865,483.10367908915771,0.10000000000000001,0.2941162109374999
,177.21514968671863,482.97238505152097,0.10000000000000001,0.2941162109374999
,177.31515819765627,482.50780165960174,0.10000000000000001,0.2941162109374999
,177.41516674843751,481.99271078618597,0.10000000000000001,0.2941162109374999
,177.51517533906235,483.2854699982114,0.10000000000000001,0.29513346354166659
,177.61518388906234,482.79059241585998,0.10000000000000001,0.29513346354166659
,177.71519244140609,483.83083758358879,0.10000000000000001,0.29615071614583327
,177.81520095312499,480.57867295339082,0.10000000000000001,0.29309895833333327
,177.91520950468748,481.13420007202831,0.10000000000000001,0.2941162109374999
,178.01521809687483,482.65929705475139,0.10000000000000001,0.2941162109374999
,178.11522664843733,483.79044022111862,0.10000000000000001,0.2941162109374999
,178.21523519999982,484.6589771702611,0.10000000000000001,0.29513346354166659
,178.31524371171872,485.05284542839132,0.10000000000000001,0.29615071614583327
,178.41525226406247,482.99258416847499,0.10000000000000001,0.29513346354166659
,178.51526085546857,485.52750603380542,0.10000000000000001,0.2971679687499999
,178.61526940624981,484.33580200507083,0.10000000000000001,0.29615071614583327
,178.71527795468774,485.09324210850724,0.10000000000000001,0.2971679687499999
,178.81528646328115,484.1944124121265,0.10000000000000001,0.29513346354166659
,178.91529501171863,482.3866047404245,0.10000000000000001,0.2941162109374999
,179.01530360000015,484.20451167924085,0.10000000000000001,0.2941162109374999
,179.11531214843762,486.72930939212279,0.10000000000000001,0.29615071614583327
,179.2153206968751,485.40631614441253,0.10000000000000001,0.29513346354166659
,179.31532920468771,487.91093572410534,0.10000000000000001,0.2971679687499999
,179.41533775312519,485.45681193303386,0.10000000000000001,0.29615071614583327
,179.51534634218751,486.33543971840078,0.10000000000000001,0.2971679687499999
,179.61535489140624,487.61805084632186,0.10000000000000001,0.2971679687499999
,179.71536343984371,486.82020270064982,0.10000000000000001,0.2971679687499999
,179.81537194765633,484.79026673749996,0.10000000000000001,0.29513346354166659
,179.9153804960938,484.98215121462641,0.10000000000000001,0.29513346354166659
,180.01538908437487,485.40631614441253,0.10000000000000001,0.2941162109374999
,180.11539763281235,489.07240472372013,0.10000000000000001,0.29615071614583327
,180.21540618124982,489.09260467129377,0.10000000000000001,0.29615071614583327
,180.31541468906244,488.94110551541786,0.10000000000000001,0.2971679687499999
,180.41542323749991,488.19372360184951,0.10000000000000001,0.29615071614583327
,180.51543182734395,488.7189085706176,0.10000000000000001,0.2971679687499999
,180.61544038046895,489.18350466975403,0.10000000000000001,0.2971679687499999
,180.71544893359396,490.18343267749287,0.10000000000000001,0.29818522135416659
,180.81545744687492,485.98196830479145,0.10000000000000001,0.29513346354166659
,180.91546599999992,486.52732469823155,0.10000000000000001,0.2941162109374999
,181.01547459296899,487.86043815391372,0.10000000000000001,0.2941162109374999
,181.11548314609354,489.12290462795966,0.10000000000000001,0.2941162109374999
,181.21549169921855,491.08240938210639,0.10000000000000001,0.29513346354166659
,181.31550021249996,491.1834215097453,0.10000000000000001,0.29615071614583327
,181.41550876562496,488.52701284866805,0.10000000000000001,0.2941162109374999
,181.51551735781231,490.77937742020441,0.10000000000000001,0.29615071614583327
,181.61552590859355,490.25413680049172,0.10000000000000001,0.29513346354166659
,181.71553445859354,490.77937742020441,0.10000000000000001,0.29615071614583327
,181.81554296874992,488.94110551541786,0.10000000000000001,0.2941162109374999
,181.91555151953116,488.52701284866805,0.10000000000000001,0.29309895833333327
,182.01556011015646,489.34510563880843,0.10000000000000001,0.29309895833333327
,182.11556866015644,491.84001951985368,0.10000000000000001,0.2941162109374999
,182.21557721093768,491.66829056267028,0.10000000000000001,0.29309895833333327
,182.31558572109361,492.55726795513948,0.10000000000000001,0.2941162109374999
,182.4155942710936,490.37534458961062,0.10000000000000001,0.29309895833333327
,182.51560285937512,491.37534665956804,0.10000000000000001,0.2941162109374999
,182.61561140625008,492.37542596354552,0.10000000000000001,0.2941162109374999
,182.7156199539063,492.13297465259706,0.10000000000000001,0.2941162109374999
,182.81562846093766,489.49660771980905,0.10000000000000001,0.2910644531249999
,182.91563700859388,490.13292991889034,0.10000000000000001,0.2910644531249999
,183.01564559609369,490.49655331056056,0.10000000000000001,0.2910644531249999
,183.11565414374991,493.96160317253049,0.10000000000000001,0.29208170572916659
,183.21566269062487,493.23415220162138,0.10000000000000001,0.29208170572916659
,183.31567119843749,492.97147531817831,0.10000000000000001,0.29208170572916659
,183.4156797460937,492.25419965030966,0.10000000000000001,0.29208170572916659
,183.51568833437523,492.84013947238196,0.10000000000000001,0.29208170572916659
,183.61569688203144,493.20384297104664,0.10000000000000001,0.29208170572916659
,183.71570542968766,494.31524661281657,0.10000000000000001,0.29309895833333327
,183.81571393749982,490.03192485996112,0.10000000000000001,0.28902994791666659
,183.91572248515604,491.00160021803987,0.10000000000000001,0.29004720052083327
,184.01573107265631,492.0622606681132,0.10000000000000001,0.28902994791666659
,184.11573962031252,493.81004609864095,0.10000000000000001,0.29004720052083327
,184.21574816875,494.86089737536753,0.10000000000000001,0.2910644531249999
,184.31575667578136,494.69921923711019,0.10000000000000001,0.2910644531249999
,184.41576522187506,492.57747281078542,0.10000000000000001,0.28902994791666659
,184.51577380468734,495.20447453053026,0.10000000000000001,0.2910644531249999
,184.61578234687522,493.79994238555133,0.10000000000000001,0.29004720052083327
,184.71579088906265,494.48702161916907,0.10000000000000001,0.29004720052083327
,184.81579939140647,492.7088053140165,0.10000000000000001,0.2880126953124999

trace_size,61
trace_types,5,4
trace_names,,Value
trace_units,,
devices,Platform,Platform
raster,OnChange,OnChange
description,,
displayidentifier,,
path,,Model Root/PumpFlow
flags,,2
min,,-1.797693135e+308
max,,1.797693135e+308
minWeak,,-1.797693135e+308
maxWeak,,1.797693135e+308
trace_values,-1.5307968687498033,0
,1.497375831249883,0
,4.5651185312499365,0
,7.626200531250106,0
,10.684086131249842,0
,13.750126831249872,0.10000000000000001
,16.814140131250042,0.10000000000000001
,19.870210731250154,0.10000000000000001
,22.933131831250193,0.10000000000000001
,25.999113331250101,0.10000000000000001
,29.058169331250156,0.10000000000000001
,32.124138531250082,0.10000000000000001
,35.188108231250226,0.10000000000000001
,38.246115831249881,0.10000000000000001
,41.315111431249989,0.10000000000000001
,44.372117131249979,0.10000000000000001
,47.43408093124981,0.10000000000000001
,50.518094831249982,0.10000000000000001
,53.574096031250065,0.10000000000000001
,56.638113131250066,0.10000000000000001
,59.704133431249829,0.10000000000000001
,62.762076031250217,0.10000000000000001
,65.83030393125,0.10000000000000001
,68.886111731249912,0.10000000000000001
,71.950187031250152,0.10000000000000001
,75.012090131249806,0.10000000000000001
,78.074135231250239,0.10000000000000001
,81.136119531250188,0.10000000000000001
,84.203155131250242,0.10000000000000001
,87.266148431249803,0.10000000000000001
,90.325140231249861,0.10000000000000001
,93.386193931250091,0.10000000000000001
,96.452152731249953,0.10000000000000001
,99.512139131250024,0.10000000000000001
,102.57828513125014,0.10000000000000001
,105.64241383125,0.10000000000000001
,108.70115193125002,0.10000000000000001
,111.76011833124994,0.10000000000000001
,114.82620233124999,0.10000000000000001
,117.88614663125009,0.10000000000000001
,120.95312743124987,0.10000000000000001
,124.01016213125013,0.10000000000000001
,127.07314513124993,0.10000000000000001
,130.13710893125017,0.10000000000000001
,133.20013723125021,0.10000000000000001
,136.26114163125021,0.10000000000000001
,139.32714953125014,0.10000000000000001
,142.39113663124999,0.10000000000000001
,145.44912853125015,0.10000000000000001
,148.51612623124993,0.10000000000000001
,151.57413303124986,0.10000000000000001
,154.63611663124993,0.10000000000000001
,157.70209213125008,0.10000000000000001
,160.76311293124991,0.10000000000000001
,163.82415883124986,0.10000000000000001
,166.88616033124981,0.10000000000000001
,169.95116893124987,0.10000000000000001
,173.01014933124998,0.10000000000000001
,176.07711793125009,0.10000000000000001
,179.13508293125005,0.10000000000000001
,182.20013333125007,0.10000000000000001

