descriptions,General,User,Visitor
,General,DateTime,20/04/2025 17:23:51
,General,Origin,"Software revision: rl_tts1_top_hostpc_6e8x0_openloop.sdf, rl_tts1_top_hostpc_6e8x0_openloop.ppc\nVariable description: rl_tts1_top_hostpc_6e8x0_openloop.sdf\n    Platform / Device: Platform [DS1104 R&D Controller Board, assigned to 'ds1104']\nControlDesk version: 7.3"
,General,Description,
,Recording,StartCondition,None (Immediate Recording)
,Recording,StopCondition,None
,Measurement,XAxisOffset,0
,Measurement,Length,313.4267932
,Measurement,StartTimestamp,1943.566146
,Measurement,StopTimestamp,2256.992939
,MDF,Department,
,MDF,Project,
,MDF,MeasurementObject,

trace_size,3135
trace_types,5,4,4,4
trace_names,,In1,In1,In1
trace_units,,,,
devices,Platform,Platform,Platform,Platform
raster,HostService,HostService,HostService,HostService
description,,,,
displayidentifier,,,,
path,,Model Root/Height_T1\n,Model Root/TTS dSPACE RTI1104/PumpLeft,Model Root/TTS dSPACE RTI1104/ValvePos_LD
flags,,2,2,2
min,,-1.797693135e+308,-1.797693135e+308,-1.797693135e+308
max,,1.797693135e+308,1.797693135e+308,1.797693135e+308
minWeak,,-1.797693135e+308,-1.797693135e+308,-1.797693135e+308
maxWeak,,1.797693135e+308,1.797693135e+308,1.797693135e+308
trace_values,0,-17.442738831666176,0,0.80579427083333333
,0.10000851328118188,-16.929691168705752,0,0.80579427083333333
,0.20001710625001579,-16.514354378240728,0,0.80681152343749996
,0.30002561953119766,-19.517801831799435,0,0.80375976562499996
,0.40003417109369366,-19.72750637491669,0,0.80375976562499996
,0.50004275859373593,-18.276592894536989,0,0.80375976562499996
,0.60005126562487021,-17.387231574378344,0,0.80375976562499996
,0.70005985312491248,-16.182501175244759,0,0.80477701822916659
,0.80006836015627414,-17.012828058421562,0,0.80375976562499996
,0.90007690703123444,-18.568995199568498,0,0.80274251302083333
,1.0000854945312767,-16.652735658189176,0,0.80375976562499996
,1.100094001562411,-17.63709580476673,0,0.80274251302083333
,1.2001025890624533,-17.845476406729148,0,0.80375976562499996
,1.3001110960938149,-18.165277166411709,0,0.80274251302083333
,1.4001196445312871,-21.129340612730282,0,0.80070800781249996
,1.500128232812358,-19.72750637491669,0,0.80070800781249996
,1.6001367414062315,-17.317862056470844,0,0.80070800781249996
,1.7001453296875297,-17.873271519820818,0,0.80070800781249996
,1.8001538382811759,-16.348381603667757,0,0.80172526041666659
,1.9001623867186481,-18.499349501228345,0,0.80070800781249996
,2.0001709757812023,-18.694398614190128,0,0.79969075520833333
,2.1001794835935925,-17.317862056470844,0,0.81800130208333333
,2.2001880726561467,-19.196542452579962,0,0.79867350260416659
,2.3001965804687643,-19.839409448555127,0,0.79867350260416659
,2.4002051296874924,-21.326127918089838,0,0.79765624999999996
,2.5002137171875347,-21.059091124084912,0,0.79663899739583333
,2.6002222257811809,-18.067910084609508,0,0.79765624999999996
,2.7002308140624791,-18.791971217213394,0,0.79765624999999996
,2.8002393218748693,-18.805912777475754,0,0.79765624999999996
,2.900247869531313,-19.629625806432852,0,0.79663899739583333
,3.0002564578123838,-20.357511239789027,0,0.79663899739583333
,3.1002649664062574,-18.750150462485241,0,0.79765624999999996
,3.2002735539062996,-19.350144853087055,0,0.79663899739583333
,3.3002820624999458,-21.508976222221445,0,0.79562174479166659
,3.4002906140624418,-22.100490458432763,0,0.79562174479166659
,3.5002992054687638,-22.29792509757084,0,0.79460449218749996
,3.6003077171874338,-20.077343783032187,0,0.79562174479166659
,3.7003163085937558,-18.931416279883194,0,0.79663899739583333
,3.8003248203124258,-19.839409448555127,0,0.79663899739583333
,3.9003333718749218,-19.909370317897697,0,0.79663899739583333
,4.0003419632812438,-19.378081105443684,0,0.79765624999999996
,4.1003504742186578,-20.792294969402157,0,0.79663899739583333
,4.2003590664062358,-20.315469234321657,0,0.79765624999999996
,4.3003675781249058,-22.382580327108268,0,0.79562174479166659
,4.4003761312499137,-24.521100090190505,0,0.79460449218749996
,4.5003847250000035,-22.170987694046705,0,0.79562174479166659
,4.6003932374999295,-21.016949430592692,0,0.79562174479166659
,4.7004018312500193,-20.946726601036453,0,0.79562174479166659
,4.8004103437499452,-19.364112650531677,0,0.79765624999999996
,4.9004188968749531,-22.29792509757084,0,0.79562174479166659
,5.000427489843787,-20.525738935093134,0,0.79663899739583333
,5.1004360031249689,-19.419990415735832,0,0.79765624999999996
,5.2004445960938028,-21.691937590076765,0,0.79663899739583333
,5.3004531093749847,-22.030010027998614,0,0.79663899739583333
,5.4004616617187367,-23.839624269982814,0,0.79562174479166659
,5.5004702539063146,-24.748609147087194,0,0.79460449218749996
,5.6004787664062405,-21.087188919240742,0,0.79663899739583333
,5.7004873593748471,-21.382376902469158,0,0.79562174479166659
,5.8004958710937444,-21.199606775610182,0,0.79663899739583333
,5.9005044234374964,-20.736157972335285,0,0.79663899739583333
,6.0005130164061029,-22.241501744352963,0,0.79663899739583333
,6.1005215289062562,-21.917276270344058,0,0.79663899739583333
,6.2005301210936068,-21.39644081920796,0,0.79765624999999996
,6.3005386335937601,-23.712022641341477,0,0.79562174479166659
,6.400547186718768,-24.33637817375093,0,0.79562174479166659
,6.5005557796873745,-24.180165347144488,0,0.79562174479166659
,6.6005642929687838,-22.340249681583192,0,0.79663899739583333
,6.7005728859373903,-20.483673056176233,0,0.79765624999999996
,6.8005813992187996,-21.199606775610182,0,0.79765624999999996
,6.9005899523438075,-22.608446227058412,0,0.79663899739583333
,7.000598545312414,-21.593405871031951,0,0.79867350260416659
,7.1006070578123399,-22.439030620383246,0,0.79765624999999996
,7.2006156499999179,-22.100490458432763,0.10000000000000001,0.79867350260416659
,7.3006241617188152,-12.679140103886041,0.10000000000000001,0.79867350260416659
,7.4006327132813112,-20.609888615339933,0,0.79562174479166659
,7.5006413054686618,-30.262282199665336,0.10000000000000001,0.79562174479166659
,7.6006498171875592,-17.678760249597509,0.10000000000000001,0.79765624999999996
,7.7006584085936538,-19.392050217898372,0.10000000000000001,0.79765624999999996
,7.8006669203125512,-19.685553604827103,0,0.79867350260416659
,7.9006754718750472,-30.537800659993174,0.10000000000000001,0.79663899739583333
,8.0006840632811418,-18.847741385370242,0.10000000000000001,0.79867350260416659
,8.1006925750000391,-18.165277166411709,0,0.79969075520833333
,8.2007011664061338,-29.827779461889815,0.10000000000000001,0.79765624999999996
,8.3007096781250311,-19.308245404807447,0.10000000000000001,0.79358723958333333
,8.4007182296875271,-22.354359223155257,0,0.78646647135416659
,8.5007268218748777,-31.758995755548149,0,0.77629394531249996
,8.6007353335937751,-26.761167135248343,0.10000000000000001,0.76815592447916659
,8.7007439249998697,-12.952436766681407,0.10000000000000001,0.75798339843749996
,8.8007524367187671,-14.254009941160845,0,0.74679361979166659
,8.9007609882812631,-23.683674215893017,0.10000000000000001,0.73560384114583333
,9.0007695796873577,-15.202924648993672,0.10000000000000001,0.72339680989583333
,9.100778091406255,-14.638713738207294,0,0.71118977864583333
,9.2007866828123497,-23.400339627697665,0.10000000000000001,0.69999999999999996
,9.3007951937499911,-14.74872006901191,0.10000000000000001,0.68677571614583333
,9.4008037453124871,-16.141045482246188,0.10000000000000001,0.67355143229166659
,9.5008123367188091,-16.376037316383304,0,0.66134440104166659
,9.6008208476562231,-23.669501024348857,0.10000000000000001,0.65015462239583333
,9.7008294390625451,-10.868015190359174,0.10000000000000001,0.63998209635416659
,9.8008379507812151,-10.501670859588131,0,0.62879231770833333
,9.9008465023437111,-20.946726601036453,0.10000000000000001,0.61760253906249996
,10.000855093750033,-9.7162111790249703,0.10000000000000001,0.60743001302083333
,10.100863605468703,-9.7297362761412796,0,0.59420572916666659
,10.200872197656281,-18.026191094350139,0,0.58199869791666659
,10.300880710156207,-17.206904441133375,0.10000000000000001,0.57080891927083321
,10.400889262499959,-6.4474076927073352,0.10000000000000001,0.55758463541666659
,10.500897855468793,-8.7170308194828436,0,0.54436035156249996
,10.600906367968719,-15.202924648993672,0.10000000000000001,0.53317057291666659
,10.700914960156297,-4.5799963423347805,0.10000000000000001,0.52096354166666659
,10.800923472656223,-4.6065932946458048,0,0.51079101562499996
,10.900932024999975,-15.699209526408346,0.10000000000000001,0.49654947916666659
,11.000940617968809,-5.7658103595746546,0.10000000000000001,0.48434244791666659
,11.10094913124999,-4.6331925633573121,0,0.47315266927083327
,11.200957725781109,-13.760116429917126,0.10000000000000001,0.46094563802083327
,11.30096624062503,-5.2322897119938325,0.10000000000000001,0.44772135416666659
,11.40097479531255,-5.1256975426389353,0.10000000000000001,0.43551432291666659
,11.500983390624924,-6.701727138331627,0,0.42229003906249996
,11.600991905468618,-12.911426390601401,0.10000000000000001,0.41211751302083327
,11.701000499999964,-0.078616936178992347,0.10000000000000001,0.40092773437499996
,11.801009014843657,-2.5389432148139406,0,0.38872070312499996
,11.901017570312433,-10.69157156536253,0.10000000000000001,0.37753092447916659
,12.001026164843779,2.0891262777404513,0.10000000000000001,0.36735839843749996
,12.101034677343705,-0.52449107559565178,0,0.35515136718749996
,12.201043269531283,-7.7883268927204554,0.10000000000000001,0.34396158854166659
,12.301051782031209,2.6741706554369529,0.10000000000000001,0.33175455729166659
,12.401060333593705,-1.7210400099834793,0,0.31853027343749996
,12.501068926562539,-7.8017660557761381,0.10000000000000001,0.3063232421874999
,12.601077438281209,4.3581635720981176,0.10000000000000001,0.29513346354166659
,12.701086030468787,4.3710822916086762,0,0.28699544270833327
,12.801094542968713,-3.8362198758428043,0.10000000000000001,0.2880126953124999
,12.901103095312465,4.810002335002828,0.10000000000000001,0.28699544270833327
,13.001111685937531,6.1359412360271577,0,0.28902994791666659
,13.101120194531177,-2.2220772808115576,0.10000000000000001,0.28699544270833327
,13.201128782812475,7.3923572428039606,0.10000000000000001,0.2880126953124999
,13.301137290624865,7.469118720025925,0,0.28699544270833327
,13.401145839062565,-3.8494857478055415,0.10000000000000001,0.28597819010416659
,13.501154427343636,7.5970131877870202,0.10000000000000001,0.28597819010416659
,13.601162935937509,9.6236454271206,0,0.28699544270833327
,13.701171524218807,1.0202070429857351,0,0.28699544270833327
,13.801180032031198,3.4136542065124829,0.10000000000000001,0.2880126953124999
,13.90118858046867,15.839802561035661,0.10000000000000001,0.28902994791666659
,14.00119717031248,12.507512114020898,0,0.28902994791666659
,14.10120568203115,5.7503218507263192,0.10000000000000001,0.28902994791666659
,14.201214273437472,13.47564423083336,0.10000000000000001,0.28902994791666659
,14.301222785156142,11.990826854051285,0,0.28902994791666659
,14.401231336718638,3.5691120357270165,0.10000000000000001,0.2880126953124999
,14.50123992812496,12.268175525480203,0.10000000000000001,0.28699544270833327
,14.601248439062374,15.328396981942419,0,0.28902994791666659
,14.701257031249952,7.8015370289359609,0,0.28902994791666659
,14.801265542187366,8.847658229354515,0,0.28902994791666659
,14.901274094531118,11.76372748250553,0.10000000000000001,0.28902994791666659
,15.001282692187488,22.917650704215845,0,0.29004720052083327
,15.101291208593693,12.809578618848249,0,0.29004720052083327
,15.201299805468807,13.601163511163918,0.10000000000000001,0.2910644531249999
,15.301308322656269,22.46590250046745,0.10000000000000001,0.29004720052083327
,15.401316879687556,17.9765686058212,0,0.2880126953124999
,15.501325476562442,9.3439989175538152,0.10000000000000001,0.2880126953124999
,15.601333993749904,20.456234510938089,0.10000000000000001,0.29004720052083327
,15.701342590625018,21.045675724668598,0,0.2910644531249999
,15.801351107812479,13.174199417724843,0,0.2910644531249999
,15.901359661718743,12.129531021380473,0.10000000000000001,0.28902994791666659
,16.001368248437529,26.232411855828055,0.10000000000000001,0.29309895833333327
,16.101376755468664,22.84443520727617,0,0.2910644531249999
,16.20138534218745,14.265606331207664,0.10000000000000001,0.29208170572916659
,16.301393848437556,23.892349896025301,0.10000000000000001,0.29208170572916659
,16.401402395312516,20.640546372552024,0,0.28902994791666659
,16.501410982031302,13.751722541269764,0.10000000000000001,0.28902994791666659
,16.601419488281181,25.579287408946215,0.10000000000000001,0.29208170572916659
,16.701428074999967,25.167423031295499,0,0.29208170572916659
,16.801436581249845,18.743416642899277,0,0.29309895833333327
,16.901445128125033,17.654457292742144,0.10000000000000001,0.2910644531249999
,17.001453716406104,31.3898866278534,0.10000000000000001,0.2941162109374999
,17.101462224218722,29.91038424608729,0,0.29513346354166659
,17.201470811718764,19.212545110263179,0.10000000000000001,0.29309895833333327
,17.301479319531154,28.328566814679398,0.10000000000000001,0.2941162109374999
,17.40148786718737,27.342302234175961,0,0.29208170572916659
,17.501496455468669,17.728818563895913,0.10000000000000001,0.2910644531249999
,17.601504963281286,30.841760588759755,0.10000000000000001,0.2941162109374999
,17.701513550781101,30.364438628211055,0.10000000000000001,0.2941162109374999
,17.801522057812463,29.862554993754976,0,0.2941162109374999
,17.901530603906167,23.003048779889987,0.10000000000000001,0.29513346354166659
,18.001539189062441,33.005515377413253,0.10000000000000001,0.29615071614583327
,18.101547694531291,32.139211948505555,0,0.29615071614583327
,18.201556280468594,24.742927240713584,0.10000000000000001,0.29513346354166659
,18.301564785937444,32.756519483262835,0.10000000000000001,0.29513346354166659
,18.401573332031148,31.532736939243087,0.10000000000000001,0.2941162109374999
,18.501581917187423,29.970161675801592,0,0.29309895833333327
,18.601590422656272,25.385530474082564,0.10000000000000001,0.2941162109374999
,18.701599008593803,37.704220498828334,0.10000000000000001,0.29615071614583327
,18.801607514062425,36.414859587840141,0,0.29513346354166659
,18.901616060937386,27.438646473671596,0.10000000000000001,0.29513346354166659
,19.001624647656172,37.11870609663324,0.10000000000000001,0.2971679687499999
,19.101633153906278,37.106986337137059,0,0.29615071614583327
,19.201641740625064,31.282711189710241,0.10000000000000001,0.2971679687499999
,19.301650246874942,38.440653829462327,0.10000000000000001,0.29615071614583327
,19.401658793749903,35.674365420720562,0,0.2941162109374999
,19.501667380468689,30.698631639950975,0,0.29513346354166659
,19.601675886718795,33.159569150818214,0.10000000000000001,0.29513346354166659
,19.701684473437354,45.360408556797154,0,0.2971679687499999
,19.801692982031227,37.259314185748522,0,0.29818522135416659
,19.901701530468699,35.085601646322324,0.10000000000000001,0.29615071614583327
,20.001710119531253,46.2882432859913,0.10000000000000001,0.29818522135416659
,20.1017186281249,44.418880272137173,0,0.29818522135416659
,20.201727217187454,34.672899589784429,0.10000000000000001,0.2971679687499999
,20.3017357257811,43.417447635979798,0.10000000000000001,0.29818522135416659
,20.4017442742188,41.881482527802397,0,0.29615071614583327
,20.501752863281126,33.976136754627944,0,0.29513346354166659
,20.601761371875,39.024089463701301,0.10000000000000001,0.29818522135416659
,20.701769960156298,49.728656893156952,0.10000000000000001,0.29818522135416659
,20.801778471093712,47.681634154575093,0,0.29920247395833327
,20.901787021093696,38.732485676012843,0.10000000000000001,0.29818522135416659
,21.001795610937506,47.270976401577585,0.10000000000000001,0.29818522135416659
,21.101804120312408,47.213907186583313,0,0.3002197265624999
,21.201812710937475,39.012429680453238,0.10000000000000001,0.29920247395833327
,21.301821220312377,45.452143928343943,0.10000000000000001,0.29818522135416659
,21.401829770312361,45.635550459462749,0,0.29818522135416659
,21.501838360156171,37.832909426659718,0.10000000000000001,0.29615071614583327
,21.601846870312556,49.535768976236653,0.10000000000000001,0.29818522135416659
,21.701855457812371,50.182151266318215,0,0.29920247395833327
,21.801863962499965,42.08971762891597,0.10000000000000001,0.29818522135416659
,21.901872506249902,51.370193270724343,0.10000000000000001,0.29920247395833327
,22.00188109062492,50.068824866284231,0,0.29920247395833327
,22.101889594531258,42.48274177112819,0.10000000000000001,0.29818522135416659
,22.201898178906276,54.140378325122796,0.10000000000000001,0.3002197265624999
,22.301906683593643,50.703049289493634,0,0.2971679687499999
,22.401915227343807,41.684711754141276,0.10000000000000001,0.2971679687499999
,22.501923811718598,52.599894811784424,0.10000000000000001,0.2971679687499999
,22.601932315624936,53.174018164638071,0,0.2971679687499999
,22.701940903906234,46.368324242129461,0,0.29818522135416659
,22.80194941249988,47.738636616503129,0.10000000000000001,0.29818522135416659
,22.901957961718608,57.227043205027371,0.10000000000000001,0.29818522135416659
,23.001966550781162,56.870295714649458,0,0.29920247395833327
,23.101975060156292,47.977958448800663,0.10000000000000001,0.2971679687499999
,23.201983649218619,55.764751468344556,0.10000000000000001,0.29818522135416659
,23.301992157812492,55.1941225802248,0,0.2971679687499999
,23.40200070703122,45.486539170816357,0.10000000000000001,0.29513346354166659
,23.502009296093775,55.283683115603097,0.10000000000000001,0.29513346354166659
,23.602017805468677,57.80613875381286,0,0.2971679687499999
,23.702026400000022,50.250132040722534,0,0.29615071614583327
,23.802034914843716,52.566098339019035,0,0.29818522135416659
,23.902043469531236,53.84845582355095,0.10000000000000001,0.29615071614583327
,24.00205206484361,63.710131349022873,0.10000000000000001,0.29818522135416659
,24.102060579687532,62.070432161230798,0,0.29818522135416659
,24.202069174999906,52.791356622085573,0.10000000000000001,0.2971679687499999
,24.3020776898436,60.458066211198428,0.10000000000000001,0.2971679687499999
,24.40208624453112,58.584490163601615,0,0.29615071614583327
,24.502094839843721,50.555906011596463,0.10000000000000001,0.2941162109374999
,24.602103353906159,61.971203823903494,0.10000000000000001,0.2971679687499999
,24.702111944531225,61.2870475040651,0,0.2971679687499999
,24.802120454687383,53.43268007608458,0.10000000000000001,0.29615071614583327
,24.902129005468623,62.874497432670864,0.10000000000000001,0.2971679687499999
,25.002137596093689,62.456117286806546,0.10000000000000001,0.2971679687499999
,25.102146106249847,61.739587745859069,0.10000000000000001,0.29615071614583327
,25.202154696874913,61.982230251065474,0.10000000000000001,0.2971679687499999
,25.302163207031299,59.860258927879116,0.10000000000000001,0.29513346354166659
,25.402171757031283,59.405837180611769,0.10000000000000001,0.2941162109374999
,25.502180347656122,60.734561374266278,0.10000000000000001,0.2941162109374999
,25.602188854687483,61.463701807509807,0.10000000000000001,0.2941162109374999
,25.702197439843758,63.215528755428167,0.10000000000000001,0.29513346354166659
,25.802205944531124,64.401700865305784,0.10000000000000001,0.29513346354166659
,25.9022144898438,63.193534265499039,0,0.2941162109374999
,26.002223074218591,57.939667902457742,0.10000000000000001,0.29513346354166659
,26.102231579687441,67.888182109513082,0.10000000000000001,0.29615071614583327
,26.202240164062459,66.12076566505894,0,0.29513346354166659
,26.302248669531309,59.139620108763495,0.10000000000000001,0.2941162109374999
,26.402257214062502,66.175411788958868,0.10000000000000001,0.29208170572916659
,26.502265799218776,65.552078052440521,0,0.2910644531249999
,26.602274310937446,62.489161035403242,0.10000000000000001,0.2941162109374999
,26.702282903125024,71.036423416137666,0.10000000000000001,0.29309895833333327
,26.802291414843694,70.657502771936677,0.10000000000000001,0.2941162109374999
,26.90229996640619,69.790338154814805,0,0.2941162109374999
,27.002308558593768,62.312900418177108,0.10000000000000001,0.29309895833333327
,27.102317070312438,72.581696813606612,0.10000000000000001,0.2941162109374999
,27.20232566171876,71.393435138450457,0,0.29309895833333327
,27.30233417343743,62.632323366150246,0.10000000000000001,0.2910644531249999
,27.402342725781182,71.53400815015749,0.10000000000000001,0.29208170572916659
,27.502351315624992,70.949837716370737,0,0.2910644531249999
,27.602359820312358,66.12076566505894,0.10000000000000001,0.29208170572916659
,27.702368405468633,75.283099104999437,0.10000000000000001,0.29309895833333327
,27.802376910156227,73.810327530797863,0,0.29208170572916659
,27.902385454687419,66.590520621025789,0,0.29208170572916659
,28.002394039843693,68.127710566868046,0.10000000000000001,0.29208170572916659
,28.102402544531287,78.376945817994297,0.10000000000000001,0.29208170572916659
,28.202411128906306,76.751884772380748,0,0.29309895833333327
,28.302419633593672,67.561364622296765,0.10000000000000001,0.2910644531249999
,28.402428178906121,74.455834147121124,0.10000000000000001,0.29004720052083327
,28.502436767187419,75.003904592487856,0,0.29004720052083327
,28.60244527812506,68.649916062161864,0.10000000000000001,0.29004720052083327
,28.702453868749899,77.554312996502517,0.10000000000000001,0.2910644531249999
,28.80246237968754,77.682594609951693,0,0.2910644531249999
,28.90247093046878,68.780381700888313,0.10000000000000001,0.28902994791666659
,29.002479521093619,78.259500208452181,0.10000000000000001,0.2910644531249999
,29.10248803203126,78.899817929118527,0.10000000000000001,0.2910644531249999
,29.202496622656099,76.591259989298223,0.10000000000000001,0.29004720052083327
,29.302505133593741,76.473438815189283,0.10000000000000001,0.29004720052083327
,29.402513684374981,75.057607026735553,0.10000000000000001,0.28902994791666659
,29.502522278906099,75.057607026735553,0.10000000000000001,0.2880126953124999
,29.602530792968764,78.24882212728032,0.10000000000000001,0.29004720052083327
,29.702539386718627,77.714660431924457,0,0.28902994791666659
,29.802547900781292,72.041914934787215,0.10000000000000001,0.29004720052083327
,29.902556454687556,81.092839446805513,0.10000000000000001,0.29004720052083327
,30.002565049218674,80.008009177299158,0,0.28902994791666659
,30.102573563281112,73.304133274258774,0,0.29004720052083327
,30.202582157031202,75.422642483908447,0.10000000000000001,0.29004720052083327
,30.30259067109364,84.261568321204052,0,0.30734049479166659
,30.402599224999904,75.111304130957166,0,0.31140950520833327
,30.502607817187481,75.368976195172465,0.10000000000000001,0.28597819010416659
,30.602616328906151,86.719637423104516,0.10000000000000001,0.28699544270833327
,30.702624921093729,85.486520706396632,0,0.28902994791666659
,30.802633432812399,76.666224023594353,0.10000000000000001,0.28902994791666659
,30.902641984374895,83.902074097968892,0.10000000000000001,0.28902994791666659
,31.002650576562473,84.102993664968693,0,0.28902994791666659
,31.102659088281143,76.762591434431599,0.10000000000000001,0.28902994791666659
,31.202667680468721,85.454870940062847,0.10000000000000001,0.29004720052083327
,31.302676192187391,82.875301664070165,0.10000000000000001,0.2880126953124999
,31.402684741406119,80.146383854018723,0.10000000000000001,0.28597819010416659
,31.502693328906162,81.857402087850957,0.10000000000000001,0.28597819010416659
,31.602701835937523,83.161277537393261,0.10000000000000001,0.28699544270833327
,31.702710424218594,83.118919216200169,0.10000000000000001,0.28699544270833327
,31.802718931249956,84.747611920097356,0.10000000000000001,0.28902994791666659
,31.902727478906172,83.118919216200169,0.10000000000000001,0.28699544270833327
,32.002736066406214,84.007829379040558,0.10000000000000001,0.2880126953124999
,32.102744573437349,84.927141050420104,0.10000000000000001,0.2880126953124999
,32.202753160937391,84.18757186264564,0.10000000000000001,0.28699544270833327
,32.302761668750009,83.923226603063853,0.10000000000000001,0.28597819010416659
,32.402770217187481,82.970641892364512,0.10000000000000001,0.2849609374999999
,32.502778806250035,83.627025446329768,0.10000000000000001,0.28394368489583327
,32.602787314843681,86.719637423104516,0.10000000000000001,0.28597819010416659
,32.702795903906235,86.614335417575489,0,0.2849609374999999
,32.802804413281137,81.02908135361605,0.10000000000000001,0.2849609374999999
,32.90281296171861,90.614521475874369,0.10000000000000001,0.28597819010416659
,33.002821550781164,88.832618589680777,0,0.2849609374999999
,33.102830060156293,82.525592514331805,0.10000000000000001,0.2849609374999999
,33.20283864921862,92.287420166442487,0.10000000000000001,0.28699544270833327
,33.302847157812494,89.011019817212556,0,0.28394368489583327
,33.40285570937499,81.783112707936368,0.10000000000000001,0.28292643229166659
,33.502864300781312,91.597831937049733,0.10000000000000001,0.2849609374999999
,33.602872812499982,92.287420166442487,0,0.2849609374999999
,33.702881403906304,87.193284696006572,0.10000000000000001,0.28699544270833327
,33.802889914843718,95.632003304964627,0.10000000000000001,0.2880126953124999
,33.902898466406214,92.590209767112725,0,0.28597819010416659
,34.002907057812536,87.161718952083518,0.10000000000000001,0.2880126953124999
,34.102915569531206,94.59170020598873,0.10000000000000001,0.28699544270833327
,34.202924160937528,93.16411550922021,0,0.28699544270833327
,34.302932672656198,85.05383656603793,0,0.2849609374999999
,34.402941224218694,83.891497573553295,0.10000000000000001,0.28292643229166659
,34.502949815625016,96.162008138472217,0.10000000000000001,0.28394368489583327
,34.60295832656243,96.078894412875442,0,0.2849609374999999
,34.702966917968752,87.897856305387421,0.10000000000000001,0.28394368489583327
,34.802975429687422,97.739478674894983,0.10000000000000001,0.28597819010416659
,34.902983980468662,95.153642526231536,0,0.28394368489583327
,35.00299257265624,87.477307690300421,0.10000000000000001,0.28394368489583327
,35.103001083593654,97.791315294930456,0.10000000000000001,0.28699544270833327
,35.203009674999976,95.798318951513494,0,0.2849609374999999
,35.303018185156134,87.414202138163532,0.10000000000000001,0.28394368489583327
,35.403026735156118,95.236857464788187,0.10000000000000001,0.28394368489583327
,35.503035324999928,94.36263936846035,0.10000000000000001,0.28292643229166659
,35.603043834375057,96.213949647614925,0.10000000000000001,0.2849609374999999
,35.70305242421864,96.618973273384071,0.10000000000000001,0.2849609374999999
,35.803060934375026,96.058114573886343,0.10000000000000001,0.2849609374999999
,35.90306948437501,96.130841546493627,0.10000000000000001,0.2849609374999999
,36.003078074218593,96.03733417133806,0.10000000000000001,0.2849609374999999
,36.103086583593722,96.369753131438031,0.10000000000000001,0.28597819010416659
,36.203095174218788,97.511357208511257,0.10000000000000001,0.28597819010416659
,36.303103682812434,95.132837354760767,0.10000000000000001,0.28394368489583327
,36.403112232812418,95.226456100013053,0.10000000000000001,0.28394368489583327
,36.503120821874973,96.567059034024581,0.10000000000000001,0.28394368489583327
,36.603129331249875,98.0815378908936,0.10000000000000001,0.2849609374999999
,36.703137921093685,99.603491782172753,0.10000000000000001,0.28597819010416659
,36.803146430468814,99.831023244487426,0.10000000000000001,0.28597819010416659
,36.903154979687542,98.402732722520767,0.10000000000000001,0.2849609374999999
,37.003163568749869,100.22388501895956,0.10000000000000001,0.28597819010416659
,37.103172078124999,99.882726206385513,0,0.28597819010416659
,37.203180667968809,93.862624050825403,0.10000000000000001,0.28597819010416659
,37.303189179687479,102.85549563004959,0.10000000000000001,0.28597819010416659
,37.403197730468719,100.53390838192773,0,0.28292643229166659
,37.503206321875041,95.174447122705587,0.10000000000000001,0.28292643229166659
,37.603214833593711,105.6950366090034,0.10000000000000001,0.28597819010416659
,37.703223424218777,104.21463993939629,0,0.2849609374999999
,37.803231935937447,99.003333843253174,0.10000000000000001,0.28597819010416659
,37.903240486718687,106.27011498787762,0.10000000000000001,0.28597819010416659
,38.003249078125009,104.68780201386322,0,0.2849609374999999
,38.103257589843679,99.303467824010042,0.10000000000000001,0.28597819010416659
,38.203266181250001,106.855107618471,0.10000000000000001,0.28597819010416659
,38.303274692968671,104.60553048762107,0.10000000000000001,0.2849609374999999
,38.403283244531167,103.56621417148612,0,0.28394368489583327
,38.503291835937489,96.722791321530281,0.10000000000000001,0.28292643229166659
,38.603300347656159,108.23921906915434,0.10000000000000001,0.28597819010416659
,38.703308939062481,107.76781374099041,0,0.2849609374999999
,38.803317450781151,100.30656914696068,0.10000000000000001,0.2849609374999999
,38.903326002343647,109.05852846489991,0.10000000000000001,0.28597819010416659
,39.003334594531225,108.0650300086828,0,0.28597819010416659
,39.103343105468639,101.18458614854801,0.10000000000000001,0.28597819010416659
,39.203351697656217,109.95901241118106,0.10000000000000001,0.28699544270833327
,39.303360209374887,107.62429816248691,0.10000000000000001,0.28394368489583327
,39.403368760937383,106.02369545882958,0,0.28394368489583327
,39.503377352343705,101.33943593628602,0.10000000000000001,0.28394368489583327
,39.603385864062375,110.47030507832675,0.10000000000000001,0.2849609374999999
,39.703394455468697,110.87916171711289,0,0.28597819010416659
,39.803402967187367,104.09116604637778,0.10000000000000001,0.28597819010416659
,39.903411518749863,110.46008165023817,0.10000000000000001,0.2849609374999999
,40.003420110156185,111.95167349745661,0,0.2880126953124999
,40.103428620312343,104.86260463264988,0.10000000000000001,0.28597819010416659
,40.203437208593641,111.93125453638906,0.10000000000000001,0.28699544270833327
,40.303445716406259,111.67598553928444,0,0.28699544270833327
,40.403454264843731,103.07186137155898,0,0.28394368489583327
,40.503462853125029,104.80091336971068,0.10000000000000001,0.2849609374999999
,40.603471360937419,117.77682392672908,0.10000000000000001,0.2880126953124999
,40.703479949218718,113.93054925707763,0,0.28597819010416659
,40.803488457812364,107.63454996593062,0.10000000000000001,0.28699544270833327
,40.903497005468807,114.67429746655672,0.10000000000000001,0.28699544270833327
,41.003505593749878,113.0945384228324,0,0.28597819010416659
,41.103514103125008,107.64480166299846,0.10000000000000001,0.28699544270833327
,41.20352269296859,114.58262783145118,0.10000000000000001,0.28699544270833327
,41.30353120234372,112.67630334743923,0,0.2849609374999999
,41.403539752343704,106.03396421226951,0,0.2849609374999999
,41.503548342187514,106.87562723807638,0.10000000000000001,0.28292643229166659
,41.603556852343672,119.26945875953813,0.10000000000000001,0.28597819010416659
,41.703565442187482,117.69554364009268,0,0.28597819010416659
,41.803573951562385,109.16089576111428,0.10000000000000001,0.28597819010416659
,41.903582501562369,117.69554364009268,0.10000000000000001,0.28699544270833327
,42.003591092187435,116.64860058412826,0,0.28699544270833327
,42.103599601562564,109.40653566284486,0.10000000000000001,0.28597819010416659
,42.203608191406147,118.35579976518629,0.10000000000000001,0.2880126953124999
,42.303616700781276,115.57025320406289,0,0.28597819010416659
,42.403625250781261,107.71656056637151,0.10000000000000001,0.2849609374999999
,42.503633840624843,117.09594344481722,0.10000000000000001,0.2849609374999999
,42.603642349999973,117.56345231068336,0.10000000000000001,0.2849609374999999
,42.703650939843783,118.10189442681811,0.10000000000000001,0.28597819010416659
,42.803659449218685,118.02063437260755,0.10000000000000001,0.28699544270833327
,42.903667999218669,115.87554136713034,0.10000000000000001,0.28597819010416659
,43.003676588281223,117.93936927990156,0.10000000000000001,0.2880126953124999
,43.103685097656125,117.71586418850545,0,0.28699544270833327
,43.203693687499936,111.39001357142756,0.10000000000000001,0.28699544270833327
,43.303702196875065,120.496860547677,0.10000000000000001,0.2880126953124999
,43.403710746875049,117.26873830860326,0,0.2849609374999999
,43.503719336718632,111.6351369868042,0,0.2849609374999999
,43.603727846093761,115.87554136713034,0.10000000000000001,0.28597819010416659
,43.703736435156316,124.96160900477155,0.10000000000000001,0.28699544270833327
,43.803744945312474,122.97888594142866,0,0.28699544270833327
,43.903753494531202,115.07145109527953,0.10000000000000001,0.28597819010416659
,44.003762085156268,123.37360565769241,0.10000000000000001,0.28699544270833327
,44.103770596093682,123.52539424670759,0,0.2880126953124999
,44.203779186718748,116.23161518579504,0.10000000000000001,0.28699544270833327
,44.303787697656162,122.38155275628462,0.10000000000000001,0.28699544270833327
,44.403796248437402,121.58136190572277,0.10000000000000001,0.28597819010416659
,44.503804839843724,120.05065791954557,0,0.2849609374999999
,44.603813350781138,116.18075376839538,0.10000000000000001,0.28597819010416659
,44.703821941406204,125.26487244502799,0.10000000000000001,0.28699544270833327
,44.803830452343618,123.9402082777918,0,0.28699544270833327
,44.903839002343602,117.22808279447104,0.10000000000000001,0.28699544270833327
,45.003847592187412,125.36594796782141,0.10000000000000001,0.28699544270833327
,45.103856101562542,125.3053033884179,0,0.28699544270833327
,45.203864691406125,119.25931039172831,0.10000000000000001,0.2880126953124999
,45.303873200781254,125.0222661364554,0.10000000000000001,0.28597819010416659
,45.403881750781238,123.73787358914662,0,0.28597819010416659
,45.503890340625048,118.61980968381344,0.10000000000000001,0.2849609374999999
,45.60389884999995,126.95204798159487,0.10000000000000001,0.28597819010416659
,45.703907439843761,127.92118915004117,0,0.2880126953124999
,45.803915949218663,121.30777943303757,0.10000000000000001,0.28699544270833327
,45.903924499218647,127.55782199248183,0.10000000000000001,0.28699544270833327
,46.003933087499945,128.57708797089663,0,0.2880126953124999
,46.103941596093591,121.20643955044353,0.10000000000000001,0.28699544270833327
,46.203950184374889,129.01086488489324,0.10000000000000001,0.2880126953124999
,46.303958692968763,128.68806356253879,0,0.2880126953124999
,46.403967241406235,118.88376739671948,0.10000000000000001,0.28394368489583327
,46.503975829687533,127.99183552174624,0.10000000000000001,0.28597819010416659
,46.60398433828118,129.5151338191958,0.10000000000000001,0.28597819010416659
,46.703992926562478,128.56699895818986,0,0.28597819010416659
,46.804001435156124,123.717638696815,0.10000000000000001,0.28699544270833327
,46.904009983593596,130.94656090190028,0.10000000000000001,0.28699544270833327
,47.00401857265615,129.62605551753961,0,0.28699544270833327
,47.104027080468768,124.77962419816545,0.10000000000000001,0.2880126953124999
,47.204035669531095,132.00437565911267,0.10000000000000001,0.28699544270833327
,47.304044178124968,130.38217512819608,0,0.28597819010416659
,47.404052726562441,122.52331408601755,0.10000000000000001,0.2849609374999999
,47.504061314843739,129.98902854032326,0.10000000000000001,0.28394368489583327
,47.604069823437385,132.47770633293402,0,0.28597819010416659
,47.704078412499939,126.00258428305501,0,0.28597819010416659
,47.804086920312557,127.11360774008962,0.10000000000000001,0.28597819010416659
,47.904095467187517,137.19579622927438,0.10000000000000001,0.28699544270833327
,48.004104053906303,133.55491795905175,0,0.28597819010416659
,48.104112560156182,127.12370473874084,0.10000000000000001,0.28699544270833327
,48.204121146874968,136.22070220252061,0.10000000000000001,0.28902994791666659
,48.304129653124846,132.64888620709644,0,0.28597819010416659
,48.404138200000034,125.62871580637353,0.10000000000000001,0.2849609374999999
,48.504146786718593,133.79646669304589,0.10000000000000001,0.28597819010416659
,48.604155292968699,134.30967642908212,0,0.28597819010416659
,48.704163879687485,129.16215932044776,0.10000000000000001,0.28699544270833327
,48.804172388281131,136.08999286773678,0.10000000000000001,0.28699544270833327
,48.904180939843627,134.93343280188111,0,0.28597819010416659
,49.004189532031205,129.84788023602795,0.10000000000000001,0.2880126953124999
,49.104198043749875,136.90430946686536,0.10000000000000001,0.28699544270833327
,49.204206635156197,136.15032104968611,0,0.28699544270833327
,49.304215146874867,129.04112472144732,0.10000000000000001,0.28597819010416659
,49.404223698437363,135.13461118321067,0.10000000000000001,0.2849609374999999
,49.504232290624941,136.11010241375919,0,0.28597819010416659
,49.604240802343611,131.5813125796443,0.10000000000000001,0.28699544270833327
,49.704249393749933,138.67287845358976,0.10000000000000001,0.28699544270833327
,49.804257900000039,139.53668710728658,0,0.28902994791666659
,49.904266445312487,131.21862068364959,0.10000000000000001,0.28699544270833327
,50.004275030468762,138.63269545989164,0.10000000000000001,0.28699544270833327
,50.104283535937384,140.40026380672265,0.10000000000000001,0.28902994791666659
,50.204292121093658,138.22078903235604,0,0.2880126953124999
,50.304300626562508,130.79540126944414,0.10000000000000001,0.28699544270833327
,50.404309171874957,138.74319742245297,0.10000000000000001,0.28699544270833327
,50.504317757031231,137.70833798617133,0,0.2849609374999999
,50.604326262499853,133.41400305651422,0.10000000000000001,0.28699544270833327
,50.704334848437384,141.70525682592285,0.10000000000000001,0.28699544270833327
,50.804343358593769,141.15320308420843,0,0.28699544270833327
,50.904351907812497,134.71211791730582,0.10000000000000001,0.28699544270833327
,51.004360497656307,142.52816627977847,0.10000000000000001,0.2880126953124999
,51.10436900703121,142.34754283649437,0.10000000000000001,0.2880126953124999
,51.20437759687502,142.31743810879709,0,0.28902994791666659
,51.304386106249922,134.59139239088665,0.10000000000000001,0.28699544270833327
,51.404394656249906,141.35395965276359,0.10000000000000001,0.28699544270833327
,51.50440324531246,141.14316495954563,0,0.28597819010416659
,51.604411755468618,136.21064786568468,0.10000000000000001,0.28699544270833327
,51.704420342187404,145.55746142152265,0.10000000000000001,0.2880126953124999
,51.804428846093742,144.52452504121123,0,0.2880126953124999
,51.904437389843679,136.85405004374832,0.10000000000000001,0.28699544270833327
,52.004445973437441,147.24179400627145,0.10000000000000001,0.29004720052083327
,52.104454476562523,144.97583582223007,0,0.2880126953124999
,52.204463060937542,137.96959871050547,0,0.2880126953124999
,52.304471564062396,139.33582251741484,0.10000000000000001,0.2880126953124999
,52.40448010781256,146.40972048152611,0.10000000000000001,0.28699544270833327
,52.504488691406095,144.8554905941337,0,0.28597819010416659
,52.604497195312433,140.15928829393073,0.10000000000000001,0.28699544270833327
,52.704505781249964,147.40217951251287,0.10000000000000001,0.2880126953124999
,52.804514288281098,148.40449135688237,0,0.29004720052083327
,52.904522835156286,139.98858680159253,0.10000000000000001,0.2880126953124999
,53.0045314226561,147.09142851221401,0.10000000000000001,0.28902994791666659
,53.104539929687462,148.82541479025753,0,0.29004720052083327
,53.204548516406248,140.97251248768538,0,0.28902994791666659
,53.304557023437383,141.24354493353053,0,0.2880126953124999
,53.404565571093599,142.67867942330884,0.10000000000000001,0.28699544270833327
,53.504574157812385,150.31848668719516,0,0.28699544270833327
,53.604582664843747,145.33685309303081,0,0.2880126953124999
,53.704591253906301,145.16637612783404,0.10000000000000001,0.2880126953124999
,53.804599762499947,153.59432814083146,0.10000000000000001,0.29004720052083327
,53.904608310937419,150.78939555426359,0,0.28902994791666659
,54.004616899999974,142.89942165729366,0.10000000000000001,0.28902994791666659
,54.10462540859362,150.81945266821106,0.10000000000000001,0.29004720052083327
,54.204633997656174,150.52889609071946,0,0.2910644531249999
,54.304642506250048,141.4944825876068,0,0.2880126953124999
,54.404651055468776,141.71529339262554,0.10000000000000001,0.28699544270833327
,54.504659644531102,153.62437724939025,0.10000000000000001,0.28902994791666659
,54.604668153906232,151.69106489741614,0,0.2880126953124999
,54.70467674218753,145.42710316230193,0.10000000000000001,0.28902994791666659
,54.804685250781176,153.19366684185383,0.10000000000000001,0.2910644531249999
,54.904693799999905,150.45876022632569,0,0.28902994791666659
,55.004702388281203,145.59757095838927,0.10000000000000001,0.2910644531249999
,55.104710896874849,152.93323019326641,0.10000000000000001,0.2910644531249999
,55.204719485937403,151.9214776304587,0,0.29004720052083327
,55.304727994531277,145.26665742927867,0,0.29004720052083327
,55.404736542968749,144.67496689366817,0.10000000000000001,0.2880126953124999
,55.504745132031303,155.44724796831997,0.10000000000000001,0.28902994791666659
,55.604753642187461,155.60749171290894,0,0.2910644531249999
,55.704762232812527,147.84321703600375,0.10000000000000001,0.29004720052083327
,55.804770742968685,156.3185605981198,0.10000000000000001,0.29208170572916659
,55.904779293749925,154.2754257252808,0,0.2910644531249999
,56.004787884374991,146.85083535991953,0.10000000000000001,0.2910644531249999
,56.104796394531149,156.3385904382302,0.10000000000000001,0.29309895833333327
,56.204804985156215,155.06666421846944,0,0.29208170572916659
,56.30481349609363,146.89093494123409,0,0.2910644531249999
,56.404822046093614,148.07374653296569,0.10000000000000001,0.2910644531249999
,56.50483063671868,157.23992122356753,0.10000000000000001,0.29004720052083327
,56.604839146093809,157.17983313237977,0,0.29208170572916659
,56.704847735156136,150.65914683292743,0.10000000000000001,0.2910644531249999
,56.80485624375001,157.63049216902937,0.10000000000000001,0.29208170572916659
,56.904864792968738,156.74919939397165,0,0.29208170572916659
,57.004873381250036,150.2483490014497,0.10000000000000001,0.29208170572916659
,57.104881890624938,157.74065276155233,0.10000000000000001,0.29309895833333327
,57.204890479687492,158.26141007187368,0.10000000000000001,0.2941162109374999
,57.304898988281138,155.90794575188954,0,0.29208170572916659
,57.404907537499867,148.20404201725194,0.10000000000000001,0.2910644531249999
,57.504916127343677,157.97098805007295,0.10000000000000001,0.29208170572916659
,57.604924638281091,158.23136644343242,0,0.29208170572916659
,57.704933228906157,152.2720956501135,0.10000000000000001,0.29309895833333327
,57.804941739843798,161.31588293826002,0.10000000000000001,0.29513346354166659
,57.904950290625038,158.28143915450852,0,0.29208170572916659
,58.004958882031133,153.76460555511602,0.10000000000000001,0.2941162109374999
,58.104967392968774,161.41603310973096,0.10000000000000001,0.2941162109374999
,58.204975984374869,159.74356327391388,0.10000000000000001,0.29309895833333327
,58.304984494531254,159.77360709784585,0,0.2941162109374999
,58.40499304609375,151.42057340007415,0.10000000000000001,0.2910644531249999
,58.505001633593793,160.15416348402255,0.10000000000000001,0.29208170572916659
,58.605010140624927,162.31740281047087,0,0.29309895833333327
,58.705018727343713,155.41720213620488,0,0.29309895833333327
,58.805027234374847,157.02961256389574,0.10000000000000001,0.2941162109374999
,58.905035781250035,166.96529203099738,0,0.29513346354166659
,59.005044367968594,157.78071111810851,0,0.2941162109374999
,59.1050528742187,158.74210765622075,0.10000000000000001,0.29513346354166659
,59.205061461718742,167.61655190332976,0.10000000000000001,0.29615071614583327
,59.30506996796862,162.74807054010239,0.10000000000000001,0.29309895833333327
,59.405078515625064,161.45609328075841,0,0.29309895833333327
,59.505087103124879,155.02660234955431,0.10000000000000001,0.29208170572916659
,59.605095610156241,164.57101972266241,0.10000000000000001,0.29513346354166659
,59.705104196875027,164.97169951527019,0,0.29513346354166659
,59.805112703906161,157.2699652415148,0.10000000000000001,0.2941162109374999
,59.905121251562377,165.4725678164753,0.10000000000000001,0.29615071614583327
,60.005129838281164,165.39242744608617,0,0.29615071614583327
,60.105138345312525,158.20132280926862,0.10000000000000001,0.29513346354166659
,60.20514693281234,166.7148195757116,0.10000000000000001,0.2971679687499999
,60.305155439843702,164.98171667507444,0,0.29513346354166659
,60.40516398906243,156.41870966677732,0,0.29309895833333327
,60.505172582031264,159.17273267508631,0.10000000000000001,0.2941162109374999
,60.60518109453119,170.23212648750683,0,0.29615071614583327
,60.70518968828128,162.9684159773999,0,0.29615071614583327
,60.805198200781206,163.49925975504584,0.10000000000000001,0.2971679687499999
,60.905206753906214,170.60299116402462,0.10000000000000001,0.29615071614583327
,61.005215346875048,169.27999489384388,0,0.29818522135416659
,61.105223860156229,162.63789881306724,0.10000000000000001,0.2971679687499999
,61.205232453125063,168.50835551826378,0.10000000000000001,0.2971679687499999
,61.305240965624989,167.92716948863159,0,0.2971679687499999
,61.405249516406229,159.67346106811203,0,0.29513346354166659
,61.505258105468783,160.54473752663404,0.10000000000000001,0.29513346354166659
,61.60526661406243,173.82139825214824,0.10000000000000001,0.29920247395833327
,61.70527520390624,170.2020572460699,0,0.2971679687499999
,61.805283712499886,163.76969636819371,0.10000000000000001,0.29818522135416659
,61.905292261718614,171.75580996715439,0.10000000000000001,0.29920247395833327
,62.005300851562424,169.60069904630859,0,0.29818522135416659
,62.105309360156298,163.5393241392901,0.10000000000000001,0.29920247395833327
,62.205317949999881,171.92624419896561,0.10000000000000001,0.3002197265624999
,62.305326457812498,168.78894287506682,0,0.29818522135416659
,62.405335009374994,161.97688125228626,0.10000000000000001,0.2971679687499999
,62.505343600781089,170.58294391385493,0.10000000000000001,0.2971679687499999
,62.605352112499986,170.6731570044937,0,0.29818522135416659
,62.705360703906308,165.49260299703485,0.10000000000000001,0.29818522135416659
,62.805369215624978,173.64088057789456,0.10000000000000001,0.29920247395833327
,62.905377767187474,171.33475685165178,0,0.29818522135416659
,63.005386358593796,166.44431655752356,0.10000000000000001,0.29920247395833327
,63.10539486953121,173.77125386696821,0.10000000000000001,0.29920247395833327
,63.205403460937532,173.06927935653829,0,0.29920247395833327
,63.305411972656202,165.32230508017,0.10000000000000001,0.2971679687499999
,63.40542052187493,172.02650180826254,0.10000000000000001,0.29615071614583327
,63.505429110937484,172.75843232010732,0.10000000000000001,0.2971679687499999
,63.605437619531131,173.44031220227913,0,0.2971679687499999
,63.705446208593685,167.20575182343129,0,0.2971679687499999
,63.805454717187558,170.25217272011145,0.10000000000000001,0.29920247395833327
,63.905463266406286,177.76426589134718,0,0.29818522135416659
,64.005471855468613,170.70322830100599,0,0.29920247395833327
,64.105480364062487,171.15431395045266,0.10000000000000001,0.29920247395833327
,64.205488953125041,179.05920077090326,0.10000000000000001,0.29920247395833327
,64.305497461718687,175.93792028366289,0,0.29920247395833327
,64.405506010937415,167.36606182688467,0.10000000000000001,0.2971679687499999
,64.50551459999997,174.99490897865729,0.10000000000000001,0.2971679687499999
,64.605523108593616,177.22230978297529,0.10000000000000001,0.29920247395833327
,64.70553169765617,176.31918790630311,0,0.29818522135416659
,64.805540206250043,170.46266164606385,0.10000000000000001,0.29920247395833327
,64.905548755468772,177.82448716315935,0.10000000000000001,0.29920247395833327
,65.005557343749842,176.77072755093673,0,0.29920247395833327
,65.105565853124972,171.23451017815341,0.10000000000000001,0.29920247395833327
,65.20557444140627,179.34032210488203,0.10000000000000001,0.3002197265624999
,65.305582951562428,176.590106631239,0,0.29818522135416659
,65.405591501562412,169.64078803941715,0,0.2971679687499999
,65.505600091406222,171.0640943673896,0.10000000000000001,0.29615071614583327
,65.605608600781125,182.29324034664677,0,0.29818522135416659
,65.705617191406191,175.3259462829015,0,0.29920247395833327
,65.805625700781093,174.33289709738324,0.10000000000000001,0.29818522135416659
,65.905634250781304,182.92629279988859,0.10000000000000001,0.29920247395833327
,66.005642840624887,181.47946668936407,0,0.29920247395833327
,66.105651350781272,173.52053869622239,0.10000000000000001,0.29818522135416659
,66.205659941406111,181.34887658534404,0.10000000000000001,0.3002197265624999
,66.305668453125008,179.71183203213548,0.10000000000000001,0.29818522135416659
,66.405677004687504,177.01156605314577,0,0.29615071614583327
,66.505685596874855,171.98639856989229,0.10000000000000001,0.2971679687499999
,66.605694107812496,181.14797702261717,0.10000000000000001,0.29818522135416659
,66.705702699999847,180.32439249453665,0,0.29818522135416659
,66.805711211718744,175.52658533671791,0.10000000000000001,0.29920247395833327
,66.90571976328124,181.79089111578497,0.10000000000000001,0.2971679687499999
,67.005728354687562,181.98177625348893,0,0.29920247395833327
,67.105736866406232,175.91785438065358,0.10000000000000001,0.29818522135416659
,67.205745460156095,182.78560547741176,0.10000000000000001,0.29818522135416659
,67.30575397421876,182.00186996398003,0.10000000000000001,0.29818522135416659
,67.405762528125024,179.79216275783841,0,0.29615071614583327
,67.505771122656142,173.6308519892799,0.10000000000000001,0.29513346354166659
,67.605779636718808,185.35901181912374,0.10000000000000001,0.29818522135416659
,67.70578823046867,183.72026906551531,0,0.2971679687499999
,67.805796744531108,177.26245251599772,0.10000000000000001,0.2971679687499999
,67.905805299218628,185.56013577396351,0.10000000000000001,0.29920247395833327
,68.005813892968717,184.12234658014859,0,0.29818522135416659
,68.105822407031155,177.71408210223274,0.10000000000000001,0.29818522135416659
,68.205830998437477,186.46533557785972,0.10000000000000001,0.29920247395833327
,68.305839508593635,183.04688605848861,0,0.29615071614583327
,68.405848059374875,176.31918790630311,0.10000000000000001,0.29615071614583327
,68.505856649999942,184.89646967229152,0.10000000000000001,0.29615071614583327
,68.6058651601561,185.89201526204744,0,0.2971679687499999
,68.705873750781166,180.05324815732439,0.10000000000000001,0.2971679687499999
,68.805882261718807,188.18587091262532,0.10000000000000001,0.29818522135416659
,68.905890812500047,186.20380936828764,0,0.2971679687499999
,69.005899403124886,180.46499280661504,0.10000000000000001,0.29818522135416659
,69.105907914062527,187.98459345706505,0.10000000000000001,0.29818522135416659
,69.205916504687366,187.73301366438346,0,0.29818522135416659
,69.305925015625007,179.52105263557127,0,0.29615071614583327
,69.405933566406247,178.96884420501618,0.10000000000000001,0.29513346354166659
,69.505942157812342,190.35038350867433,0.10000000000000001,0.2971679687499999
,69.605950668749983,188.84010697734203,0,0.29615071614583327
,69.705959259375049,182.52434269778104,0.10000000000000001,0.29615071614583327
,69.805967770312463,191.12593606942971,0.10000000000000001,0.29818522135416659
,69.905976321093704,187.70282535581856,0,0.29513346354166659
,70.005984912500026,181.83107669327393,0.10000000000000001,0.29615071614583327
,70.105993421874928,189.89722623524324,0.10000000000000001,0.2971679687499999
,70.206002010937482,188.40729017133589,0.10000000000000001,0.29615071614583327
,70.306010519531128,188.08523066722108,0,0.29615071614583327
,70.406019068749856,180.02312209300999,0.10000000000000001,0.29309895833333327
,70.506027657031154,188.21606357917557,0.10000000000000001,0.29309895833333327
,70.606036166406284,190.52159302990685,0,0.29513346354166659
,70.706044754687355,183.70016633163686,0,0.29309895833333327
,70.806053263281228,185.18806537906426,0.10000000000000001,0.2941162109374999
,70.906061812499956,195.23863031424696,0,0.29513346354166659
,71.006070401562511,186.2541013438979,0,0.2941162109374999
,71.106078910937413,186.72688151802294,0.10000000000000001,0.2941162109374999
,71.206087500781223,196.1466094692737,0.10000000000000001,0.29513346354166659
,71.306096010937381,190.40073829205897,0.10000000000000001,0.29208170572916659
,71.406104560937365,188.74951270754752,0,0.29208170572916659
,71.506113150781175,183.21773305506014,0.10000000000000001,0.2910644531249999
,71.606121660937561,192.06289873241656,0.10000000000000001,0.29208170572916659
,71.706130250781143,192.69777713971831,0,0.29309895833333327
,71.806138760937529,185.60036193157021,0.10000000000000001,0.29208170572916659
,71.906147310937513,192.21404832591884,0.10000000000000001,0.29208170572916659
,72.006155901562352,193.43359565760659,0,0.29309895833333327
,72.106164410156225,186.21386770539164,0,0.29208170572916659
,72.206173000000035,186.78724108913758,0.10000000000000001,0.29208170572916659
,72.306181509374937,196.91357025106441,0.10000000000000001,0.29309895833333327
,72.406190058593666,191.55912023204706,0,0.28902994791666659
,72.50619864765622,185.3187883913813,0.10000000000000001,0.29004720052083327
,72.606207157031122,195.41011573811682,0.10000000000000001,0.2910644531249999
,72.706215746874932,193.61505796453548,0,0.29004720052083327
,72.806224255468805,188.226127862238,0.10000000000000001,0.29208170572916659
,72.90623280546879,195.00663665039673,0.10000000000000001,0.2910644531249999
,73.006241396874884,193.58481348440529,0,0.29004720052083327
,73.106249910156293,188.32677236884138,0.10000000000000001,0.2910644531249999
,73.2062585031249,195.42020343025951,0.10000000000000001,0.2910644531249999
,73.306267015625053,193.26222465041542,0.10000000000000001,0.28902994791666659
,73.406275568750061,192.13343428458279,0,0.29004720052083327
,73.506284161718668,185.88195784904281,0.10000000000000001,0.3063232421874999
,73.60629267499985,196.67134990647696,0.10000000000000001,0.28902994791666659
,73.706301267968684,196.89338443665002,0,0.2910644531249999
,73.806309780468609,189.50454169906811,0.10000000000000001,0.28902994791666659
,73.906318333593617,197.48892625408848,0.10000000000000001,0.28902994791666659
,74.006326921874916,196.38878543920777,0,0.28902994791666659
,74.106335428906277,189.59515696350121,0.10000000000000001,0.2880126953124999
,74.206344016406092,199.04398537627975,0.10000000000000001,0.29004720052083327
,74.30635252421871,195.66231854074101,0.10000000000000001,0.28699544270833327
,74.406361071874926,193.81669564187803,0,0.28597819010416659
,74.506369659374968,189.61529403403887,0.10000000000000001,0.28597819010416659
,74.606378166406103,198.3673273947731,0.10000000000000001,0.28699544270833327
,74.706386754687401,198.5289024113095,0,0.28699544270833327
,74.806395261718762,192.50629199457063,0.10000000000000001,0.2880126953124999
,74.906403810156235,198.3875237603873,0.10000000000000001,0.28597819010416659
,75.006412398437533,198.82178101278703,0,0.2880126953124999
,75.106420907031179,192.19389461725086,0.10000000000000001,0.28699544270833327
,75.206429496093733,199.95318942445459,0.10000000000000001,0.2880126953124999
,75.306438004687379,198.66018900706774,0,0.28699544270833327
,75.406446553906108,189.70591240667352,0,0.28394368489583327
,75.506455142968662,192.20397145504978,0.10000000000000001,0.28394368489583327
,75.606463651562535,204.73660004654664,0,0.28699544270833327
,75.706472240624862,195.61187622861024,0,0.2849609374999999
,75.806480749218736,196.59061435613597,0.10000000000000001,0.28699544270833327
,75.906489299999976,204.20018598883445,0,0.28699544270833327
,76.006497893750065,195.17810845329006,0,0.28597819010416659
,76.106506407812503,196.26769490425062,0.10000000000000001,0.28699544270833327
,76.206515001562366,204.55440934049716,0,0.28699544270833327
,76.306523514843775,194.32084950895,0,0.2849609374999999
,76.406532068750039,193.93768478103505,0,0.2849609374999999
,76.506540663281157,195.15793477825326,0.10000000000000001,0.28292643229166659
,76.606549176562339,206.53895252045237,0,0.28699544270833327
,76.706557770312429,197.9432373829128,0,0.28597819010416659
,76.806566284374867,195.96499085871761,0.10000000000000001,0.2849609374999999
,76.906574835156107,205.00990997980722,0.10000000000000001,0.28597819010416659
,77.006583424999917,202.50057729026855,0,0.28597819010416659
,77.106591935937558,194.72423436699967,0.10000000000000001,0.2849609374999999
,77.206600525781141,203.23896344396019,0.10000000000000001,0.28699544270833327
,77.306609035937527,199.72080870320997,0,0.2849609374999999
,77.406617586718767,191.97221253980797,0.10000000000000001,0.28394368489583327
,77.506626177343605,201.95450558121547,0.10000000000000001,0.2849609374999999
,77.606634687499991,201.09517344144967,0,0.28394368489583327
,77.706643277343801,195.79347265926276,0.10000000000000001,0.2849609374999999
,77.806651785937447,205.22250422130702,0.10000000000000001,0.28699544270833327
,77.906660331249896,201.51975032398423,0,0.2849609374999999
,78.006668917187426,196.44933262210242,0.10000000000000001,0.28699544270833327
,78.10667742187502,204.4228350676907,0.10000000000000001,0.28699544270833327
,78.20668600781255,202.94560735755766,0,0.28699544270833327
,78.306694513281172,196.05579873425535,0.10000000000000001,0.28597819010416659
,78.406703058593621,202.23763994039928,0.10000000000000001,0.28394368489583327
,78.506711643749895,201.45909239001304,0.10000000000000001,0.28394368489583327
,78.606720149218745,203.22884717561982,0,0.28597819010416659
,78.706728734375019,196.7823650122856,0,0.2849609374999999
,78.806737241406154,199.39752908128122,0.10000000000000001,0.28597819010416659
,78.906745789843626,208.35270664331875,0,0.28597819010416659
,79.006754377343668,199.62988247050197,0,0.28597819010416659
,79.106762885156286,200.49885652151357,0.10000000000000001,0.28699544270833327
,79.206771472656101,208.78860573569057,0.10000000000000001,0.28699544270833327
,79.306779980468718,204.4228350676907,0,0.2849609374999999
,79.406788528124935,197.20628065538591,0.10000000000000001,0.28394368489583327
,79.506797115624977,205.16176123483871,0.10000000000000001,0.28394368489583327
,79.606805623437367,205.71862520138075,0.10000000000000001,0.2849609374999999
,79.706814210937409,205.48574025905532,0.10000000000000001,0.28597819010416659
,79.806822720312539,204.40259345960646,0.10000000000000001,0.2849609374999999
,79.906831271093779,204.12934706890366,0.10000000000000001,0.28597819010416659
,80.006839861718618,205.13139027419118,0.10000000000000001,0.28597819010416659
,80.106848371875003,204.34186957507166,0,0.28597819010416659
,80.206856962499842,199.49854988527812,0.10000000000000001,0.28699544270833327
,80.306865472656227,206.44779213402632,0.10000000000000001,0.28597819010416659
,80.406874023437467,204.74672212546409,0.10000000000000001,0.28394368489583327
,80.506882613281277,205.58699200735043,0,0.28394368489583327
,80.606891124218691,200.69087648156199,0.10000000000000001,0.28394368489583327
,80.706899714062502,209.95475259447522,0.10000000000000001,0.28597819010416659
,80.806908224999916,209.60992245389662,0,0.28597819010416659
,80.906916775781156,200.97387801836902,0.10000000000000001,0.2849609374999999
,81.006925367187478,210.6749921123357,0.10000000000000001,0.28699544270833327
,81.106933878124892,210.03589598585893,0,0.28699544270833327
,81.206942468749958,202.35899241990739,0.10000000000000001,0.2849609374999999
,81.306950979687372,210.46194192423201,0.10000000000000001,0.28597819010416659
,81.406959530468612,207.15690276565647,0.10000000000000001,0.28394368489583327
,81.506968121874934,207.0454580956378,0,0.28394368489583327
,81.606976632812348,203.63352813563347,0.10000000000000001,0.2849609374999999
,81.706985224999926,211.09099966344866,0.10000000000000001,0.2849609374999999
,81.806993737499852,211.58827058791132,0,0.28597819010416659
,81.907002291406116,204.22042603192074,0.10000000000000001,0.2849609374999999
,82.007010884374949,211.5070767053387,0.10000000000000001,0.2849609374999999
,82.107019397656131,212.2886781318802,0,0.28597819010416659
,82.207027990624965,204.72647800691681,0.10000000000000001,0.2849609374999999
,82.307036503906147,210.95908731540771,0.10000000000000001,0.2849609374999999
,82.407045057031155,210.49237655326533,0.10000000000000001,0.28394368489583327
,82.507053650781245,209.06234824080104,0,0.28292643229166659
,82.607062163281171,205.17188496727715,0.10000000000000001,0.28394368489583327
,82.707070754687493,214.51302798639637,0.10000000000000001,0.2849609374999999
,82.807079264062395,212.8268069354778,0,0.2849609374999999
,82.907087814062379,206.00216562021228,0.10000000000000001,0.28394368489583327
,83.007096403906189,214.79756503974886,0.10000000000000001,0.28597819010416659
,83.107104914062347,213.48693648103983,0,0.2849609374999999
,83.207113503906157,207.91688251142239,0.10000000000000001,0.28597819010416659
,83.307122013281287,215.00082605404515,0.10000000000000001,0.2849609374999999
,83.407130563281271,211.62886852440232,0,0.28292643229166659
,83.507139153124854,206.82258331268935,0,0.28394368489583327
,83.607147663281239,209.173881480609,0.10000000000000001,0.28394368489583327
,83.70715624921877,219.00853398858123,0,0.28597819010416659
,83.807164756249904,211.45633187591716,0,0.28597819010416659
,83.907173302343608,208.84943483869159,0.10000000000000001,0.28394368489583327
,84.007181889062394,219.45650732665325,0.10000000000000001,0.28699544270833327
,84.1071903953125,216.67837588206908,0,0.28597819010416659
,84.207198982031287,208.26148144465787,0.10000000000000001,0.2849609374999999
,84.307207488281165,216.10889610930451,0.10000000000000001,0.2849609374999999
,84.407216035156125,213.56819542583719,0,0.28292643229166659
,84.507224621093656,207.43046938128487,0.10000000000000001,0.28292643229166659
,84.607233128906273,217.49215011265466,0.10000000000000001,0.2849609374999999
,84.7072417179686,216.41395797300959,0,0.28394368489583327
,84.807250225781218,210.88806048118062,0.10000000000000001,0.28597819010416659
,84.90725877421869,218.02124990861239,0.10000000000000001,0.28597819010416659
,85.007267363281244,216.08856001148115,0,0.2849609374999999
,85.107275871093634,211.09099966344866,0.10000000000000001,0.28597819010416659
,85.207284460156188,218.6013576510428,0.10000000000000001,0.28699544270833327
,85.307292967968806,216.01738500684161,0,0.28394368489583327
,85.407301516406278,209.26513962083027,0.10000000000000001,0.28394368489583327
,85.507310105468605,217.60406542924716,0.10000000000000001,0.28394368489583327
,85.607318614062478,218.33672983501367,0.10000000000000001,0.2849609374999999
,85.707327203906289,218.75404073114862,0,0.2849609374999999
,85.807335713281191,211.9435250483665,0,0.2849609374999999
,85.907344262499919,212.57295799378778,0.10000000000000001,0.2849609374999999
,86.007352852343729,223.64502034971486,0.10000000000000001,0.28699544270833327
,86.107361361718631,220.15917867408677,0,0.2849609374999999
,86.207369951562441,214.11676358886695,0.10000000000000001,0.28597819010416659
,86.307378460937343,220.48512485882685,0.10000000000000001,0.28597819010416659
,86.407387010156299,217.2072980791267,0,0.28394368489583327
,86.507395599218626,212.24806938979793,0.10000000000000001,0.28394368489583327
,86.607404110937523,221.36132420219485,0.10000000000000001,0.2849609374999999
,86.707412703124874,220.89261970846326,0,0.2849609374999999
,86.807421214843771,215.86487414447021,0.10000000000000001,0.28699544270833327
,86.907429766406267,221.24923437468561,0.10000000000000001,0.2849609374999999
,87.007438358593618,221.92185183239269,0,0.28699544270833327
,87.107446870312515,215.4277292255901,0.10000000000000001,0.28597819010416659
,87.20745546171861,222.57426701241457,0.10000000000000001,0.28597819010416659
,87.307463973437507,221.22885496794675,0,0.28597819010416659
,87.407472525781259,213.20255130076896,0.10000000000000001,0.28394368489583327
,87.507481115624842,221.60590198497908,0.10000000000000001,0.28394368489583327
,87.607489622656203,223.02290542386896,0,0.28597819010416659
,87.70749820937499,216.23091626466493,0,0.2849609374999999
,87.807506715624868,217.88896411852926,0.10000000000000001,0.28597819010416659
,87.907515262500056,227.5241342423023,0,0.28699544270833327
,88.00752384999987,218.23495761994468,0,0.28597819010416659
,88.107532356249976,218.91691332498118,0.10000000000000001,0.28597819010416659
,88.207540942968762,228.17807756635756,0.10000000000000001,0.28699544270833327
,88.307549449999897,223.39003568272977,0,0.2849609374999999
,88.407557996874857,215.81403931212668,0.10000000000000001,0.28394368489583327
,88.507566588281179,223.93063540127071,0.10000000000000001,0.2849609374999999
,88.607575100781105,223.53282375289717,0,0.2849609374999999
,88.707583693749939,218.58100063622697,0.10000000000000001,0.28597819010416659
,88.807592206249865,226.11467641072028,0.10000000000000001,0.28597819010416659
,88.907600758593617,223.9816416730709,0,0.2849609374999999
,89.007609351562451,218.9270932269639,0.10000000000000001,0.28597819010416659
,89.107617864062377,226.06362467359219,0.10000000000000001,0.28597819010416659
,89.207626457031211,226.01257402530359,0,0.28597819010416659
,89.307634969531136,218.32655242071411,0.10000000000000001,0.2849609374999999
,89.407643521874888,224.08365747559094,0.10000000000000001,0.28394368489583327
,89.507652110156187,225.02240683986304,0,0.28394368489583327
,89.60766061875006,220.15917867408677,0,0.2849609374999999
,89.707669207031131,221.01488163259722,0.10000000000000001,0.2849609374999999
,89.807677715625005,232.02359983301363,0,0.28699544270833327
,89.907686264062477,221.66705032319311,0,0.2849609374999999
,90.007694852343775,222.15629311495798,0.10000000000000001,0.28597819010416659
,90.107703360156165,232.20784841652261,0.10000000000000001,0.28699544270833327
,90.207711949218719,228.1678583287561,0,0.28597819010416659
,90.30772045703111,220.58699209805275,0.10000000000000001,0.28597819010416659
,90.407729004687553,227.02357955948742,0.10000000000000001,0.2849609374999999
,90.50773759374988,225.9308952527179,0,0.28394368489583327
,90.607746102343754,222.25823125268738,0.10000000000000001,0.28597819010416659
,90.707754690625052,229.51717460301006,0.10000000000000001,0.28597819010416659
,90.807763199218698,228.81175543732729,0,0.28597819010416659
,90.90777174765617,221.72820021885474,0.10000000000000001,0.28597819010416659
,91.007780336718724,229.24111630045138,0.10000000000000001,0.28597819010416659
,91.107788845312371,229.37402929435967,0.10000000000000001,0.28699544270833327
,91.207797433593669,229.13888054879095,0.10000000000000001,0.28699544270833327
,91.307805942187542,226.82951508109608,0.10000000000000001,0.2849609374999999
,91.407814488281247,226.186150672032,0.10000000000000001,0.2849609374999999
,91.507823075000033,226.6150410645057,0.10000000000000001,0.28394368489583327
,91.607831581249911,228.03501220696029,0.10000000000000001,0.2849609374999999
,91.707840167968698,230.10006869579274,0,0.28597819010416659
,91.807848674218803,223.77762310271567,0,0.28597819010416659
,91.907857221093764,223.96123903400189,0.10000000000000001,0.2849609374999999
,92.00786580781255,235.53697983969005,0.10000000000000001,0.2880126953124999
,92.107874314062428,231.79842626355992,0.10000000000000001,0.28597819010416659
,92.207882900781215,231.9007752752367,0,0.28699544270833327
,92.307891407031093,224.24689179907944,0.10000000000000001,0.2849609374999999
,92.407899952343769,230.45805628108985,0.10000000000000001,0.28394368489583327
,92.507908539062555,231.13326378357692,0,0.2849609374999999
,92.607917044531177,225.97173429060769,0,0.2849609374999999
,92.707925630468708,227.3504605585141,0.10000000000000001,0.2849609374999999
,92.807934136718814,238.71671589222211,0,0.2880126953124999
,92.907942682812518,227.73868971402032,0,0.2849609374999999
,93.007951268750048,228.31093162223607,0.10000000000000001,0.28699544270833327
,93.107959774218671,238.39855617286122,0.10000000000000001,0.2880126953124999
,93.207968360156201,234.06135310096369,0.10000000000000001,0.28699544270833327
,93.307976868749847,232.68900837637648,0,0.28597819010416659
,93.407985419531315,224.60400568004809,0.10000000000000001,0.28394368489583327
,93.507994010156153,232.1669030687849,0.10000000000000001,0.28394368489583327
,93.608002520312539,234.50189754966704,0,0.28597819010416659
,93.708011110937377,228.01457499596938,0,0.2849609374999999
,93.808019621093763,229.02642625677822,0.10000000000000001,0.28597819010416659
,93.908028171875003,239.37369210934679,0,0.28699544270833327
,94.008036762499842,230.65241474954246,0,0.28597819010416659
,94.108045272656227,230.5194309405183,0.10000000000000001,0.28597819010416659
,94.208053863281293,240.07192142115292,0.10000000000000001,0.2880126953124999
,94.308062372656195,234.71707629735795,0.10000000000000001,0.2849609374999999
,94.408070921874923,232.75043996549101,0,0.2849609374999999
,94.508079510937478,227.3504605585141,0.10000000000000001,0.28394368489583327
,94.60808802031238,236.2751297361653,0.10000000000000001,0.2849609374999999
,94.708096609374934,237.15710212589073,0,0.28597819010416659
,94.808105117968807,230.32508323296508,0,0.28597819010416659
,94.908113667187536,229.91598157995253,0.10000000000000001,0.2849609374999999
,95.008122256249862,241.86974174995896,0.10000000000000001,0.2880126953124999
,95.108130765624992,237.92652425020702,0,0.28699544270833327
,95.208139354687546,230.92863541386993,0.10000000000000001,0.28699544270833327
,95.308147867968728,238.41908136170645,0.10000000000000001,0.28699544270833327
,95.408156421093736,234.21502229010355,0.10000000000000001,0.2849609374999999
,95.508165014062342,234.87078710221539,0,0.2849609374999999
,95.608173526562496,230.73425459893542,0,0.28597819010416659
,95.708182119531102,231.47093867280836,0.10000000000000001,0.28597819010416659
,95.808190632812511,243.2163891439223,0,0.28902994791666659
,95.908199185937519,233.10882208684501,0,0.28597819010416659
,96.008207778906126,233.41604912442625,0.10000000000000001,0.28699544270833327
,96.108216291406279,243.88484182533176,0.10000000000000001,0.28902994791666659
,96.208224882812374,239.25049570326883,0,0.28699544270833327
,96.308233390624991,231.85983514837488,0.10000000000000001,0.28597819010416659
,96.408241938281208,238.91173738687064,0.10000000000000001,0.28597819010416659
,96.508250526562506,237.33148325063513,0.10000000000000001,0.2849609374999999
,96.608259034374896,239.28129422683395,0,0.28699544270833327
,96.708267622656194,233.12930267301886,0,0.28699544270833327
,96.808276130468812,234.27649269820461,0.10000000000000001,0.28699544270833327
,96.908284678125028,244.55347211491949,0,0.28902994791666659
,97.008293266406099,235.80350812120429,0,0.28699544270833327
,97.108301774218717,235.5574809772616,0.10000000000000001,0.28699544270833327
,97.208310364062527,245.89126324402844,0.10000000000000001,0.28902994791666659
,97.308318873437429,240.48273680580223,0,0.28597819010416659
,97.408327423437413,233.13954303127525,0.10000000000000001,0.28597819010416659
,97.508336013281223,241.84918787774041,0.10000000000000001,0.28699544270833327
,97.608344522656125,241.59227879362885,0.10000000000000001,0.28699544270833327
,97.708353112499935,242.26029753633912,0,0.2880126953124999
,97.808361621875065,235.71124502342491,0,0.2880126953124999
,97.908370171875049,235.39347672181344,0.10000000000000001,0.28699544270833327
,98.008378761718632,247.3121495231436,0.10000000000000001,0.28902994791666659
,98.108387271093761,243.45289821575261,0,0.2880126953124999
,98.2083958617186,236.67505442410129,0.10000000000000001,0.28902994791666659
,98.308404373437497,243.85398624939273,0.10000000000000001,0.2880126953124999
,98.408412924218737,240.52382209790659,0,0.28597819010416659
,98.508421515625059,235.87527072931431,0.10000000000000001,0.28699544270833327
,98.608430026562473,245.97361187721856,0.10000000000000001,0.2880126953124999
,98.708438617968795,243.74085237540783,0.10000000000000001,0.28699544270833327
,98.808447128906209,244.87241971870003,0,0.29004720052083327
,98.908455679687449,236.55199368217529,0,0.2880126953124999
,99.008464271093771,238.60381578769568,0.10000000000000001,0.28902994791666659
,99.108472782031185,249.81605273003686,0,0.2910644531249999
,99.208481372656252,240.25677989584352,0,0.28902994791666659
,99.30848988281241,240.43138114999272,0.10000000000000001,0.29004720052083327
,99.40849843359365,248.05379412361151,0.10000000000000001,0.28902994791666659
,99.508507024218716,244.35800800035304,0,0.28699544270833327
,99.608515534374874,239.96922824581299,0.10000000000000001,0.28902994791666659
,99.70852412499994,247.40484340785144,0.10000000000000001,0.28902994791666659
,99.808532635156098,247.06498219070096,0.10000000000000001,0.29004720052083327
,99.908541185156309,246.11772839171692,0,0.29004720052083327
,100.00854977578115,239.00412139126036,0.10000000000000001,0.28902994791666659
,100.10855828281251,248.29075334406332,0.10000000000000001,0.2910644531249999
,100.20856686875004,247.97137862314042,0,0.2910644531249999
,100.30857537499992,239.01438649492081,0.10000000000000001,0.2880126953124999
,100.40858392109362,247.83745905171372,0.10000000000000001,0.28902994791666659
,100.50859250781241,246.92081224611712,0,0.2880126953124999
,100.60860101406251,241.98279107898992,0.10000000000000001,0.28902994791666659
,100.70860960000005,251.032808666883,0.10000000000000001,0.29004720052083327
,100.80861810624992,249.5892624444852,0.10000000000000001,0.29004720052083327
,100.90862665234363,248.04349204208904,0,0.29004720052083327
,101.00863523828116,243.4734652753724,0.10000000000000001,0.2910644531249999
,101.10864375156234,250.41404869894421,0.10000000000000001,0.2910644531249999
,101.20865234531243,250.73372317117065,0,0.29208170572916659
,101.30866085937487,242.79484135275487,0.10000000000000001,0.29004720052083327
,101.40866941328113,248.81626210835338,0.10000000000000001,0.28902994791666659
,101.50867800703122,250.14596465051409,0,0.29004720052083327
,101.6086865203124,244.90328775064586,0,0.29004720052083327
,101.70869511406249,246.3236232599553,0,0.2910644531249999
,101.80870362734368,249.78512562193168,0.10000000000000001,0.29208170572916659
,101.90871218124994,257.01121270792368,0,0.29208170572916659
,102.00872077578128,249.24911399731695,0,0.29309895833333327
,102.10872928906247,248.86778831217759,0.10000000000000001,0.29309895833333327
,102.20873788281256,256.30840384265821,0.10000000000000001,0.2941162109374999
,102.30874639609374,253.08606581069415,0,0.29309895833333327
,102.40875494921875,244.52260835391189,0.10000000000000001,0.2910644531249999
,102.50876354296861,252.1882155146705,0.10000000000000001,0.2910644531249999
,102.60877205625002,254.52118614901394,0,0.29309895833333327
,102.70878064999988,247.11647342150928,0,0.29208170572916659
,102.80878916328129,249.21819361450827,0,0.2941162109374999
,102.90879771718755,250.38311452512147,0.10000000000000001,0.29309895833333327
,103.00880626796879,259.05863778959247,0,0.29513346354166659
,103.10881485859363,251.06375048406221,0,0.29513346354166659
,103.20882340859362,249.95007442849356,0.10000000000000001,0.29513346354166659
,103.30883191875,257.53843637694825,0.10000000000000001,0.29513346354166659
,103.40884046874999,254.17007897030254,0,0.2941162109374999
,103.50884901874997,246.23096851255383,0.10000000000000001,0.29208170572916659
,103.60885760937504,256.14306306839524,0.10000000000000001,0.29513346354166659
,103.70886615937502,256.76314211360648,0,0.29513346354166659
,103.80887466953118,248.80595699039043,0,0.29513346354166659
,103.90888321953116,249.40372142174078,0,0.29513346354166659
,104.00889176718738,252.26044515945887,0.10000000000000001,0.29615071614583327
,104.10890035546868,260.89016843067151,0,0.2971679687499999
,104.20890890312489,252.69386416687837,0,0.2971679687499999
,104.30891741093751,250.56872503734968,0.10000000000000001,0.29615071614583327
,104.40892595859373,257.32133216590142,0.10000000000000001,0.29513346354166659
,104.50893450624994,256.50475890374366,0,0.29513346354166659
,104.60894309453101,250.34186952749303,0.10000000000000001,0.29513346354166659
,104.70895164218723,257.90031431290635,0.10000000000000001,0.2971679687499999
,104.80896014921859,258.29326339836598,0,0.29818522135416659
,104.90896869921858,248.67199418334638,0,0.29513346354166659
,105.00897725156233,251.14626377167497,0,0.2971679687499999
,105.10898584375013,253.56091304974035,0.10000000000000001,0.2971679687499999
,105.20899439609389,261.9254478569531,0,0.2971679687499999
,105.30900290859358,253.25122053703569,0,0.29615071614583327
,105.40901146093734,250.70278523218605,0.10000000000000001,0.29513346354166659
,105.50902001328109,260.15534554843742,0.10000000000000001,0.29513346354166659
,105.60902860546889,259.88630263693909,0,0.2971679687499999
,105.70903715781265,251.40413442333011,0.10000000000000001,0.29615071614583327
,105.80904566953109,260.46581113396098,0.10000000000000001,0.29818522135416659
,105.9090542226561,257.92099446859675,0,0.2971679687499999
,106.00906277421859,250.72341048440029,0.10000000000000001,0.2971679687499999
,106.1090713664064,260.72455813156068,0.10000000000000001,0.29920247395833327
,106.20907991875015,259.35863840909246,0.10000000000000001,0.29818522135416659
,106.30908843046859,256.5771037659822,0,0.29615071614583327
,106.40909698203109,250.30062517856129,0.10000000000000001,0.29615071614583327
,106.50910553437484,258.03473805814764,0.10000000000000001,0.29513346354166659
,106.60911412656264,259.76213754303916,0,0.2971679687499999
,106.70912267812514,254.10812361035573,0,0.2971679687499999
,106.80913118984358,254.21138333263423,0.10000000000000001,0.2971679687499999
,106.90913974062482,263.94529760389571,0.10000000000000001,0.29818522135416659
,107.00914829218732,262.44322581442799,0,0.2971679687499999
,107.10915688359387,254.28366748491726,0.10000000000000001,0.2971679687499999
,107.20916543437511,262.74357899180131,0.10000000000000001,0.29818522135416659
,107.3091739453123,260.19673901445435,0.10000000000000001,0.29615071614583327
,107.40918249609354,257.6418252835424,0,0.29513346354166659
,107.50919104765603,253.41638543313451,0.10000000000000001,0.29615071614583327
,107.60919963906258,263.10611506540141,0.10000000000000001,0.29615071614583327
,107.70920818984382,261.95651194482036,0,0.29615071614583327
,107.8092166992185,256.80448566888646,0.10000000000000001,0.2971679687499999
,107.90922524765642,263.30293902102807,0.10000000000000001,0.29615071614583327
,108.00923379531264,263.3443773127857,0,0.29818522135416659
,108.10924238359371,256.78381381400771,0.10000000000000001,0.2971679687499999
,108.20925093203118,264.42197576352453,0.10000000000000001,0.2971679687499999
,108.3092594398438,262.97145360228205,0,0.2971679687499999
,108.40926798750002,253.8499915789713,0,0.2941162109374999
,108.50927653593749,255.8640730591473,0.10000000000000001,0.2941162109374999
,108.60928512421856,269.13058390072325,0,0.2971679687499999
,108.70929367187478,259.14139340602986,0,0.29513346354166659
,108.8093021812499,260.23813307949126,0.10000000000000001,0.2971679687499999
,108.90931073124989,268.69468640953323,0,0.2971679687499999
,109.00931928124987,259.59659250688367,0,0.29615071614583327
,109.10932787187517,260.93157249349679,0.10000000000000001,0.2971679687499999
,109.20933642187515,268.89187070937834,0,0.2971679687499999
,109.30934493203108,258.35531302637912,0,0.29513346354166659
,109.40935348203107,257.77623659232495,0.10000000000000001,0.2941162109374999
,109.50936203203105,266.47462486572033,0.10000000000000001,0.2941162109374999
,109.60937062187509,266.03909867455701,0,0.29513346354166659
,109.70937917187507,259.94838721201756,0.10000000000000001,0.29513346354166659
,109.80938768593728,266.92058468831937,0.10000000000000001,0.29615071614583327
,109.9093962406248,265.37555915250709,0,0.29513346354166659
,110.00940479453106,258.87244651100053,0.10000000000000001,0.29513346354166659
,110.10941338828138,266.08057469072241,0.10000000000000001,0.29513346354166659
,110.20942194218765,266.58870146462709,0,0.29615071614583327
,110.30943045624986,257.59013035086861,0,0.2941162109374999
,110.40943901015612,257.86929436621671,0.10000000000000001,0.29309895833333327
,110.50944756406238,269.006035648823,0.10000000000000001,0.2941162109374999
,110.6094561585935,267.26287659989936,0.10000000000000001,0.29309895833333327
,110.70946471171851,267.30436909735977,0,0.2941162109374999
,110.80947322265615,260.85911577399207,0.10000000000000001,0.29513346354166659
,110.90948177343739,266.85835386405358,0.10000000000000001,0.2941162109374999
,111.00949032499989,267.03467778730601,0,0.2941162109374999
,111.10949891640598,259.82421941367932,0.10000000000000001,0.29309895833333327
,111.20950746718768,268.23809634361817,0.10000000000000001,0.2941162109374999
,111.30951597812486,266.28796320520405,0,0.29309895833333327
,111.40952452968736,257.97269552692433,0.10000000000000001,0.29004720052083327
,111.5095330804686,267.80232223461542,0.10000000000000001,0.29208170572916659
,111.60954167187515,268.32110779730999,0,0.29208170572916659
,111.7095502242189,261.22141757209977,0,0.2910644531249999
,111.8095587367186,264.41161238712363,0.10000000000000001,0.29208170572916659
,111.90956728906235,271.69527409040313,0,0.29208170572916659
,112.0095758414061,264.2250777442074,0,0.29208170572916659
,112.10958443437517,264.68107180885278,0.10000000000000001,0.29208170572916659
,112.20959298671892,272.37052732867647,0,0.29208170572916659
,112.30960149921862,263.62410094306671,0,0.29004720052083327
,112.40961005156237,262.31895074024828,0.10000000000000001,0.28902994791666659
,112.50961860390612,270.9682329883326,0.10000000000000001,0.28902994791666659
,112.60962719687473,270.65669344081965,0,0.29004720052083327
,112.70963574843768,263.08539751715784,0.10000000000000001,0.28902994791666659
,112.80964426015612,271.26941616825997,0.10000000000000001,0.2910644531249999
,112.90965281171862,269.71187344210136,0,0.29004720052083327
,113.00966136328111,262.5675061596674,0.10000000000000001,0.28902994791666659
,113.10966995468766,270.97861815304168,0.10000000000000001,0.29004720052083327
,113.20967850625016,270.25173671732961,0,0.29004720052083327
,113.30968701718734,261.87367511324123,0.10000000000000001,0.2880126953124999
,113.40969556874984,269.49387746662285,0.10000000000000001,0.2880126953124999
,113.50970412031234,268.94376335439671,0,0.28699544270833327
,113.60971271171888,264.39088574184007,0.10000000000000001,0.2880126953124999
,113.70972126093761,273.0667009510521,0.10000000000000001,0.2880126953124999
,113.80972976953103,271.77837474467646,0,0.2880126953124999
,113.9097383179685,263.61374033818839,0,0.28699544270833327
,114.00974686640598,265.83172704238865,0.10000000000000001,0.28699544270833327
,114.10975545546876,275.30165683880966,0,0.2880126953124999
,114.20976400468749,267.67782649158949,0,0.27682291666666659
,114.30977251328136,265.70731083180755,0.10000000000000001,0.2849609374999999
,114.40978106171883,273.21218831634513,0.10000000000000001,0.2849609374999999
,114.5097896101563,271.93419410924213,0,0.2849609374999999
,114.60979819765612,265.19933082941475,0.10000000000000001,0.28394368489583327
,114.70980674374982,273.40964549534016,0.10000000000000001,0.2849609374999999
,114.80981525078118,273.52396808220271,0,0.28597819010416659
,114.90982379687489,263.72770897935692,0.10000000000000001,0.28394368489583327
,115.00983234374985,273.50318187012334,0.10000000000000001,0.2849609374999999
,115.10984093046886,272.89004618200306,0.10000000000000001,0.2849609374999999
,115.20984947656257,271.18632838261334,0.10000000000000001,0.2849609374999999
,115.30985798281267,270.70861462716636,0.10000000000000001,0.28394368489583327
,115.40986652968763,268.79846608918774,0.10000000000000001,0.2819091796874999
,115.50987507578134,269.34855507349431,0.10000000000000001,0.2819091796874999
,115.60988366640618,272.59910567302404,0,0.28394368489583327
,115.70989221640616,265.68657529093628,0,0.28292643229166659
,115.80990072656255,268.27960179654832,0.10000000000000001,0.28394368489583327
,115.90990927734379,278.19362701594355,0,0.2849609374999999
,116.00991782734377,269.09944638017157,0,0.28394368489583327
,116.10992641796861,270.00255779723733,0,0.2849609374999999
,116.20993496874985,271.11362830058658,0.10000000000000001,0.28394368489583327
,116.30994347890623,278.12077905087693,0,0.28394368489583327
,116.40995202968747,268.59091013596986,0,0.28292643229166659
,116.50996057968746,267.47034462900064,0.10000000000000001,0.28089192708333327
,116.6099691703123,278.48503338007828,0.10000000000000001,0.28394368489583327
,116.70997772031228,276.19604380120865,0,0.28292643229166659
,116.80998623046867,267.72969911460729,0.10000000000000001,0.28292643229166659
,116.90999478124991,275.48883521423926,0.10000000000000001,0.28394368489583327
,117.01000333124989,274.36591643725552,0,0.28292643229166659
,117.11001192109393,267.41847632346725,0.10000000000000001,0.28292643229166659
,117.21002047187517,277.08025343763956,0.10000000000000001,0.2849609374999999
,117.3100289820311,273.65908156821558,0,0.2819091796874999
,117.41003753203108,265.77988633708702,0.10000000000000001,0.28089192708333327
,117.51004608359358,275.74882181424692,0.10000000000000001,0.28292643229166659
,117.6100546773439,275.4264413064713,0,0.2819091796874999
,117.7100632304689,269.07868820255732,0.10000000000000001,0.28292643229166659
,117.81007174374986,277.93346239266072,0.10000000000000001,0.28394368489583327
,117.91008029765612,274.53225174513182,0,0.2819091796874999
,118.01008885078113,269.80530482960211,0.10000000000000001,0.28394368489583327
,118.11009744374974,277.7461553783973,0.10000000000000001,0.28394368489583327
,118.210105997656,276.27925414978199,0,0.28394368489583327
,118.31011451093741,269.49387746662285,0,0.28292643229166659
,118.41012306406242,268.05132859246982,0.10000000000000001,0.28089192708333327
,118.51013161171863,279.06791535607442,0.10000000000000001,0.2819091796874999
,118.6101401992189,279.1511917060152,0,0.28394368489583327
,118.71014874609386,270.65669344081965,0.10000000000000001,0.2819091796874999
,118.81015725312477,279.76541223828985,0.10000000000000001,0.2849609374999999
,118.91016580078099,277.49642774638079,0,0.28292643229166659
,119.0101743476564,270.0337041086222,0.10000000000000001,0.28292643229166659
,119.11018293515622,280.10900317327304,0.10000000000000001,0.2849609374999999
,119.21019148203118,277.34035674145105,0,0.28394368489583327
,119.31019998906254,269.19285985624856,0,0.2819091796874999
,119.41020853671876,270.58400517443522,0.10000000000000001,0.2819091796874999
,119.51021708046869,279.91117426398762,0,0.28089192708333327
,119.61022566484348,274.63621539781855,0,0.28292643229166659
,119.71023420859387,274.43868714357825,0.10000000000000001,0.28292643229166659
,119.81024271249976,282.79632081328441,0.10000000000000001,0.28394368489583327
,119.91025125625015,280.01529345012034,0,0.28394368489583327
,120.01025980000009,272.79652683302334,0.10000000000000001,0.28394368489583327
,120.11026838437488,280.32766821875839,0.10000000000000001,0.2849609374999999
,120.21027692812481,280.35890711170146,0,0.2849609374999999
,120.31028543203115,270.3348006330761,0.10000000000000001,0.2819091796874999
,120.41029397578109,277.83980767815376,0.10000000000000001,0.2819091796874999
,120.51030252031228,277.72534408453623,0.10000000000000001,0.2819091796874999
,120.61031110546878,278.00630661543795,0.10000000000000001,0.2819091796874999
,120.71031965078123,278.91177723878218,0,0.28292643229166659
,120.81032815546882,273.27454196718855,0,0.28292643229166659
,120.91033670000002,272.42247557621846,0.10000000000000001,0.28089192708333327
,121.01034524531246,284.8911918716438,0.10000000000000001,0.2849609374999999
,121.11035382968726,281.79617155129836,0,0.28292643229166659
,121.21036237500016,274.08524389791626,0.10000000000000001,0.28292643229166659
,121.3103708796873,281.28577716820098,0.10000000000000001,0.28292643229166659
,121.41037942812477,278.12077905087693,0,0.28089192708333327
,121.5103879773435,272.45364491357759,0,0.28089192708333327
,121.61039656640628,276.1856426453632,0.10000000000000001,0.28292643229166659
,121.71040511562501,285.3290611684136,0,0.28292643229166659
,121.81041362421888,278.17281316338102,0,0.28394368489583327
,121.91042217343761,276.23764873071599,0.10000000000000001,0.2819091796874999
,122.01043072265634,285.15182282341959,0.10000000000000001,0.28394368489583327
,122.11043931171866,283.3381736155464,0,0.2849609374999999
,122.21044786015614,275.0624991135636,0.10000000000000001,0.28292643229166659
,122.31045637031252,281.87950760251744,0.10000000000000001,0.28394368489583327
,122.41046492187502,280.19230265473823,0,0.2819091796874999
,122.51047347343751,272.72379136614899,0.10000000000000001,0.28089192708333327
,122.61048206484361,283.82798801379892,0.10000000000000001,0.28394368489583327
,122.7104906164061,283.04639760218458,0,0.28292643229166659
,122.81049912734375,276.74734874945705,0.10000000000000001,0.28394368489583327
,122.91050767890624,284.11982044627939,0.10000000000000001,0.28394368489583327
,123.01051622968748,283.05681780828559,0,0.28394368489583327
,123.11052482109358,276.92420050612066,0.10000000000000001,0.28394368489583327
,123.21053337265607,285.17267400351244,0.10000000000000001,0.2849609374999999
,123.3105418820312,282.02534996554539,0,0.2819091796874999
,123.41055042968742,275.35364982414416,0.10000000000000001,0.2819091796874999
,123.51055897734363,283.53617654277718,0.10000000000000001,0.2819091796874999
,123.6105675648439,284.23447461036216,0.10000000000000001,0.28292643229166659
,123.71057611328138,285.0579938020993,0,0.28394368489583327
,123.81058462031228,278.21444098705024,0,0.28292643229166659
,123.91059316874976,278.50584900644577,0.10000000000000001,0.28292643229166659
,124.01060171640643,289.9502441452625,0,0.28597819010416659
,124.11061030390624,280.6088274913875,0,0.28394368489583327
,124.21061885234371,280.83793555304874,0.10000000000000001,0.2849609374999999
,124.31062736015633,288.94840702568382,0,0.28394368489583327
,124.41063590781255,278.40177205465301,0,0.28089192708333327
,124.51064445625002,279.93199787120716,0.10000000000000001,0.28292643229166659
,124.61065304374983,290.26336269646674,0,0.28394368489583327
,124.71066159218731,281.77533781641995,0,0.28292643229166659
,124.81067009999992,282.86925825684881,0,0.2849609374999999
,124.91067864765614,281.72325396606817,0.10000000000000001,0.28292643229166659
,125.01068719531236,292.07985728154819,0.10000000000000001,0.28597819010416659
,125.11069578359388,288.80232409862924,0,0.2849609374999999
,125.21070433203136,279.77582362422629,0.10000000000000001,0.2849609374999999
,125.31071284062477,287.16443471029862,0.10000000000000001,0.2849609374999999
,125.41072138906225,284.88076697319144,0,0.28292643229166659
,125.51072993828143,278.07915229494347,0.10000000000000001,0.28292643229166659
,125.61073852734376,289.1257997466044,0.10000000000000001,0.28597819010416659
,125.71074707578123,287.32089475073263,0,0.28394368489583327
,125.81075558515636,281.6503377450619,0,0.2849609374999999
,125.91076413359383,282.19203359521981,0.10000000000000001,0.2849609374999999
,126.01077268281256,291.73529712156773,0,0.28597819010416659
,126.11078127187488,284.81821813234546,0,0.28597819010416659
,126.21078982031236,283.80714364070889,0.10000000000000001,0.28597819010416659
,126.31079832890623,290.47212001434212,0.10000000000000001,0.28597819010416659
,126.4108068773437,288.11371115227189,0,0.2849609374999999
,126.51081542499992,280.66089629976386,0.10000000000000001,0.28394368489583327
,126.61082401406225,290.76439576997683,0.10000000000000001,0.28597819010416659
,126.71083256250017,289.56409360833521,0,0.28597819010416659
,126.81084107031234,282.25454177897205,0.10000000000000001,0.28597819010416659
,126.91084961874981,290.566063824357,0.10000000000000001,0.28699544270833327
,127.01085816718728,290.45124386603231,0,0.28699544270833327
,127.11086675546881,283.44238447009008,0.10000000000000001,0.28699544270833327
,127.21087531093758,292.46621102828379,0.10000000000000001,0.28902994791666659
,127.3108838265623,288.47887154543093,0,0.28597819010416659
,127.41089238281234,281.41076550427101,0.10000000000000001,0.2849609374999999
,127.51090093828111,291.61000854961651,0.10000000000000001,0.28699544270833327
,127.61090953437474,291.02537146241536,0,0.28597819010416659
,127.71091808984352,285.31863517567336,0.10000000000000001,0.28699544270833327
,127.81092660624995,294.52378254488525,0.10000000000000001,0.28902994791666659
,127.91093516171873,290.63913252282981,0,0.28699544270833327
,128.01094371796876,285.16224840045419,0,0.2880126953124999
,128.11095231171862,286.31964793275256,0.10000000000000001,0.2880126953124999
,128.21096085937484,295.74617662911197,0,0.2880126953124999
,128.31096936718745,287.68598988924583,0,0.2880126953124999
,128.41097791484367,285.39161766927015,0.10000000000000001,0.2849609374999999
,128.51098646249989,295.22375181856273,0.10000000000000001,0.28597819010416659
,128.61099505078141,295.66258526883979,0,0.2880126953124999
,128.71100359843763,287.37304934102752,0,0.28699544270833327
,128.81101210624979,288.96927639884728,0.10000000000000001,0.2880126953124999
,128.91102065390601,297.80501120247607,0,0.28902994791666659
,129.01102920156268,289.31363484620647,0,0.2880126953124999
,129.11103779218752,290.36774019761401,0,0.29004720052083327
,129.21104634453127,291.21328278384613,0.10000000000000001,0.28902994791666659
,129.31105485625017,298.10815127910308,0,0.28902994791666659
,129.41106340859392,289.05275484860249,0,0.2880126953124999
,129.51107196093767,287.77987638681412,0.10000000000000001,0.28597819010416659
,129.61108055312502,299.11176065036324,0.10000000000000001,0.29004720052083327
,129.71108910546877,296.90613787394938,0,0.29004720052083327
,129.81109761796893,288.57277473607775,0.10000000000000001,0.28902994791666659
,129.91110617031268,296.0492060513443,0.10000000000000001,0.29004720052083327
,130.01111472265598,295.82976927346897,0,0.2910644531249999
,130.11112331171876,288.63537795061785,0,0.29004720052083327
,130.21113186015623,290.22161234568728,0.10000000000000001,0.2910644531249999
,130.31114036796885,298.50539305377288,0,0.29004720052083327
,130.41114891640632,288.51017239128305,0,0.2880126953124999
,130.51115746484379,289.61627423130597,0.10000000000000001,0.28902994791666659
,130.61116605312486,300.00051230694123,0,0.29004720052083327
,130.71117460156233,291.79794261677,0,0.29004720052083327
,130.81118310937495,292.3513459490801,0.10000000000000001,0.2910644531249999
,130.91119165781242,298.72493284446119,0,0.28902994791666659
,131.01120020546864,292.15294891342324,0,0.29004720052083327
,131.11120879062514,292.28869339251514,0.10000000000000001,0.29004720052083327
,131.21121733593759,300.92076512948972,0.10000000000000001,0.2910644531249999
,131.31122584062473,297.53324391746725,0,0.29004720052083327
,131.41123438593763,288.78145549319163,0.10000000000000001,0.2880126953124999
,131.51124293046882,296.23730170028415,0.10000000000000001,0.2880126953124999
,131.61125151562487,298.6517520145407,0,0.2910644531249999
,131.71126006093732,291.21328278384613,0,0.28902994791666659
,131.81126856562491,292.88392456950135,0.10000000000000001,0.2910644531249999
,131.91127711093736,302.42691513260513,0,0.2910644531249999
,132.01128565859358,293.47922632833206,0,0.29004720052083327
,132.1112942468751,294.35663943070733,0.10000000000000001,0.2910644531249999
,132.21130279609383,303.31611965312794,0,0.29208170572916659
,132.31131130468725,292.37223031090213,0,0.28902994791666659
,132.41131985312518,292.05897415772847,0,0.29004720052083327
,132.51132840156265,293.14501320808512,0.10000000000000001,0.2880126953124999
,132.61133699062498,304.57165732627271,0,0.2910644531249999
,132.71134553906245,296.08055487969523,0,0.2910644531249999
,132.81135404765632,294.70137793106562,0.10000000000000001,0.2910644531249999
,132.9113625960938,302.82442773935799,0.10000000000000001,0.2910644531249999
,133.01137114531252,300.61748525350805,0,0.29208170572916659
,133.11137973359359,292.3304616753764,0.10000000000000001,0.2910644531249999
,133.21138828203107,301.52736758141685,0.10000000000000001,0.29309895833333327
,133.31139679062494,297.89908746785795,0,0.2910644531249999
,133.41140533984367,290.20073730970256,0,0.28902994791666659
,133.51141388828114,292.94658460801082,0.10000000000000001,0.29004720052083327
,133.61142247656267,304.17404686991335,0.10000000000000001,0.2910644531249999
,133.71143102578139,301.92482716346984,0,0.29208170572916659
,133.81143953437481,295.05658659765021,0.10000000000000001,0.29208170572916659
,133.91144808281229,300.3455914285766,0.10000000000000001,0.2910644531249999
,134.01145663437478,300.64885836684272,0,0.29309895833333327
,134.11146522578133,294.51333594416406,0,0.29208170572916659
,134.21147377656257,294.13727220682307,0.10000000000000001,0.2910644531249999
,134.31148228828101,304.04849015845792,0.10000000000000001,0.29208170572916659
,134.41149083906225,299.9586858280432,0.10000000000000001,0.29004720052083327
,134.51149939062475,299.40451166864767,0,0.29004720052083327
,134.6115079820313,295.56854652731687,0.10000000000000001,0.29208170572916659
,134.71151653359379,302.43737569485711,0.10000000000000001,0.2910644531249999
,134.81152504453098,302.90811752858053,0,0.29208170572916659
,134.91153359453142,295.49540641307925,0,0.29208170572916659
,135.01154214375015,295.9342618798841,0.10000000000000001,0.29208170572916659
,135.11155073281247,307.31363806064104,0,0.2941162109374999
,135.2115592820312,298.23359315368276,0,0.29309895833333327
,135.31156779140633,295.41181892385106,0.10000000000000001,0.29004720052083327
,135.41157634062506,304.86464711251062,0.10000000000000001,0.2910644531249999
,135.51158488984379,301.7051755013602,0.10000000000000001,0.29004720052083327
,135.61159347968737,302.84535009180439,0,0.2910644531249999
,135.7116020289061,297.17787533756967,0,0.29208170572916659
,135.81161053828123,297.27194133862918,0.10000000000000001,0.2910644531249999
,135.91161908749996,307.16709628144116,0,0.29309895833333327
,136.01162763749994,299.97959903238831,0,0.29208170572916659
,136.11163622734352,298.52630125593367,0.10000000000000001,0.29208170572916659
,136.21164477734351,309.28172582765126,0.10000000000000001,0.29513346354166659
,136.31165328671864,303.64044590406877,0,0.2910644531249999
,136.41166183671862,295.24464783833656,0.10000000000000001,0.29004720052083327
,136.51167038593735,304.76000658336284,0.10000000000000001,0.29208170572916659
,136.61167897578139,303.55674738875467,0.10000000000000001,0.2910644531249999
,136.71168752578137,303.91247283912577,0,0.29208170572916659
,136.8116960359373,298.86084247777899,0,0.29309895833333327
,136.91170458515603,297.35555686520786,0.10000000000000001,0.2910644531249999
,137.0117131335935,309.4806523318457,0.10000000000000001,0.2941162109374999
,137.11172172265628,307.17756346604625,0,0.2941162109374999
,137.21173027109376,298.83993310263969,0.10000000000000001,0.29309895833333327
,137.31173877968763,305.73321918210013,0.10000000000000001,0.2941162109374999
,137.4117473281251,303.24288675210136,0,0.2910644531249999
,137.51175587734383,297.12561712055339,0.10000000000000001,0.2910644531249999
,137.6117644656249,307.88936254019336,0.10000000000000001,0.2941162109374999
,137.71177301484363,305.89020047078088,0.10000000000000001,0.29309895833333327
,137.81178152109374,307.58579386227871,0,0.29615071614583327
,137.91179006406242,299.69727671799745,0,0.2941162109374999
,138.01179860624984,300.54428192357653,0.10000000000000001,0.2941162109374999
,138.11180718906257,311.57486357020662,0,0.29615071614583327
,138.21181573203125,302.79304432943769,0,0.29513346354166659
,138.31182423515634,300.64885836684272,0.10000000000000001,0.29309895833333327
,138.41183277734376,309.64817267177165,0.10000000000000001,0.2941162109374999
,138.51184132031244,306.29836645752863,0,0.29208170572916659
,138.61184990312518,301.50644931775417,0.10000000000000001,0.2941162109374999
,138.71185844609386,309.37595364144488,0.10000000000000001,0.2941162109374999
,138.81186695234351,308.42325053487258,0.10000000000000001,0.2941162109374999
,138.91187550078098,307.75327869778732,0,0.29513346354166659
,139.01188404921891,301.42277692886546,0.10000000000000001,0.2941162109374999
,139.11189263749998,309.37595364144488,0.10000000000000001,0.29513346354166659
,139.21190118515619,310.19263417555595,0,0.29615071614583327
,139.31190969296881,300.38742048796001,0,0.29309895833333327
,139.41191824140628,301.01488938200072,0.10000000000000001,0.29309895833333327
,139.51192678984376,312.36030294758621,0,0.2941162109374999
,139.61193537734357,304.9902176718461,0,0.29309895833333327
,139.71194392499979,305.70182330296376,0.10000000000000001,0.2941162109374999
,139.81195243124989,314.97882132730791,0,0.29513346354166659
,139.9119609773436,303.73460790662028,0,0.29309895833333327
,140.0119695234373,305.73321918210013,0.10000000000000001,0.29513346354166659
,140.11197810937506,314.18273236042006,0,0.29513346354166659
,140.21198665546876,304.90650373284711,0,0.2941162109374999
,140.31199516171887,304.35192257429009,0.10000000000000001,0.2941162109374999
,140.41200370703132,311.60628003965246,0.10000000000000001,0.29208170572916659
,140.51201225312502,310.05651590518698,0,0.29309895833333327
,140.61202083984358,304.96928909993426,0.10000000000000001,0.29309895833333327
,140.7120293874998,312.05659295623701,0.10000000000000001,0.29309895833333327
,140.81203789843744,312.16131958755517,0,0.29513346354166659
,140.91204644999993,303.35796736697193,0,0.29309895833333327
,141.01205500078117,305.03207498968521,0,0.2941162109374999
,141.11206359218727,308.53840709891904,0.10000000000000001,0.29513346354166659
,141.21207214374977,316.53971045835453,0,0.29513346354166659
,141.31208065468741,306.36116308370424,0,0.2941162109374999
,141.4120892062499,304.9797533786342,0.10000000000000001,0.29309895833333327
,141.5120977578124,313.40764172123357,0.10000000000000001,0.29208170572916659
,141.61210634921849,313.38669401683291,0,0.2941162109374999
,141.71211489921848,305.33554744694931,0,0.29309895833333327
,141.81212341015612,306.00532207873175,0.10000000000000001,0.2941162109374999
,141.9121319601561,316.38256629615699,0,0.29513346354166659
,142.01214051093734,307.71140718072951,0,0.2941162109374999
,142.11214910156264,307.34504020437322,0.10000000000000001,0.2941162109374999
,142.21215765234388,317.19973354269712,0.10000000000000001,0.29615071614583327
,142.31216616328106,310.97796865214315,0,0.29309895833333327
,142.4121747140623,303.80784587538704,0.10000000000000001,0.29208170572916659
,142.51218326484354,312.29746570823909,0.10000000000000001,0.29309895833333327
,142.61219185468758,311.97281237848017,0,0.29309895833333327
,142.71220040703133,306.80075315822756,0.10000000000000001,0.2941162109374999
,142.81220891874977,315.13594987969083,0.10000000000000001,0.29513346354166659
,142.91221747109353,312.28699286981555,0,0.2941162109374999
,143.01222602265602,307.35550761172789,0.10000000000000001,0.29513346354166659
,143.11223461484383,314.42364881276501,0.10000000000000001,0.29513346354166659
,143.21224316718758,313.70091344553043,0,0.29513346354166659
,143.31225167968728,305.74368450325022,0.10000000000000001,0.29309895833333327
,143.41226023124977,312.43361351117034,0.10000000000000001,0.29309895833333327
,143.51226878359353,313.07248292879478,0.10000000000000001,0.29309895833333327
,143.61227737578133,313.92087191268956,0,0.29309895833333327
,143.7122859296876,307.33457281006952,0,0.29309895833333327
,143.81229444374981,310.62194267363469,0.10000000000000001,0.29513346354166659
,143.91230299765607,317.71310371666431,0,0.2941162109374999
,144.01231155156233,310.42299250519392,0,0.2941162109374999
,144.11232014609391,311.21881683967035,0.10000000000000001,0.29513346354166659
,144.21232870000017,318.59320288784085,0,0.29513346354166659
,144.31233721406238,310.15075142719303,0,0.2941162109374999
,144.41234576796865,308.40231313846897,0.10000000000000001,0.29208170572916659
,144.51235432187491,317.13687300351626,0.10000000000000001,0.29208170572916659
,144.61236291171849,317.73405793942851,0,0.2941162109374999
,144.71237145937516,309.97275176914104,0,0.29309895833333327
,144.81237996718733,310.84183958611857,0.10000000000000001,0.2941162109374999
,144.91238851484354,320.44783057961126,0,0.29513346354166659
,145.01239706328101,310.99891174749268,0,0.2941162109374999
,145.11240565078128,311.8157255501734,0.10000000000000001,0.29513346354166659
,145.2124141984375,320.96128664923384,0,0.29615071614583327
,145.31242270625012,309.82616629075511,0,0.29309895833333327
,145.41243125468759,309.84710693573857,0.10000000000000001,0.29309895833333327
,145.51243980234381,318.95992352534557,0.10000000000000001,0.29309895833333327
,145.61244839687492,317.40927044665244,0,0.29309895833333327
,145.71245695078119,311.53297509003147,0,0.2941162109374999
,145.81246546562511,311.38636672699721,0.10000000000000001,0.2941162109374999
,145.91247401953137,320.15443221753361,0.10000000000000001,0.2941162109374999
,146.01248257421889,318.67702411391747,0,0.29513346354166659
,146.11249116875001,310.3811087697494,0.10000000000000001,0.2941162109374999
,146.21249972343753,318.60368052029196,0.10000000000000001,0.29615071614583327
,146.31250823749974,316.34066146539737,0,0.2941162109374999
,146.41251679218726,307.68000367756036,0.10000000000000001,0.29208170572916659
,146.51252534453101,317.22068711064168,0.10000000000000001,0.29309895833333327
,146.6125339335938,317.95407884089923,0,0.2941162109374999
,146.71254248203127,311.11409954059167,0,0.29309895833333327
,146.8125509914064,313.78470667904378,0.10000000000000001,0.29513346354166659
,146.91255953984387,321.64241822148091,0,0.2941162109374999
,147.0125680890626,314.15130881542456,0,0.29513346354166659
,147.11257667812492,313.7532841486738,0.10000000000000001,0.2941162109374999
,147.2125852265624,321.95679248136582,0.10000000000000001,0.29513346354166659
,147.31259373515627,318.99135705361431,0,0.2941162109374999
,147.412602284375,309.65864279203532,0.10000000000000001,0.29208170572916659
,147.51261083281247,318.37317399462012,0.10000000000000001,0.29208170572916659
,147.6126194218748,319.90295100330655,0,0.2941162109374999
,147.71262797031227,312.23462882724056,0,0.29208170572916659
,147.81263647890614,314.28747807909247,0,0.2941162109374999
,147.91264502734361,315.45021247087578,0.10000000000000001,0.29309895833333327
,148.01265357578109,324.85965386628237,0,0.2941162109374999
,148.11266216484387,316.6235213485466,0,0.29513346354166659
,148.21267071328134,314.85311982256536,0.10000000000000001,0.2941162109374999
,148.31267922187476,322.13493943336471,0.10000000000000001,0.29309895833333327
,148.41268777031223,319.04374638154195,0,0.29309895833333327
,148.51269632578101,311.2502322370247,0.10000000000000001,0.2910644531249999
,148.61270492031258,320.41639485884383,0.10000000000000001,0.29309895833333327
,148.71271347578136,320.68883918913468,0,0.29309895833333327
,148.81272199062482,313.54380269975718,0,0.29309895833333327
,148.91273054531234,313.77423249322891,0,0.29309895833333327
,149.01273909999986,316.916863079591,0.10000000000000001,0.2941162109374999
,149.11274769531224,325.76094061794731,0,0.2941162109374999
,149.21275624999976,317.74453506058188,0,0.29513346354166659
,149.31276476484368,314.45507303544895,0.10000000000000001,0.29309895833333327
,149.41277331796869,321.81008405448353,0.10000000000000001,0.29208170572916659
,149.5127818656249,320.31160943620159,0,0.29208170572916659
,149.61279045312517,313.96276921195334,0.10000000000000001,0.29208170572916659
,149.71279900000013,322.742742781255,0.10000000000000001,0.2941162109374999
,149.81280750781229,321.79960491027708,0,0.2941162109374999
,149.91281605546851,312.65354809417698,0,0.29208170572916659
,150.01282460312473,315.60734646487441,0.10000000000000001,0.2941162109374999
,150.112833190625,325.57229821041142,0.10000000000000001,0.29513346354166659
,150.21284173749996,321.53762759692364,0,0.29309895833333327
,150.31285024531257,314.79026951985537,0.10000000000000001,0.29309895833333327
,150.41285879531256,319.22187115336459,0.10000000000000001,0.2910644531249999
,150.51286734687505,318.99135705361431,0,0.2910644531249999
,150.61287593828115,315.40831037411033,0.10000000000000001,0.29208170572916659
,150.7128844906249,322.57507172143158,0.10000000000000001,0.29208170572916659
,150.81289300156254,322.49123651874299,0,0.29309895833333327
,150.91290155390629,314.55982100188618,0,0.2910644531249999
,151.01291010546879,315.35593293294772,0,0.2910644531249999
,151.11291869687489,319.17995929644428,0.10000000000000001,0.29208170572916659
,151.21292724921864,327.68930424159248,0,0.29208170572916659
,151.31293576015628,317.00067602165655,0,0.29004720052083327
,151.41294431015626,315.83781284979364,0.10000000000000001,0.29004720052083327
,151.51295285937499,324.04222021698001,0.10000000000000001,0.28902994791666659
,151.61296144843732,323.60206970887998,0,0.2910644531249999
,151.71296999765605,316.44542376328417,0.10000000000000001,0.29004720052083327
,151.81297850703118,323.56015085999525,0.10000000000000001,0.2910644531249999
,151.9129870562499,322.58555113725674,0.10000000000000001,0.29004720052083327
,152.01299560546863,321.95679248136582,0,0.29004720052083327
,152.11300419531267,315.49211469503467,0.10000000000000001,0.29004720052083327
,152.2130127445314,324.63957426603355,0.10000000000000001,0.29208170572916659
,152.31302125390607,320.91937145636189,0,0.28902994791666659
,152.4130298031248,314.15130881542456,0.10000000000000001,0.2880126953124999
,152.51303835312478,323.32959800273079,0.10000000000000001,0.2880126953124999
,152.61304694296882,323.01521005368215,0,0.2880126953124999
,152.71305549296881,317.84930662880754,0.10000000000000001,0.28902994791666659
,152.81306400234348,325.67709948989307,0.10000000000000001,0.28902994791666659
,152.91307255234392,323.20384249495868,0.10000000000000001,0.2880126953124999
,153.0130811023439,324.587174495954,0,0.28902994791666659
,153.11308969218749,316.70733270067234,0,0.2880126953124999
,153.21309824218747,318.34174151394046,0.10000000000000001,0.28902994791666659
,153.31310675234386,327.57402106505305,0,0.2880126953124999
,153.41311530234384,316.60256858255929,0,0.28292643229166659
,153.51312385312508,318.31030908838892,0.10000000000000001,0.28597819010416659
,153.61313244296866,329.31374698056675,0,0.28699544270833327
,153.7131409937499,320.09156164195474,0,0.28597819010416659
,153.81314950390629,321.21277928875332,0.10000000000000001,0.2880126953124999
,153.91315805468753,328.56964850218952,0.10000000000000001,0.28699544270833327
,154.01316660468751,325.85526199340268,0,0.28699544270833327
,154.11317519531235,319.07518004649268,0,0.2880126953124999
,154.21318374609359,318.40460653024792,0.10000000000000001,0.28699544270833327
,154.31319225546872,327.27009285112484,0.10000000000000001,0.28597819010416659
,154.4132008054687,323.97934129249569,0,0.2849609374999999
,154.51320935546869,315.73305493487089,0.10000000000000001,0.28292643229166659
,154.61321794609353,326.54695506441539,0.10000000000000001,0.2849609374999999
,154.71322649609351,325.18453484453721,0,0.28394368489583327
,154.8132350062499,318.27887671814551,0.10000000000000001,0.2849609374999999
,154.91324355624988,326.3687912492602,0.10000000000000001,0.2849609374999999
,155.01325210703112,325.24741523551393,0,0.2849609374999999
,155.11326069687516,318.64559110961585,0,0.2849609374999999
,155.21326924687514,320.02869124676209,0.10000000000000001,0.2849609374999999
,155.31327775468731,327.448257632722,0,0.28292643229166659
,155.41328630234352,319.44190985306426,0,0.28292643229166659
,155.51329485078099,319.41047560519672,0.10000000000000001,0.2819091796874999
,155.61330343828126,329.91111875143196,0,0.28292643229166659
,155.71331198593748,322.3550047909045,0,0.28394368489583327
,155.8133204937501,321.49571146120314,0.10000000000000001,0.28292643229166659
,155.91332904140631,329.73295561025083,0.10000000000000001,0.28394368489583327
,156.01333758984379,327.63690279472672,0,0.28394368489583327
,156.1133461773436,319.46286604544423,0.10000000000000001,0.28292643229166659
,156.21335472812484,327.99323268759537,0.10000000000000001,0.2849609374999999
,156.31336323906248,325.05877425419641,0,0.2819091796874999
,156.41337179062498,316.47685259590327,0.10000000000000001,0.27987467447916659
,156.51338034218747,325.87622231389213,0.10000000000000001,0.28089192708333327
,156.61338893359357,326.74607963181518,0,0.28089192708333327
,156.71339748515607,320.28017390407854,0,0.28089192708333327
,156.81340599609371,323.03616916420987,0.10000000000000001,0.28292643229166659
,156.9134145476562,330.49800636497264,0,0.2819091796874999
,157.01342309843744,322.67986603276796,0,0.2819091796874999
,157.11343168984354,322.96281233252591,0.10000000000000001,0.2819091796874999
,157.21344023828101,331.04296889987421,0,0.2819091796874999
,157.31344874531237,321.47475341800742,0,0.27987467447916659
,157.41345729218733,320.5526166254225,0,0.2788574218749999
,157.51346583906229,321.46427440259907,0.10000000000000001,0.27784016927083327
,157.61347442656256,334.06110091067762,0,0.2819091796874999
,157.71348297421878,324.22037765166812,0,0.27987467447916659
,157.81349148125014,323.25624057092165,0.10000000000000001,0.28089192708333327
,157.9135000281251,332.32151229271199,0.10000000000000001,0.2819091796874999
,158.01350857578132,328.12947647517831,0,0.28089192708333327
,158.11351716249987,321.39092141090225,0.10000000000000001,0.28089192708333327
,158.2135257117186,329.63863381208847,0.10000000000000001,0.2819091796874999
,158.31353422031248,326.19062772461717,0,0.27987467447916659
,158.41354276874995,319.37904140633225,0.10000000000000001,0.27987467447916659
,158.51355131796868,327.50065905797578,0.10000000000000001,0.27987467447916659
,158.613559907031,328.05611443723535,0,0.28089192708333327
,158.71356845546848,322.80561964924016,0,0.28089192708333327
,158.81357696406235,323.65446833228043,0.10000000000000001,0.28089192708333327
,158.91358551328108,331.95472076121217,0,0.2819091796874999
,159.01359406171855,325.01685411575977,0,0.2819091796874999
,159.11360264921882,323.52871175268336,0.10000000000000001,0.28089192708333327
,159.21361119609378,333.64193156326127,0.10000000000000001,0.28292643229166659
,159.31361970312514,328.64301045188336,0,0.28089192708333327
,159.4136282500001,319.54669103088634,0.10000000000000001,0.2788574218749999
,159.51363679687506,329.63863381208847,0.10000000000000001,0.27987467447916659
,159.61364538359362,329.63863381208847,0.10000000000000001,0.28089192708333327
,159.71365393046858,328.00371297931679,0,0.27987467447916659
,159.81366243749994,323.57063056803668,0.10000000000000001,0.2819091796874999
,159.9136709843749,329.73295561025083,0.10000000000000001,0.27987467447916659
,160.01367953124986,329.74343580444724,0,0.28089192708333327
,160.11368811875013,323.64398860209872,0,0.28089192708333327
,160.21369666718761,323.94790186431891,0.10000000000000001,0.28089192708333327
,160.31370517421851,333.5580969860261,0,0.28089192708333327
,160.41371372265598,323.87454328813931,0,0.2788574218749999
,160.51372227031266,323.27719982229502,0.10000000000000001,0.27784016927083327
,160.61373085859373,336.13588955774236,0.10000000000000001,0.28089192708333327
,160.71373940624994,331.90232170954675,0,0.2788574218749999
,160.81374791406256,325.11117446861624,0.10000000000000001,0.27987467447916659
,160.91375646171878,332.3529514123893,0.10000000000000001,0.27987467447916659
,161.01376501015625,330.7600081893807,0,0.27987467447916659
,161.11377359921858,325.66661935532534,0.10000000000000001,0.28089192708333327
,161.21378214921856,334.15541317331952,0.10000000000000001,0.2819091796874999
,161.31379065859369,329.97399977545604,0,0.2788574218749999
,161.41379920781242,323.89550286844911,0.10000000000000001,0.2788574218749999
,161.51380775703115,331.92328133780416,0.10000000000000001,0.2788574218749999
,161.61381634687473,332.04903889312112,0.10000000000000001,0.2788574218749999
,161.71382489609391,333.18083861578708,0,0.27987467447916659
,161.81383340624984,325.77142076529282,0,0.27987467447916659
,161.91384195546857,325.98102399443667,0.10000000000000001,0.2788574218749999
,162.01385050624981,337.95902254068812,0,0.2819091796874999
,162.11385909921887,328.71637237981383,0,0.27987467447916659
,162.21386765312513,329.44998995874835,0.10000000000000001,0.28089192708333327
,162.31387616640609,336.82744311561112,0,0.27987467447916659
,162.4138847195311,326.80896113366981,0,0.27784016927083327
,162.51389327343736,328.38100340477263,0.10000000000000001,0.2788574218749999
,162.61390186640642,338.54573889043132,0,0.27987467447916659
,162.71391042031223,329.84823768237459,0,0.27987467447916659
,162.81391893359364,330.94864881613728,0,0.2819091796874999
,162.91392748671865,329.58623277507985,0,0.27987467447916659
,163.01393603749989,331.2735284230086,0.10000000000000001,0.28089192708333327
,163.11394462890598,341.20663613401183,0,0.28292643229166659
,163.21395317968768,329.68055462233724,0,0.27987467447916659
,163.31396169062486,327.584501352779,0.10000000000000001,0.27987467447916659
,163.4139702414061,335.84249626497893,0.10000000000000001,0.27987467447916659
,163.51397879218734,332.02807932633715,0,0.27784016927083327
,163.61398738359389,327.98275239584365,0.10000000000000001,0.27987467447916659
,163.71399593437513,335.44431340828646,0.10000000000000001,0.27987467447916659
,163.81400444531232,335.37096317555807,0.10000000000000001,0.28089192708333327
,163.91401299687482,334.22876693499376,0,0.28089192708333327
,164.01402154531229,326.84040189446819,0.10000000000000001,0.27987467447916659
,164.11403013437507,336.62836194191772,0.10000000000000001,0.2819091796874999
,164.21403868281254,335.18234723807359,0,0.28089192708333327
,164.31404719140642,326.37927146596007,0.10000000000000001,0.2788574218749999
,164.41405574062514,334.89942055730961,0.10000000000000001,0.27987467447916659
,164.51406428906262,333.90391311020795,0,0.2788574218749999
,164.61407287812494,329.15654336222178,0.10000000000000001,0.27987467447916659
,164.71408142656242,338.60860013159635,0.10000000000000001,0.28089192708333327
,164.81408993515629,336.79600937980916,0.10000000000000001,0.28089192708333327
,164.91409848281251,335.31857001088014,0,0.28089192708333327
,165.01410702656244,329.05174085222694,0.10000000000000001,0.28089192708333327
,165.11411561171849,338.09522636121892,0.10000000000000001,0.2819091796874999
,165.21412415625014,337.86472696066141,0,0.2819091796874999
,165.31413266015602,329.38710860342792,0,0.27987467447916659
,165.41414120468767,329.30326674519199,0.10000000000000001,0.2788574218749999
,165.51414974921886,341.15426111363132,0,0.28089192708333327
,165.61415833359365,333.88295467204688,0,0.28089192708333327
,165.71416687812484,333.51617961169279,0.10000000000000001,0.28089192708333327
,165.81417538203118,343.90888558043207,0.10000000000000001,0.28292643229166659
,165.91418393046865,338.14761215822887,0.10000000000000001,0.28089192708333327
,166.01419247968738,337.72852133870106,0,0.2819091796874999
,166.11420106875016,331.14776880556622,0.10000000000000001,0.2819091796874999
,166.21420961718763,339.7400596557676,0.10000000000000001,0.28292643229166659
,166.31421812578105,336.78553145666547,0,0.28089192708333327
,166.41422667499978,328.72685265332245,0.10000000000000001,0.27987467447916659
,166.51423522343725,339.03814538514325,0.10000000000000001,0.28089192708333327
,166.61424381250004,339.99148361354656,0,0.28089192708333327
,166.71425236093751,332.86645333648903,0,0.28089192708333327
,166.81426086953138,335.10899619224608,0.10000000000000001,0.28292643229166659
,166.91426941640634,343.40618862747715,0.10000000000000001,0.2819091796874999
,167.0142779632813,341.46850809010868,0,0.28292643229166659
,167.11428655078112,334.90989938137886,0,0.28394368489583327
,167.21429509765608,334.06110091067762,0.10000000000000001,0.2819091796874999
,167.31430360390618,343.08151825872955,0.10000000000000001,0.2819091796874999
,167.41431215078114,340.38956256589171,0,0.2819091796874999
,167.5143206976561,331.94424095594877,0.10000000000000001,0.27987467447916659
,167.61432928515637,343.31193043982688,0.10000000000000001,0.28394368489583327
,167.71433783203133,342.12840161033921,0,0.28292643229166659
,167.81434633906224,334.63744853988385,0.10000000000000001,0.28292643229166659
,167.91435488437514,342.65210152349232,0.10000000000000001,0.28394368489583327
,168.01436343046885,342.36930638685595,0.10000000000000001,0.28394368489583327
,168.11437201640615,340.91333335549018,0,0.28394368489583327
,168.21438056249985,335.53862050792242,0.10000000000000001,0.2849609374999999
,168.3143890679687,341.6361033579613,0.10000000000000001,0.28394368489583327
,168.41439761406241,340.13814557482084,0,0.28292643229166659
,168.51440616015611,334.77367432648083,0.10000000000000001,0.28292643229166659
,168.61441474609387,344.09739103245812,0.10000000000000001,0.28292643229166659
,168.71442329218758,343.82510433672786,0,0.24630533854166659
,168.81443180234351,338.40953870971208,0,0.2941162109374999
,168.91444035468726,335.97871507595221,0.10000000000000001,0.28394368489583327
,169.01444890703101,348.70419224014233,0.10000000000000001,0.28699544270833327
,169.11445750000007,346.04508191884076,0.10000000000000001,0.28597819010416659
,169.21446605234382,343.45855394814254,0,0.28699544270833327
,169.31447456484352,335.61197020513163,0.10000000000000001,0.2849609374999999
,169.41448311718727,342.50546784066773,0.10000000000000001,0.2849609374999999
,169.51449166953103,342.47404610338418,0,0.28394368489583327
,169.61450026171883,338.62955382485325,0,0.28597819010416659
,169.71450881328133,338.83908926456701,0.10000000000000001,0.28597819010416659
,169.81451731796892,350.3474058892217,0,0.29208170572916659
,169.91452586328137,340.77715488101217,0,0.2971679687499999
,170.01453440781256,339.33148662750403,0.10000000000000001,0.3063232421874999
,170.11454299218735,350.05437304717356,0.10000000000000001,0.31344401041666659
,170.2145515374998,346.53718008438602,0.10000000000000001,0.31242675781249996
,170.3145600421874,343.72037688657997,0,0.31140950520833327
,170.41456858671859,335.73771198823221,0.10000000000000001,0.31039225260416659
,170.51457713124978,344.17069782473328,0.10000000000000001,0.31039225260416659
,170.61458571640628,346.62093894009962,0,0.31242675781249996
,170.71459426249999,340.1695729426055,0,0.31140950520833327
,170.81460277109386,340.52574488953059,0.10000000000000001,0.31242675781249996
,170.91461132031259,350.68228723749269,0,0.31344401041666659
,171.01461986875006,343.17577834695476,0,0.31344401041666659
,171.11462845781239,341.67800183152883,0.10000000000000001,0.31344401041666659
,171.21463700703111,352.13675823645372,0.10000000000000001,0.31547851562499996
,171.31464551562499,346.7884544111908,0.10000000000000001,0.31242675781249996
,171.41465406484372,344.20211486906857,0,0.31242675781249996
,171.51466261328119,338.42001568652955,0.10000000000000001,0.31140950520833327
,171.61467120234352,348.66232266802564,0.10000000000000001,0.31344401041666659
,171.71467974843767,348.80886526651886,0,0.31446126302083327
,171.81468825468733,341.950338522994,0,0.31446126302083327
,171.91469680078103,341.20663613401183,0.10000000000000001,0.31344401041666659
,172.01470534687473,353.06788782743274,0.10000000000000001,0.31649576822916659
,172.11471393359375,349.56247240969765,0,0.31547851562499996
,172.21472247968745,342.17029843414736,0.10000000000000001,0.31547851562499996
,172.3147309851563,348.70419224014233,0.10000000000000001,0.31446126302083327
,172.41473953125001,345.78331736020169,0.10000000000000001,0.31344401041666659
,172.51474807734371,347.14441476546244,0,0.31446126302083327
,172.61475666406227,341.80369642146837,0,0.31446126302083327
,172.71476521406225,343.13388506970375,0.10000000000000001,0.31446126302083327
,172.81477372343738,355.72458065524728,0,0.31751302083333327
,172.91478227343737,344.74666225777281,0,0.31446126302083327
,173.01479082343735,344.80949283594083,0.10000000000000001,0.31649576822916659
,173.11479941328139,355.13894389303448,0,0.31751302083333327
,173.21480796328137,344.62099996704671,0,0.31547851562499996
,173.31481647265605,343.03962463892259,0.10000000000000001,0.31446126302083327
,173.41482502265603,352.39832361850648,0.10000000000000001,0.31446126302083327
,173.51483357265602,349.01820742414532,0.10000000000000001,0.31344401041666659
,173.61484216093754,351.18458217671451,0,0.31649576822916659
,173.71485070859376,343.36429619633748,0,0.31547851562499996
,173.81485921640638,344.06597368383007,0.10000000000000001,0.31649576822916659
,173.91486776484385,354.89839931285604,0,0.31751302083333327
,174.01487631250006,346.30683941254415,0,0.31649576822916659
,174.11488489999988,346.08696359516711,0.10000000000000001,0.31751302083333327
,174.21489344843735,356.28925135738803,0,0.31853027343749996
,174.31490195546871,344.56864023491721,0,0.31547851562499996
,174.41491050390619,343.66801279021365,0.10000000000000001,0.31547851562499996
,174.5149190515624,354.35452728587609,0.10000000000000001,0.31547851562499996
,174.61492763984393,352.39832361850648,0.10000000000000001,0.31547851562499996
,174.71493618906266,352.18907206221701,0,0.31751302083333327
,174.81494469843733,344.74666225777281,0,0.31751302083333327
,174.91495324765606,344.1183358809505,0.10000000000000001,0.31649576822916659
,175.01496179687479,357.104797435021,0.10000000000000001,0.31954752604166659
,175.11497038593757,353.49679420464213,0,0.31751302083333327
,175.2149789351563,345.38542192277566,0.10000000000000001,0.31853027343749996
,175.31498744453143,352.14722103148279,0.10000000000000001,0.31751302083333327
,175.41499599375015,349.2170776256998,0,0.31547851562499996
,175.51500454218763,344.45344790945097,0.10000000000000001,0.31649576822916659
,175.61501312890618,354.27085075459365,0.10000000000000001,0.31751302083333327
,175.71502167499989,353.19342411129401,0.10000000000000001,0.31751302083333327
,175.81503018124999,354.03027497587084,0,0.31954752604166659
,175.91503872812496,344.70477499524873,0,0.31751302083333327
,176.01504727421866,347.15488397944102,0.10000000000000001,0.31853027343749996
,176.11505586093767,359.04911955640489,0,0.31954752604166659
,176.21506440703138,349.65666846186843,0,0.31853027343749996
,176.31507291328103,347.53176765974217,0.10000000000000001,0.31751302083333327
,176.41508145937473,356.21605613190042,0.10000000000000001,0.31751302083333327
,176.51509000546889,353.14111759771146,0,0.31649576822916659
,176.61509859062494,347.94004046265508,0.10000000000000001,0.31853027343749996
,176.71510713593739,356.12194674143024,0.10000000000000001,0.31853027343749996
,176.81511564062498,354.82518835454783,0.10000000000000001,0.31954752604166659
,176.91512418593743,353.64324401097969,0,0.31853027343749996
,177.01513273124988,346.76751514131007,0.10000000000000001,0.31853027343749996
,177.11514131640638,355.7454952744381,0.10000000000000001,0.31954752604166659
,177.21514986171883,355.82915307047062,0,0.32056477864583327
,177.31515836718768,346.14978576965308,0,0.31751302083333327
,177.41516691171887,347.41661042130721,0.10000000000000001,0.31751302083333327
,177.51517546015634,358.59968235747084,0,0.31751302083333327
,177.61518404999993,352.47156024078168,0,0.31853027343749996
,177.71519259921865,352.2727734053808,0.10000000000000001,0.31954752604166659
,177.81520110859378,361.17040259705175,0.10000000000000001,0.31954752604166659
,177.91520965859377,356.72840482203776,0,0.31954752604166659
,178.0152182078125,349.94971585023086,0.10000000000000001,0.31954752604166659
,178.11522679765608,357.104797435021,0.10000000000000001,0.31954752604166659
,178.21523534687481,356.91660399100846,0,0.32056477864583327
,178.31524385624994,348.28548729647787,0,0.31853027343749996
,178.41525240546866,346.96643630205125,0.10000000000000001,0.31751302083333327
,178.51526095234362,360.25093014924147,0.10000000000000001,0.31954752604166659
,178.61526953906264,359.08047434394683,0,0.31853027343749996
,178.7152780859376,350.45205784637062,0.10000000000000001,0.31853027343749996
,178.81528659218725,359.40446383767346,0.10000000000000001,0.32056477864583327
,178.91529513906266,356.72840482203776,0,0.31853027343749996
,179.01530368593762,351.06947581917763,0.10000000000000001,0.32056477864583327
,179.11531227265618,359.36265976719619,0.10000000000000001,0.32056477864583327
,179.21532081953114,356.61339141521069,0,0.31954752604166659
,179.31532932656251,349.94971585023086,0.10000000000000001,0.31954752604166659
,179.41533787421872,356.96888052340989,0.10000000000000001,0.31853027343749996
,179.51534642187494,355.62000654057772,0,0.31751302083333327
,179.61535501015601,352.17860932695299,0.10000000000000001,0.31954752604166659
,179.71536355781268,360.89875624895581,0.10000000000000001,0.31954752604166659
,179.8153720664061,359.60302900199383,0,0.32056477864583327
,179.91538061406231,351.90657298035353,0,0.31954752604166659
,180.01538916249979,351.80194094793023,0.10000000000000001,0.31853027343749996
,180.11539775000006,364.22024712245133,0,0.32158203124999996
,180.21540629843753,355.19123502935122,0,0.31954752604166659
,180.31541480625015,351.76008772216829,0.10000000000000001,0.31853027343749996
,180.41542335078134,361.9016905858673,0.10000000000000001,0.31954752604166659
,180.51543189453128,358.30700704763592,0,0.31751302083333327
,180.61544047812481,352.29369859124012,0.10000000000000001,0.31853027343749996
,180.71544902187475,361.19129791054951,0.10000000000000001,0.31954752604166659
,180.81545752578108,360.1673341893769,0,0.31954752604166659
,180.91546606953102,352.75403739599398,0.10000000000000001,0.31954752604166659
,181.01547461328141,361.56739980456422,0.10000000000000001,0.32056477864583327
,181.11548319687495,360.34497411039797,0.10000000000000001,0.31954752604166659
,181.21549174062488,361.0763726957212,0,0.32158203124999996
,181.31550024453122,351.54035443573918,0,0.31853027343749996
,181.41550879374995,351.26829479974975,0.10000000000000001,0.31751302083333327
,181.51551734374993,364.37686853022103,0,0.31954752604166659
,181.61552593281226,357.11525245780325,0,0.31853027343749996
,181.71553448281225,356.71794914547996,0.10000000000000001,0.31954752604166659
,181.81554299218737,367.26824538170456,0,0.32158203124999996
,181.9155515414061,355.92326678622885,0,0.31853027343749996
,182.01556009140609,356.6656704994457,0.10000000000000001,0.32056477864583327
,182.11556868125012,366.58991934650822,0.10000000000000001,0.32158203124999996
,182.21557723046885,362.60154396496404,0,0.32056477864583327
,182.31558574062478,353.87337315739364,0.10000000000000001,0.31954752604166659
,182.41559429062477,360.53305727182328,0.10000000000000001,0.31853027343749996
,182.51560284062475,360.25093014924147,0,0.31853027343749996
,182.61561143046879,356.42518309507881,0,0.31954752604166659
,182.71561997968752,356.10103335397315,0.10000000000000001,0.31954752604166659
,182.8156284898439,368.37422734548591,0,0.32158203124999996
,182.91563703906263,357.72161316389952,0,0.31954752604166659
,183.01564558906261,356.05920637260607,0.10000000000000001,0.31954752604166659
,183.1156541789062,367.65432567589113,0.10000000000000001,0.32158203124999996
,183.21566272890618,363.75035373541152,0.10000000000000001,0.32056477864583327
,183.31567123593754,360.14643500451973,0,0.31954752604166659
,183.4156797828125,353.03650340803148,0.10000000000000001,0.31853027343749996
,183.51568832968746,361.26443087634294,0.10000000000000001,0.31751302083333327
,183.61569691640602,364.16803890271694,0,0.31954752604166659
,183.71570546328098,357.87842071211048,0,0.31954752604166659
,183.81571397031234,357.33480381963761,0.10000000000000001,0.31954752604166659
,183.91572251718731,368.30119897808368,0.10000000000000001,0.32056477864583327
,184.01573106406227,365.81755359953002,0,0.32056477864583327
,184.11573965078128,356.8538715690936,0.10000000000000001,0.32056477864583327
,184.21574819765624,366.66297451558523,0.10000000000000001,0.32259928385416659
,184.31575671015639,362.1628407180981,0,0.31853027343749996
,184.4157652632814,354.15579383570343,0,0.31853027343749996
,184.51577381562515,356.84341610368682,0.10000000000000001,0.31853027343749996
,184.61578240859376,368.69762464496802,0,0.31954752604166659
,184.71579096093751,361.00323720925979,0,0.31954752604166659
,184.81579947343766,360.09418670181896,0.10000000000000001,0.32056477864583327
,184.91580802656267,367.1847643692094,0.10000000000000001,0.31954752604166659
,185.01581657890642,366.89256915274677,0,0.32158203124999996
,185.11582517187503,358.99686120001786,0,0.32056477864583327
,185.21583372187501,358.49515712955053,0.10000000000000001,0.32056477864583327
,185.31584222890638,368.60373747160151,0,0.32158203124999996
,185.41585077578134,357.96204973044763,0,0.31853027343749996
,185.5158593226563,357.69025116433141,0.10000000000000001,0.31853027343749996
,185.61586791015611,370.84605956856888,0.10000000000000001,0.32158203124999996
,185.71587645703107,366.64210172469785,0,0.31954752604166659
,185.81588496328118,359.70753420644786,0.10000000000000001,0.32158203124999996
,185.91589351093739,366.42293189388391,0.10000000000000001,0.32056477864583327
,186.01590205781235,365.1077034564471,0,0.32056477864583327
,186.11591064453137,359.57167706663114,0.10000000000000001,0.32158203124999996
,186.21591919687512,367.02823347166674,0.10000000000000001,0.32158203124999996
,186.31592771015607,364.28289627136189,0,0.31954752604166659
,186.41593626484359,357.06297716619423,0.10000000000000001,0.31853027343749996
,186.51594481874986,364.95110503435461,0.10000000000000001,0.31853027343749996
,186.61595341328098,367.08041101629709,0,0.31954752604166659
,186.71596196718724,360.61664774349538,0,0.31954752604166659
,186.81597048124991,360.67933976902094,0.10000000000000001,0.31954752604166659
,186.91597903515617,370.97117882106664,0,0.32056477864583327
,187.01598758984369,362.62243368396565,0,0.32056477864583327
,187.1159961828123,360.94054887192482,0.10000000000000001,0.31954752604166659
,187.21600473359354,372.1387831619079,0.10000000000000001,0.32158203124999996
,187.31601324453118,366.47511610100941,0,0.31853027343749996
,187.41602179609367,357.30343982154125,0.10000000000000001,0.31853027343749996
,187.51603034687491,366.84038953081864,0.10000000000000001,0.31853027343749996
,187.61603893828101,366.77777322491465,0,0.31853027343749996
,187.71604748906225,360.87785981818411,0,0.31954752604166659
,187.81605600078115,362.7373256494551,0,0.31954752604166659
,187.91606455156239,362.1628407180981,0.10000000000000001,0.31853027343749996
,188.01607310234363,374.68136928923644,0.10000000000000001,0.32158203124999996
,188.11608169531223,370.16826789061651,0,0.31954752604166659
,188.21609024843724,360.18823329632352,0.10000000000000001,0.31954752604166659
,188.31609876093739,367.27868040375012,0.10000000000000001,0.31954752604166659
,188.4161073140624,364.36642725501383,0,0.31751302083333327
,188.51611586718741,359.07002276697051,0.10000000000000001,0.31751302083333327
,188.61612446093727,370.60623760389979,0.10000000000000001,0.32056477864583327
,188.71613301406228,367.39346411100507,0,0.31853027343749996
,188.81614152656243,362.4657587657012,0.10000000000000001,0.32056477864583327
,188.91615007968744,369.39650123079247,0.10000000000000001,0.31954752604166659
,189.01615863281245,368.19687071965643,0.10000000000000001,0.32056477864583327
,189.11616722343729,369.32348935210575,0,0.32056477864583327
,189.21617577421853,361.0763726957212,0,0.31954752604166659
,189.31618428437491,360.18823329632352,0.10000000000000001,0.31853027343749996
,189.41619283515615,371.63842028473772,0.10000000000000001,0.31954752604166659
,189.51620138515614,368.24903514556053,0,0.31751302083333327
,189.61620997578098,363.58327005719963,0.10000000000000001,0.31954752604166659
,189.71621852656267,371.39864229406885,0.10000000000000001,0.31954752604166659
,189.8162270367186,369.99098203148765,0,0.32056477864583327
,189.91623558749984,363.17598077041259,0.10000000000000001,0.32056477864583327
,190.01624413749983,370.74179077197317,0.10000000000000001,0.32056477864583327
,190.11625272578135,369.77197203856724,0,0.32056477864583327
,190.21626127500008,364.22024712245133,0.10000000000000001,0.32158203124999996
,190.3162697835935,368.63503341146708,0.10000000000000001,0.31853027343749996
,190.41627833203142,366.93431243548639,0,0.31751302083333327
,190.5162868804689,362.87310380688558,0.10000000000000001,0.31853027343749996
,190.61629546953122,371.17970287753695,0.10000000000000001,0.31853027343749996
,190.7163040179687,372.1387831619079,0,0.32056477864583327
,190.81631252656257,365.37912891894126,0,0.31954752604166659
,190.91632107500004,363.1864244878509,0.10000000000000001,0.31853027343749996
,191.01632962265626,376.43107769253641,0.10000000000000001,0.32158203124999996
,191.11633820937482,373.43111241858526,0.10000000000000001,0.32056477864583327
,191.21634675703103,370.9607523545298,0,0.32056477864583327
,191.31635526328114,363.06109848692387,0.10000000000000001,0.31954752604166659
,191.4163638101561,368.87496178518052,0.10000000000000001,0.31853027343749996
,191.51637235703106,370.14741110059117,0,0.31853027343749996
,191.61638094453133,366.15156484144143,0,0.31954752604166659
,191.71638949140629,365.42088534889365,0.10000000000000001,0.31853027343749996
,191.8163979976564,377.98225038704402,0.10000000000000001,0.32158203124999996
,191.91640654453136,373.18101539652793,0,0.31853027343749996
,192.01641509218757,365.3373721327485,0.10000000000000001,0.31954752604166659
,192.11642367968739,374.57719586525076,0.10000000000000001,0.32056477864583327
,192.2164322273436,372.56612968101336,0.10000000000000001,0.31954752604166659
,192.31644073437496,369.99098203148765,0,0.31853027343749996
,192.41644928124992,363.39529439612068,0.10000000000000001,0.31853027343749996
,192.51645782812489,371.0337370933579,0.10000000000000001,0.31751302083333327
,192.61646641562515,374.16047542253563,0,0.31954752604166659
,192.71647496328137,367.56041719549904,0,0.31954752604166659
,192.81648347031228,367.24737526790398,0.10000000000000001,0.31954752604166659
,192.91649201718724,378.33612167618406,0,0.32056477864583327
,193.01650056406265,370.16826789061651,0,0.32056477864583327
,193.11650915078121,368.33249699250155,0.10000000000000001,0.31954752604166659
,193.21651769765617,379.42875085394849,0.10000000000000001,0.32158203124999996
,193.31652620468753,373.57699536715762,0.10000000000000001,0.31853027343749996
,193.41653475078124,370.66880112824066,0,0.31853027343749996
,193.5165432976562,365.61922351557882,0.10000000000000001,0.31853027343749996
,193.61655188437476,374.55636085875932,0.10000000000000001,0.31954752604166659
,193.71656043125017,376.20199312184479,0,0.32056477864583327
,193.81656893828108,368.60373747160151,0,0.32056477864583327
,193.91657748515604,367.59172023296941,0.10000000000000001,0.31954752604166659
,194.01658603046849,380.56266626108714,0.10000000000000001,0.32259928385416659
,194.11659461562499,376.18116659014578,0,0.32056477864583327
,194.21660316093744,368.19687071965643,0.10000000000000001,0.32056477864583327
,194.31661166562503,375.93123963192818,0.10000000000000001,0.32056477864583327
,194.41662021093748,372.08666477644311,0.10000000000000001,0.31853027343749996
,194.51662875624993,373.62909517028385,0,0.31954752604166659
,194.61663734140598,368.97927450499452,0,0.32056477864583327
,194.71664588671888,368.8540989524588,0.10000000000000001,0.31954752604166659
,194.81665439140602,381.78981336668585,0,0.32259928385416659
,194.91666293984349,370.72093671283147,0,0.31954752604166659
,195.01667149062473,370.24126587768063,0.10000000000000001,0.32056477864583327
,195.11668008203128,381.47786605552227,0,0.32259928385416659
,195.21668863281252,371.19012881625702,0,0.32056477864583327
,195.31669714375016,369.0835848146636,0.10000000000000001,0.31954752604166659
,195.4167056945314,378.59630015788775,0.10000000000000001,0.31954752604166659
,195.51671424531264,375.81668449484289,0.10000000000000001,0.31853027343749996
,195.61672283593748,377.01414157315992,0,0.32056477864583327
,195.71673138671872,369.8762638615529,0,0.32056477864583327
,195.81673989765636,371.14842491028838,0.10000000000000001,0.32158203124999996
,195.91674844765635,381.35307961221429,0,0.32158203124999996
,196.01675699765633,372.59739723648039,0,0.32158203124999996
,196.11676558828117,372.19090090619306,0.10000000000000001,0.32158203124999996
,196.21677413828115,382.25768377606778,0,0.32361653645833327
,196.31678264843754,370.55410064866993,0,0.31954752604166659
,196.41679119843752,369.65724820428051,0.10000000000000001,0.31954752604166659
,196.51679974921876,379.8449068574887,0.10000000000000001,0.31954752604166659
,196.61680833906235,379.18944015724628,0.10000000000000001,0.32056477864583327
,196.71681688984359,378.25286079899769,0,0.32158203124999996
,196.81682539921871,369.90755093002093,0.10000000000000001,0.32056477864583327
,196.91683394999995,377.09742928970871,0.10000000000000001,0.32158203124999996
,197.01684249999994,378.44019520899201,0,0.32259928385416659
,197.11685109062478,370.11612573046307,0,0.32056477864583327
,197.21685964062476,372.02412186840735,0.10000000000000001,0.32259928385416659
,197.31686815078115,380.89549271240406,0,0.32056477864583327
,197.41687670078113,370.93989934622607,0,0.31853027343749996
,197.51688525078112,371.65926991050901,0.10000000000000001,0.31954752604166659
,197.61689384140641,383.33875020319795,0.10000000000000001,0.32056477864583327
,197.71690239140639,379.87611668238179,0,0.32056477864583327
,197.81691090078107,372.95174656310115,0,0.32158203124999996
,197.91691944843728,370.87733971984005,0.10000000000000001,0.31954752604166659
,198.0169279960935,383.33875020319795,0.10000000000000001,0.32158203124999996
,198.11693658359377,380.83309005501513,0,0.32158203124999996
,198.21694513124999,371.36736591632734,0.10000000000000001,0.32056477864583327
,198.3169536390626,379.5119857697245,0.10000000000000001,0.32056477864583327
,198.41696218671882,377.19112583347851,0,0.31853027343749996
,198.51697073437504,369.70939576867397,0.10000000000000001,0.31853027343749996
,198.61697932187485,382.59035452653433,0.10000000000000001,0.32158203124999996
,198.71698786953107,380.70828155034718,0,0.32056477864583327
,198.81699637734368,373.85832646881994,0.10000000000000001,0.32158203124999996
,198.91700492656241,381.58185147937138,0.10000000000000001,0.32158203124999996
,199.01701347499989,379.87611668238179,0,0.32158203124999996
,199.11702206406267,374.09796367751863,0.10000000000000001,0.32259928385416659
,199.21703061328139,381.98736606783774,0.10000000000000001,0.32259928385416659
,199.31703912187481,378.34652915770971,0,0.31954752604166659
,199.41704767031229,371.77394103387593,0.10000000000000001,0.32056477864583327
,199.51705621953101,380.36503628673739,0.10000000000000001,0.31954752604166659
,199.61706480781254,381.60264820603254,0.10000000000000001,0.32056477864583327
,199.71707335546876,381.69623199733269,0,0.32158203124999996
,199.81708186093761,373.69161406431454,0,0.32056477864583327
,199.91709040625005,374.59803076456217,0.10000000000000001,0.32056477864583327
,200.0170989515625,386.39303888128046,0,0.32259928385416659
,200.11710753749981,377.18071521824834,0,0.32056477864583327
,200.21711608281225,377.4513821089858,0.10000000000000001,0.32259928385416659
,200.3171245882811,384.94934015899963,0,0.32056477864583327
,200.41713313359355,374.67095206755266,0,0.31853027343749996
,200.51714167968726,375.41050782781201,0.10000000000000001,0.31954752604166659
,200.61715026484376,386.51764614325162,0,0.32056477864583327
,200.71715881328123,379.08538726469061,0,0.32056477864583327
,200.81716732500013,378.76280501139928,0,0.32158203124999996
,200.91717587656262,377.0245526354293,0,0.31954752604166659
,201.01718442812512,380.6978806498189,0.10000000000000001,0.32158203124999996
,201.11719301953121,389.22671089430889,0,0.32158203124999996
,201.21720157109371,378.0551089235463,0,0.32056477864583327
,201.31721008281261,375.50424458408185,0.10000000000000001,0.32056477864583327
,201.4172186343751,383.13087834127015,0.10000000000000001,0.31954752604166659
,201.5172271859376,380.89549271240406,0,0.31853027343749996
,201.61723577812495,376.2644720559058,0.10000000000000001,0.32056477864583327
,201.71724432734368,383.46346745469953,0.10000000000000001,0.32056477864583327
,201.81725283593755,383.65053506489863,0.10000000000000001,0.32158203124999996
,201.91726138437502,381.07229445752643,0,0.32056477864583327
,202.01726993359375,374.10838236814806,0.10000000000000001,0.31954752604166659
,202.11727852187482,384.13894245022499,0.10000000000000001,0.32158203124999996
,202.2172870703123,383.80641714674459,0,0.32056477864583327
,202.31729557890617,374.2646595355742,0,0.31954752604166659
,202.41730412734364,375.29593769204507,0.10000000000000001,0.31853027343749996
,202.51731267578111,386.20611942329208,0,0.31853027343749996
,202.61732126406264,379.82410016190266,0,0.31954752604166659
,202.71732981250011,379.54319838495121,0.10000000000000001,0.32056477864583327
,202.81733832109353,388.51073559148426,0,0.32158203124999996
,202.917346869531,378.83564857818715,0,0.31954752604166659
,203.01735541796893,378.82524244042031,0,0.32056477864583327
,203.11736400625,379.30389500662704,0,0.31954752604166659
,203.21737255468747,381.64424130097325,0,0.32056477864583327
,203.31738106328135,380.5002579419351,0,0.31954752604166659
,203.41738961171882,378.23204529515033,0.10000000000000001,0.31751302083333327
,203.51739816015629,388.63526418148251,0.10000000000000001,0.31954752604166659
,203.61740674843736,385.95687752616811,0,0.31954752604166659
,203.71741529609358,376.14992658615267,0.10000000000000001,0.31954752604166659
,203.81742380390619,385.00128227880595,0.10000000000000001,0.32158203124999996
,203.91743235156241,380.95789430525127,0,0.31954752604166659
,204.01744089921863,375.53548967970505,0.10000000000000001,0.32056477864583327
,204.11744948750015,383.92072627762667,0.10000000000000001,0.32158203124999996
,204.21745803515637,382.52798111720045,0,0.32056477864583327
,204.31746654296853,375.81668449484289,0.10000000000000001,0.32056477864583327
,204.41747509062475,381.56105463329527,0.10000000000000001,0.31954752604166659
,204.51748363828142,381.44666984685676,0,0.31954752604166659
,204.61749223046877,377.50343125930613,0,0.32056477864583327
,204.71750078203127,377.13907247762762,0.10000000000000001,0.31954752604166659
,204.81750929375016,389.37196226089566,0,0.32259928385416659
,204.91751784531266,379.77208291339434,0,0.32056477864583327
,205.01752639687516,377.98225038704402,0.10000000000000001,0.32056477864583327
,205.11753498828125,389.00882181491284,0.10000000000000001,0.32259928385416659
,205.217543540625,385.8737928504454,0.10000000000000001,0.32158203124999996
,205.31755205156264,381.62344481324448,0,0.31954752604166659
,205.4175606039064,374.53552574512634,0.10000000000000001,0.31954752604166659
,205.51756915390638,382.66312212706254,0.10000000000000001,0.31853027343749996
,205.61757774218745,384.77273112257456,0,0.32056477864583327
,205.71758628984367,378.56507968233507,0,0.32056477864583327
,205.81759479765628,378.56507968233507,0.10000000000000001,0.32056477864583327
,205.91760334609376,389.38233711268737,0,0.32158203124999996
,206.01761189374997,381.23868827438798,0,0.32056477864583327
,206.11762048203104,379.40794183538497,0.10000000000000001,0.32056477864583327
,206.21762902968726,390.88634169638868,0.10000000000000001,0.32361653645833327
,206.31763753749988,384.5337751736019,0.10000000000000001,0.32056477864583327
,206.41764608515609,381.12429334133083,0,0.31954752604166659
,206.51765463515608,376.2228195433961,0.10000000000000001,0.31853027343749996
,206.61766322578137,386.02957496017297,0.10000000000000001,0.31954752604166659
,206.71767177656261,386.35150211160175,0,0.32056477864583327
,206.8176802874998,380.38583994138736,0,0.32158203124999996
,206.91768883828104,378.27367618906106,0.10000000000000001,0.31954752604166659
,207.01769738984353,391.29074802281667,0.10000000000000001,0.32259928385416659
,207.11770598046883,388.04371175836002,0,0.32056477864583327
,207.21771453125007,378.48182382359846,0.10000000000000001,0.32056477864583327
,207.31772304218725,386.44495912942432,0.10000000000000001,0.32056477864583327
,207.41773159296849,382.77746821413228,0.10000000000000001,0.31751302083333327
,207.51774013984391,383.41150246851805,0.10000000000000001,0.31853027343749996
,207.61774872656247,386.23727337926465,0,0.32056477864583327
,207.71775727343743,378.48182382359846,0,0.31853027343749996
,207.81776577968753,381.95617425579513,0.10000000000000001,0.32158203124999996
,207.91777432578124,391.62253062790768,0,0.32056477864583327
,208.0177828726562,382.06014591173158,0,0.31954752604166659
,208.11779145937476,383.89994307623647,0.10000000000000001,0.32158203124999996
,208.21780000546892,392.26526159316978,0,0.32158203124999996
,208.31780851171857,381.26988626876897,0,0.31954752604166659
,208.41781706015604,380.17779811622171,0,0.31954752604166659
,208.51782561328105,381.07229445752643,0.10000000000000001,0.31751302083333327
,208.61783420625011,394.20303236380727,0,0.32158203124999996
,208.71784275937512,385.05322361842997,0,0.32158203124999996
,208.81785127187482,381.41547337000668,0.10000000000000001,0.32056477864583327
,208.91785982499982,391.45664361162636,0.10000000000000001,0.32158203124999996
,209.01786837812483,388.02295362165904,0,0.32158203124999996
,209.11787697187515,379.81369677042574,0.10000000000000001,0.32056477864583327
,209.21788552500016,389.4238361918666,0.10000000000000001,0.32259928385416659
,209.31789403749985,385.36485524465598,0,0.31954752604166659
,209.41790258984361,377.96143340731015,0.10000000000000001,0.31853027343749996
,209.51791114062485,387.0990860911192,0.10000000000000001,0.31954752604166659
,209.6179197320314,387.23404889924518,0.10000000000000001,0.31954752604166659
,209.71792828281264,389.01919781228844,0,0.32158203124999996
,209.81793679374982,381.73782401623521,0,0.32056477864583327
,209.91794534453106,380.52106083265562,0.10000000000000001,0.31954752604166659
,210.0179538953123,393.86115948807543,0.10000000000000001,0.32259928385416659
,210.11796248671885,389.78693071725434,0,0.32056477864583327
,210.21797103750009,381.44666984685676,0.10000000000000001,0.32056477864583327
,210.31797954843728,389.66244570284414,0.10000000000000001,0.32056477864583327
,210.41798809765601,385.32330598880202,0,0.31751302083333327
,210.51799664765599,380.33383058465421,0.10000000000000001,0.31853027343749996
,210.61800523750003,391.19742799205409,0.10000000000000001,0.32056477864583327
,210.71801378750001,388.63526418148251,0.10000000000000001,0.31954752604166659
,210.8180222976564,390.36779798191247,0,0.32158203124999996
,210.91803084687513,381.69623199733269,0,0.31954752604166659
,211.01803939687511,382.40323103374385,0.10000000000000001,0.32056477864583327
,211.11804798671869,395.16629073866613,0,0.32259928385416659
,211.21805653671868,385.03244717623392,0,0.32056477864583327
,211.31806504609381,382.78786313101216,0.10000000000000001,0.31954752604166659
,211.41807359453128,392.40001133883885,0.10000000000000001,0.31954752604166659
,211.51808214375001,388.61450974167855,0,0.31751302083333327
,211.61809073203108,383.48425323492711,0.10000000000000001,0.31954752604166659
,211.71809928124981,391.98537852277656,0.10000000000000001,0.31954752604166659
,211.81810778984368,390.3366827210242,0,0.31954752604166659
,211.91811633828115,383.51543167561772,0.10000000000000001,0.31954752604166659
,212.01812488671862,391.47737995775339,0.10000000000000001,0.31954752604166659
,212.11813347578141,390.51299858891178,0,0.31954752604166659
,212.21814202421888,384.52338541182831,0.10000000000000001,0.32056477864583327
,212.31815053359355,389.78693071725434,0.10000000000000001,0.31853027343749996
,212.41815908359354,388.84280141670388,0,0.31751302083333327
,212.51816763437478,382.70470294674266,0.10000000000000001,0.31649576822916659
,212.61817622500007,392.0164778545182,0.10000000000000001,0.31853027343749996
,212.71818477500005,392.80422628684738,0,0.31954752604166659
,212.81819328593724,385.43756523544909,0,0.31853027343749996
,212.91820183593723,384.77273112257456,0.10000000000000001,0.31751302083333327
,213.01821038671892,397.94044920915047,0,0.32158203124999996
,213.11821897734376,387.8880225831503,0,0.31954752604166659
,213.21822752734374,386.735697837342,0.10000000000000001,0.31954752604166659
,213.31823603828138,395.57014882618108,0.10000000000000001,0.31954752604166659
,213.41824458906262,389.85954478599473,0,0.31649576822916659
,213.51825313984386,384.22206884126086,0.10000000000000001,0.31853027343749996
,213.61826173124996,395.16629073866613,0.10000000000000001,0.31954752604166659
,213.7182702820312,392.20306747896342,0.10000000000000001,0.31853027343749996
,213.81827879296884,392.62803635805767,0,0.32056477864583327
,213.91828734375008,384.60650263700904,0,0.31853027343749996
,214.01829589453132,385.91533544072666,0.10000000000000001,0.31954752604166659
,214.11830448515616,398.3646312679158,0,0.32158203124999996
,214.2183130359374,388.32393393537245,0,0.31954752604166659
,214.31832153906248,385.95687752616811,0.10000000000000001,0.31853027343749996
,214.41833008281242,395.84971194808645,0.10000000000000001,0.31853027343749996
,214.5183386257811,391.90244549083548,0,0.31751302083333327
,214.61834720937509,387.36900629299231,0.10000000000000001,0.31954752604166659
,214.71835575312502,395.97395408137737,0.10000000000000001,0.31954752604166659
,214.81836425625011,394.08907888807539,0.10000000000000001,0.31954752604166659
,214.91837280000004,392.94931651667594,0,0.31954752604166659
,215.01838134374998,385.79070615635754,0.10000000000000001,0.31954752604166659
,215.11838992734351,394.91773650079784,0.10000000000000001,0.32056477864583327
,215.21839847187516,395.16629073866613,0,0.32056477864583327
,215.31840697734356,385.40640399898263,0,0.31751302083333327
,215.41841552343726,386.15419553017324,0.10000000000000001,0.31751302083333327
,215.51842406953142,397.80594003234677,0,0.31853027343749996
,215.61843265624998,390.20184648074917,0,0.31853027343749996
,215.71844120156243,390.96930097612898,0.10000000000000001,0.31954752604166659
,215.81844970781253,400.13313556547428,0,0.32056477864583327
,215.91845825390624,389.16445834355369,0,0.31853027343749996
,216.01846679999994,390.17072963126901,0,0.32056477864583327
,216.11847538593724,390.62708021876813,0,0.31954752604166659
,216.21848393593723,392.33781985763198,0,0.32056477864583327
,216.31849244687487,391.66400104091275,0,0.31853027343749996
,216.41850099765611,389.5172072003221,0,0.31649576822916659
,216.51850954843735,391.35295987234065,0,0.31751302083333327
,216.61851813906264,393.23947699982875,0,0.31853027343749996
,216.71852668984388,391.85061125279805,0,0.31853027343749996
,216.81853520078107,393.39490913975857,0,0.32056477864583327
,216.91854375156231,390.39891294464337,0,0.31853027343749996
,217.01855230234355,390.78263959988112,0,0.31954752604166659
,217.1185608937501,391.29074802281667,0,0.32056477864583327
,217.2185694453126,389.20596017498599,0,0.31853027343749996
,217.31857795781229,388.51073559148426,0,0.31853027343749996
,217.41858651015605,387.4935775359645,0,0.31751302083333327
,217.51859506171854,386.49687858383794,0,0.31649576822916659
,217.61860365390635,389.86991809258325,0,0.31853027343749996
,217.7186122062501,388.96731749878126,0,0.31853027343749996
,217.8186207187498,388.46922502140137,0,0.31853027343749996
,217.91862927031229,387.9087815596626,0,0.31853027343749996
,218.01863782265605,386.99526486726307,0,0.31853027343749996
,218.11864641640636,387.26519339405377,0,0.31954752604166659
,218.21865497109388,387.40014953715666,0,0.31954752604166659
,218.31866348593735,384.25324072803824,0,0.31751302083333327
,218.41867204062487,383.70249652663193,0,0.31751302083333327
,218.51868059531239,383.91033469232457,0,0.31649576822916659
,218.61868919062476,384.79350912344768,0,0.31649576822916659
,218.71869774531228,385.43756523544909,0,0.31751302083333327
,218.8187062601562,384.64806050438352,0,0.31853027343749996
,218.91871481484372,382.1329242832316,0,0.31649576822916659
,219.01872336953124,384.02464043652554,0,0.31853027343749996
,219.11873195937483,382.59035452653433,0,0.31751302083333327
,219.2187405078123,382.46560661930238,0,0.31853027343749996
,219.31874901562492,380.57306754462604,0,0.31649576822916659
,219.41875756328113,378.72117948531468,0,0.31547851562499996
,219.51876611093735,380.17779811622171,0,0.31547851562499996
,219.61877469843762,381.97696882717054,0,0.31649576822916659
,219.71878324687509,381.31148317843298,0,0.31649576822916659
,219.81879175468725,382.46560661930238,0,0.31853027343749996
,219.91880030234393,379.0541708350018,0,0.31649576822916659
,220.01880884921889,379.93853554518273,0,0.31853027343749996
,220.11881743749996,380.87469194484407,0,0.31853027343749996
,220.21882598515617,377.83652915141033,0,0.31751302083333327
,220.31883449218753,376.70179675213632,0,0.31649576822916659
,220.41884303984375,376.41025237452425,0,0.31649576822916659
,220.51885158828122,375.30635329465571,0,0.31446126302083327
,220.61886017578104,378.11755799172141,0,0.31649576822916659
,220.71886872343725,377.46179199525716,0,0.31649576822916659
,220.81887723124987,376.50396543467394,0,0.31751302083333327
,220.91888577890609,375.87916952591263,0,0.31649576822916659
,221.01889432734356,375.56673453021455,0,0.31649576822916659
,221.11890291796885,375.48341438422204,0,0.31751302083333327
,221.21891146875009,375.57714942589257,0,0.31751302083333327
,221.31891997968728,371.94072989138203,0,0.31446126302083327
,221.41892853046852,372.0553934376577,0,0.31547851562499996
,221.51893708124976,372.1700538854605,0,0.31446126302083327
,221.61894567187505,373.02469710667964,0,0.31547851562499996
,221.71895422265629,374.49385519658995,0,0.31649576822916659
,221.81896273281268,373.54573516929355,0,0.31649576822916659
,221.91897128359392,370.88776638686176,0,0.31649576822916659
,222.01897982890637,371.96157803905163,0,0.31751302083333327
,222.1189884124999,370.4602525622501,0,0.31649576822916659
,222.21899695624984,370.66880112824066,0,0.31751302083333327
,222.31900546015618,368.4994161184639,0,0.31547851562499996
,222.41901400390611,366.48555287395942,0,0.31446126302083327
,222.51902254765605,367.77953402965642,0,0.31446126302083327
,222.6190311320313,369.0522919751379,0,0.31547851562499996
,222.71903967578123,368.54114494634626,0,0.31547851562499996
,222.81904817968757,369.76154272145976,0,0.31649576822916659
,222.91905672343751,366.10981470184515,0,0.31446126302083327
,223.01906527343749,367.04910455890354,0,0.31649576822916659
,223.11907386249982,367.42476826939293,0,0.31649576822916659
,223.2190824124998,365.23297861099849,0,0.31446126302083327
,223.31909092187493,364.13671371126799,0,0.31446126302083327
,223.41909947109366,362.7373256494551,0,0.31242675781249996
,223.51910802031239,362.48664902463645,0,0.31242675781249996
,223.61911661015642,365.88018246716024,0,0.31446126302083327
,223.71912515937515,364.4603979487639,0,0.31344401041666659
,223.81913366874983,363.98008483913196,0,0.31446126302083327
,223.91914222109358,363.30130398518827,0,0.31446126302083327
,224.01915077421859,362.11061171693257,0,0.31344401041666659
,224.11915936718765,362.34041547278832,0,0.31446126302083327
,224.21916792031266,361.88079802275212,0,0.31344401041666659
,224.31917643359361,358.08749106623628,0,0.31039225260416659
,224.41918498671862,358.49515712955053,0,0.31140950520833327
,224.51919353906237,358.08749106623628,0,0.30937499999999996
,224.61920213281223,359.59257837603269,0,0.31039225260416659
,224.71921068593724,360.09418670181896,0,0.31140950520833327
,224.81921919843739,359.35220870197548,0,0.31140950520833327
,224.91922774999989,357.90978173072085,0,0.31039225260416659
,225.01923630078113,358.49515712955053,0,0.31140950520833327
,225.11924489140642,357.21980170667069,0,0.31344401041666659
,225.21925344218766,357.67979712825871,0,0.31140950520833327
,225.31926195312485,355.58863397567461,0,0.30835774739583327
,225.41927050390609,353.03650340803148,0,0.30734049479166659
,225.51927905390608,354.4382027796641,0,0.30835774739583327
,225.61928764531262,355.51543073241476,0,0.30835774739583327
,225.71929619609386,354.94023378280343,0,0.30835774739583327
,225.8193047062498,355.99646538513508,0,0.30937499999999996
,225.91931325781229,352.70172764883307,0,0.30734049479166659
,226.01932181015604,354.03027497587084,0,0.30937499999999996
,226.11933040234385,354.48004013653593,0,0.30937499999999996
,226.2193389546876,352.67034161742578,0,0.30937499999999996
,226.31934746640604,351.1008686340968,0,0.30835774739583327
,226.41935601796854,349.12287654293073,0,0.3063232421874999
,226.51936457031229,348.85073411445535,0,0.3063232421874999
,226.6193731625001,351.62406311547392,0,0.30734049479166659
,226.71938171484385,350.67182241243898,0,0.30734049479166659
,226.81939022578104,349.92878424695914,0,0.30734049479166659
,226.91939877656228,349.77179548827013,0,0.30734049479166659
,227.01940732656226,348.91353699659788,0,0.30734049479166659
,227.11941591718755,348.85073411445535,0,0.30835774739583327
,227.21942446796879,348.86120129398529,0,0.30835774739583327
,227.31943297812518,345.5739006930491,0,0.3063232421874999
,227.41944152812516,345.17599692485157,0,0.3063232421874999
,227.5194500789064,345.5320168290973,0,0.30530598958333327
,227.61945866953124,346.66281808852023,0,0.3063232421874999
,227.71946721953123,346.98737512329933,0,0.30734049479166659
,227.81947573125012,346.62093894009962,0,0.30835774739583327
,227.91948428281262,344.20211486906857,0,0.30734049479166659
,228.01949283437511,345.36447961842413,0,0.30835774739583327
,228.11950142656246,343.74132245593808,0,0.30734049479166659
,228.21950997812496,343.31193043982688,0,0.30835774739583327
,228.31951848984386,342.20172095815838,0,0.30734049479166659
,228.41952704140635,339.33148662750403,0,0.30530598958333327
,228.51953559296885,340.3686113212172,0,0.3063232421874999
,228.61954418437494,342.71494397729026,0,0.30734049479166659
,228.7195527367187,341.25901094574994,0,0.3063232421874999
,228.81956124687508,342.28551396084788,0,0.30835774739583327
,228.91956979765632,339.54101264658516,0,0.3063232421874999
,229.01957834765631,339.14291075208229,0,0.30734049479166659
,229.11958693828115,340.1486213717755,0,0.30835774739583327
,229.21959548828113,338.78670566048976,0,0.30734049479166659
,229.31960399921877,336.5026254388028,0,0.30530598958333327
,229.41961254921875,336.33497555664309,0,0.30530598958333327
,229.51962109921874,335.54909905058111,0,0.30428873697916659
,229.61962968984358,338.23142909791687,0,0.30734049479166659
,229.71963823984356,338.35715372661508,0,0.30734049479166659
,229.81964674999995,336.97413321102022,0,0.30734049479166659
,229.91965529999993,336.34545371439265,0,0.30734049479166659
,230.01966384999992,336.03110669817102,0,0.30835774739583327
,230.11967244062475,334.13445492014114,0,0.3063232421874999
,230.21968099062474,335.2033046385551,0,0.30835774739583327
,230.31968950078112,332.76165760947055,0,0.3063232421874999
,230.41969805078111,330.8543285776895,0,0.30530598958333327
,230.51970660078109,332.3948701993894,0,0.3063232421874999
,230.61971519062513,333.10748231163933,0,0.3063232421874999
,230.7197237390626,333.42186531322193,0,0.30734049479166659
,230.81973224609351,333.37994775655665,0,0.30835774739583327
,230.91974079296892,329.98447994164746,0,0.3063232421874999
,231.01974933984388,331.65080540100649,0,0.30835774739583327
,231.1197579273437,330.73904808322629,0,0.30734049479166659
,231.21976647421866,329.77487638014395,0,0.30734049479166659
,231.31977498125002,328.39148369067891,0,0.3063232421874999
,231.41978352812498,326.87184266160676,0,0.30530598958333327
,231.51979207499994,327.17577036797655,0,0.30530598958333327
,231.61980066249976,329.73295561025083,0,0.30734049479166659
,231.71980921093723,328.46484568369749,0,0.3063232421874999
,231.81981771874985,328.5906090613322,0,0.30734049479166659
,231.91982626718732,327.35393508779401,0,0.30734049479166659
,232.01983481562479,326.74607963181518,0,0.30734049479166659
,232.11984340468757,326.88232291869741,0,0.30734049479166659
,232.21985195312504,326.33735060521866,0,0.30734049479166659
,232.31986046093766,323.5182320558726,0,0.30530598958333327
,232.41986900937513,323.36103694638331,0,0.30530598958333327
,232.51987755781261,323.10952614936673,0,0.30428873697916659
,232.61988614531242,324.27277702932685,0,0.30530598958333327
,232.71989469140613,325.12165451694983,0,0.30734049479166659
,232.81990319765623,323.59158999248575,0,0.3063232421874999
,232.91991174374994,322.17685652017099,0,0.3063232421874999
,233.01992028984364,323.47631329694013,0,0.30734049479166659
,233.1199288757814,321.81008405448353,0,0.3063232421874999
,233.21993742265636,322.58555113725674,0,0.30734049479166659
,233.31994592812475,320.53165937831227,0,0.30530598958333327
,233.41995447421891,318.26839927371952,0,0.30428873697916659
,233.51996302109387,319.70386380015725,0,0.30530598958333327
,233.61997160859369,320.5107021501226,0,0.30530598958333327
,233.71998015859367,319.84008115792903,0,0.30530598958333327
,233.8199886679688,320.65740314291037,0,0.30734049479166659
,233.91999721796878,317.50356293338001,0,0.30530598958333327
,234.02000576796877,319.22187115336459,0,0.3063232421874999
,234.12001435781235,318.85514547136097,0,0.3063232421874999
,234.22002290781234,317.5140399097312,0,0.3063232421874999
,234.32003141718747,317.00067602165655,0,0.3063232421874999
,234.42003996718745,314.77979449869542,0,0.30428873697916659
,234.52004851640618,315.16737581123681,0,0.30428873697916659
,234.62005710234348,317.975033359995,0,0.3063232421874999
,234.72006564765638,315.90066796955693,0,0.30530598958333327
,234.82007415312478,316.63399774237018,0,0.30734049479166659
,234.92008269843723,315.03119730602293,0,0.3063232421874999
,235.02009124375013,314.23510511061409,0,0.3063232421874999
,235.12009982890618,315.15690049257131,0,0.30835774739583327
,235.22010837499988,313.7532841486738,0,0.30734049479166659
,235.32011687968748,311.60628003965246,0,0.30530598958333327
,235.42012542578118,311.39683868471553,0,0.30530598958333327
,235.52013397265614,310.33922521282983,0,0.30428873697916659
,235.62014256250018,313.00964172777191,0,0.3063232421874999
,235.72015111250016,312.69544088406298,0,0.3063232421874999
,235.82015962187484,311.2502322370247,0,0.3063232421874999
,235.92016817187482,310.84183958611857,0,0.3063232421874999
,236.0201767218748,311.26070405737693,0,0.30734049479166659
,236.12018531171884,309.88898836355816,0,0.30734049479166659
,236.22019386171883,310.62194267363469,0,0.30835774739583327
,236.32020237187476,307.55439082251183,0,0.3063232421874999
,236.42021092109349,306.37162923591569,0,0.30530598958333327
,236.52021947109392,307.62766476255911,0,0.3063232421874999
,236.62022806015625,308.08825817063865,0,0.3063232421874999
,236.72023660937498,308.38137579164061,0,0.30734049479166659
,236.82024511796885,308.50700061519626,0,0.30835774739583327
,236.92025366640632,305.85880396122587,0,0.3063232421874999
,237.02026221562505,307.04149109462003,0,0.30734049479166659
,237.12027080390612,306.32976470905771,0,0.30734049479166659
,237.22027935312485,305.97392510963988,0,0.30835774739583327
,237.32028786171873,304.29960574231285,0,0.31039225260416659
,237.42029641093745,302.28046895163686,0,0.31242675781249996
,237.52030495937493,303.64044590406877,0,0.31751302083333327
,237.62031354843725,305.06346813012527,0,0.32361653645833327
,237.72032209687518,304.06941612649814,0,0.33073730468749996
,237.82033060624985,305.05300373550949,0,0.34090983072916659
,237.92033915468733,302.68843399426743,0,0.34803059895833327
,238.0203477031248,302.94996280211876,0,0.35922037760416659
,238.12035629218758,303.32658155830796,0,0.37041015624999996
,238.22036484140631,301.66333791328623,0,0.38058268229166659
,238.32037334999973,299.93777269395622,0,0.39075520833333327
,238.42038189843765,299.42542299419853,0,0.40194498697916659
,238.52039044765638,298.48448492534698,0,0.41211751302083327
,238.62039903671871,301.19268337423006,0,0.42534179687499996
,238.72040758515618,300.39787779608861,0,0.43653157552083327
,238.82041609375005,299.76001389798392,0,0.44873860677083327
,238.92042464296878,298.85038778109532,0,0.45992838541666659
,239.02043319140625,298.14996493910542,0,0.47315266927083327
,239.12044178046858,297.43917361523256,0,0.48637695312499996
,239.22045032968731,297.71093646394939,0,0.50061848958333321
,239.32045883828118,294.49244280507685,0,0.51079101562499996
,239.42046738671866,293.66723084285809,0,0.52198079427083321
,239.52047593593738,294.17905572761794,0,0.53520507812499996
,239.62048452421891,294.61780288561056,0,0.54741210937499996
,239.72049307343764,295.25509587876218,0,0.55961914062499996
,239.82050158203106,295.09837741264926,0,0.57284342447916659
,239.92051013124978,292.09029887673807,0,0.58301595052083333
,240.02051867968726,293.12412561954824,0,0.59624023437499996
,240.12052726875004,290.94185768707939,0,0.60743001302083333
,240.22053581718751,290.28423801116753,0,0.61963704427083333
,240.32054432578138,289.53278551779107,0,0.62980957031249996
,240.42055286953132,287.10185226403809,0,0.63998209635416659
,240.5205614125,287.31046390720252,0,0.65218912760416659
,240.62056999609354,288.81275843739905,0,0.66541341145833333
,240.72057853906267,287.45649797594325,0,0.67762044270833333
,240.8205870421873,288.64581190417857,0,0.69084472656249996
,240.92059558593724,285.26650560117702,0,0.69999999999999996
,241.02060412890637,285.0996953287983,0,0.71220703124999996
,241.12061271249991,285.86082106220442,0,0.72543131510416659
,241.22062125546859,284.08855168670266,0,0.73662109374999996
,241.32062976093744,281.78575466995471,0,0.74781087239583333
,241.42063831249993,281.32743949826579,0,0.75900065104166659
,241.52064686406243,280.11941550816209,0,0.76917317708333333
,241.62065545546852,282.66086910892614,0,0.78239746093749996
,241.72066400703102,281.9211762945439,0,0.79358723958333333
,241.82067251796866,280.84834988171411,0,0.80070800781249996
,241.92068106953116,280.24436576126652,0,0.80070800781249996
,242.0206896203124,279.84870413302741,0,0.80172526041666659
,242.12069821171849,278.33932730079476,0,0.80172526041666659
,242.22070676328099,278.59952078377444,0,0.80172526041666659
,242.32071527265612,275.38484598767002,0,0.79969075520833333
,242.42072382031233,275.08329478394324,0,0.79969075520833333
,242.52073236796855,275.26006300938849,0,0.79969075520833333
,242.62074095625007,275.31205537379907,0,0.79969075520833333
,242.72074950468755,276.20644498767172,0,0.80070800781249996
,242.82075801250016,276.1336373255765,0,0.80172526041666659
,242.92076656015638,272.99395962710122,0,0.80070800781249996
,243.0207751078126,274.26196096277249,0,0.80274251302083333
,243.12078369609367,272.72379136614899,0,0.80172526041666659
,243.22079224453114,271.95497057945744,0,0.80172526041666659
,243.32080075625004,270.72938333397036,0,0.80172526041666659
,243.42080930859379,268.7673318279185,0,0.79969075520833333
,243.52081786093754,269.32779527176035,0,0.79969075520833333
,243.62082645312489,271.04092983529256,0,0.80070800781249996
,243.72083500546864,270.06485072129118,0,0.80070800781249996
,243.82084351718754,271.50830528118053,0,0.80274251302083333
,243.92085206953129,268.7673318279185,0,0.80172526041666659
,244.02086062187504,268.93338475746873,0,0.80274251302083333
,244.1208692140624,268.71544207312019,0,0.80274251302083333
,244.22087776328112,266.29833299952668,0,0.80172526041666659
,244.32088626796872,264.80544584678876,0,0.80172526041666659
,244.42089481249991,263.88312780278818,0,0.80070800781249996
,244.5209033570311,262.97145360228205,0,0.79969075520833333
,244.62091194140635,265.5414304630649,0,0.80274251302083333
,244.72092048593754,265.36519249675138,0,0.80274251302083333
,244.82092898984388,264.15253963517557,0,0.80274251302083333
,244.92093753437507,263.8624048240855,0,0.80274251302083333
,245.02094607890626,263.2511419725223,0,0.80274251302083333
,245.12095466328105,262.2878827961049,0,0.80274251302083333
,245.22096321171853,262.57786309281988,0,0.80375976562499996
,245.32097172265617,259.28622155721212,0,0.80172526041666659
,245.42098027421866,257.95201498890782,0,0.80172526041666659
,245.5209888249999,258.10712274924606,0,0.80172526041666659
,245.620997416406,258.37599654046716,0,0.80172526041666659
,245.72100596718724,258.93450890683101,0,0.80274251302083333
,245.82101447812488,259.00691675914021,0,0.80375976562499996
,245.92102302968738,256.36007487096373,0,0.80172526041666659
,246.02103158046862,257.90031431290635,0,0.80375976562499996
,246.12104017187517,256.50475890374366,0,0.80375976562499996
,246.22104872109389,255.71942273848418,0,0.80375976562499996
,246.32105722968731,255.03760281734765,0,0.80375976562499996
,246.42106577890604,252.50810453479238,0,0.80172526041666659
,246.52107432812477,252.88995779913995,0,0.80172526041666659
,246.62108291796881,254.87233880686398,0,0.80274251302083333
,246.72109146718753,252.9622064473478,0,0.80172526041666659
,246.82109997578141,254.02551867411142,0,0.80375976562499996
,246.92110852500014,252.0334443113893,0,0.80274251302083333
,247.02111707421886,251.17720691998767,0,0.80274251302083333
,247.1211256648437,252.47714585383784,0,0.80477701822916659
,247.2211342164062,250.09441317048464,0,0.80375976562499996
,247.32114272890635,248.72351752074223,0,0.80274251302083333
,247.42115128046885,248.52773428911627,0,0.80274251302083333
,247.52115983203134,247.15766715041565,0,0.80172526041666659
,247.62116842421869,249.33157014771933,0,0.80375976562499996
,247.72117697656245,249.00176122947977,0,0.80375976562499996
,247.82118548828134,247.99198225143863,0,0.80375976562499996
,247.92119403984384,247.06498219070096,0,0.80375976562499996
,248.02120259218759,246.95170512292265,0,0.80477701822916659
,248.12121118203117,246.05596317310443,0,0.80477701822916659
,248.22121972968739,245.99419945160741,0,0.80477701822916659
,248.32122823828126,242.77427986131096,0,0.80274251302083333
,248.42123678593748,242.23974044351502,0,0.80375976562499996
,248.52124533437495,242.03417883334174,0,0.80274251302083333
,248.62125392265602,242.93877652336903,0,0.80375976562499996
,248.7212624710935,242.54811461218799,0,0.80375976562499996
,248.82127097890611,241.73614461337849,0,0.80477701822916659
,248.92127952734359,239.08624342030913,0,0.80375976562499996
,249.02128807578106,240.45192328439589,0,0.80579427083333333
,249.12129666328133,239.47636048932031,0,0.80477701822916659
,249.22130521093754,238.40881874581743,0,0.80477701822916659
,249.32131371796891,237.38277418564451,0,0.80477701822916659
,249.42132226562512,235.60873457812261,0,0.80274251302083333
,249.52133081328134,236.05981287461577,0,0.80375976562499996
,249.62133940078115,238.3164571349555,0,0.80477701822916659
,249.72134794843737,236.7673540574238,0,0.80477701822916659
,249.82135645624999,237.08530175228361,0,0.80579427083333333
,249.9213650039062,235.0245076532234,0,0.80477701822916659
,250.02137355234368,234.77855944957344,0,0.80477701822916659
,250.12138214374977,235.19873605591567,0,0.80579427083333333
,250.22139069453101,233.29315361821011,0,0.80477701822916659
,250.32139920546865,231.26628156461879,0,0.80477701822916659
,250.42140775703115,231.22535223283336,0,0.80375976562499996
,250.52141630781239,229.93643500667571,0,0.80274251302083333
,250.62142489921848,231.98265761758711,0,0.80477701822916659
,250.72143345000018,232.18737565565431,0,0.80477701822916659
,250.82144196093736,230.7035643287104,0,0.80477701822916659
,250.92145051249986,229.93643500667571,0,0.80579427083333333
,251.02145905937482,229.98756933612447,0,0.80579427083333333
,251.12146764453132,228.61754602340812,0,0.80579427083333333
,251.22147618984377,228.81175543732729,0,0.80681152343749996
,251.32148469453136,225.87984743520389,0,0.80477701822916659
,251.42149323906256,224.72645698742758,0,0.80375976562499996
,251.521501784375,225.70629299867238,0,0.80477701822916659
,251.62151036953105,226.27804928702801,0,0.80477701822916659
,251.72151891406224,226.03299415396106,0,0.80579427083333333
,251.82152741953109,226.57419104945416,0,0.80681152343749996
,251.92153596406229,223.46142865412912,0,0.80477701822916659
,252.02154450859348,224.91014569244822,0,0.80681152343749996
,252.12155309296872,223.84902762564496,0,0.80681152343749996
,252.22156163749992,222.50290045880718,0,0.80681152343749996
,252.32157014218751,221.7078167472377,0,0.80579427083333333
,252.4215786867187,219.11033880580322,0,0.80477701822916659
,252.52158723203115,219.23251025729326,0,0.80375976562499996
,252.6215958164064,221.52437328967829,0,0.80579427083333333
,252.72160436171885,219.90456392521719,0,0.80579427083333333
,252.82161286562473,220.96393840841046,0,0.80681152343749996
,252.92162141171889,219.12051952378147,0,0.80579427083333333
,253.02162996328138,218.42832849207281,0,0.80681152343749996
,253.12163855390622,219.05943586028206,0,0.80782877604166659
,253.22164710546872,217.44128122297957,0,0.80681152343749996
,253.32165561640636,215.34640858142711,0,0.80579427083333333
,253.4216641671876,215.08213519191202,0,0.80579427083333333
,253.52167271796884,213.85262288397718,0,0.80477701822916659
,253.62168130937494,215.91571003754399,0,0.80681152343749996
,253.72168986093743,215.90554277405926,0,0.80681152343749996
,253.82169837187507,214.72642767519977,0,0.80681152343749996
,253.92170691953129,212.94866370010112,0,0.80681152343749996
,254.02171546484374,212.55265120534511,0,0.80782877604166659
,254.12172405078104,211.2533629138926,0,0.80681152343749996
,254.22173259609349,212.03488442008228,0,0.80884602864583333
,254.32174110156234,209.37668183835348,0,0.80681152343749996
,254.42174964765604,208.11958210173214,0,0.80579427083333333
,254.52175819296849,209.00151400722331,0,0.80579427083333333
,254.62176677812499,209.56935731450767,0,0.80681152343749996
,254.7217753242187,209.95475259447522,0,0.80681152343749996
,254.82178382968755,210.33006281216609,0,0.80782877604166659
,254.921792375,207.54193085405103,0,0.80681152343749996
,255.02180092031244,208.43379846553472,0,0.80782877604166659
,255.12180950624975,207.80540462703556,0,0.80782877604166659
,255.22181805156265,206.5693400347468,0,0.80782877604166659
,255.32182655703105,205.64774495705166,0,0.80681152343749996
,255.42183510312475,203.40082900339405,0,0.80579427083333333
,255.52184364843765,203.90672291540892,0,0.80579427083333333
,255.62185223437496,205.93127759678072,0,0.80782877604166659
,255.7218607796874,204.40259345960646,0,0.80681152343749996
,255.82186928671877,205.09089621207841,0,0.80782877604166659
,255.92187783281247,202.9557225439728,0,0.80681152343749996
,256.02188637968743,202.75342614113771,0,0.80782877604166659
,256.12189496640599,203.45141402511791,0,0.80884602864583333
,256.2219035132814,201.67140114204477,0,0.80782877604166659
,256.32191201953106,199.96329338085548,0,0.80681152343749996
,256.42192056640602,199.14499325001623,0,0.80681152343749996
,256.52192911250017,197.90285120255561,0,0.80477701822916659
,256.62193769921873,200.25632434853827,0,0.80681152343749996
,256.72194624609369,199.88246277284503,0,0.80782877604166659
,256.82195475468757,198.90258054009195,0,0.80782877604166659
,256.92196330546881,197.78169614203796,0,0.80681152343749996
,257.0219718570313,197.98362414390709,0,0.80782877604166659
,257.12198044765614,196.85301323676669,0,0.80782877604166659
,257.22198899843738,197.2567510154563,0,0.80884602864583333
,257.32199750937502,193.92760216530041,0,0.80579427083333333
,257.42200606015626,193.39327218958596,0,0.80579427083333333
,257.5220146109375,194.16959436951413,0,0.80579427083333333
,257.62202320156234,194.1292609678228,0,0.80579427083333333
,257.72203175234358,195.07724146998066,0,0.80782877604166659
,257.82204026171871,194.64355298298636,0,0.80782877604166659
,257.92204881015618,191.911756560041,0,0.80681152343749996
,258.02205735859366,193.53440669552657,0,0.80884602864583333
,258.12206594687473,191.76062178763203,0,0.80681152343749996
,258.22207449531265,191.18637676399533,0,0.80782877604166659
,258.32208300390607,189.98785255273924,0,0.80681152343749996
,258.42209155234355,187.78332811416374,0,0.80477701822916659
,258.52210010078102,188.78977651901181,0,0.80579427083333333
,258.62210868906254,190.0784814339774,0,0.80681152343749996
,258.72211723750002,189.13203888507456,0,0.80681152343749996
,258.82212574843766,189.91736519560044,0,0.80782877604166659
,258.9221342992189,186.81742127181036,0,0.80681152343749996
,259.02214284921888,187.30034036979498,0,0.80782877604166659
,259.12215144062498,187.51163901415333,0,0.80782877604166659
,259.22215999062496,185.67075880656364,0,0.80681152343749996
,259.3221685015626,184.00171874498233,0,0.80579427083333333
,259.42217705234384,183.5393483533208,0,0.80579427083333333
,259.52218560234382,182.47410188430382,0,0.80477701822916659
,259.62219419374992,184.95679787988024,0,0.80681152343749996
,259.72220274140614,184.26308404297663,0,0.80681152343749996
,259.82221124609373,183.40868882598954,0,0.80681152343749996
,259.92221979062492,182.83585035605228,0,0.80782877604166659
,260.02222833593737,182.644923316318,0,0.80782877604166659
,260.12223692031262,181.61006106067975,0,0.80782877604166659
,260.22224546484381,181.79089111578497,0,0.80884602864583333
,260.3222539695314,178.75801947121778,0,0.80579427083333333
,260.42226251484385,177.68397209183399,0,0.80579427083333333
,260.52227105937504,178.627513981844,0,0.80579427083333333
,260.62227964374983,178.88852882601043,0,0.80579427083333333
,260.72228819062479,178.86845021134121,0,0.80681152343749996
,260.82229669843741,179.32024140365837,0,0.80782877604166659
,260.92230524609363,176.15865057535217,0,0.80579427083333333
,261.02231379296859,178.07541768398471,0,0.80884602864583333
,261.12232238125011,176.53993535534249,0,0.80681152343749996
,261.22233092812507,175.65700497094485,0,0.80782877604166659
,261.32233943593724,174.52346782115268,0,0.80681152343749996
,261.42234798359391,172.11673504745517,0,0.80477701822916659
,261.52235653125013,172.91886743592124,0,0.80477701822916659
,261.62236511874994,174.93472264759509,0,0.80681152343749996
,261.72237366406239,173.0893345736709,0,0.80579427083333333
,261.82238216953124,174.23259942506559,0,0.80782877604166659
,261.92239071484369,172.11673504745517,0,0.80681152343749996
,262.02239926015613,171.60543065907927,0,0.80681152343749996
,262.12240784609389,172.39746919274597,0,0.80782877604166659
,262.22241639140634,171.02399717164752,0,0.80782877604166659
,262.32242489687474,168.36806550103211,0,0.80579427083333333
,262.42243344218764,168.48831393916788,0,0.80579427083333333
,262.52244198750009,167.49631579089782,0,0.80477701822916659
,262.6224505749999,169.10962636481662,0,0.80681152343749996
,262.72245912578114,169.2699731100156,0,0.80681152343749996
,262.82246763593753,168.01735088398448,0,0.80681152343749996
,262.92247618671877,167.09554031632501,0,0.80681152343749996
,263.02248473750001,167.34602292232989,0,0.80681152343749996
,263.12249332812485,166.08365715509365,0,0.80681152343749996
,263.22250187890609,166.96529203099738,0,0.80782877604166659
,263.32251038984373,164.04013787602543,0,0.80579427083333333
,263.42251894062497,162.69799240214218,0,0.80477701822916659
,263.52252749140621,163.78972890157695,0,0.80579427083333333
,263.62253607734351,164.20040192091108,0,0.80579427083333333
,263.72254462187516,164.24046822028663,0,0.80681152343749996
,263.82255312734355,164.14030268921374,0,0.80681152343749996
,263.92256167187475,160.81513714545957,0,0.80477701822916659
,264.02257021718765,162.18720275534446,0,0.80782877604166659
,264.1225788023437,161.67642531295922,0,0.80681152343749996
,264.22258734687489,160.65490009689398,0,0.80579427083333333
,264.32259585156248,159.7335486688504,0,0.80579427083333333
,264.42260439687493,157.58041911435947,0,0.80477701822916659
,264.52261294140612,158.54181706342905,0,0.80477701822916659
,264.62262152890639,160.82515198498669,0,0.80681152343749996
,264.72263007656261,158.70204953883257,0,0.80579427083333333
,264.82263858437477,158.96242734690469,0,0.80782877604166659
,264.92264713124973,157.53034602092072,0,0.80681152343749996
,265.0226556789064,156.54890297821055,0,0.80681152343749996
,265.12266426640622,157.32003856513165,0,0.80782877604166659
,265.22267281406243,156.75921418508727,0,0.80782877604166659
,265.3226813210938,153.37396595223169,0,0.80579427083333333
,265.42268986875001,153.66444262469577,0,0.80579427083333333
,265.52269841640623,153.08348278162549,0,0.80477701822916659
,265.6227070046873,153.97494540506983,0,0.80579427083333333
,265.72271555312477,154.64601027474947,0,0.80681152343749996
,265.82272406171865,153.14358329936096,0,0.80681152343749996
,265.92273261015612,151.95153107245341,0,0.80681152343749996
,266.02274115859359,152.09177929485372,0,0.80681152343749996
,266.12274974687512,150.65914683292743,0,0.80579427083333333
,266.22275829531259,151.24024139997221,0,0.80681152343749996
,266.32276680312475,149.55695786261651,0,0.80477701822916659
,266.42277535156268,147.46232293234789,0,0.80375976562499996
,266.52278389921889,149.15612181215926,0,0.80477701822916659
,266.62279248593745,149.71728607272689,0,0.80579427083333333
,266.72280103281241,149.00580241588813,0,0.80579427083333333
,266.82280953906252,150.06799210072677,0,0.80782877604166659
,266.92281808515622,146.7305348621602,0,0.80579427083333333
,267.02282663203118,147.5324894735416,0,0.80681152343749996
,267.12283521874974,147.27186662907241,0,0.80681152343749996
,267.22284376562516,145.28671343767064,0,0.80579427083333333
,267.32285227187481,144.30386792118236,0,0.80579427083333333
,267.42286081874977,142.84925404307006,0,0.80477701822916659
,267.5228693679685,142.23715768110299,0,0.80375976562499996
,267.62287795625002,145.31679729347729,0,0.80579427083333333
,267.72288650546875,143.85248948900318,0,0.80477701822916659
,267.82289501406262,143.83242713605114,0,0.80579427083333333
,267.9229035625001,142.77901832302723,0,0.80579427083333333
,268.02291211171882,141.84576628272202,0,0.80477701822916659
,268.12292070078115,141.95616284767624,0,0.80579427083333333
,268.22292924921862,141.57477896665262,0,0.80579427083333333
,268.3229377578125,138.63269545989164,0,0.80375976562499996
,268.42294630781248,138.72310645315184,0,0.80375976562499996
,268.52295485781246,138.39158633741232,0,0.80274251302083333
,268.6229634484373,139.33582251741484,0,0.80477701822916659
,268.72297199921854,140.14924727206073,0,0.80579427083333333
,268.82298050937493,138.56237394635286,0,0.80477701822916659
,268.92298905937491,137.30635225472099,0,0.80477701822916659
,269.02299761015615,138.81351478048344,0,0.80579427083333333
,269.12300619999974,136.77363306519635,0,0.80477701822916659
,269.22301475078098,137.06513350948597,0,0.80681152343749996
,269.32302326093736,134.74229837872173,0,0.80477701822916659
,269.42303180703107,132.43742681058598,0,0.80274251302083333
,269.52304035312477,134.058116736827,0,0.80375976562499996
,269.62304893906253,134.83283756334487,0,0.80375976562499996
,269.72305748437498,133.86691376055734,0,0.80375976562499996
,269.82306598984383,135.06420057716485,0,0.80579427083333333
,269.92307453593753,131.95401533338804,0,0.80274251302083333
,270.02308308124998,132.96100426988022,0,0.80477701822916659
,270.12309166718728,133.15228128995261,0,0.80477701822916659
,270.22310021328099,130.77524582019555,0,0.80375976562499996
,270.32310871953109,129.62605551753961,0,0.80375976562499996
,270.42311727109359,128.82929585041552,0,0.80172526041666659
,270.52312582343734,128.43583688399809,0,0.80172526041666659
,270.62313441484389,131.29922423543366,0,0.80477701822916659
,270.72314296718764,129.55546970557026,0,0.80375976562499996
,270.82315147890608,129.52521786839998,0,0.80477701822916659
,270.92316003046858,128.45601625901912,0,0.80375976562499996
,271.02316858203108,127.97165112010141,0,0.80375976562499996
,271.12317717421888,128.28448465544517,0,0.80477701822916659
,271.22318572578138,127.48715885756583,0,0.80477701822916659
,271.32319423515605,124.10205748063233,0,0.80274251302083333
,271.4232027804685,124.36502753789016,0,0.80274251302083333
,271.52321132500015,124.16274670295034,0,0.80172526041666659
,271.62321991015619,125.07281204491038,0,0.80375976562499996
,271.72322845546864,125.61861010943279,0,0.80375976562499996
,271.82323696015624,124.9413894651495,0,0.80375976562499996
,271.92324550468743,122.94851870650579,0,0.80274251302083333
,272.02325404999988,124.08182722816623,0,0.80477701822916659
,272.12326263515638,122.59418976969631,0,0.80375976562499996
,272.22327117968757,122.38155275628462,0,0.80477701822916659
,272.32327968906225,120.46644212984988,0,0.80274251302083333
,272.42328823984349,118.60965642436467,0,0.80172526041666659
,272.52329679062473,119.83764741132235,0,0.80274251302083333
,272.62330538203128,120.66921925998246,0,0.80274251302083333
,272.72331393281252,119.80721467246595,0,0.80274251302083333
,272.82332244375016,120.93278639611997,0,0.80477701822916659
,272.9233309945314,118.26439947194861,0,0.80274251302083333
,273.02333954531264,118.3456444889337,0,0.80375976562499996
,273.12334813671873,118.82285868872349,0,0.80477701822916659
,273.22335668671872,117.20775455315415,0,0.80375976562499996
,273.32336519375008,115.81448981808789,0,0.80274251302083333
,273.42337374062504,114.6844825447554,0,0.80172526041666659
,273.5233822875,113.82862913928373,0,0.80070800781249996
,273.62339087421856,116.60792519339931,0,0.80375976562499996
,273.72339942109352,115.77378709900817,0,0.80274251302083333
,273.82340792812488,115.2852486064421,0,0.80375976562499996
,273.92341647499984,114.55206971181561,0,0.80375976562499996
,274.0234250218748,113.85920611323461,0,0.80375976562499996
,274.12343360859381,113.66553832198714,0,0.80375976562499996
,274.22344215546877,113.59417885592127,0,0.80477701822916659
,274.32345066406265,110.03060834156118,0,0.80172526041666659
,274.42345921328138,109.92832694285879,0,0.80172526041666659
,274.52346776171885,109.98969698027078,0,0.80172526041666659
,274.62347635078117,110.55208895885242,0,0.80172526041666659
,274.72348489921865,111.51258216837952,0,0.80375976562499996
,274.82349340781252,110.61342274022586,0,0.80274251302083333
,274.92350195703125,108.59774850282578,0,0.80274251302083333
,275.02351050546872,110.02038065088608,0,0.80375976562499996
,275.12351909453105,108.47483849507465,0,0.80274251302083333
,275.22352764296852,108.12651196388079,0,0.80375976562499996
,275.32353615156239,107.09105708095412,0,0.80274251302083333
,275.42354469999987,104.80091336971068,0,0.80070800781249996
,275.52355324843734,105.41764162510054,0,0.80172526041666659
,275.62356183671886,107.00899419526125,0,0.80274251302083333
,275.72357038515634,106.06476980720868,0,0.80274251302083333
,275.82357889374975,106.93718349335653,0,0.80375976562499996
,275.92358744140643,103.62798907675162,0,0.80172526041666659
,276.0235959898439,105.14016449397491,0,0.80375976562499996
,276.12360457890622,105.170999361086,0,0.80375976562499996
,276.22361312421867,103.43235395395567,0,0.80375976562499996
,276.32362162968752,102.64938376015736,0,0.80274251302083333
,276.42363017499997,101.0400342812241,0,0.80172526041666659
,276.52363872109368,100.33757358584252,0,0.80070800781249996
,276.62364730703098,103.16457339547817,0,0.80274251302083333
,276.72365585234388,102.06169908996861,0,0.80274251302083333
,276.82366435781228,101.3600804531002,0,0.80274251302083333
,276.92367290312473,100.65788565421822,0,0.80274251302083333
,277.02368144921888,100.15152968626975,0,0.80274251302083333
,277.12369003437493,100.33757358584252,0,0.80375976562499996
,277.22369857890612,99.996461370946378,0,0.80375976562499996
,277.32370708359372,96.535908819175518,0,0.80172526041666659
,277.42371562812491,96.442450644118281,0,0.80172526041666659
,277.5237241726561,97.013408116509055,0,0.80070800781249996
,277.62373275703135,97.583948453205636,0,0.80172526041666659
,277.72374130156254,98.402732722520767,0,0.80274251302083333
,277.82374980625013,98.019356240734183,0,0.80274251302083333
,277.92375835078133,95.69437593221484,0,0.80274251302083333
,278.02376689531252,96.878492378246023,0,0.80375976562499996
,278.12377548046857,95.153642526231536,0,0.80274251302083333
,278.22378402578101,95.538434761075976,0,0.80375976562499996
,278.32379253124986,93.456110911201918,0,0.80172526041666659
,278.42380107656231,91.942709953293701,0,0.80070800781249996
,278.52380962187476,93.038938636680868,0,0.80172526041666659
,278.62381820781252,93.549941702377694,0,0.80172526041666659
,278.72382675312497,92.9763420756599,0,0.80274251302083333
,278.82383525781256,94.091839806238042,0,0.80375976562499996
,278.92384380390627,91.420101614796152,0,0.80172526041666659
,279.02385234843746,92.141199885189664,0,0.80375976562499996
,279.12386093828104,92.078524849343353,0,0.80477701822916659
,279.22386948749977,90.373712137203611,0,0.80274251302083333
,279.3238779968749,89.399141454545955,0,0.80274251302083333
,279.42388654609363,88.202586307086435,0,0.80070800781249996
,279.52389509531235,88.244607022890676,0,0.80070800781249996
,279.62390368515639,90.80292246841249,0,0.80375976562499996
,279.72391223437512,89.367680443272391,0,0.80274251302083333
,279.8239207437498,89.399141454545955,0,0.80375976562499996
,279.92392929296852,88.507176281135116,0,0.80375976562499996
,280.02393784296851,87.603500555281329,0,0.80274251302083333
,280.12394643515631,88.076508166496708,0,0.80477701822916659
,280.22395498750006,87.477307690300421,0,0.80477701822916659
,280.32396349921851,84.03955243435388,0,0.80172526041666659
,280.42397205156226,84.145284207083108,0,0.80274251302083333
,280.52398060312476,83.510621665169026,0,0.80172526041666659
,280.62398919531256,84.832102625105719,0,0.80274251302083333
,280.72399774765631,85.676386119910049,0,0.80375976562499996
,280.82400625937476,84.356693666505763,0,0.80274251302083333
,280.92401481171851,83.309508511894848,0,0.80274251302083333
,281.02402336249975,84.028978263410011,0,0.80375976562499996
,281.12403195156253,82.525592514331805,0,0.80274251302083333
,281.22404050156251,83.277747760083415,0,0.80375976562499996
,281.32404901093764,80.657021549705135,0,0.80172526041666659
,281.42405756015637,79.78441118028573,0,0.80172526041666659
,281.52406611015635,80.518767863128943,0,0.80172526041666659
,281.62407469921868,80.773979994471958,0,0.80274251302083333
,281.72408324921867,81.379665816507895,0,0.80274251302083333
,281.8240917585938,81.039708180762432,0,0.80274251302083333
,281.92410030781252,78.505040569791774,0,0.80274251302083333
,282.02410885546874,80.327285753796531,0,0.80375976562499996
,282.12411744296855,79.027795209696563,0,0.80274251302083333
,282.22412599062477,78.803816160780727,0,0.80375976562499996
,282.32413449765613,77.597076794492381,0,0.80274251302083333
,282.42414304531235,74.917969598732583,0,0.80070800781249996
,282.52415159296856,76.119824113468951,0,0.80172526041666659
,282.62416018046883,78.387621485023288,0,0.80375976562499996
,282.72416872734379,76.162698609879484,0,0.80274251302083333
,282.82417723515641,77.671905595679831,0,0.80477701822916659
,282.92418578203137,75.27236351352542,0,0.80274251302083333
,283.02419432890633,74.95019682320455,0,0.80375976562499996
,283.12420291562489,75.894678019267928,0,0.80477701822916659
,283.22421146249985,74.047103899602163,0,0.80375976562499996
,283.32421996953121,72.365851104770215,0,0.80274251302083333
,283.42422851640617,72.290284017971828,0,0.80274251302083333
,283.52423706249988,71.003955492983096,0,0.80172526041666659
,283.62424565000015,73.508823219472774,0,0.80375976562499996
,283.72425419687511,73.185592322788608,0,0.80375976562499996
,283.82426270312476,71.858261459992931,0,0.80375976562499996
,283.92427125234349,71.252823755689761,0,0.80375976562499996
,284.02427980156267,71.058067556094088,0,0.80375976562499996
,284.124288390625,69.909661312840996,0,0.80274251302083333
,284.22429693984373,71.014778362519294,0,0.80477701822916659
,284.32430544921885,67.888182109513082,0,0.80172526041666659
,284.42431399843758,66.9834542759952,0,0.80172526041666659
,284.52432254765631,68.193016357356697,0,0.80172526041666659
,284.62433113671864,68.323602089369501,0,0.80172526041666659
,284.72433968593737,69.160711703171344,0,0.80274251302083333
,284.8243481953125,68.812992772160825,0,0.80375976562499996
,284.92435674374997,65.650552927627885,0,0.80172526041666659
,285.02436529218744,67.80105200174647,0,0.80375976562499996
,285.12437388124977,66.197268506652406,0,0.80274251302083333
,285.22438242968724,65.59584716014669,0,0.80274251302083333
,285.32439093828111,64.818349078207319,0,0.80274251302083333
,285.42439948749984,61.87195408343193,0,0.80070800781249996
,285.52440803593731,63.149542173848999,0,0.80070800781249996
,285.62441662500009,65.464527841938889,0,0.80172526041666659
,285.72442517343757,63.391447380196311,0,0.80070800781249996
,285.82443368203099,64.63199908677872,0,0.80274251302083333
,285.92444223437474,62.841481133280752,0,0.80172526041666659
,286.02445078593723,62.632323366150246,0,0.80172526041666659
,286.12445937734378,63.369461174660188,0,0.80274251302083333
,286.22446792968753,61.84989567566204,0,0.80172526041666659
,286.32447644062518,59.206189247482527,0,0.80070800781249996
,286.42448499296893,59.294932669030288,0,0.80070800781249996
,286.52449354453142,58.428929419225156,0,0.79969075520833333
,286.62450213593752,60.236748428207193,0,0.80070800781249996
,286.72451068828127,60.369552098231452,0,0.80172526041666659
,286.82451919843766,59.339297773511788,0,0.80070800781249996
,286.92452774765638,60.214610686805926,0,0.80274251302083333
,287.02453629765637,60.281020655500797,0,0.80274251302083333
,287.12454488749995,58.406701998116816,0,0.80274251302083333
,287.22455343671868,58.451155725189295,0,0.80375976562499996
,287.32456194609381,54.028124229710798,0,0.80070800781249996
,287.42457049609379,52.49849719716363,0,0.79867350260416659
,287.52457904531252,54.319923163258693,0,0.79969075520833333
,287.6245876351561,55.485126039483745,0,0.79969075520833333
,287.72459618515609,55.664107227099606,0,0.80070800781249996
,287.82460469296871,55.865372225566517,0,0.80070800781249996
,287.92461324140618,53.084011520109939,0,0.79969075520833333
,288.02462178984365,55.205318669818851,0,0.80172526041666659
,288.12463037812518,54.016897185933573,0,0.80070800781249996
,288.22463892578139,53.174018164638071,0,0.80070800781249996
,288.32464743437481,51.3475958707633,0,0.79969075520833333
,288.42465598281228,49.138358408092287,0,0.79867350260416659
,288.5246645304685,50.420034622681627,0,0.79867350260416659
,288.62467311875002,52.351990522127011,0,0.79969075520833333
,288.72468166562498,50.929320791382153,0,0.79969075520833333
,288.82469017109383,52.227983154055266,0,0.80070800781249996
,288.92469871640628,49.320080070886021,0,0.79867350260416659
,289.02470726171873,49.637897491315016,0,0.79969075520833333
,289.12471584765603,50.250132040722534,0,0.80070800781249996
,289.22472439296848,48.558575729393738,0,0.79969075520833333
,289.32473289843733,46.562739174126691,0,0.79867350260416659
,289.42474144374978,46.231032678060771,0,0.79867350260416659
,289.52474998906223,45.199820053848143,0,0.79663899739583333
,289.62475857499999,48.034918797766395,0,0.79867350260416659
,289.72476712187495,47.168245932854987,0,0.79867350260416659
,289.82477563125008,46.539871778774412,0,0.79867350260416659
,289.92478418125006,45.738679072002213,0,0.79867350260416659
,290.02479273046879,45.543857887209072,0,0.79867350260416659
,290.12480132031237,45.039165754715356,0,0.79969075520833333
,290.2248098695311,45.64701052854609,0,0.80070800781249996
,290.32481837890623,41.893054121558855,0,0.79765624999999996
,290.42482692890621,41.64997696352993,0,0.79765624999999996
,290.52483547812494,42.563608521495951,0,0.79765624999999996
,290.62484406796852,42.921528273165592,0,0.79867350260416659
,290.72485261874976,43.452022901434191,0,0.79867350260416659
,290.82486112890615,42.297839450081639,0,0.79867350260416659
,290.92486967890613,40.083614566631297,0,0.79765624999999996
,291.02487822890612,41.76574730028856,0,0.79969075520833333
,291.12488681875016,40.223109608370287,0,0.79867350260416659
,291.22489536875014,40.18824068569932,0,0.79867350260416659
,291.32490387890607,38.685807927822012,0,0.79867350260416659
,291.42491242890605,36.309166285705295,0,0.79663899739583333
,291.52492097890604,37.657413440409265,0,0.79765624999999996
,291.62492956796882,39.187288279729039,0,0.79765624999999996
,291.72493811328127,38.218708586005242,0,0.79765624999999996
,291.82494661875012,39.641539044333136,0,0.79969075520833333
,291.92495516406257,36.895966939301211,0,0.79867350260416659
,292.02496371015627,36.755220159149758,0,0.79867350260416659
,292.12497229609357,36.696559778250666,0,0.79867350260416659
,292.22498084140602,34.495883548506903,0,0.79765624999999996
,292.32498934687487,33.408285811350694,0,0.79765624999999996
,292.42499789218732,32.51921957268555,0,0.79663899739583333
,292.52500643828103,32.103565497573094,0,0.79562174479166659
,292.62501502656255,35.238771756808148,0,0.79765624999999996
,292.72502357578128,33.869732788169884,0,0.79663899739583333
,292.82503208515641,34.743681825972459,0,0.79867350260416659
,292.92504063437514,33.775125142848061,0,0.79867350260416659
,293.02504918359386,32.364890204126539,0,0.79867350260416659
,293.12505777265619,32.424255535936275,0,0.79867350260416659
,293.22506632187492,32.079799218631727,0,0.79867350260416659
,293.32507483125005,28.340577203530074,0,0.79663899739583333
,293.42508338046878,28.424638350028587,0,0.79663899739583333
,293.52509192968751,28.700696838088938,0,0.79663899739583333
,293.62510051249978,30.233061949382353,0,0.79765624999999996
,293.72510905546892,30.93714775101315,0,0.79867350260416659
,293.82511755781229,29.539537331269266,0,0.79867350260416659
,293.92512610000017,27.559039171122258,0,0.79765624999999996
,294.0251346421876,29.324027128251075,0,0.79867350260416659
,294.12514322499987,27.547001780002482,0,0.79765624999999996
,294.2251517671873,27.534963971564132,0,0.79867350260416659
,294.32516026953112,24.572981296064313,0,0.79663899739583333
,294.42516881249981,22.575842759376073,0,0.79562174479166659
,294.52517735468723,24.864265494089459,0,0.79562174479166659
,294.62518594062499,25.724533398839782,0,0.79663899739583333
,294.72519448593744,25.518750114350361,0,0.79663899739583333
,294.82520299140629,26.655072880085726,0,0.79765624999999996
,294.92521153671873,22.575842759376073,0,0.79562174479166659
,295.02522008203118,24.342205022468598,0,0.79765624999999996
,295.12522866718723,24.208526327711517,0,0.79765624999999996
,295.22523721250013,22.148096103399219,0,0.79663899739583333
,295.32524571796853,21.217400999546548,0,0.79562174479166659
,295.42525426328098,19.754920816241551,0,0.79460449218749996
,295.52526280937514,19.828812753027421,0,0.79358723958333333
,295.62527139687495,22.624693619389596,0,0.79562174479166659
,295.72527994374991,20.935234463689945,0,0.79460449218749996
,295.82528845078127,21.878948914153469,0,0.79663899739583333
,295.92529699765623,20.013470995660825,0,0.79562174479166659
,296.02530554453119,19.064470855488906,0,0.79460449218749996
,296.12531413203101,19.767237276545494,0,0.79663899739583333
,296.22532267890642,18.8669357839686,0,0.79562174479166659
,296.32533118593733,15.989331155875462,0,0.79460449218749996
,296.42533973281229,15.839802561035661,0,0.79358723958333333
,296.52534828124976,15.078640102696284,0,0.79256998697916659
,296.62535687031254,17.493283697354755,0,0.79460449218749996
,296.72536541875002,17.468480768393832,0,0.79460449218749996
,296.82537392734389,16.387740830994986,0,0.79460449218749996
,296.92538247656262,15.203542426606241,0,0.79460449218749996
,297.02539102500009,15.353362166260027,0,0.79460449218749996
,297.12539961406242,14.566039829036214,0,0.79358723958333333
,297.22540816328114,15.353362166260027,0,0.81901855468749996
,297.32541667187502,11.915144857994946,0,0.79562174479166659
,297.42542522109375,10.917000893118299,0,0.79358723958333333
,297.52543377031247,12.356372820560047,0,0.79155273437499996
,297.6254423593748,12.759253811621527,0,0.79155273437499996
,297.72545090937479,13.613712766833537,0,0.79358723958333333
,297.82545941796866,13.463089629053059,0,0.79358723958333333
,297.92546796718739,9.8014748080563336,0,0.79256998697916659
,298.02547651640612,11.738484327260217,0,0.79358723958333333
,298.12548510625015,9.991896490566166,0,0.79256998697916659
,298.22549365546888,9.6236454271206,0,0.79358723958333333
,298.32550216484356,7.6865086075283102,0,0.79155273437499996
,298.42551071484354,5.1452333216060211,0,0.78951822916666659
,298.52551926562478,6.7904138792313482,0,0.79053548177083333
,298.62552785703133,8.580077009988976,0,0.79155273437499996
,298.72553640781257,7.2259768315015798,0,0.79053548177083333
,298.82554491874976,8.605570635785984,0,0.79256998697916659
,298.92555347031225,6.148787091664385,0,0.79053548177083333
,299.02556202109349,6.3927589738023549,0,0.79155273437499996
,299.12557061250004,7.1363511339182928,0,0.79155273437499996
,299.22557916328128,5.0163406747030912,0,0.79155273437499996
,299.32558767421892,3.4136542065124829,0,0.79053548177083333
,299.42559622031263,2.5312612566768955,0,0.78951822916666659
,299.52560476640633,1.6593935961543238,0,0.78850097656249996
,299.62561335312489,4.977662563906005,0,0.79053548177083333
,299.72562189921859,4.0608858931710294,0,0.79053548177083333
,299.8256304054687,3.530254827682846,0,0.79053548177083333
,299.92563895156241,2.8170145620104812,0,0.79155273437499996
,300.02564749843737,1.9719853389100557,0,0.79053548177083333
,300.12565608437512,2.2192311723658129,0,0.79155273437499996
,300.22566463125008,2.2192311723658129,0,0.79155273437499996
,300.32567313906225,-1.786919353013424,0,0.78951822916666659
,300.42568169218725,-1.5761550779043638,0,0.78951822916666659
,300.52569024609352,-1.6683466885145037,0,0.78951822916666659
,300.62569883906258,-0.77393672098511246,0,0.79053548177083333
,300.72570739218759,0.78507271020192704,0,0.79053548177083333
,300.82571590546854,-0.78707102611125634,0,0.79053548177083333
,300.92572445937481,-2.3144627541583418,0,0.79053548177083333
,301.02573301249981,-0.73453715995814406,0,0.79155273437499996
,301.12574160546887,-2.8164693927715234,0,0.79053548177083333
,301.22575015859388,-2.0637667675743891,0,0.79256998697916659
,301.32575866953107,-5.7391121276377142,0,0.78951822916666659
,301.4257672187498,-7.4659655624863817,0,0.78951822916666659
,301.52577576796853,-5.2722713828458367,0,0.78951822916666659
,301.62578435703131,-5.2456163531382067,0,0.78951822916666659
,301.72579290625004,-5.0590963482368956,0,0.79053548177083333
,301.82580141562516,-4.0883698588625066,0,0.79155273437499996
,301.92580996484389,-7.8286461696303817,0,0.78951822916666659
,302.02581851406262,-5.6056560591012783,0,0.79155273437499996
,302.12582710312495,-6.7686886944025808,0,0.79053548177083333
,302.22583565234368,-8.191761284631955,0,0.79053548177083333
,302.32584416328132,-8.9058117611511136,0,0.79053548177083333
,302.42585271406256,-11.942479663461636,0,0.78850097656249996
,302.5258612648438,-10.854438933231329,0,0.78850097656249996
,302.62586985546864,-7.6271033897478393,0,0.79053548177083333
,302.72587840624988,-10.081601741975284,0,0.78951822916666659
,302.82588691718752,-8.8653487805566247,0,0.79053548177083333
,302.92589546796876,-11.003811439056451,0,0.79053548177083333
,303.02590401875,-11.561217541541666,0,0.79053548177083333
,303.12591260937484,-10.122228024674364,0,0.79155273437499996
,303.22592115937482,-11.574825723462059,0,0.79053548177083333
,303.32592966796869,-14.76247370694011,0,0.78951822916666659
,303.42593821640617,-14.336404827382195,0,0.78951822916666659
,303.52594676562489,-15.299359909510429,0,0.78850097656249996
,303.62595535390642,-13.253351023545585,0,0.79053548177083333
,303.72596390312515,-12.747440932458588,0,0.79053548177083333
,303.82597241171857,-13.760116429917126,0,0.79053548177083333
,303.92598096015604,-15.147832761179551,0,0.79053548177083333
,304.02598950859351,-14.185364864531616,0,0.79155273437499996
,304.12599809765629,-15.492323901372137,0,0.79053548177083333
,304.22600664453125,-15.189150724470394,0,0.79155273437499996
,304.32601515156261,-17.998381685713042,0,0.78951822916666659
,304.42602369843758,-19.755478185292304,0,0.78951822916666659
,304.52603224609379,-17.914969060609607,0,0.78951822916666659
,304.62604083281235,-16.58353698632515,0,0.79053548177083333
,304.72604937968731,-17.026686463249188,0,0.79053548177083333
,304.82605788671867,-15.644026004614098,0,0.79256998697916659
,304.92606643359363,-19.252388673758198,0,0.79053548177083333
,305.02607498124985,-17.914969060609607,0,0.79155273437499996
,305.12608356796886,-17.151441137194148,0,0.79155273437499996
,305.22609211328131,-18.833797861479283,0,0.79155273437499996
,305.3261006179689,-20.035341494233357,0,0.79053548177083333
,305.42610916328135,-21.298007434384225,0,0.78951822916666659
,305.52611770781255,-21.846839488881972,0,0.78850097656249996
,305.62612629296859,-17.859373638581307,0,0.79155273437499996
,305.72613483828104,-19.168623281691698,0,0.79053548177083333
,305.82614334296863,-19.056972848807117,0,0.79155273437499996
,305.92615188749983,-19.433961501268811,0,0.79155273437499996
,306.02616043281228,-19.839409448555127,0,0.79155273437499996
,306.12616901875003,-19.685553604827103,0,0.79155273437499996
,306.22617756640625,-19.573708550360703,0,0.79256998697916659
,306.32618607500012,-22.580203546674763,0,0.79053548177083333
,306.42619462265634,-22.947569150530899,0,0.79053548177083333
,306.52620317109381,-22.312032618867182,0,0.79053548177083333
,306.62621175859363,-20.637943821315616,0,0.79155273437499996
,306.7262203070311,-19.224464249735387,0,0.79256998697916659
,306.82622881484372,-19.909370317897697,0,0.79256998697916659
,306.92623736249993,-22.086393028235882,0,0.79155273437499996
,307.0262459109374,-19.447933244644876,0,0.79256998697916659
,307.12625450156224,-20.974813734373409,0,0.79256998697916659
,307.22626305546851,-20.483673056176233,0,0.79358723958333333
,307.32627156874992,-23.145570812119313,0,0.79155273437499996
,307.42628012187492,-24.805513859998932,0,0.79053548177083333
,307.52628867578119,-22.453144878598334,0,0.79155273437499996
,307.62629726953105,-20.974813734373409,0,0.79155273437499996
,307.72630582265606,-20.778259722594573,0,0.79155273437499996
,307.82631433593747,-19.601665860907229,0,0.79358723958333333
,307.92632288984373,-22.763829244431225,0,0.79155273437499996
,308.02633144296874,-20.427594506142622,0,0.79358723958333333
,308.12634003281232,-20.946726601036453,0,0.79256998697916659
,308.22634858046854,-21.959546393235005,0,0.79358723958333333
,308.32635708906241,-23.117276731136393,0,0.79256998697916659
,308.42636563671863,-25.16141748849941,0,0.79053548177083333
,308.5263741851561,-23.726197875399109,0,0.79155273437499996
,308.62638277343763,-19.993345155133799,0,0.79358723958333333
,308.7263913218751,-22.12868733552412,0,0.79256998697916659
,308.82639982968726,-20.371526567134413,0,0.79460449218749996
,308.92640837812473,-23.230469325955426,0,0.79256998697916659
,309.02641692656266,-22.439030620383246,0,0.79358723958333333
,309.12642551406248,-20.455632454479332,0,0.79460449218749996
,309.22643406171869,-22.001822559145175,0,0.79460449218749996
,309.32644256953131,-23.85380563572161,0,0.79256998697916659
,309.42645111718753,-23.839624269982814,0,0.79256998697916659
,309.52645966406249,-24.606395410793979,0,0.79155273437499996
,309.6264682515623,-21.115289381365397,0,0.79358723958333333
,309.72647679921852,-21.157445076443956,0,0.79358723958333333
,309.82648530703113,-21.663782321474518,0,0.79358723958333333
,309.92649385468735,-22.269712074720701,0,0.79460449218749996
,310.02650240781236,-21.635629732276108,0,0.79460449218749996
,310.1265110054685,-21.903187571918696,0,0.79460449218749996
,310.2265195640623,-21.36831365406379,0,0.79562174479166659
,310.32652808203125,-24.919356258765188,0,0.79358723958333333
,310.42653663984379,-25.589070177670671,0,0.79256998697916659
,310.52654519843759,-23.938908148150592,0,0.79256998697916659
,310.62655379687499,-22.269712074720701,0,0.79358723958333333
,310.72656235468753,-21.762337487960593,0,0.79460449218749996
,310.82657087265602,-21.115289381365397,0,0.79460449218749996
,310.92657943124982,-23.612815064250306,0,0.79358723958333333
,311.02658798359357,-21.635629732276108,0,0.79562174479166659
,311.12659657421887,-22.382580327108268,0,0.79460449218749996
,311.22660512500011,-22.580203546674763,0,0.79460449218749996
,311.32661363515604,-23.981468612244512,0,0.79358723958333333
,311.42662218593728,-24.833970337147697,0,0.79358723958333333
,311.52663073671852,-24.165968283311354,0,0.79256998697916659
,311.62663932734381,-21.438636580183076,0,0.79460449218749996
,311.72664787812505,-22.354359223155257,0,0.79460449218749996
,311.82665638906224,-20.778259722594573,0,0.79562174479166659
,311.92666493984348,-22.74970013816073,0,0.79460449218749996
,312.02667348750015,-22.439030620383246,0,0.79460449218749996
,312.12668207499996,-21.46677043055724,0,0.79562174479166659
,312.22669062265618,-22.368469438304867,0,0.79562174479166659
,312.32669912968754,-24.009845666706731,0,0.79460449218749996
,312.42670767734376,-23.981468612244512,0,0.79358723958333333
,312.52671622499997,-24.734384685365203,0,0.79256998697916659
,312.62672481249979,-21.382376902469158,0,0.79562174479166659
,312.726733360156,-21.002903532256862,0,0.79562174479166659
,312.82674186796862,-20.946726601036453,0,0.79562174479166659
,312.92675041484358,-22.086393028235882,0,0.79562174479166659
,313.0267589624998,-21.36831365406379,0,0.79562174479166659
,313.12676755000007,-21.354251073915979,0,0.79663899739583333
,313.22677609687503,-21.31206734225983,0,0.79663899739583333
,313.32678460468765,-23.456984790405439,0,0.79562174479166659
,313.42679315156261,-24.720160910091348,0,0.79460449218749996

trace_size,104
trace_types,5,4
trace_names,,Value
trace_units,,
devices,Platform,Platform
raster,OnChange,OnChange
description,,
displayidentifier,,
path,,Model Root/PumpFlow
flags,,2
min,,-1.797693135e+308
max,,1.797693135e+308
minWeak,,-1.797693135e+308
maxWeak,,1.797693135e+308
trace_values,-1.6800711429686999,0
,1.3879642570311717,0
,4.452345757031253,0
,7.5080748570312608,0.10000000000000001
,10.576106657031232,0.10000000000000001
,13.649962557031131,0
,16.71194725703117,0
,19.775923657031171,0
,22.835914457031095,0.10000000000000001
,25.90388305703118,0
,28.961889257031089,0.10000000000000001
,32.025864857031138,0.10000000000000001
,35.085998557031189,0.10000000000000001
,38.153912357031231,0.10000000000000001
,41.211900457031106,0.10000000000000001
,44.275877157031118,0.10000000000000001
,47.339875057031122,0
,50.399874257031115,0.10000000000000001
,53.468941457031178,0
,56.523902657031158,0.10000000000000001
,59.587915057031296,0.10000000000000001
,62.652870657031144,0.10000000000000001
,65.712877557031106,0
,68.774927257031095,0.10000000000000001
,71.835891357031187,0.10000000000000001
,74.903892357031282,0.10000000000000001
,77.963906457031271,0.10000000000000001
,81.027843057031305,0.10000000000000001
,84.085914857031185,0
,87.150918457031139,0.10000000000000001
,90.211881057031178,0
,93.275891957031263,0
,96.336872257031246,0.10000000000000001
,99.40387915703127,0.10000000000000001
,102.46591965703124,0.10000000000000001
,105.52589795703102,0.10000000000000001
,108.59402825703114,0
,111.6498714570314,0
,114.71208005703124,0.10000000000000001
,117.77994595703126,0.10000000000000001
,120.84189385703098,0
,123.89891235703112,0.10000000000000001
,126.96188765703141,0
,130.02791235703103,0
,133.08594365703107,0.10000000000000001
,136.1549941570313,0.10000000000000001
,139.21486965703139,0
,142.27387925703101,0
,145.34291235703108,0
,148.39886045703111,0
,151.46187645703117,0.10000000000000001
,154.52685825703134,0.10000000000000001
,157.58789785703107,0
,160.65086995703109,0
,163.71289485703142,0.10000000000000001
,166.77387105703133,0
,169.83876765703121,0
,172.90289555703134,0
,175.96187865703109,0.10000000000000001
,179.02388065703121,0.10000000000000001
,182.08788105703138,0.10000000000000001
,185.15384285703135,0
,188.21288195703141,0.10000000000000001
,191.2788929570313,0.10000000000000001
,194.3429043570311,0.10000000000000001
,197.40288745703106,0
,200.46992725703126,0
,203.52490925703137,0.10000000000000001
,206.58791635703142,0.10000000000000001
,209.65086395703133,0
,212.7168700570312,0
,215.77488795703107,0.10000000000000001
,218.84292165703141,0
,221.90391565703135,0
,224.96085415703124,0
,228.03040085703128,0
,231.09184175703126,0
,234.15087765703106,0
,236.55495875703105,0
,239.61890155703099,0
,242.68086695703118,0
,245.74585365703138,0
,248.80888545703124,0
,251.86787495703106,0
,254.93590175703116,0
,257.99392105703123,0
,261.05499315703105,0
,264.11788995703114,0
,267.18591115703134,0
,270.24292325703141,0
,273.31188105703109,0
,276.36888285703139,0
,279.43191135703114,0
,282.49590085703107,0
,285.55886885703126,0
,288.61814845703134,0
,291.68586005703105,0
,294.7429186570314,0
,297.80692645703107,0
,300.86689855703139,0
,303.93390365703112,0
,306.99186935703142,0
,310.05786935703122,0
,313.06089245703129,0

