descriptions,General,User,Visitor
,General,DateTime,20/04/2025 17:12:51
,General,Origin,"Software revision: rl_tts1_top_hostpc_6e8x0_openloop.sdf, rl_tts1_top_hostpc_6e8x0_openloop.ppc\nVariable description: rl_tts1_top_hostpc_6e8x0_openloop.sdf\n    Platform / Device: Platform [DS1104 R&D Controller Board, assigned to 'ds1104']\nControlDesk version: 7.3"
,General,Description,
,Recording,StartCondition,None (Immediate Recording)
,Recording,StopCondition,None
,Measurement,XAxisOffset,0
,Measurement,Length,246.1210394
,Measurement,StartTimestamp,1283.709739
,Measurement,StopTimestamp,1529.830778
,MDF,Department,
,MDF,Project,
,MDF,MeasurementObject,

trace_size,2462
trace_types,5,4,4,4
trace_names,,In1,In1,In1
trace_units,,,,
devices,Platform,Platform,Platform,Platform
raster,HostService,HostService,HostService,HostService
description,,,,
displayidentifier,,,,
path,,Model Root/Height_T1\n,Model Root/TTS dSPACE RTI1104/PumpLeft,Model Root/TTS dSPACE RTI1104/ValvePos_LD
flags,,2,2,2
min,,-1.797693135e+308,-1.797693135e+308,-1.797693135e+308
max,,1.797693135e+308,1.797693135e+308,1.797693135e+308
minWeak,,-1.797693135e+308,-1.797693135e+308,-1.797693135e+308
maxWeak,,1.797693135e+308,1.797693135e+308,1.797693135e+308
trace_values,0,-23.357862887838465,0,0.2910644531249999
,0.10000855078124005,-21.46677043055724,0,0.29309895833333327
,0.20001706093739813,-23.428660850287454,0,0.2910644531249999
,0.30002564609367255,-25.218401985919268,0,0.28902994791666659
,0.40003415000001041,-22.058200184159396,0,0.2910644531249999
,0.50004273515628483,-20.301456557770607,0,0.29208170572916659
,0.60005127890622134,-21.508976222221445,0,0.2910644531249999
,0.70005978359381515,-19.573708550360703,0,0.29309895833333327
,0.80006836796860625,-23.287081900371131,0,0.29004720052083327
,0.90007687265620007,-21.129340612730282,0,0.29309895833333327
,1.0000854570312185,-19.993345155133799,0,0.29309895833333327
,1.100094001562411,-21.846839488881972,0,0.29208170572916659
,1.2001025062500048,-22.326140813512581,0,0.29208170572916659
,1.3001110960938149,-23.15971886935003,0,0.2910644531249999
,1.4001196046874611,-23.38618003528445,0.10000000000000001,0.29004720052083327
,1.5001281945312712,-9.054222370152468,0.10000000000000001,0.2941162109374999
,1.6001367437499994,-16.182501175244759,0.10000000000000001,0.2910644531249999
,1.7001452523436456,-18.262676148614677,0,0.29208170572916659
,1.8001538421874557,-28.297669490671353,0.10000000000000001,0.29208170572916659
,1.9001623515623578,-17.373356377382297,0.10000000000000001,0.29208170572916659
,2.000170940624912,-17.262378079306995,0,0.29309895833333327
,2.1001794898436401,-26.804137394140685,0.10000000000000001,0.29309895833333327
,2.2001879968750018,-19.895376823530537,0.10000000000000001,0.29004720052083327
,2.3001965812500202,-19.140706736470303,0,0.2910644531249999
,2.4002050859373867,-28.802012950995245,0.10000000000000001,0.29004720052083327
,2.5002136710936611,-16.154863406297093,0.10000000000000001,0.29208170572916659
,2.6002222156248536,-16.058151379205537,0,0.29309895833333327
,2.7002307203124474,-26.675245446257701,0.10000000000000001,0.29208170572916659
,2.8002393054687218,-16.611214526898678,0.10000000000000001,0.29208170572916659
,2.9002478101563156,-15.147832761179551,0,0.2941162109374999
,3.0002563945311067,-24.919356258765188,0.10000000000000001,0.29208170572916659
,3.1002649398437825,-12.051500592409083,0.10000000000000001,0.2941162109374999
,3.2002734484374287,-14.240279665918095,0,0.29208170572916659
,3.3002820374999828,-24.521100090190505,0.10000000000000001,0.29004720052083327
,3.400290546093629,-11.017394433252095,0.10000000000000001,0.29309895833333327
,3.5002991351561832,-10.068060863706872,0.10000000000000001,0.29309895833333327
,3.6003076843749113,-10.908747634635013,0,0.29309895833333327
,3.7003161929687849,-16.818878066307164,0.10000000000000001,0.29513346354166659
,3.8003247820311117,-9.4593493924346674,0.10000000000000001,0.29309895833333327
,3.9003332906249852,-6.6883365976934748,0,0.29513346354166659
,4.0003418796875394,-16.293077873156598,0.10000000000000001,0.29513346354166659
,4.1003504265624997,-7.5733812671767353,0.10000000000000001,0.29513346354166659
,4.2003589257813019,-8.4744854458743486,0,0.29513346354166659
,4.3003675046875287,-17.151441137194148,0.10000000000000001,0.29004720052083327
,4.4003760039061035,-5.5789718597003244,0.10000000000000001,0.2941162109374999
,4.5003845835938137,-1.7342147502546936,0,0.29615071614583327
,4.6003931226562145,-10.62373614374998,0,0.29615071614583327
,4.7004016218750166,-11.425169578212847,0.10000000000000001,0.2971679687499999
,4.8004102015624994,1.7245428035153871,0.10000000000000001,0.29818522135416659
,4.9004187007813016,0.79814040869965197,0,0.2971679687499999
,5.0004272804687844,-9.1622031431621167,0.10000000000000001,0.29818522135416659
,5.1004358249999768,4.0608858931710294,0.10000000000000001,0.3002197265624999
,5.2004443328123671,-0.57698919837815055,0,0.29615071614583327
,5.3004529210936653,-11.207620738515542,0,0.2971679687499999
,5.4004614289062829,-7.6942694303212615,0.10000000000000001,0.29818522135416659
,5.5004700171873537,6.7775941142524836,0,0.29920247395833327
,5.6004785648437974,-2.1561046575768934,0,0.3002197265624999
,5.7004870726561876,-1.3786945369816301,0.10000000000000001,0.3002197265624999
,5.8004956609374858,8.7075247081282257,0.10000000000000001,0.3002197265624999
,5.900504168749876,7.8526473792469744,0,0.30225423177083327
,6.0005127570311743,-4.7928368512523214,0.10000000000000001,0.3002197265624999
,6.1005213015623667,7.1363511339182928,0.10000000000000001,0.30225423177083327
,6.2005298054687046,5.1967755770882569,0.10000000000000001,0.30123697916666659
,6.3005383898437231,3.1543857839164566,0.10000000000000001,0.29920247395833327
,6.4005468937500609,6.1102479542299442,0.10000000000000001,0.30123697916666659
,6.500555478124852,7.0210807678127019,0,0.30225423177083327
,6.6005640218750159,-2.2616676538855849,0.10000000000000001,0.30123697916666659
,6.7005725257811264,10.727128913680623,0.10000000000000001,0.30428873697916659
,6.8005811101561449,8.2484736710011823,0.10000000000000001,0.30123697916666659
,6.9005896140624827,9.991896490566166,0,0.3032714843749999
,7.0005982000000131,2.2972680118395168,0.10000000000000001,0.30428873697916659
,7.1006067484374853,11.687992075624315,0.10000000000000001,0.3032714843749999
,7.2006152570311315,9.4711413553131649,0,0.30225423177083327
,7.3006238460936856,1.5942307264112117,0.10000000000000001,0.30225423177083327
,7.4006323546875592,12.620820161266934,0.10000000000000001,0.30123697916666659
,7.50064094296863,16.32552121662124,0,0.3032714843749999
,7.6006494921873582,7.3155771509502081,0,0.3032714843749999
,7.7006580007812317,6.9826479734096267,0.10000000000000001,0.30225423177083327
,7.80066658906253,19.66869284669437,0.10000000000000001,0.30428873697916659
,7.9006750976561761,18.743416642899277,0,0.3032714843749999
,8.0006836859374744,9.3439989175538152,0.10000000000000001,0.3032714843749999
,8.1006922335936906,19.705650422981705,0.10000000000000001,0.30530598958333327
,8.2007007406250523,15.04116008133871,0,0.30123697916666659
,8.3007093281248672,6.7775941142524836,0,0.30123697916666659
,8.4007178359374848,10.029967215599605,0.10000000000000001,0.30123697916666659
,8.500726423437527,22.966452241315345,0,0.30225423177083327
,8.6007349710937433,14.903696479389048,0,0.30225423177083327
,8.7007434781248776,14.165400131345919,0.10000000000000001,0.30225423177083327
,8.8007520656249199,23.039641365173956,0.10000000000000001,0.30123697916666659
,8.9007605734375375,24.25714282566333,0,0.30428873697916659
,9.0007691640623761,13.877135051525734,0.10000000000000001,0.30225423177083327
,9.1007777156248721,23.673286348586259,0.10000000000000001,0.30428873697916659
,9.2007862273437695,21.413550953656163,0.10000000000000001,0.30225423177083327
,9.3007948187498641,18.607492440801764,0,0.3002197265624999
,9.4008033296875055,12.683751901948746,0.10000000000000001,0.30123697916666659
,9.5008119210936002,25.785034447342973,0.10000000000000001,0.30225423177083327
,9.6008204726560962,23.600233791326659,0,0.3002197265624999
,9.7008289843749935,17.294807998138062,0.10000000000000001,0.30225423177083327
,9.8008375757813155,24.609405400709591,0.10000000000000001,0.30123697916666659
,9.9008460859374736,24.827868538132833,0.10000000000000001,0.30123697916666659
,10.00085467656254,26.486070584402277,0,0.30225423177083327
,10.10086322734378,16.785667392281333,0.10000000000000001,0.3002197265624999
,10.200871738281194,25.421868232487675,0.10000000000000001,0.3002197265624999
,10.30088032890626,26.292823716204552,0,0.29920247395833327
,10.400888839062418,17.046545120499175,0.10000000000000001,0.2971679687499999
,10.500897429687484,29.838637930153112,0.10000000000000001,0.3002197265624999
,10.600905980468724,30.388320044226646,0.10000000000000001,0.3002197265624999
,10.700914491406138,28.244482509239219,0,0.3002197265624999
,10.800923082031204,20.579120365258674,0.10000000000000001,0.29920247395833327
,10.900931589843594,30.805983777460789,0.10000000000000001,0.29920247395833327
,11.000940176562381,29.898427542221171,0,0.29920247395833327
,11.100948724218597,23.003048779889987,0.10000000000000001,0.3002197265624999
,11.200957231249959,29.563474747077301,0.10000000000000001,0.2971679687499999
,11.300965817968745,29.719028219614891,0,0.2971679687499999
,11.400974324999879,24.135588577569862,0,0.29615071614583327
,11.500982912499921,25.470312591822406,0.10000000000000001,0.29615071614583327
,11.600991459374882,38.39393951431903,0.10000000000000001,0.29920247395833327
,11.700999966406243,36.297420705934918,0,0.29818522135416659
,11.801008553906286,24.220681102154025,0.10000000000000001,0.29513346354166659
,11.90101706093742,37.224167184568095,0.10000000000000001,0.29920247395833327
,12.00102564687495,34.861621559882479,0,0.2971679687499999
,12.101034193749911,26.002750137171361,0.10000000000000001,0.2971679687499999
,12.201042700000016,34.767272837556163,0.10000000000000001,0.29615071614583327
,12.301051285937547,32.246129949541938,0.10000000000000001,0.29309895833333327
,12.401059792187425,33.786952455373267,0.10000000000000001,0.2941162109374999
,12.501068378906211,35.179867802749392,0.10000000000000001,0.29513346354166659
,12.601076924999916,34.6375032931617,0.10000000000000001,0.2941162109374999
,12.701085431250021,36.320911489424162,0.10000000000000001,0.29513346354166659
,12.801094018750064,34.106143491945566,0.10000000000000001,0.29309895833333327
,12.901102532031246,35.356551095551438,0.10000000000000001,0.2941162109374999
,13.001111126562364,37.259314185748522,0.10000000000000001,0.29513346354166659
,13.101119680468628,35.944878179069235,0,0.2941162109374999
,13.201128193750037,27.57107614498112,0.10000000000000001,0.29208170572916659
,13.3011367874999,38.370580158286934,0.10000000000000001,0.29208170572916659
,13.401145301562565,37.867998654493874,0,0.2910644531249999
,13.501153895312427,33.502989798888969,0.10000000000000001,0.29309895833333327
,13.601162449218691,43.728513847962247,0.10000000000000001,0.29309895833333327
,13.701170962499873,41.754171847391881,0.10000000000000001,0.29208170572916659
,13.801179551562427,41.348809401016403,0,0.29309895833333327
,13.901188056250021,34.790862316299609,0.10000000000000001,0.29309895833333327
,14.001196641406295,44.211899057972303,0.10000000000000001,0.29309895833333327
,14.101205186718744,44.740632731269059,0,0.2941162109374999
,14.20121369140611,33.467478723436606,0.10000000000000001,0.29004720052083327
,14.301222276562385,42.898446723444323,0.10000000000000001,0.2910644531249999
,14.401230781249978,44.418880272137173,0,0.2910644531249999
,14.501239366406253,36.813871190318409,0,0.29004720052083327
,14.601247910937445,39.280512809122456,0.10000000000000001,0.29208170572916659
,14.701256416406295,51.505751756577851,0.10000000000000001,0.29309895833333327
,14.801265007031134,46.47126167701542,0,0.29004720052083327
,14.901273517968775,40.966214519932457,0.10000000000000001,0.29309895833333327
,15.00128210937487,49.115637474226588,0.10000000000000001,0.29208170572916659
,15.10129066015611,48.080481259567208,0,0.29208170572916659
,15.201299171093751,38.825823660904774,0.10000000000000001,0.29004720052083327
,15.301307762499846,46.299684414776223,0.10000000000000001,0.28902994791666659
,15.401316273437487,47.750036135274229,0.10000000000000001,0.29004720052083327
,15.501324864843809,49.479019833218914,0.10000000000000001,0.2910644531249999
,15.601333415625049,47.864013488075329,0.10000000000000001,0.29004720052083327
,15.701341926562463,49.740000396896221,0.10000000000000001,0.29208170572916659
,15.801350520312553,47.71583660549669,0.10000000000000001,0.2910644531249999
,15.901359032812479,48.262679463402847,0.10000000000000001,0.2910644531249999
,16.001367625781313,50.295446286207678,0.10000000000000001,0.2910644531249999
,16.101376178906094,49.535768976236653,0.10000000000000001,0.2910644531249999
,16.201384691406247,47.829823685679727,0.10000000000000001,0.28902994791666659
,16.301393285156109,49.092915266591376,0.10000000000000001,0.28902994791666659
,16.401401797656263,49.013377503206883,0.10000000000000001,0.2880126953124999
,16.501410390624869,52.397074974004582,0.10000000000000001,0.29004720052083327
,16.601418943749877,53.061506846915307,0,0.29004720052083327
,16.701427454687519,45.085073705101763,0.10000000000000001,0.28902994791666659
,16.801436041406305,55.171729523987736,0.10000000000000001,0.29004720052083327
,16.901444549218695,55.742388112093764,0.10000000000000001,0.29004720052083327
,17.001453135937481,54.286264284715813,0,0.28902994791666659
,17.101461683593698,48.945189841434726,0.10000000000000001,0.2910644531249999
,17.201470190625059,55.608183599680544,0.10000000000000001,0.2880126953124999
,17.301478778124874,55.518690682882621,0,0.2880126953124999
,17.401487285156236,49.978141119495575,0.10000000000000001,0.28902994791666659
,17.501495872656278,59.206189247482527,0.10000000000000001,0.28902994791666659
,17.601504419531238,60.004247945058637,0,0.29004720052083327
,17.701512929687397,53.320237897645654,0,0.29004720052083327
,17.801521520312463,51.49445691167341,0.10000000000000001,0.2880126953124999
,17.901530030468621,65.278430451931214,0.10000000000000001,0.2910644531249999
,18.001538621093687,61.894011432642415,0,0.29004720052083327
,18.101547171093671,53.747358827958976,0.10000000000000001,0.29004720052083327
,18.201555681250056,62.676364416670637,0.10000000000000001,0.29004720052083327
,18.301564271874895,59.106331816146252,0,0.28699544270833327
,18.40157278203128,52.757575604189668,0.10000000000000001,0.2880126953124999
,18.501581371874863,64.094461960546312,0.10000000000000001,0.28902994791666659
,18.601589921874847,61.021937820183837,0,0.28699544270833327
,18.701598427343697,55.85419330006809,0.10000000000000001,0.28902994791666659
,18.801607012499971,63.787022616896152,0.10000000000000001,0.2880126953124999
,18.90161551874985,63.688160101158232,0,0.2880126953124999
,19.001624103906124,58.106522481714961,0.10000000000000001,0.28902994791666659
,19.101632650000056,65.606788812800318,0.10000000000000001,0.28902994791666659
,19.201641155468678,63.281506005890662,0,0.28597819010416659
,19.301649741406209,57.449862718211108,0,0.28699544270833327
,19.401658246875058,57.984168628502289,0.10000000000000001,0.2849609374999999
,19.501666832812361,71.404249808170462,0.10000000000000001,0.2880126953124999
,19.601675381250061,68.986882488170096,0,0.2880126953124999
,19.701683893749987,60.114977410274037,0.10000000000000001,0.28699544270833327
,19.801692485156309,69.301903511169485,0.10000000000000001,0.2880126953124999
,19.901700997656235,68.780381700888313,0,0.2880126953124999
,20.001709589062557,60.380617309597056,0.10000000000000001,0.2880126953124999
,20.101718141406309,70.646672338630196,0.10000000000000001,0.29004720052083327
,20.201726653124979,66.754281563488192,0.10000000000000001,0.28597819010416659
,20.301735245312557,66.240978975029861,0.10000000000000001,0.28597819010416659
,20.401743757031227,67.920851928519468,0.10000000000000001,0.28699544270833327
,20.501752349218805,68.562919962685669,0.10000000000000001,0.28699544270833327
,20.601760900781301,69.649283491129438,0.10000000000000001,0.2880126953124999
,20.701769411718715,69.877121428779034,0.10000000000000001,0.2880126953124999
,20.801778003125037,68.105940053031148,0.10000000000000001,0.28699544270833327
,20.901786514843707,70.982309068249009,0.10000000000000001,0.28902994791666659
,21.001795106250029,70.234945126724725,0.10000000000000001,0.2880126953124999
,21.101803657031269,70.451685183680254,0.10000000000000001,0.2880126953124999
,21.201812167968683,70.213266033581107,0.10000000000000001,0.2880126953124999
,21.301820759375005,68.584670414604872,0.10000000000000001,0.2849609374999999
,21.401829271093675,70.928189004782467,0.10000000000000001,0.28597819010416659
,21.501837861718741,73.454965121171554,0,0.2880126953124999
,21.601846410937469,66.273759231542314,0,0.28699544270833327
,21.701854919531115,70.007268400821971,0.10000000000000001,0.28902994791666659
,21.801863508593669,78.942480204369289,0,0.2880126953124999
,21.901872017968799,71.263641380257965,0,0.2880126953124999
,22.001880607031126,72.37664550920141,0.10000000000000001,0.2880126953124999
,22.101889155468598,81.95290343804534,0.10000000000000001,0.28902994791666659
,22.201897664843727,77.693283420723702,0,0.28699544270833327
,22.301906253906282,70.451685183680254,0,0.28699544270833327
,22.401914762499928,70.754966332500956,0.10000000000000001,0.28597819010416659
,22.501923350781226,83.743407178988292,0.10000000000000001,0.2880126953124999
,22.601931899999954,81.634506193781291,0,0.2880126953124999
,22.7019404085936,72.290284017971828,0.10000000000000001,0.28699544270833327
,22.801948997656154,80.954688202236625,0.10000000000000001,0.2880126953124999
,22.901957506250028,81.209711415501019,0,0.2880126953124999
,23.001966095312355,73.271806563536657,0,0.2880126953124999
,23.10197464453131,75.368976195172465,0.10000000000000001,0.28902994791666659
,23.201983153124957,83.267160475977136,0.10000000000000001,0.28699544270833327
,23.301991742187511,80.391120093455541,0,0.28597819010416659
,23.402000250781157,74.670830228155381,0.10000000000000001,0.28699544270833327
,23.502008842968735,83.46828754127462,0.10000000000000001,0.2880126953124999
,23.602017396093743,83.1718666579699,0,0.28699544270833327
,23.702025908593669,76.912462998796386,0,0.2880126953124999
,23.802034501562503,75.25089169333603,0.10000000000000001,0.28597819010416659
,23.902043014062428,88.381155978264772,0.10000000000000001,0.28902994791666659
,24.002051606250006,84.747611920097356,0,0.28699544270833327
,24.102060159375014,76.719763544559612,0.10000000000000001,0.28699544270833327
,24.20206867187494,85.127730491961614,0.10000000000000001,0.28699544270833327
,24.302077264843774,82.801137802584449,0.10000000000000001,0.28394368489583327
,24.4020857773437,83.351853614512251,0,0.28597819010416659
,24.502094370312534,79.070447944721934,0.10000000000000001,0.28699544270833327
,24.602102922656286,87.119628912996575,0.10000000000000001,0.28597819010416659
,24.702111435156212,87.677101848932523,0,0.28699544270833327
,24.802120028125046,79.23036744276304,0.10000000000000001,0.28597819010416659
,24.902128540624972,87.761207517221976,0.10000000000000001,0.28597819010416659
,25.002137133593806,89.052989691273297,0.10000000000000001,0.28699544270833327
,25.102145685937558,88.013460086005026,0.10000000000000001,0.28699544270833327
,25.202154199218739,85.022165082544362,0.10000000000000001,0.2849609374999999
,25.30216279140609,86.445816440430164,0.10000000000000001,0.2849609374999999
,25.402171305468755,86.645927822453118,0.10000000000000001,0.28394368489583327
,25.502179899218618,88.286625076943352,0.10000000000000001,0.28597819010416659
,25.602188453124882,89.545940186443957,0.10000000000000001,0.28699544270833327
,25.702196966406291,88.769642117051291,0.10000000000000001,0.28597819010416659
,25.802205560156153,88.486174553727153,0.10000000000000001,0.28597819010416659
,25.902214074218591,91.305075659013028,0.10000000000000001,0.2880126953124999
,26.002222667968681,90.164244250579401,0,0.28597819010416659
,26.102231221093689,85.623651427295911,0.10000000000000001,0.2880126953124999
,26.202239735156127,93.237125364741999,0.10000000000000001,0.28597819010416659
,26.302248328906217,91.169111525897961,0,0.28394368489583327
,26.402256841406142,86.79333861871477,0.10000000000000001,0.28597819010416659
,26.50226543359372,96.577442160348653,0.10000000000000001,0.28597819010416659
,26.602273985156216,95.195251144446956,0,0.28597819010416659
,26.702282497656142,90.572647623877032,0.10000000000000001,0.2880126953124999
,26.80229108984372,96.847354660105012,0.10000000000000001,0.28597819010416659
,26.90229960156239,97.500986485576817,0.10000000000000001,0.2880126953124999
,27.002308193749968,97.075669054447715,0,0.2880126953124999
,27.10231674609372,89.357193114376685,0.10000000000000001,0.28699544270833327
,27.20232525781239,97.511357208511257,0.10000000000000001,0.28699544270833327
,27.302333849218712,96.463220104401302,0,0.2849609374999999
,27.402342355468591,89.713671291920022,0.10000000000000001,0.2849609374999999
,27.502350942187377,101.66968853515979,0.10000000000000001,0.2880126953124999
,27.602359489062565,100.09984345912088,0,0.28597819010416659
,27.702367995312443,94.060587313622307,0.10000000000000001,0.2880126953124999
,27.802376582031229,101.16393738529925,0.10000000000000001,0.28699544270833327
,27.902385088281108,100.66821626920577,0,0.28699544270833327
,28.002393674999894,94.987185032356237,0.10000000000000001,0.2880126953124999
,28.102402221093598,103.14397155897291,0.10000000000000001,0.2880126953124999
,28.20241072812496,99.665552038824501,0.10000000000000001,0.2849609374999999
,28.302419314843746,100.66821626920577,0,0.28597819010416659
,28.402427821093625,94.112674065580435,0.10000000000000001,0.2849609374999999
,28.502436407812411,104.41010607915017,0.10000000000000001,0.28699544270833327
,28.602444954687371,105.32515840427973,0,0.2880126953124999
,28.702453461718733,97.490615626265495,0.10000000000000001,0.28699544270833327
,28.802462048437519,105.23266603443508,0.10000000000000001,0.2880126953124999
,28.902470554687397,107.03976858765903,0,0.28902994791666659
,29.002479141406184,98.568460411402711,0,0.2880126953124999
,29.102487688281144,100.65788565421822,0.10000000000000001,0.28902994791666659
,29.202496195312506,109.068765654849,0,0.2880126953124999
,29.30250478437506,99.748291784605669,0,0.28597819010416659
,29.402513295312474,101.58713729773325,0.10000000000000001,0.2880126953124999
,29.502521886718796,112.48243444656127,0,0.28902994791666659
,29.602530438281292,103.85446080467352,0,0.28902994791666659
,29.702538949218706,104.55410704616783,0.10000000000000001,0.29004720052083327
,29.802547540625028,111.46151359685889,0.10000000000000001,0.28902994791666659
,29.902556051562442,111.216351046589,0,0.2910644531249999
,30.002564642968764,102.71122238207433,0.10000000000000001,0.2910644531249999
,30.102573193750004,109.621422634859,0.10000000000000001,0.2910644531249999
,30.202581705468674,108.48508156716098,0,0.28699544270833327
,30.302590293749972,100.25489252627591,0.10000000000000001,0.2880126953124999
,30.402598801562362,110.02038065088608,0.10000000000000001,0.28902994791666659
,30.502607390624917,111.35936926370699,0,0.2910644531249999
,30.602615939062389,103.57651028401128,0,0.29004720052083327
,30.702624446875006,106.49594376388345,0.10000000000000001,0.29208170572916659
,30.802633035156305,115.60078544981586,0,0.2910644531249999
,30.902641543749951,107.24490638895342,0,0.2910644531249999
,31.002650132031249,108.13675858876304,0.10000000000000001,0.29309895833333327
,31.102658680468721,116.94345793807311,0.10000000000000001,0.29309895833333327
,31.202667191406135,112.04355414761774,0,0.29004720052083327
,31.302675785937481,105.39709058780294,0.10000000000000001,0.29004720052083327
,31.402684299999919,113.03334293654287,0.10000000000000001,0.29004720052083327
,31.502692894531265,114.37889211893101,0.10000000000000001,0.29208170572916659
,31.602701448437529,114.45020361429353,0.10000000000000001,0.29208170572916659
,31.702709962499966,112.94154352152857,0.10000000000000001,0.2910644531249999
,31.802718557031312,113.04354241312758,0.10000000000000001,0.29208170572916659
,31.90272707109375,114.66411230106631,0.10000000000000001,0.29309895833333327
,32.002735664843613,113.40046658886091,0.10000000000000001,0.29309895833333327
,32.102744219531132,115.09181439806515,0.10000000000000001,0.2941162109374999
,32.20275273125003,112.56406754213434,0.10000000000000001,0.29208170572916659
,32.302761321874868,112.08438754033089,0.10000000000000001,0.2910644531249999
,32.402769832031254,114.65392704825756,0.10000000000000001,0.29309895833333327
,32.502778421875064,115.69237760597663,0,0.29208170572916659
,32.602786972656304,110.55208895885242,0.10000000000000001,0.29309895833333327
,32.702795482812462,120.86183078856483,0.10000000000000001,0.29513346354166659
,32.802804072656272,117.85809913563484,0,0.29208170572916659
,32.90281258281243,112.98234417891076,0.10000000000000001,0.2941162109374999
,33.002821173437496,121.74346075202264,0.10000000000000001,0.29513346354166659
,33.10282972343748,119.9390850541712,0.10000000000000001,0.2941162109374999
,33.20283823515615,118.33548913476916,0,0.29309895833333327
,33.302846826562472,111.86999538296119,0.10000000000000001,0.29208170572916659
,33.402855338281142,120.97333088321348,0.10000000000000001,0.29309895833333327
,33.502863929687464,123.72775617541534,0,0.29513346354166659
,33.60287248124996,115.33614719588222,0,0.29309895833333327
,33.702880992187374,117.06544780534885,0.10000000000000001,0.29513346354166659
,33.802889583593696,126.36626987066627,0.10000000000000001,0.29513346354166659
,33.902898095312366,123.77834259585585,0,0.2941162109374999
,34.002906686718688,117.36020850148545,0.10000000000000001,0.29513346354166659
,34.102915236718673,125.32551849279066,0.10000000000000001,0.29615071614583327
,34.202923742968778,121.77385229966428,0,0.29309895833333327
,34.302932328906309,116.64860058412826,0.10000000000000001,0.29309895833333327
,34.402940835156187,124.9413894651495,0.10000000000000001,0.29309895833333327
,34.502949421874973,124.90094964119329,0,0.2941162109374999
,34.602957967968678,119.43182237813339,0,0.2941162109374999
,34.702966475000039,120.15208005892454,0.10000000000000001,0.2941162109374999
,34.802975060937342,129.62605551753961,0.10000000000000001,0.29513346354166659
,34.902983567187448,129.19241678637729,0,0.29615071614583327
,35.002992153906234,120.12165418936785,0.10000000000000001,0.29513346354166659
,35.103000702343707,129.19241678637729,0.10000000000000001,0.2971679687499999
,35.203009211718609,126.51778298700553,0,0.2941162109374999
,35.303017800781163,118.14252256856692,0.10000000000000001,0.29208170572916659
,35.403026310156292,128.29457518454484,0.10000000000000001,0.2941162109374999
,35.503034899999875,128.83938347066976,0,0.29513346354166659
,35.603043449218603,121.6016252390415,0.10000000000000001,0.2941162109374999
,35.703051958593733,131.68204939877876,0.10000000000000001,0.2971679687499999
,35.803060547656287,128.52664236857976,0,0.2941162109374999
,35.903069057031189,123.080105730287,0.10000000000000001,0.29615071614583327
,36.003077646874999,132.10509283015438,0.10000000000000001,0.2971679687499999
,36.103086195312471,129.58572107753849,0.10000000000000001,0.29513346354166659
,36.203094703906118,128.18357636433501,0,0.29513346354166659
,36.303103292968672,121.70293771426599,0.10000000000000001,0.29309895833333327
,36.403111800781289,130.2108129455097,0.10000000000000001,0.29309895833333327
,36.503120389843616,133.1120137696123,0,0.29615071614583327
,36.603128938281316,125.38616233885118,0,0.2941162109374999
,36.703137446874962,126.66928295492353,0.10000000000000001,0.29513346354166659
,36.803146035937516,136.59268625844379,0.10000000000000001,0.29615071614583327
,36.903154543749906,133.99773850095085,0.10000000000000001,0.29513346354166659
,37.003163134374972,133.29321207095376,0,0.29615071614583327
,37.103171685937468,127.25496053607743,0.10000000000000001,0.29615071614583327
,37.203180198437394,131.53094239633805,0.10000000000000001,0.29309895833333327
,37.303188790624972,132.4978458213472,0,0.2941162109374999
,37.403197302343642,126.15412927125082,0.10000000000000001,0.29309895833333327
,37.503205895312476,135.09437679151205,0.10000000000000001,0.2941162109374999
,37.603214446874972,136.12015712972561,0,0.29615071614583327
,37.703222959374898,129.33361205834603,0,0.29513346354166659
,37.803231551562476,128.58717692976973,0.10000000000000001,0.2941162109374999
,37.903240063281146,141.22346916463431,0.10000000000000001,0.2971679687499999
,38.003248653906212,137.03497970853329,0,0.29513346354166659
,38.10325720312494,129.86804489074092,0.10000000000000001,0.29615071614583327
,38.203265711718814,136.7836853157828,0.10000000000000001,0.29513346354166659
,38.30327430078114,134.35998523305585,0,0.29208170572916659
,38.40328281015627,129.59580476491874,0,0.2941162109374999
,38.503291399218597,131.52086821743586,0.10000000000000001,0.2941162109374999
,38.603299948437552,140.90224142010754,0,0.29513346354166659
,38.703308457031198,134.83283756334487,0,0.29615071614583327
,38.803317046093753,131.74248922704516,0.10000000000000001,0.29309895833333327
,38.903325555468655,142.83922044461048,0.10000000000000001,0.29615071614583327
,39.003334150000001,141.09297391062353,0,0.29615071614583327
,39.103342703906264,132.14537840298203,0.10000000000000001,0.29513346354166659
,39.203351218749958,138.44181898935614,0.10000000000000001,0.29513346354166659
,39.303359813281304,138.16050529774122,0.10000000000000001,0.29309895833333327
,39.403368327343742,137.01487699363537,0.10000000000000001,0.29309895833333327
,39.50337692187486,140.02875264833006,0.10000000000000001,0.29615071614583327
,39.60338547656238,139.30569173757073,0,0.29513346354166659
,39.703393990625045,133.1120137696123,0.10000000000000001,0.29513346354166659
,39.803402585156164,141.64503685150243,0.10000000000000001,0.29615071614583327
,39.90341109765609,141.2636205897735,0,0.29513346354166659
,40.003419689062412,134.96361058496836,0,0.29615071614583327
,40.103428240624908,136.61279205011289,0.10000000000000001,0.29615071614583327
,40.203436752343805,143.54151239738599,0.10000000000000001,0.2941162109374999
,40.3034453437499,142.26726303853002,0,0.2941162109374999
,40.403453854687541,136.26091917203422,0.10000000000000001,0.2941162109374999
,40.503462446093636,144.78528777247749,0.10000000000000001,0.29513346354166659
,40.603470997656132,145.00592164540416,0,0.29615071614583327
,40.703479508593773,137.18574546664109,0.10000000000000001,0.29513346354166659
,40.803488100781124,143.7822708426786,0.10000000000000001,0.2941162109374999
,40.903496607031229,145.64770742125938,0.10000000000000001,0.29615071614583327
,41.003505191406248,143.08001988103729,0,0.29513346354166659
,41.103513735156184,137.86911658461236,0.10000000000000001,0.29615071614583327
,41.203522239843778,145.3067693624227,0.10000000000000001,0.29513346354166659
,41.303530824218797,143.0398876409069,0,0.29309895833333327
,41.403539328124907,138.8637404822274,0.10000000000000001,0.2941162109374999
,41.503547912499926,148.66506617714617,0.10000000000000001,0.29513346354166659
,41.603556457031118,146.61023171079131,0.10000000000000001,0.2941162109374999
,41.703564960937456,148.31428993520205,0,0.2971679687499999
,41.80357354609373,139.34586604718692,0,0.2941162109374999
,41.903582055468632,141.85580246898638,0.10000000000000001,0.29513346354166659
,42.003590644531187,153.49416396287887,0,0.29818522135416659
,42.103599192968659,143.73211396038948,0,0.29513346354166659
,42.203607702343788,141.87587476042506,0.10000000000000001,0.2941162109374999
,42.303616291406115,151.4606467015717,0.10000000000000001,0.29513346354166659
,42.403624799999989,147.58260791899704,0.10000000000000001,0.29309895833333327
,42.503633389062543,149.69724523642577,0,0.29615071614583327
,42.603641938281271,143.12015172415596,0,0.29513346354166659
,42.703650446874917,143.64183008107187,0.10000000000000001,0.29513346354166659
,42.803659035937471,154.00499370642308,0.10000000000000001,0.29615071614583327
,42.903667547656141,150.9797555076342,0,0.29513346354166659
,43.003676139062463,143.8123646892293,0.10000000000000001,0.29615071614583327
,43.103684690624959,152.883145579695,0.10000000000000001,0.2971679687499999
,43.203693201562373,148.57486837770466,0.10000000000000001,0.2941162109374999
,43.303701792968695,148.53478006874644,0,0.2941162109374999
,43.403710304687365,143.0298545187058,0.10000000000000001,0.2941162109374999
,43.503718896093687,151.63095633724953,0.10000000000000001,0.2941162109374999
,43.603727446874927,152.59265058101244,0,0.29615071614583327
,43.703735958593597,146.46987464100454,0.10000000000000001,0.29513346354166659
,43.803744551562431,152.70283920226433,0.10000000000000001,0.29513346354166659
,43.903753065624869,154.70610429708051,0.10000000000000001,0.2971679687499999
,44.003761659374959,152.51251272484296,0,0.29615071614583327
,44.103770213281223,146.2593320862519,0.10000000000000001,0.29615071614583327
,44.203778726562405,154.00499370642308,0.10000000000000001,0.29615071614583327
,44.303787320312495,151.79124500657736,0,0.2941162109374999
,44.403795834374932,146.46987464100454,0.10000000000000001,0.29513346354166659
,44.503804428125022,156.05817141313571,0.10000000000000001,0.29615071614583327
,44.603812982031286,154.21533013246193,0,0.29513346354166659
,44.703821495312468,149.96779202186349,0,0.2971679687499999
,44.803830079687486,149.07595187376154,0.10000000000000001,0.29513346354166659
,44.903838584374853,159.24283451032647,0.10000000000000001,0.2971679687499999
,45.003847168749871,157.88085692270721,0,0.29818522135416659
,45.103855713281291,148.98575958221181,0.10000000000000001,0.29615071614583327
,45.203864217968658,155.60749171290894,0.10000000000000001,0.29513346354166659
,45.303872802343676,155.82782503883175,0,0.29513346354166659
,45.40388130703127,148.26417748310075,0.10000000000000001,0.29309895833333327
,45.503889891406288,158.99247095201054,0.10000000000000001,0.2971679687499999
,45.603898435937481,158.55183159407579,0,0.29615071614583327
,45.703906942187359,150.82947168276729,0.10000000000000001,0.29615071614583327
,45.803915532031169,159.01250002415895,0.10000000000000001,0.2971679687499999
,45.903924041406299,159.32295093959141,0,0.29818522135416659
,46.003932630468626,151.57084740193426,0.10000000000000001,0.2971679687499999
,46.103941179687354,160.57478183288794,0.10000000000000001,0.29920247395833327
,46.203949689062483,157.61046295170041,0.10000000000000001,0.29615071614583327
,46.303958278906293,156.97953892677947,0,0.29615071614583327
,46.40396678749994,151.95153107245341,0.10000000000000001,0.2971679687499999
,46.50397537734375,160.84518167276201,0.10000000000000001,0.29818522135416659
,46.603983926562478,161.39600304637952,0,0.29920247395833327
,46.703992438281148,154.71611994735849,0.10000000000000001,0.29920247395833327
,46.804001031249982,160.57478183288794,0.10000000000000001,0.29818522135416659
,46.904009543749908,162.20723348072192,0,0.3002197265624999
,47.004018136718742,154.50579007026727,0,0.29920247395833327
,47.104026689843749,154.84632288713692,0.10000000000000001,0.29920247395833327
,47.204035202343675,164.61108713341571,0.10000000000000001,0.29920247395833327
,47.304043795312509,160.66491489179435,0,0.29615071614583327
,47.404052307812435,154.91643177443581,0.10000000000000001,0.29818522135416659
,47.504060900781269,165.75306359928112,0.10000000000000001,0.3002197265624999
,47.604069453906277,161.86671363136975,0,0.2971679687499999
,47.704077964062435,156.56893267229492,0,0.29920247395833327
,47.804086553906245,156.63903650803707,0.10000000000000001,0.2971679687499999
,47.904095064062403,166.92521599740252,0.10000000000000001,0.29920247395833327
,48.004103654687469,165.37239244096355,0,0.3002197265624999
,48.104112205468709,157.39014113796338,0.10000000000000001,0.29920247395833327
,48.204120715624867,162.94838446208837,0.10000000000000001,0.29818522135416659
,48.304129305468678,163.19878006753777,0,0.29818522135416659
,48.404137815625063,156.03814137456806,0.10000000000000001,0.29615071614583327
,48.504146406249902,165.65288572335993,0.10000000000000001,0.29920247395833327
,48.604154956249886,166.12372980000225,0,0.29920247395833327
,48.704163467968783,158.41162814145321,0.10000000000000001,0.29920247395833327
,48.804172059374878,165.87327826066087,0.10000000000000001,0.29920247395833327
,48.904180571093775,166.37418734374569,0,0.3002197265624999
,49.00418916249987,158.82222389545649,0.10000000000000001,0.29920247395833327
,49.104197714062366,167.50633540488303,0.10000000000000001,0.30123697916666659
,49.204206225781263,164.81142606638667,0,0.29818522135416659
,49.304214817187358,157.52033139742491,0,0.2971679687499999
,49.404223328124999,160.73501853213668,0.10000000000000001,0.29818522135416659
,49.50423192031235,171.47510480643587,0,0.3002197265624999
,49.604240469531305,162.7580861838922,0,0.29920247395833327
,49.704248978906207,163.82979404931922,0.10000000000000001,0.3002197265624999
,49.804257567968762,170.51277900129674,0.10000000000000001,0.29920247395833327
,49.904266076562408,169.82119122692166,0,0.30123697916666659
,50.004274665624962,162.34744909267533,0.10000000000000001,0.3002197265624999
,50.10428321484369,169.27999489384388,0.10000000000000001,0.3002197265624999
,50.204291723437564,167.62657165300203,0.10000000000000001,0.29920247395833327
,50.30430031249989,166.1137116243944,0.10000000000000001,0.29818522135416659
,50.40430882187502,165.96344013495565,0.10000000000000001,0.29818522135416659
,50.504317410937347,168.82902759137619,0.10000000000000001,0.3002197265624999
,50.604325957031278,167.84700904633843,0,0.3002197265624999
,50.704334463281157,162.40754178974186,0.10000000000000001,0.3002197265624999
,50.804343049999943,170.78341907919838,0.10000000000000001,0.30123697916666659
,50.904351556250049,170.06173581622983,0.10000000000000001,0.3002197265624999
,51.004360142968608,170.27221901013638,0,0.30225423177083327
,51.104368689062539,163.87987563686511,0.10000000000000001,0.30123697916666659
,51.204377195312418,169.34012587595936,0.10000000000000001,0.29920247395833327
,51.304385782031204,170.0316673001409,0,0.29920247395833327
,51.40439428828131,163.86985930570057,0.10000000000000001,0.29920247395833327
,51.504402876562381,172.86873099107368,0.10000000000000001,0.3002197265624999
,51.604411430468645,173.51051032219641,0,0.30123697916666659
,51.70441994453131,166.48439061349876,0,0.3002197265624999
,51.804428538281172,166.55452059839195,0.10000000000000001,0.3002197265624999
,51.904437051562354,177.85459809619061,0.10000000000000001,0.30225423177083327
,52.0044456460937,173.75119623954095,0,0.3002197265624999
,52.104454199218708,167.20575182343129,0.10000000000000001,0.30123697916666659
,52.204462713281146,173.13947292087568,0.10000000000000001,0.29920247395833327
,52.304471307031235,171.41495530827967,0,0.29818522135416659
,52.404479821093673,166.67474458579062,0.10000000000000001,0.29920247395833327
,52.504488412499995,175.21559815633532,0.10000000000000001,0.29920247395833327
,52.604496962499979,174.41313657754603,0,0.29920247395833327
,52.704505472656137,169.12966952386836,0.10000000000000001,0.3002197265624999
,52.804514063281204,174.97484679116889,0.10000000000000001,0.29818522135416659
,52.904522573437362,176.30915416902513,0,0.3002197265624999
,53.004531163281172,169.69089958863651,0,0.3002197265624999
,53.104539713281156,169.31006032501705,0.10000000000000001,0.29920247395833327
,53.204548223437541,179.04916106001707,0.10000000000000001,0.3002197265624999
,53.30455681406238,175.35604163832255,0.10000000000000001,0.2971679687499999
,53.404565324218765,174.63380134451569,0,0.29818522135416659
,53.50457390937504,171.22448559581773,0.10000000000000001,0.29920247395833327
,53.604582454687488,178.0151930961822,0.10000000000000001,0.29920247395833327
,53.704590960156111,178.26613417254759,0,0.3002197265624999
,53.804599546093641,170.32233498699139,0.10000000000000001,0.29920247395833327
,53.904608051562491,178.04530529008321,0.10000000000000001,0.29920247395833327
,54.004616636718765,178.36651451940077,0.10000000000000001,0.3002197265624999
,54.104625182031214,177.70404541019593,0,0.3002197265624999
,54.204633687500063,168.70877405224144,0.10000000000000001,0.2971679687499999
,54.304642273437366,177.80441331791349,0.10000000000000001,0.29818522135416659
,54.404650780468728,177.71408210223274,0,0.2971679687499999
,54.504659370312538,172.37741632333598,0.10000000000000001,0.2971679687499999
,54.604667919531266,181.78084478521373,0.10000000000000001,0.3002197265624999
,54.704676429687424,180.34447796171401,0,0.29920247395833327
,54.804685019531235,172.37741632333598,0,0.29818522135416659
,54.904693528906137,175.84762435633888,0.10000000000000001,0.3002197265624999
,55.004702118749947,184.34350787018292,0,0.3002197265624999
,55.104710668749931,176.43959436322075,0,0.3002197265624999
,55.20471917812506,174.51343761409345,0.10000000000000001,0.29818522135416659
,55.304727767968643,182.62482628475857,0.10000000000000001,0.2971679687499999
,55.404736274218749,181.43928466525625,0,0.2971679687499999
,55.504744857812511,175.5165531962669,0,0.2971679687499999
,55.604753400781192,175.13534645824694,0.10000000000000001,0.2971679687499999
,55.704761903125018,186.27421833730955,0.10000000000000001,0.3002197265624999
,55.80477048671878,181.32878617767653,0,0.29615071614583327
,55.904778989062379,175.58677859625868,0.10000000000000001,0.29818522135416659
,56.004787572656141,183.86099123987788,0.10000000000000001,0.29920247395833327
,56.104796115625049,182.07219876031161,0,0.29818522135416659
,56.204804618749904,174.25265881081395,0.10000000000000001,0.29615071614583327
,56.304813201562411,181.53974048320424,0.10000000000000001,0.29513346354166659
,56.404821706250004,181.21829072996775,0.10000000000000001,0.29513346354166659
,56.504830291406279,183.23783320793854,0,0.2971679687499999
,56.604838835937471,176.28908675623182,0,0.29615071614583327
,56.704847339843809,177.62375266177025,0.10000000000000001,0.2971679687499999
,56.804855924999856,187.16954303600545,0,0.29818522135416659
,56.904864428906194,179.01904206613023,0,0.2971679687499999
,57.004873014062468,178.69778568931912,0.10000000000000001,0.2971679687499999
,57.104881558593661,188.91057091601954,0.10000000000000001,0.29920247395833327
,57.204890062499999,182.85594849207308,0,0.29513346354166659
,57.304898650000041,175.89778855849863,0.10000000000000001,0.2941162109374999
,57.404907160937455,184.86630594668446,0.10000000000000001,0.29513346354166659
,57.504915752343777,184.22287278997004,0,0.29513346354166659
,57.604924303906273,178.60743655606069,0.10000000000000001,0.29615071614583327
,57.704932814843687,186.12334371461606,0.10000000000000001,0.29615071614583327
,57.804941406250009,183.12728368702199,0,0.2941162109374999
,57.904949917187423,178.78813667082096,0,0.29513346354166659
,58.004958508593745,178.497012337917,0.10000000000000001,0.2941162109374999
,58.104967060156241,188.41735503417334,0.10000000000000001,0.29513346354166659
,58.204975571093655,185.11767804188855,0,0.29309895833333327
,58.304984161718721,176.01818470579747,0.10000000000000001,0.2910644531249999
,58.404992671093623,185.65064527084377,0.10000000000000001,0.29309895833333327
,58.505001260937433,186.15351811752981,0,0.29309895833333327
,58.605009810937418,178.5472048240818,0.10000000000000001,0.29208170572916659
,58.705018320312547,187.74307649410326,0.10000000000000001,0.2941162109374999
,58.80502691015613,185.73110010026159,0,0.29208170572916659
,58.905035419531259,179.68170840169444,0.10000000000000001,0.29309895833333327
,59.005044009374842,188.8501731616106,0.10000000000000001,0.2941162109374999
,59.105052558593798,187.05887229007482,0,0.29309895833333327
,59.205061068749956,178.77809758139915,0.10000000000000001,0.2910644531249999
,59.305069655468742,187.0789939770105,0.10000000000000001,0.29208170572916659
,59.405078162499876,185.79144242503781,0.10000000000000001,0.2910644531249999
,59.505086749218663,187.6323870217177,0,0.29309895833333327
,59.605095296093623,181.38905770242633,0,0.29208170572916659
,59.705103802343729,181.89135582604314,0.10000000000000001,0.29208170572916659
,59.805112389062515,191.68001959410714,0.10000000000000001,0.29309895833333327
,59.905120896093649,189.11190481291487,0,0.29309895833333327
,60.005129482812436,181.58996934044063,0.10000000000000001,0.29208170572916659
,60.105138029687396,190.90433015560063,0.10000000000000001,0.2941162109374999
,60.205146535156246,185.96241795883128,0,0.29004720052083327
,60.305155123437544,179.52105263557127,0,0.29004720052083327
,60.405163630468678,182.22290757572529,0.10000000000000001,0.29004720052083327
,60.50517221796872,192.27451024595553,0,0.2910644531249999
,60.605180765624937,185.85178578252413,0,0.29208170572916659
,60.705189273437554,185.48974109557952,0.10000000000000001,0.2910644531249999
,60.805197860937369,192.07297514087037,0.10000000000000001,0.2910644531249999
,60.905206368749987,191.97221253980797,0,0.29309895833333327
,61.005214956250029,183.25793346761708,0,0.2910644531249999
,61.105223503906245,183.22778311815335,0.10000000000000001,0.2910644531249999
,61.205232012499891,192.44582549757064,0.10000000000000001,0.29004720052083327
,61.305240602343702,188.37709576626111,0,0.2880126953124999
,61.40524911249986,182.70521504050885,0.10000000000000001,0.28902994791666659
,61.50525770234367,192.70785563861256,0.10000000000000001,0.29004720052083327
,61.605266252343654,190.41080934447888,0,0.28902994791666659
,61.705274762500039,185.16795457026672,0,0.2910644531249999
,61.805283353124878,184.41388016665775,0.10000000000000001,0.28902994791666659
,61.905291862500007,195.27897891854053,0.10000000000000001,0.2910644531249999
,62.005300453124846,192.99006718183961,0,0.2910644531249999
,62.105309003125058,184.81603363022759,0.10000000000000001,0.29004720052083327
,62.205317510156192,191.02520416918833,0.10000000000000001,0.28902994791666659
,62.30532609843749,190.30002952254307,0,0.28902994791666659
,62.405334605468624,183.07703496987108,0.10000000000000001,0.28699544270833327
,62.505343192968667,194.01834693541076,0.10000000000000001,0.29004720052083327
,62.605351740624883,193.92760216530041,0,0.2910644531249999
,62.705360248437501,186.07305362168023,0.10000000000000001,0.29004720052083327
,62.805368835937543,193.6957114045556,0.10000000000000001,0.29004720052083327
,62.905377343749933,193.67554784085195,0,0.2910644531249999
,63.005385931249975,185.72104314642007,0.10000000000000001,0.29004720052083327
,63.105394478906192,194.9158615250247,0.10000000000000001,0.29208170572916659
,63.205402986718809,191.00505817728072,0.10000000000000001,0.2880126953124999
,63.305411574218624,190.74317202622979,0,0.2880126953124999
,63.405420082031242,186.6765826834237,0.10000000000000001,0.2880126953124999
,63.50542867031254,195.09741458835799,0.10000000000000001,0.28902994791666659
,63.605437217968756,194.79483239251141,0,0.28902994791666659
,63.705445725781146,188.68911791464507,0.10000000000000001,0.28902994791666659
,63.805454314062445,194.77466135514595,0.10000000000000001,0.28902994791666659
,63.905462821875062,196.58052257255048,0.10000000000000001,0.2910644531249999
,64.005471410156133,194.93603353225592,0,0.29004720052083327
,64.105479957812349,188.10535847325593,0.10000000000000001,0.29004720052083327
,64.205488465624967,195.52108227508319,0.10000000000000001,0.29004720052083327
,64.305497053906265,193.73603893964497,0,0.28699544270833327
,64.405505561718655,188.18587091262532,0.10000000000000001,0.2880126953124999
,64.505514149999954,198.61979247231062,0.10000000000000001,0.29004720052083327
,64.60552269765617,196.53006418827118,0,0.28902994791666659
,64.705531205468787,191.3274095940518,0,0.29004720052083327
,64.805539793749858,191.01513115707388,0.10000000000000001,0.28902994791666659
,64.905548301562476,201.70173233228968,0.10000000000000001,0.2910644531249999
,65.005556889843774,199.71070563989826,0,0.2910644531249999
,65.105565440625014,191.29718773733094,0.10000000000000001,0.29004720052083327
,65.205573950781172,197.39807280556937,0.10000000000000001,0.28902994791666659
,65.305582541406238,196.46951530045385,0,0.2880126953124999
,65.405591051562396,189.74618805671275,0,0.28699544270833327
,65.505599642187462,193.63522112088936,0.10000000000000001,0.28902994791666659
,65.605608192968702,203.33001160101605,0.10000000000000001,0.29004720052083327
,65.705616703124861,200.41801006583381,0,0.29004720052083327
,65.805625293749927,192.69777713971831,0.10000000000000001,0.28902994791666659
,65.905633804687341,200.63023713430732,0.10000000000000001,0.29004720052083327
,66.005642394531151,198.7914817961647,0,0.29004720052083327
,66.105650942968623,193.32270742126508,0,0.29004720052083327
,66.205659451562497,191.36770585833438,0.10000000000000001,0.28699544270833327
,66.305668039843795,201.81294962759688,0.10000000000000001,0.2880126953124999
,66.405676548437441,200.40790442758896,0,0.2880126953124999
,66.505685137499995,193.57473205884492,0.10000000000000001,0.2880126953124999
,66.605693685937467,202.61182782431001,0.10000000000000001,0.29004720052083327
,66.705702194531113,201.23669164622919,0.10000000000000001,0.28902994791666659
,66.805710782812412,198.30673917382472,0,0.2880126953124999
,66.905719291406285,194.37126960445551,0.10000000000000001,0.29004720052083327
,67.0057278789061,201.63096008760579,0.10000000000000001,0.29004720052083327
,67.1057364273438,201.29734457571959,0,0.29004720052083327
,67.20574493515619,193.56465066718278,0.10000000000000001,0.2880126953124999
,67.305753523437488,200.82226637957791,0.10000000000000001,0.28699544270833327
,67.405762031249878,201.28723565947115,0.10000000000000001,0.2880126953124999
,67.505770619531177,202.5511451385654,0,0.28902994791666659
,67.605779167968649,195.23863031424696,0,0.2880126953124999
,67.705787675781266,198.49860638297042,0.10000000000000001,0.29004720052083327
,67.805796264062565,206.00216562021228,0,0.2880126953124999
,67.905804771874955,198.55919876888953,0,0.28902994791666659
,68.005813361718765,199.86225549327099,0.10000000000000001,0.29004720052083327
,68.105821910937493,207.14677123132498,0.10000000000000001,0.28902994791666659
,68.205830419531139,203.24907975100064,0,0.2880126953124999
,68.305839008593694,196.46951530045385,0.10000000000000001,0.28699544270833327
,68.405847517968596,203.61329261315609,0.10000000000000001,0.28699544270833327
,68.50585610703115,206.16420270455149,0,0.28902994791666659
,68.605864655468622,198.03410841216754,0,0.2880126953124999
,68.705873164843752,199.11469050084582,0.10000000000000001,0.28902994791666659
,68.805881753906306,209.05220909998809,0.10000000000000001,0.29004720052083327
,68.905890262499952,206.61998669099006,0,0.28902994791666659
,69.00589885078125,199.2258022043452,0.10000000000000001,0.28902994791666659
,69.10590739765621,207.86621014001707,0.10000000000000001,0.29004720052083327
,69.205915905468601,203.64364595515826,0,0.28699544270833327
,69.305924492968643,197.53940165395596,0.10000000000000001,0.28699544270833327
,69.40593300078126,206.43766340179695,0.10000000000000001,0.2880126953124999
,69.505941588281303,207.01506493732523,0.10000000000000001,0.2880126953124999
,69.605950135937519,207.30888060080684,0,0.28902994791666659
,69.705958642968653,200.39779882682097,0.10000000000000001,0.28902994791666659
,69.805967230468696,206.88336542098182,0.10000000000000001,0.2880126953124999
,69.905975739062342,208.34257034801135,0,0.29004720052083327
,70.005984329687408,200.5291745613207,0,0.2880126953124999
,70.105992880468648,201.62084991906562,0,0.2880126953124999
,70.206001391406289,203.15803438049153,0.10000000000000001,0.28699544270833327
,70.306009982031128,211.15188464159269,0,0.28597819010416659
,70.406018492968769,204.37223134117119,0,0.28699544270833327
,70.506027083593608,205.0504027806976,0.10000000000000001,0.2880126953124999
,70.606035634374848,212.75572660135913,0.10000000000000001,0.2880126953124999
,70.706044145312489,211.2838072024183,0,0.28902994791666659
,70.806052735937556,202.08595709270821,0.10000000000000001,0.28699544270833327
,70.906061245312458,210.74601288059341,0.10000000000000001,0.2880126953124999
,71.006069834375012,210.49237655326533,0.10000000000000001,0.28902994791666659
,71.10607838359374,207.99796040676841,0.10000000000000001,0.2880126953124999
,71.206086892968642,206.68076399751271,0.10000000000000001,0.28699544270833327
,71.306095482812452,206.91375701588862,0.10000000000000001,0.28597819010416659
,71.406103991406098,206.92388762765989,0.10000000000000001,0.28597819010416659
,71.506112581249909,209.95475259447522,0.10000000000000001,0.2880126953124999
,71.606121130468637,209.81275797630531,0.10000000000000001,0.28699544270833327
,71.706129639843766,210.04603909446274,0,0.2880126953124999
,71.806138229687349,204.00791337188639,0.10000000000000001,0.2880126953124999
,71.90614674062499,212.55265120534511,0.10000000000000001,0.2880126953124999
,72.006155331250056,211.93337421490679,0,0.2880126953124999
,72.106163882812552,206.24522506758689,0.10000000000000001,0.28902994791666659
,72.206172393749966,211.49692765656647,0.10000000000000001,0.28597819010416659
,72.306180984375032,211.56797186849866,0,0.28597819010416659
,72.406189495312447,206.12369247859431,0,0.28699544270833327
,72.506198086718769,207.88647896739798,0.10000000000000001,0.28597819010416659
,72.606206637500009,218.78457850557328,0,0.28902994791666659
,72.706215148437423,210.80688943336133,0,0.28902994791666659
,72.806223739062489,208.29188947948307,0.10000000000000001,0.28699544270833327
,72.906232248437391,219.29359830362478,0.10000000000000001,0.29004720052083327
,73.006240837499945,215.81403931212668,0,0.2880126953124999
,73.106249386718673,209.03193094063147,0.10000000000000001,0.28902994791666659
,73.206257895312547,214.36061102120448,0.10000000000000001,0.28699544270833327
,73.306266485156129,212.3495924944973,0.10000000000000001,0.2849609374999999
,73.406274993750003,213.77135453687356,0.10000000000000001,0.28699544270833327
,73.506283582812557,215.45822516578744,0,0.2880126953124999
,73.606292132031285,207.5115317873927,0,0.28699544270833327
,73.706300641406187,210.72572102633291,0.10000000000000001,0.2880126953124999
,73.80630922890623,218.37743992071177,0,0.28699544270833327
,73.90631773671862,211.71006638863582,0,0.2880126953124999
,74.006326324218662,212.54249787369446,0,0.2880126953124999
,74.106334871874878,212.8268069354778,0,0.28699544270833327
,74.206343379687496,213.14161589154759,0.10000000000000001,0.28597819010416659
,74.306351967187538,222.03397306638658,0.10000000000000001,0.28699544270833327
,74.406360474218673,217.6956363524439,0,0.2849609374999999
,74.506369062499971,210.74601288059341,0.10000000000000001,0.28597819010416659
,74.606377610156187,217.73633565193461,0.10000000000000001,0.28597819010416659
,74.706386117968805,218.38761754926884,0.10000000000000001,0.28699544270833327
,74.806394711718667,216.72922877877409,0,0.28597819010416659
,74.906403224999849,210.6749921123357,0.10000000000000001,0.28699544270833327
,75.006411818749939,218.30619772065404,0.10000000000000001,0.2880126953124999
,75.106420371874947,218.27566599188907,0,0.2880126953124999
,75.206428885156129,208.76832969347271,0.10000000000000001,0.28394368489583327
,75.306437478124963,217.35989322021572,0.10000000000000001,0.2849609374999999
,75.406445991406144,218.13318968818288,0.10000000000000001,0.2849609374999999
,75.506454585156234,218.37743992071177,0,0.2849609374999999
,75.606463138281242,212.96897374607255,0.10000000000000001,0.28597819010416659
,75.706471647656144,221.51418239739331,0.10000000000000001,0.28699544270833327
,75.806480232812419,218.73368242941643,0,0.2849609374999999
,75.906488737500013,214.8077276892538,0.10000000000000001,0.2880126953124999
,76.006497322656287,221.81992798303452,0.10000000000000001,0.28699544270833327
,76.106505867187479,221.22885496794675,0,0.2880126953124999
,76.206514371874846,213.22286343875919,0,0.28597819010416659
,76.30652295703112,212.6541868164723,0.10000000000000001,0.28394368489583327
,76.406531461718714,225.27756539189659,0.10000000000000001,0.28699544270833327
,76.506540046874989,223.88983116589623,0,0.28597819010416659
,76.606548591406181,215.67170742259378,0.10000000000000001,0.28597819010416659
,76.706557100781311,225.23673819582632,0.10000000000000001,0.28902994791666659
,76.806565692187405,221.1575284056604,0,0.28597819010416659
,76.906574203906303,215.68187371051818,0.10000000000000001,0.28699544270833327
,77.006582795312397,224.41013725029995,0.10000000000000001,0.2880126953124999
,77.106591346093637,222.50290045880718,0,0.28699544270833327
,77.206599857812535,214.91951962079406,0.10000000000000001,0.28597819010416659
,77.306608449218629,223.257454379016,0.10000000000000001,0.28597819010416659
,77.406616960156271,222.23784327862495,0,0.2849609374999999
,77.506625551562365,218.28584319196943,0.10000000000000001,0.28699544270833327
,77.606634102343605,225.5531671809149,0.10000000000000001,0.28699544270833327
,77.706642611718735,224.30810753912078,0,0.28699544270833327
,77.806651201562545,218.06195468368719,0,0.28699544270833327
,77.906659711718703,218.65225093864143,0.10000000000000001,0.28699544270833327
,78.006668301562513,228.92419965941838,0.10000000000000001,0.2880126953124999
,78.106676850781241,226.78866140596148,0,0.2880126953124999
,78.206685360156143,216.43429679102161,0.10000000000000001,0.2849609374999999
,78.306693949999953,225.71650173483152,0.10000000000000001,0.28597819010416659
,78.406702460156112,225.14487955056802,0,0.28597819010416659
,78.506711049999922,218.6013576510428,0.10000000000000001,0.2849609374999999
,78.60671959921865,228.8833102410776,0.10000000000000001,0.2880126953124999
,78.706728107812523,227.56500046916597,0,0.2880126953124999
,78.80673669687485,218.68278742592895,0.10000000000000001,0.28597819010416659
,78.906745204687468,229.39447810110875,0.10000000000000001,0.28902994791666659
,79.006753793750022,227.00315097882668,0,0.28699544270833327
,79.106762342187494,221.11677132071424,0.10000000000000001,0.2880126953124999
,79.20677085078114,228.30071181791101,0.10000000000000001,0.28699544270833327
,79.306779439062439,225.47150408335483,0,0.2849609374999999
,79.406787947656312,220.89261970846326,0,0.28597819010416659
,79.506796536718639,223.5022255929149,0.10000000000000001,0.28699544270833327
,79.606805082812343,232.29997799355453,0,0.28699544270833327
,79.706813587499937,225.68587565697516,0,0.2880126953124999
,79.806822172656211,223.27785102521483,0.10000000000000001,0.28597819010416659
,79.906830677343805,233.53895088419267,0.10000000000000001,0.2880126953124999
,80.006839262499852,230.72402446530077,0,0.28699544270833327
,80.106847807812528,222.41114658173575,0.10000000000000001,0.28597819010416659
,80.206856312499895,228.72998113437944,0.10000000000000001,0.2849609374999999
,80.306864897656169,228.79131160002709,0.10000000000000001,0.2849609374999999
,80.406873403125019,227.54456726855716,0.10000000000000001,0.28394368489583327
,80.506881988281293,230.25348541081553,0.10000000000000001,0.28699544270833327
,80.606890539062533,229.31268392024987,0,0.28597819010416659
,80.706899049218691,223.21666160742041,0.10000000000000001,0.28597819010416659
,80.806907640625013,231.9007752752367,0.10000000000000001,0.28699544270833327
,80.906916150781171,231.74725338963316,0,0.28699544270833327
,81.006924741406237,225.41025858849275,0,0.2880126953124999
,81.106933292187477,227.50370139040012,0.10000000000000001,0.28902994791666659
,81.206941803124892,233.65161632319194,0,0.28597819010416659
,81.306950393749958,226.24741602332904,0,0.28597819010416659
,81.406958904687372,226.87036945343903,0.10000000000000001,0.28597819010416659
,81.50696749296867,236.69556515177408,0.10000000000000001,0.28699544270833327
,81.606976039062374,235.03475603641391,0,0.2880126953124999
,81.70698454531248,227.25852076666712,0.10000000000000001,0.2880126953124999
,81.806993132031266,233.28291260834067,0.10000000000000001,0.28699544270833327
,81.907001638281145,234.91177829631675,0.10000000000000001,0.28902994791666659
,82.007010224218675,232.68900837637648,0,0.2880126953124999
,82.107018771093635,226.6150410645057,0.10000000000000001,0.2880126953124999
,82.207027276562485,233.85647603274805,0.10000000000000001,0.28699544270833327
,82.307035863281271,231.32767686851071,0,0.2849609374999999
,82.40704436953115,227.61608423349287,0.10000000000000001,0.28699544270833327
,82.507052958593704,237.54691241104894,0.10000000000000001,0.2880126953124999
,82.607061507812432,234.96301826347292,0.10000000000000001,0.28699544270833327
,82.707070017187561,236.59301323911797,0,0.28902994791666659
,82.807078607031144,227.14615470420824,0,0.28597819010416659
,82.907087116406274,230.45805628108985,0.10000000000000001,0.2880126953124999
,83.007095706249856,241.4381460781637,0,0.29004720052083327
,83.107104256249841,231.17419154780578,0,0.28699544270833327
,83.20711276562497,230.1921175483003,0.10000000000000001,0.28699544270833327
,83.307121354687524,239.46609345875919,0.10000000000000001,0.28699544270833327
,83.407129864062426,236.77760978790423,0.10000000000000001,0.28597819010416659
,83.50713845703126,238.2138372026904,0,0.28902994791666659
,83.607147010156268,230.0693865293199,0,0.28699544270833327
,83.70715552343745,232.10548635221153,0.10000000000000001,0.2880126953124999
,83.807164116406284,242.03417883334174,0,0.28902994791666659
,83.90717262890621,233.35460058955061,0,0.2880126953124999
,84.007181221875044,234.14330878732267,0.10000000000000001,0.28902994791666659
,84.107189775000052,243.19582419148776,0.10000000000000001,0.29004720052083327
,84.207198288281234,236.90068191742461,0,0.28699544270833327
,84.30720688124984,231.33790957154588,0,0.2880126953124999
,84.407215391406226,232.5559119689994,0.10000000000000001,0.28699544270833327
,84.507223979687524,244.0288395146739,0,0.28902994791666659
,84.607232528124996,236.03930750041354,0,0.28902994791666659
,84.707241035937386,235.12699343360924,0.10000000000000001,0.28902994791666659
,84.807249624218684,243.90541241948381,0.10000000000000001,0.29004720052083327
,84.907258132031302,242.5378348597655,0,0.2910644531249999
,85.007266720312373,233.31363576825515,0,0.29004720052083327
,85.107275267968589,234.90153043282015,0.10000000000000001,0.2910644531249999
,85.207283775781207,242.87708900814818,0,0.29004720052083327
,85.307292364062505,233.65161632319194,0,0.2910644531249999
,85.407300874218663,235.61898542804687,0.10000000000000001,0.28699544270833327
,85.507309464062473,245.90155667752157,0,0.3002197265624999
,85.607318013281201,236.90068191742461,0,0.2910644531249999
,85.707326523437359,237.64950439754136,0,0.29309895833333327
,85.807335113281169,236.28538339513915,0.10000000000000001,0.29004720052083327
,85.907343622656299,247.73444873184633,0.10000000000000001,0.2941162109374999
,86.007352212499882,244.23456478131754,0,0.29309895833333327
,86.107360762499866,234.91177829631675,0.10000000000000001,0.29208170572916659
,86.207369271874995,241.9005728763463,0.10000000000000001,0.29208170572916659
,86.307377861718805,239.86653934190508,0,0.29004720052083327
,86.407386369531196,233.60040410878372,0.10000000000000001,0.2910644531249999
,86.50739495859375,244.93415615908668,0.10000000000000001,0.2941162109374999
,86.607403506249966,242.5892340447495,0.10000000000000001,0.29208170572916659
,86.707412014843612,242.99018394705854,0,0.2941162109374999
,86.80742060312491,235.58823300802328,0.10000000000000001,0.29309895833333327
,86.907429111718784,244.0288395146739,0.10000000000000001,0.2941162109374999
,87.007437699999855,244.21399149894512,0,0.29513346354166659
,87.107446248437554,237.28019339228251,0.10000000000000001,0.29513346354166659
,87.207454756249945,242.68175524130481,0.10000000000000001,0.29309895833333327
,87.307463346875011,243.30893351687308,0,0.2941162109374999
,87.407471858593681,236.60326823622984,0,0.29309895833333327
,87.507480451562515,238.98359131249981,0.10000000000000001,0.2941162109374999
,87.607489003906267,250.26969234267517,0,0.29615071614583327
,87.707497516406193,241.00662534382593,0,0.2941162109374999
,87.80750610859377,239.66117435448956,0.10000000000000001,0.2941162109374999
,87.907514621093696,251.06375048406221,0.10000000000000001,0.2971679687499999
,88.007523213281274,246.08684559530184,0,0.29513346354166659
,88.107531765625026,239.62010340909296,0.10000000000000001,0.29615071614583327
,88.207540278124952,245.54131128536471,0.10000000000000001,0.2941162109374999
,88.307548869531274,243.60715526863999,0.10000000000000001,0.29309895833333327
,88.407557380468688,245.75745239709346,0.10000000000000001,0.29513346354166659
,88.507565971093754,246.12802274033749,0,0.29513346354166659
,88.607574521874994,239.5995681929835,0.10000000000000001,0.29513346354166659
,88.707583032031152,249.82636184743961,0.10000000000000001,0.29818522135416659
,88.807591622656219,246.0971398191968,0,0.29513346354166659
,88.907600132812377,241.86974174995896,0.10000000000000001,0.29818522135416659
,89.007608723437443,250.00162306503222,0.10000000000000001,0.29818522135416659
,89.107617274218683,247.98168041671835,0,0.2971679687499999
,89.207625785156097,239.8870767808985,0.10000000000000001,0.29615071614583327
,89.307634371874883,247.7447495784661,0.10000000000000001,0.29513346354166659
,89.407642878124989,247.83745905171372,0,0.29513346354166659
,89.507651464843775,243.55573519838856,0.10000000000000001,0.2971679687499999
,89.607660011718735,250.42436017127068,0.10000000000000001,0.29615071614583327
,89.707668517968614,250.17689602569936,0,0.29818522135416659
,89.8076771046874,242.32196983092223,0,0.29615071614583327
,89.907685611718762,244.43001933429809,0.10000000000000001,0.2971679687499999
,90.007694198437548,255.06859093638121,0.10000000000000001,0.3002197265624999
,90.107702744531252,251.58981687374535,0,0.29818522135416659
,90.207711252343643,242.44531899127367,0.10000000000000001,0.29615071614583327
,90.307719841406197,251.4557115742071,0.10000000000000001,0.2971679687499999
,90.407728350781099,249.19758023014487,0,0.29615071614583327
,90.507736939843653,245.07821370821569,0.10000000000000001,0.29818522135416659
,90.607745489062381,253.47832488850412,0.10000000000000001,0.29920247395833327
,90.707753997656255,252.2294893572647,0,0.29920247395833327
,90.807762587500065,244.84155206330666,0.10000000000000001,0.29920247395833327
,90.907771096093711,253.26154304522953,0.10000000000000001,0.29920247395833327
,91.007779685156265,252.40491033005702,0,0.3002197265624999
,91.107788234374993,246.00449330120318,0.10000000000000001,0.3002197265624999
,91.207796745312407,251.2700385417678,0.10000000000000001,0.2971679687499999
,91.307805337499985,251.80646286128444,0,0.29818522135416659
,91.407813848437399,245.788331198712,0,0.29818522135416659
,91.507822440624977,247.46664118868443,0.10000000000000001,0.29818522135416659
,91.607830992187473,258.48975859004133,0,0.30123697916666659
,91.707839503906143,249.14604748400433,0,0.29920247395833327
,91.807848095312465,247.40484340785144,0.10000000000000001,0.29818522135416659
,91.907856607031135,259.37932927790274,0.10000000000000001,0.30123697916666659
,92.007865198437457,254.8310243730478,0,0.29920247395833327
,92.107873750781209,247.69324575740865,0.10000000000000001,0.3002197265624999
,92.207882263281135,253.99454247457754,0.10000000000000001,0.29920247395833327
,92.307890856249969,251.41444977300705,0.10000000000000001,0.29615071614583327
,92.407899369531151,253.05510043269891,0,0.29818522135416659
,92.507907962499985,248.37317903638944,0,0.29818522135416659
,92.607916515624993,248.13621225608068,0.10000000000000001,0.2971679687499999
,92.707925028124919,260.67280686781208,0.10000000000000001,0.30123697916666659
,92.807933621875009,255.52312380638654,0,0.2971679687499999
,92.907942134374935,248.98114956149152,0.10000000000000001,0.29818522135416659
,93.007950727343768,258.57249751760423,0.10000000000000001,0.3002197265624999
,93.107959278906264,255.59544282760118,0.10000000000000001,0.29920247395833327
,93.207967788281167,253.59188426424208,0,0.29818522135416659
,93.307976378124977,247.82715783438954,0.10000000000000001,0.2971679687499999
,93.407984886718623,256.12239617025227,0.10000000000000001,0.2971679687499999
,93.507993476562433,258.51044309374805,0,0.3002197265624999
,93.608002025781161,251.23909430511071,0,0.29920247395833327
,93.708010535156291,251.54855298070413,0.10000000000000001,0.29920247395833327
,93.808019124218617,261.26282638594006,0.10000000000000001,0.3002197265624999
,93.908027633593747,259.12070427495661,0.10000000000000001,0.29920247395833327
,94.008036223437557,258.10712274924606,0,0.3002197265624999
,94.108044770312517,251.9921735130884,0.10000000000000001,0.3002197265624999
,94.208053276562396,257.02154946481636,0.10000000000000001,0.29818522135416659
,94.308061862499926,257.07323382732045,0,0.29818522135416659
,94.408070368750032,251.42476516293613,0.10000000000000001,0.29818522135416659
,94.508078954687562,260.5072090867788,0.10000000000000001,0.29920247395833327
,94.608087500781266,260.79701146506551,0,0.3002197265624999
,94.708096007031145,253.69512422102309,0,0.3002197265624999
,94.808104593749931,253.51961865195528,0.10000000000000001,0.29920247395833327
,94.908113100000037,265.60363454076571,0.10000000000000001,0.30225423177083327
,95.008121685156311,260.98332840834189,0,0.3002197265624999
,95.108130236718807,254.24236201848242,0.10000000000000001,0.30123697916666659
,95.208138747656221,259.81387234128573,0.10000000000000001,0.29920247395833327
,95.308147338281287,258.44839003916769,0,0.29818522135416659
,95.408155849218701,253.90161600947448,0.10000000000000001,0.29920247395833327
,95.508164440625023,262.49500865142238,0.10000000000000001,0.3002197265624999
,95.608172991406263,261.51129170863027,0,0.3002197265624999
,95.708181502343677,256.4117468682299,0.10000000000000001,0.30123697916666659
,95.808190092968744,261.43882045492722,0.10000000000000001,0.29920247395833327
,95.908198603906158,262.73322147427308,0,0.30123697916666659
,96.008207192968712,256.40141239128002,0,0.30123697916666659
,96.108215739843672,256.184397330602,0.10000000000000001,0.3002197265624999
,96.208224246093778,265.36519249675138,0.10000000000000001,0.3002197265624999
,96.308232832812564,262.46393883943961,0,0.29920247395833327
,96.408241339062442,255.70909086485551,0.10000000000000001,0.29920247395833327
,96.508249925781229,266.79612429405313,0.10000000000000001,0.30225423177083327
,96.608258471874933,264.21471504943366,0,0.3002197265624999
,96.708266978125039,257.31099429272916,0.10000000000000001,0.30123697916666659
,96.808275564843598,265.15786683280095,0.10000000000000001,0.30225423177083327
,96.908284071093703,263.90385092567925,0.10000000000000001,0.30123697916666659
,97.00829265781249,263.88312780278818,0,0.30225423177083327
,97.10830120468745,258.0761005096586,0.10000000000000001,0.30225423177083327
,97.208309711718812,262.99217035025089,0.10000000000000001,0.29920247395833327
,97.308318298437371,263.3132985395668,0,0.3002197265624999
,97.408326804687476,257.36268404296175,0.10000000000000001,0.29920247395833327
,97.508335391406263,266.20500611377378,0.10000000000000001,0.3002197265624999
,97.608343938281223,266.60944311898504,0.10000000000000001,0.30123697916666659
,97.708352444531101,265.76951830186857,0,0.30123697916666659
,97.808361032031144,258.03473805814764,0.10000000000000001,0.3002197265624999
,97.908369538281249,268.59091013596986,0.10000000000000001,0.30225423177083327
,98.00837812421878,266.13242050206458,0,0.30123697916666659
,98.108386670312484,260.37266792494654,0.10000000000000001,0.30225423177083327
,98.208395175781106,266.55758924524832,0.10000000000000001,0.3002197265624999
,98.308403761718637,265.07494054571475,0,0.29818522135416659
,98.408412267968743,260.11395268167973,0.10000000000000001,0.29920247395833327
,98.508420853906273,269.36931501033627,0.10000000000000001,0.3002197265624999
,98.608429399218721,268.13433510992184,0,0.3002197265624999
,98.7084379054686,262.72286399323866,0.10000000000000001,0.30225423177083327
,98.80844649140613,267.99945063487382,0.10000000000000001,0.3002197265624999
,98.908454998437492,269.28627607376126,0.10000000000000001,0.30123697916666659
,99.008463589062558,269.18248044568907,0,0.30225423177083327
,99.108472139843798,261.29388338534187,0.10000000000000001,0.30123697916666659
,99.208480649999956,268.64279784671015,0.10000000000000001,0.3002197265624999
,99.308489240625022,267.71932452103817,0,0.29920247395833327
,99.40849775078118,261.01438240309989,0.10000000000000001,0.29818522135416659
,99.508506341406246,271.33173339045021,0.10000000000000001,0.3002197265624999
,99.608514892187486,269.28627607376126,0,0.29920247395833327
,99.708523402343644,263.33401768544962,0.10000000000000001,0.3002197265624999
,99.80853199296871,271.44598470620281,0.10000000000000001,0.3002197265624999
,99.908540507812404,270.10638000663329,0,0.29920247395833327
,100.00854910468752,264.06964109567031,0.10000000000000001,0.3002197265624999
,100.10855766093755,272.64066705404593,0.10000000000000001,0.30123697916666659
,100.2085661765625,268.25884900158655,0,0.2971679687499999
,100.30857477343739,262.79536712670898,0,0.29818522135416659
,100.40858328984359,264.57743070730351,0.10000000000000001,0.2971679687499999
,100.50859188593745,275.56162951518968,0,0.29920247395833327
,100.60860044218748,267.7815725994742,0,0.29920247395833327
,100.70860895859369,266.82723892221173,0.10000000000000001,0.29818522135416659
,100.8086175554688,274.85454927218825,0.10000000000000001,0.29920247395833327
,100.90862606640621,273.95011348478153,0,0.3002197265624999
,101.00863465859379,264.40124904656074,0,0.29818522135416659
,101.10864321015629,266.153159072623,0.10000000000000001,0.29920247395833327
,101.20865172265621,274.23077493529456,0,0.29818522135416659
,101.30866031406254,264.71216483625324,0,0.29615071614583327
,101.40866882578121,267.0035610701355,0.10000000000000001,0.2971679687499999
,101.50867741796878,276.4768865659488,0,0.29818522135416659
,101.60868596953128,267.01393327441815,0,0.29615071614583327
,101.70869448124995,268.7465758238792,0,0.29818522135416659
,101.80870307265627,267.33548883433451,0.10000000000000001,0.29513346354166659
,101.90871158124992,278.6827865874393,0.10000000000000001,0.29920247395833327
,102.00872017031247,274.88574095217689,0,0.29818522135416659
,102.10872871874994,265.05420932958447,0.10000000000000001,0.2971679687499999
,102.20873722734359,272.42247557621846,0.10000000000000001,0.2971679687499999
,102.30874581640614,271.35250606106717,0,0.29615071614583327
,102.40875432500002,264.44270262382418,0.10000000000000001,0.29513346354166659
,102.50876291406234,275.17687684215787,0.10000000000000001,0.29818522135416659
,102.60877146250004,273.4927888119301,0,0.2971679687499999
,102.70877997109369,267.159147783842,0.10000000000000001,0.29818522135416659
,102.80878856328127,274.14761358425682,0.10000000000000001,0.2971679687499999
,102.90879707656245,273.59672082874698,0,0.2971679687499999
,103.00880567031254,267.24213055917886,0.10000000000000001,0.29818522135416659
,103.10881422343755,275.38484598767002,0.10000000000000001,0.29818522135416659
,103.20882273671873,271.09285714545973,0.10000000000000001,0.29513346354166659
,103.30883133046859,271.85108953368029,0,0.29615071614583327
,103.40883984453126,265.7487823373076,0,0.29513346354166659
,103.50884843749986,268.4456290837357,0.10000000000000001,0.29615071614583327
,103.60885699140613,279.30733988955103,0,0.2971679687499999
,103.70886550468754,270.15829236576377,0,0.29615071614583327
,103.80887409218735,269.49387746662285,0.10000000000000001,0.29513346354166659
,103.90888260078123,279.94240971796177,0.10000000000000001,0.2971679687499999
,104.00889118906252,275.56162951518968,0,0.29615071614583327
,104.1088997375,269.36931501033627,0.10000000000000001,0.2971679687499999
,104.20890824531239,274.24117024623592,0.10000000000000001,0.29513346354166659
,104.30891683359368,272.81730868510584,0,0.2941162109374999
,104.4089253414063,268.95414198527783,0.10000000000000001,0.29513346354166659
,104.50893392968737,276.93460382323951,0.10000000000000001,0.29513346354166659
,104.60894247812485,276.50809269105952,0.10000000000000001,0.29513346354166659
,104.70895098749997,277.34035674145105,0,0.2971679687499999
,104.80895957968755,267.54296170914199,0,0.2941162109374999
,104.90896809140622,270.84361359182537,0.10000000000000001,0.29615071614583327
,105.00897668281254,281.37951804184712,0,0.2971679687499999
,105.1089852351563,271.36289244570833,0,0.29513346354166659
,105.20899374687497,270.79169025023793,0.10000000000000001,0.29513346354166659
,105.30900233828129,279.43226314784135,0.10000000000000001,0.2941162109374999
,105.40901084999996,277.08025343763956,0.10000000000000001,0.2941162109374999
,105.50901944218754,278.64115345030564,0,0.29615071614583327
,105.60902799375003,270.02332197134513,0,0.2941162109374999
,105.70903650468745,271.88225350468952,0.10000000000000001,0.29513346354166659
,105.80904509453126,280.50469200650161,0,0.29513346354166659
,105.90905360390616,272.33935876919509,0,0.2941162109374999
,106.00906219374997,273.40964549534016,0.10000000000000001,0.29615071614583327
,106.10907074374995,282.13994420097208,0.10000000000000001,0.29513346354166659
,106.20907925312486,276.73694597784674,0,0.29309895833333327
,106.30908784296867,270.81245948748852,0.10000000000000001,0.2941162109374999
,106.40909635312505,278.28729081885996,0.10000000000000001,0.29309895833333327
,106.50910494296863,279.53636905509291,0,0.2941162109374999
,106.60911349218736,272.91082861370325,0,0.29513346354166659
,106.70912199921872,272.41208586189168,0.10000000000000001,0.2941162109374999
,106.80913058515625,282.60877352975302,0.10000000000000001,0.29513346354166659
,106.90913909140613,280.81710698061875,0.10000000000000001,0.29513346354166659
,107.00914767812492,278.65156169048305,0,0.29513346354166659
,107.10915622421862,273.17061985641453,0.10000000000000001,0.29615071614583327
,107.20916473046873,277.66291091995976,0.10000000000000001,0.29309895833333327
,107.30917331718751,276.93460382323951,0,0.29208170572916659
,107.40918182343739,272.96278525592413,0.10000000000000001,0.2941162109374999
,107.50919040937492,280.79627852142528,0.10000000000000001,0.29309895833333327
,107.60919895546863,280.32766821875839,0,0.2941162109374999
,107.70920746328125,275.0624991135636,0.10000000000000001,0.29513346354166659
,107.80921605078129,279.70294452862356,0.10000000000000001,0.29309895833333327
,107.90922455859368,281.72325396606817,0,0.29615071614583327
,108.00923314609372,274.63621539781855,0,0.2941162109374999
,108.10924169374994,274.5218555525658,0.10000000000000001,0.2941162109374999
,108.2092502007813,284.40125002998155,0.10000000000000001,0.2941162109374999
,108.30925878906237,280.17147761249225,0.10000000000000001,0.29208170572916659
,108.40926729609373,280.50469200650161,0,0.29309895833333327
,108.50927588359377,275.65522441412287,0,0.2941162109374999
,108.60928443359376,274.84415210804315,0.10000000000000001,0.29208170572916659
,108.70929294374992,286.12151208754455,0.10000000000000001,0.29513346354166659
,108.80930153437498,283.01513714680192,0,0.29309895833333327
,108.90931004453114,275.4264413064713,0.10000000000000001,0.29309895833333327
,109.00931863515621,284.23447461036216,0.10000000000000001,0.29513346354166659
,109.10932718515619,282.76506231800801,0,0.2941162109374999
,109.20933569531235,273.46160982879462,0.10000000000000001,0.2910644531249999
,109.30934428593741,283.30691088535269,0.10000000000000001,0.29309895833333327
,109.4093527960938,282.13994420097208,0,0.29208170572916659
,109.50936138671864,277.02823503829285,0.10000000000000001,0.29309895833333327
,109.60936993437485,285.7878304437391,0.10000000000000001,0.2941162109374999
,109.70937844140622,283.96347904372374,0.10000000000000001,0.29309895833333327
,109.80938702890626,282.70254606463789,0,0.29309895833333327
,109.90939553593739,277.79818413547679,0.10000000000000001,0.2941162109374999
,110.00940412343743,284.85991725481699,0.10000000000000001,0.2941162109374999
,110.10941267109365,285.24565395311225,0,0.29513346354166659
,110.20942117890627,275.90482302940137,0,0.2910644531249999
,110.30942976562505,276.85137813393118,0.10000000000000001,0.2910644531249999
,110.40943827343744,289.40755528340475,0,0.29309895833333327
,110.5094468625,281.10871727968055,0,0.29208170572916659
,110.60945541484375,280.44221208175668,0,0.29309895833333327
,110.70946392734368,282.57751651076006,0.10000000000000001,0.29309895833333327
,110.80947251953125,289.40755528340475,0,0.29309895833333327
,110.90948103203118,282.41081657723828,0,0.2941162109374999
,111.00948962421876,280.98373872708692,0.10000000000000001,0.29309895833333327
,111.10949817656251,289.02145025058951,0.10000000000000001,0.2941162109374999
,111.20950668906244,285.47502778727875,0.10000000000000001,0.29208170572916659
,111.30951528203127,283.39027870571363,0,0.2910644531249999
,111.40952379374994,277.36116581839298,0.10000000000000001,0.2910644531249999
,111.50953238515626,288.33280381516943,0.10000000000000001,0.2941162109374999
,111.6095409359375,285.86082106220442,0,0.29208170572916659
,111.70954944609366,280.31725531155666,0.10000000000000001,0.2941162109374999
,111.80955803671873,287.41477346009304,0.10000000000000001,0.29309895833333327
,111.90956654765614,286.66380037972988,0.10000000000000001,0.29309895833333327
,112.00957513828121,286.26750603035003,0,0.2941162109374999
,112.10958368906245,279.77582362422629,0,0.2941162109374999
,112.2095921992186,277.96468116679097,0.10000000000000001,0.2910644531249999
,112.30960079062493,289.55365755453897,0.10000000000000001,0.29309895833333327
,112.40960930078131,287.42520455187139,0,0.2910644531249999
,112.50961788984364,281.88992473389737,0.10000000000000001,0.29208170572916659
,112.60962643828111,289.13623482748756,0.10000000000000001,0.29309895833333327
,112.70963494687498,287.99895262230427,0,0.29309895833333327
,112.80964353593754,280.03611763214553,0.10000000000000001,0.29208170572916659
,112.90965204374993,289.63714664558023,0.10000000000000001,0.29309895833333327
,113.00966063281248,288.1345766571439,0,0.29208170572916659
,113.10966918124996,282.28579624304643,0.10000000000000001,0.29309895833333327
,113.2096776898436,287.79030834294457,0.10000000000000001,0.2910644531249999
,113.30968627890616,286.35093337901151,0,0.29004720052083327
,113.40969478671877,281.31702387366676,0.10000000000000001,0.29004720052083327
,113.50970337109379,290.399053899764,0.10000000000000001,0.2910644531249999
,113.60971191640624,290.1068007993162,0.10000000000000001,0.2910644531249999
,113.70972042109361,289.33450588839258,0,0.29208170572916659
,113.80972900546863,281.12954743292408,0.10000000000000001,0.29004720052083327
,113.90973751015622,291.77706069559042,0.10000000000000001,0.29309895833333327
,114.00974609531249,290.55562553098974,0,0.29208170572916659
,114.10975463984369,282.90051756998622,0.10000000000000001,0.29208170572916659
,114.20976314453128,290.12767541643404,0.10000000000000001,0.2910644531249999
,114.30977172968755,288.42670395332175,0.10000000000000001,0.28902994791666659
,114.40978023281241,289.0944946470899,0,0.29004720052083327
,114.50978881562492,284.70354770881818,0,0.2910644531249999
,114.60979735781234,284.43252117514379,0.10000000000000001,0.29004720052083327
,114.70980586015617,296.40450321277717,0.10000000000000001,0.29309895833333327
,114.80981444296867,292.17383243619258,0,0.29004720052083327
,114.90982294453124,285.02671793089263,0.10000000000000001,0.2910644531249999
,115.00983152734375,292.78993597853224,0.10000000000000001,0.29208170572916659
,115.10984006953117,291.82926566611593,0.10000000000000001,0.2910644531249999
,115.209848571875,288.24933867746904,0,0.2880126953124999
,115.30985715468751,283.1610213613227,0.10000000000000001,0.28902994791666659
,115.40986566562492,291.75617886384043,0.10000000000000001,0.2880126953124999
,115.5098742578125,293.08235070155729,0,0.28902994791666659
,115.60988280937499,287.02884054632125,0,0.29004720052083327
,115.70989132109366,287.63383158640715,0,0.29004720052083327
,115.80989991328124,288.95884170029308,0.10000000000000001,0.28902994791666659
,115.90990842499991,299.83320807915061,0,0.2910644531249999
,116.00991701640623,289.16754021319036,0,0.29004720052083327
,116.10992556874999,289.41799100608881,0.10000000000000001,0.29208170572916659
,116.20993408046866,295.23419981826805,0,0.28902994791666659
,116.30994267187498,285.99637840052389,0,0.2880126953124999
,116.40995118124988,287.75901254835333,0.10000000000000001,0.28902994791666659
,116.50995977109369,297.38691300326462,0.10000000000000001,0.28902994791666659
,116.60996832031242,295.52675205518256,0,0.29004720052083327
,116.70997682968755,288.57277473607775,0.10000000000000001,0.29004720052083327
,116.80998541953113,293.35389383184395,0.10000000000000001,0.28902994791666659
,116.90999392890626,295.47450941938644,0,0.2910644531249999
,117.01000251874984,287.1435737950718,0,0.29004720052083327
,117.1100110679688,287.40434239311378,0.10000000000000001,0.29004720052083327
,117.2100195773437,296.644864205864,0.10000000000000001,0.28902994791666659
,117.310028165625,293.21812044723617,0,0.28699544270833327
,117.41003667265613,287.27917152577305,0.10000000000000001,0.2880126953124999
,117.51004525937492,297.12561712055339,0.10000000000000001,0.29004720052083327
,117.61005380624988,294.8789792919456,0,0.28902994791666659
,117.71006231328124,289.04231995869776,0.10000000000000001,0.29004720052083327
,117.81007090078128,295.79842188155533,0.10000000000000001,0.28902994791666659
,117.91007940781242,295.54764925088966,0.10000000000000001,0.28902994791666659
,118.0100879945312,295.52675205518256,0,0.29004720052083327
,118.11009654140616,288.10327843645382,0.10000000000000001,0.28902994791666659
,118.21010504843753,293.74034557295374,0.10000000000000001,0.28699544270833327
,118.31011363515631,294.91032132653316,0,0.2880126953124999
,118.41012214218745,288.11371115227189,0,0.28597819010416659
,118.51013072968749,291.10888669594971,0.10000000000000001,0.2880126953124999
,118.61013927656245,301.68425667427579,0,0.28902994791666659
,118.71014778359381,292.23648353545519,0,0.28699544270833327
,118.81015637031237,291.31768113952791,0,0.28699544270833327
,118.91016487734373,294.22083958404494,0.10000000000000001,0.28902994791666659
,119.01017346484377,302.23862776671569,0,0.28902994791666659
,119.11018201171873,294.2835159971479,0,0.29004720052083327
,119.21019051874987,290.46168192863581,0.10000000000000001,0.28597819010416659
,119.31019910781242,298.99675519057661,0.10000000000000001,0.28699544270833327
,119.41020761718755,298.23359315368276,0,0.28699544270833327
,119.51021620624988,291.01493216069105,0,0.28699544270833327
,119.61022475546861,291.71441546881982,0.10000000000000001,0.2880126953124999
,119.71023326484374,303.18011630145895,0,0.28902994791666659
,119.81024185390629,291.66221172893307,0,0.28699544270833327
,119.91025036328119,293.86568752943731,0.10000000000000001,0.28902994791666659
,120.01025895234375,302.64659030543237,0,0.28902994791666659
,120.11026750156248,292.99880190325212,0,0.2880126953124999
,120.21027600937487,291.47428291218938,0.10000000000000001,0.28699544270833327
,120.3102845953124,300.29330549436361,0.10000000000000001,0.28699544270833327
,120.4102931015625,298.07679123011536,0,0.28597819010416659
,120.51030168750003,293.00924542729928,0.10000000000000001,0.28699544270833327
,120.61031023359374,299.12221580071844,0.10000000000000001,0.28699544270833327
,120.71031873984361,299.33132259329727,0,0.2880126953124999
,120.81032732578115,291.56824641027271,0,0.28699544270833327
,120.91033583124999,293.10323811735628,0.10000000000000001,0.28699544270833327
,121.01034441718753,304.68675908407658,0,0.29004720052083327
,121.11035296328123,295.58944388441529,0,0.2880126953124999
,121.21036146718734,292.24692546270052,0,0.28597819010416659
,121.3103700507811,295.14016855472772,0.10000000000000001,0.28597819010416659
,121.41037855468744,304.27867911398431,0,0.28597819010416659
,121.5103871382812,296.30000167554914,0,0.28699544270833327
,121.61039568124988,295.77752372043545,0.10000000000000001,0.28699544270833327
,121.71040418515622,304.19497319888029,0.10000000000000001,0.2880126953124999
,121.81041276874998,300.60702758339124,0.10000000000000001,0.28699544270833327
,121.91042127187507,301.16130760970782,0,0.2880126953124999
,122.0104298554686,292.69594915160224,0,0.28699544270833327
,122.11043839921876,295.07748196424041,0.10000000000000001,0.2880126953124999
,122.21044690703116,302.85581129175836,0,0.28597819010416659
,122.3104554945312,294.57601586002414,0,0.2849609374999999
,122.41046400234382,296.15370284093262,0.10000000000000001,0.28597819010416659
,122.51047258984363,306.00532207873175,0.10000000000000001,0.28597819010416659
,122.61048113749985,302.84535009180439,0,0.28699544270833327
,122.71048964531246,296.33135192973913,0,0.28699544270833327
,122.81049823281251,294.92076871250799,0.10000000000000001,0.28597819010416659
,122.9105067406249,307.44971486414181,0.10000000000000001,0.28902994791666659
,123.01051532812494,304.36238598540371,0,0.28699544270833327
,123.11052387578115,295.68348298835355,0.10000000000000001,0.28699544270833327
,123.21053238359377,302.91857882331084,0.10000000000000001,0.28699544270833327
,123.31054097187484,300.83710028211937,0.10000000000000001,0.2849609374999999
,123.41054947968746,301.05672282353254,0,0.28597819010416659
,123.5105580671875,297.02110213121466,0.10000000000000001,0.28699544270833327
,123.61056661484372,303.74507042781141,0.10000000000000001,0.28597819010416659
,123.71057512265611,305.0948614007101,0,0.2880126953124999
,123.81058371093741,297.60641077295026,0,0.28699544270833327
,123.91059221875003,298.79811457122213,0.10000000000000001,0.2880126953124999
,124.01060080624984,310.87325382346114,0.10000000000000001,0.2910644531249999
,124.11060935234377,306.97868921542556,0,0.28902994791666659
,124.21061785859365,296.78072499555202,0,0.28699544270833327
,124.31062644453118,298.81902380043744,0.10000000000000001,0.2880126953124999
,124.41063495078129,308.52793825869367,0,0.29920247395833327
,124.51064353749985,302.35369164724176,0,0.2849609374999999
,124.61065208359378,301.85160913734916,0.10000000000000001,0.2910644531249999
,124.71066058984366,310.51723156050116,0.10000000000000001,0.29208170572916659
,124.81066917578119,307.94170305244319,0.10000000000000001,0.29208170572916659
,124.91067768203129,307.1042934504257,0,0.29309895833333327
,125.01068626874985,299.18494708200984,0.10000000000000001,0.29309895833333327
,125.11069481953109,308.77919380819628,0.10000000000000001,0.29513346354166659
,125.21070333046873,304.91696792433987,0,0.29208170572916659
,125.31071192187505,298.52630125593367,0.10000000000000001,0.29208170572916659
,125.41072043359372,308.95717073180617,0.10000000000000001,0.2941162109374999
,125.51072902421879,308.22434727590149,0,0.2941162109374999
,125.61073757578129,302.38507304439099,0,0.29513346354166659
,125.7107460867187,303.73460790662028,0.10000000000000001,0.29615071614583327
,125.81075467812502,311.49108677681699,0,0.29513346354166659
,125.91076318906244,305.48205570374836,0,0.2971679687499999
,126.01077178125001,304.03802719705982,0.10000000000000001,0.29615071614583327
,126.11078033281251,313.30290357045567,0.10000000000000001,0.29818522135416659
,126.21078884453118,309.38642345755318,0.10000000000000001,0.29615071614583327
,126.3107974359375,306.9054209606179,0,0.29513346354166659
,126.41080594765617,301.65287855759283,0.10000000000000001,0.29615071614583327
,126.51081453906249,312.23462882724056,0.10000000000000001,0.29818522135416659
,126.61082309062499,309.95181084913338,0,0.2971679687499999
,126.7108316015624,304.95882483575275,0.10000000000000001,0.29920247395833327
,126.81084019374998,311.94139482925488,0.10000000000000001,0.29920247395833327
,126.9108487046874,310.90466815844724,0,0.29920247395833327
,127.01085729765623,305.16811287055015,0,0.3002197265624999
,127.11086585156249,304.7286147099436,0.10000000000000001,0.29920247395833327
,127.21087436484368,313.34479871929346,0.10000000000000001,0.29920247395833327
,127.31088295859377,311.28164772989305,0,0.29818522135416659
,127.41089147187495,303.82877114649341,0.10000000000000001,0.2971679687499999
,127.51090006562504,314.03608982819657,0.10000000000000001,0.29920247395833327
,127.61090861875005,312.91538056829262,0,0.29920247395833327
,127.71091713281248,305.20997117017276,0.10000000000000001,0.29920247395833327
,127.81092572578109,313.46001114406778,0.10000000000000001,0.3002197265624999
,127.9109342390625,313.54380269975718,0,0.3002197265624999
,128.0109428273438,305.82740757740595,0,0.3002197265624999
,128.11095137578127,307.59626156801278,0.10000000000000001,0.30123697916666659
,128.21095988359366,314.91597042552706,0,0.29818522135416659
,128.3109684710937,306.51815679758414,0,0.2971679687499999
,128.41097697968735,307.79515041960519,0.10000000000000001,0.29818522135416659
,128.51098556718739,317.79692076379496,0.10000000000000001,0.29920247395833327
,128.61099411562486,315.02072209379827,0,0.29920247395833327
,128.71100262343748,308.21387880797903,0.10000000000000001,0.29920247395833327
,128.81101121171878,313.61712079243267,0.10000000000000001,0.29818522135416659
,128.91101971874991,315.3140311243709,0,0.3002197265624999
,129.01102830703121,307.83702234576691,0,0.29920247395833327
,129.11103685468743,307.56485848952173,0.10000000000000001,0.29920247395833327
,129.21104536250004,317.56642489113187,0.10000000000000001,0.29920247395833327
,129.31105395078112,313.13532447058236,0.10000000000000001,0.29615071614583327
,129.41106245859373,313.20864003145255,0,0.2971679687499999
,129.51107104687503,308.16153665616361,0,0.29818522135416659
,129.61107959453125,307.50205268140769,0.10000000000000001,0.29615071614583327
,129.71108810234364,318.94944569404396,0.10000000000000001,0.29818522135416659
,129.81109669062494,315.61782212762211,0,0.2971679687499999
,129.91110520078109,307.79515041960519,0.10000000000000001,0.29615071614583327
,130.01111379374993,317.06353602147442,0.10000000000000001,0.29920247395833327
,130.11112234609368,314.60172042755931,0.10000000000000001,0.2971679687499999
,130.21113085859361,311.11409954059167,0,0.2941162109374999
,130.31113945078118,305.80647672479824,0.10000000000000001,0.2941162109374999
,130.41114796328111,314.77979449869542,0.10000000000000001,0.2941162109374999
,130.51115655546869,315.39783486987398,0,0.29513346354166659
,130.61116510781244,308.99904816221289,0,0.2941162109374999
,130.71117362031237,308.77919380819628,0.10000000000000001,0.29309895833333327
,130.81118221249994,318.18457994106461,0.10000000000000001,0.2941162109374999
,130.91119072109359,316.916863079591,0,0.2941162109374999
,131.01119931015614,308.33950124691819,0.10000000000000001,0.29309895833333327
,131.11120785859362,317.1263962710679,0.10000000000000001,0.2941162109374999
,131.21121636718749,313.49143290847468,0,0.2910644531249999
,131.31122495546879,306.04718489847937,0.10000000000000001,0.29004720052083327
,131.41123346406243,318.61415815870168,0.10000000000000001,0.2941162109374999
,131.51124205312499,317.07401271243333,0,0.29309895833333327
,131.61125060156246,309.67958306738598,0,0.29309895833333327
,131.71125911015611,311.33400709644457,0.10000000000000001,0.2941162109374999
,131.81126770078117,318.37317399462012,0,0.29309895833333327
,131.91127621406235,311.42825462096766,0,0.29309895833333327
,132.0112848085937,310.05651590518698,0.10000000000000001,0.29208170572916659
,132.11129336249996,317.99598790452552,0.10000000000000001,0.2910644531249999
,132.21130187578115,314.84264475122416,0,0.29004720052083327
,132.31131047031249,307.30317070552928,0,0.2880126953124999
,132.41131898359367,308.80013208803274,0.10000000000000001,0.2880126953124999
,132.51132757812502,321.53762759692364,0,0.2910644531249999
,132.61133613203128,311.58533571628863,0,0.29004720052083327
,132.71134464531247,311.49108677681699,0.10000000000000001,0.29004720052083327
,132.8113532382813,320.53165937831227,0,0.29004720052083327
,132.91136174999997,311.47014268295158,0,0.28902994791666659
,133.01137034140629,312.01470258630172,0.10000000000000001,0.29004720052083327
,133.11137889296879,320.79362630981217,0.10000000000000001,0.2910644531249999
,133.21138740468746,314.54934616676621,0,0.28699544270833327
,133.31139599609378,308.82107041645293,0.10000000000000001,0.2880126953124999
,133.41140450781245,316.63399774237018,0.10000000000000001,0.2880126953124999
,133.51141309921877,317.29402481350604,0,0.28902994791666659
,133.61142165078127,311.01985488592402,0,0.28902994791666659
,133.71143016171868,310.6742986433697,0.10000000000000001,0.2880126953124999
,133.81143874843747,320.405916294853,0.10000000000000001,0.29004720052083327
,133.91144725468735,319.56764733096037,0.10000000000000001,0.29004720052083327
,134.01145584140613,316.40351875578756,0,0.28902994791666659
,134.11146438828109,310.78948274134819,0.10000000000000001,0.29004720052083327
,134.2114728945312,316.36161386600918,0.10000000000000001,0.28699544270833327
,134.31148148124998,315.35593293294772,0,0.28699544270833327
,134.41148998828112,311.50155883944501,0.10000000000000001,0.2880126953124999
,134.51149857499991,319.43143176500809,0.10000000000000001,0.2880126953124999
,134.61150712109361,319.07518004649268,0.10000000000000001,0.2880126953124999
,134.71151562734372,319.14852546244293,0,0.28902994791666659
,134.8115242140625,310.1298101207978,0,0.28699544270833327
,134.91153272031238,313.77423249322891,0.10000000000000001,0.29004720052083327
,135.01154130624991,323.43439458362604,0,0.29004720052083327
,135.11154985234361,314.32937661048351,0,0.28902994791666659
,135.21155835859372,313.27148230666734,0.10000000000000001,0.2880126953124999
,135.31156694531251,321.59002285851443,0.10000000000000001,0.28699544270833327
,135.41157545156238,319.95534268228363,0.10000000000000001,0.28699544270833327
,135.51158403749992,320.57357389139975,0,0.28902994791666659
,135.61159258437488,312.25557441433563,0,0.28699544270833327
,135.71160109296875,314.76931948592221,0.10000000000000001,0.2880126953124999
,135.81160968281256,324.35661615505563,0,0.28902994791666659
,135.91161819296872,316.152091197787,0,0.28902994791666659
,136.01162678359378,316.07875897154025,0.10000000000000001,0.28902994791666659
,136.11163533437502,324.52429484262029,0,0.28902994791666659
,136.21164384453118,313.61712079243267,0,0.28597819010416659
,136.31165243437499,314.68551968645534,0.10000000000000001,0.28597819010416659
,136.41166094453115,325.05877425419641,0,0.2880126953124999
,136.51166953515622,317.45117815163525,0,0.2880126953124999
,136.6116780851562,317.58737893006872,0.10000000000000001,0.28902994791666659
,136.71168659296859,326.18014752703425,0,0.28902994791666659
,136.81169518046863,317.03210599025368,0,0.28902994791666659
,136.91170368828125,317.54547087866928,0,0.28902994791666659
,137.01171227578129,318.14267042393249,0.10000000000000001,0.28902994791666659
,137.11172082343751,328.26572024296888,0,0.2910644531249999
,137.21172933046864,316.17304333018132,0,0.28699544270833327
,137.31173791874994,315.42926140654231,0.10000000000000001,0.28699544270833327
,137.4117464257813,326.24302872918133,0.10000000000000001,0.28902994791666659
,137.51175501406237,323.82214438292846,0,0.2880126953124999
,137.61176356249985,316.82257405783895,0.10000000000000001,0.28902994791666659
,137.71177207421874,324.65005422640212,0.10000000000000001,0.28902994791666659
,137.81178066640609,322.07206391450836,0,0.2880126953124999
,137.91178917812499,317.54547087866928,0.10000000000000001,0.28902994791666659
,138.01179777031234,325.10069442209027,0.10000000000000001,0.28902994791666659
,138.11180632187506,323.6230291499744,0,0.28902994791666659
,138.21181483359373,316.18351940763733,0.10000000000000001,0.2880126953124999
,138.31182342578131,323.32959800273079,0.10000000000000001,0.28699544270833327
,138.41183193749998,324.31469657366335,0,0.2880126953124999
,138.51184052968756,319.38951946716446,0,0.28902994791666659
,138.61184907890629,319.05422426418937,0.10000000000000001,0.2880126953124999
,138.71185758671868,330.84384854185589,0.10000000000000001,0.2910644531249999
,138.81186617499998,326.84040189446819,0,0.28902994791666659
,138.91187468281237,319.02279063328899,0.10000000000000001,0.28902994791666659
,139.01188327109367,328.88405669251233,0.10000000000000001,0.29208170572916659
,139.11189181953114,326.22206832405249,0.10000000000000001,0.2910644531249999
,139.21190032734376,323.46583361431817,0,0.29004720052083327
,139.31190891562505,318.29983162548689,0.10000000000000001,0.29004720052083327
,139.41191742343744,326.64127719060588,0.10000000000000001,0.29004720052083327
,139.51192601093749,328.32860197121488,0,0.28902994791666659
,139.61193456093747,321.39092141090225,0,0.29309895833333327
,139.71194307109363,322.16637724293184,0.10000000000000001,0.29309895833333327
,139.81195166171869,332.73021883141081,0,0.29513346354166659
,139.9119601710936,324.84917386514604,0,0.2941162109374999
,140.01196876171866,323.80118483921007,0,0.29513346354166659
,140.11197731171865,326.33735060521866,0.10000000000000001,0.29615071614583327
,140.21198582187503,332.16431632254546,0,0.29513346354166659
,140.31199441171862,323.64398860209872,0,0.29513346354166659
,140.412002921875,324.50333497556198,0.10000000000000001,0.29513346354166659
,140.51201151171881,333.51617961169279,0,0.29615071614583327
,140.61202006250005,325.55133797246151,0,0.2971679687499999
,140.71202857265621,325.13213456708439,0,0.2971679687499999
,140.81203716328127,325.11117446861624,0.10000000000000001,0.2971679687499999
,140.91204567343743,337.06843339657121,0,0.3002197265624999
,141.0120542640625,325.82382152268138,0,0.29920247395833327
,141.11206281406248,325.01685411575977,0.10000000000000001,0.3002197265624999
,141.2120713249999,332.48918730411731,0.10000000000000001,0.29920247395833327
,141.31207991484371,328.22379908663794,0.10000000000000001,0.2971679687499999
,141.41208842578112,329.42902951073455,0,0.29920247395833327
,141.51209701562493,323.38199625678652,0,0.29920247395833327
,141.61210556640617,323.72782651982556,0.10000000000000001,0.29920247395833327
,141.71211407734381,336.11493302710863,0,0.30225423177083327
,141.81212266796865,325.28933553066793,0,0.29920247395833327
,141.91213117890629,326.34783081888281,0.10000000000000001,0.30123697916666659
,142.01213976953113,336.62836194191772,0,0.3032714843749999
,142.11214832031237,325.83430167824451,0,0.30123697916666659
,142.21215683046876,324.33565635975424,0.10000000000000001,0.3002197265624999
,142.31216542187485,333.89343389301462,0.10000000000000001,0.3002197265624999
,142.41217393203124,330.58184706418473,0,0.29920247395833327
,142.5121825226563,326.11726636540737,0.10000000000000001,0.30225423177083327
,142.61219107265629,333.56857632071933,0.10000000000000001,0.30225423177083327
,142.71219958281245,332.63590233383076,0,0.30225423177083327
,142.81220817343751,325.45701697803327,0,0.30225423177083327
,142.91221668359367,326.23254852607084,0.10000000000000001,0.30225423177083327
,143.01222527421874,336.68075191864654,0,0.3032714843749999
,143.11223382421872,328.44388511581707,0,0.3032714843749999
,143.21224233437488,324.27277702932685,0.10000000000000001,0.3002197265624999
,143.31225092499994,334.92037820103269,0.10000000000000001,0.30123697916666659
,143.4122594351561,332.89789199395085,0,0.3002197265624999
,143.51226802578117,326.10678617584375,0,0.30123697916666659
,143.61227657656241,327.43777734859538,0.10000000000000001,0.30225423177083327
,143.71228508750005,337.40371912632565,0.10000000000000001,0.30225423177083327
,143.81229367812489,333.46378281426178,0,0.30123697916666659
,143.91230218828127,328.55916822201874,0.10000000000000001,0.3032714843749999
,144.01231077890611,334.27068328268848,0.10000000000000001,0.30225423177083327
,144.11231932968735,334.1868505235222,0,0.3032714843749999
,144.21232784062499,324.60813439760642,0,0.3002197265624999
,144.31233643125006,324.63957426603355,0,0.29818522135416659
,144.41234494140622,329.40806905894328,0.10000000000000001,0.3002197265624999
,144.51235353125003,340.1276697701818,0,0.30123697916666659
,144.61236208046876,329.73295561025083,0,0.3002197265624999
,144.71237059062491,330.15216241971245,0.10000000000000001,0.30225423177083327
,144.81237918046872,336.10445475402861,0,0.3002197265624999
,144.91238768984363,328.80021455357831,0,0.30123697916666659
,145.01239627968744,329.11462236710241,0.10000000000000001,0.30123697916666659
,145.11240482968742,337.45610697381323,0.10000000000000001,0.30123697916666659
,145.21241333984381,333.47426218078061,0,0.29920247395833327
,145.31242192968739,324.87013386938679,0.10000000000000001,0.2971679687499999
,145.41243044218754,333.13892074750231,0.10000000000000001,0.29818522135416659
,145.51243903437489,335.90536659134779,0,0.3002197265624999
,145.61244758671864,326.96616499925921,0,0.29818522135416659
,145.71245609843754,328.18187792747187,0.10000000000000001,0.29920247395833327
,145.81246469062489,338.44096962031034,0,0.3002197265624999
,145.91247320312505,329.16702360909073,0,0.29818522135416659
,146.0124817953124,329.19846434500499,0,0.29920247395833327
,146.11249034765615,330.7600081893807,0,0.29920247395833327
,146.21249885937505,328.44388511581707,0,0.29513346354166659
,146.31250745078114,331.1268088405061,0.10000000000000001,0.29615071614583327
,146.41251596250004,339.5095839289512,0,0.29615071614583327
,146.51252455390613,330.34080477651321,0,0.2971679687499999
,146.61253310468737,329.04126059724365,0.10000000000000001,0.2971679687499999
,146.71254161562501,337.15225539143773,0.10000000000000001,0.2971679687499999
,146.81255020703111,333.29611247804547,0,0.29615071614583327
,146.91255871875001,327.39585621539192,0.10000000000000001,0.29615071614583327
,147.0125673101561,333.29611247804547,0.10000000000000001,0.29615071614583327
,147.11257586093734,333.93535073907526,0,0.2971679687499999
,147.21258437187498,324.09461938925085,0,0.29309895833333327
,147.31259296015628,324.78629390003414,0.10000000000000001,0.29309895833333327
,147.41260146718741,337.60279214432802,0.10000000000000001,0.29513346354166659
,147.5126100539062,335.30809136390019,0,0.2941162109374999
,147.61261859999991,326.82992164015536,0,0.2941162109374999
,147.71262710703127,328.29716110809949,0.10000000000000001,0.2941162109374999
,147.81263569375005,336.01015006459915,0,0.29309895833333327
,147.91264419999993,329.74343580444724,0,0.29513346354166659
,148.01265278671872,328.62204989694862,0.10000000000000001,0.2941162109374999
,148.11266133359368,336.94269971278266,0.10000000000000001,0.2941162109374999
,148.21266983984378,333.25419475704734,0.10000000000000001,0.29309895833333327
,148.31267842812485,330.52944663953917,0,0.2910644531249999
,148.41268693749998,324.33565635975424,0.10000000000000001,0.2910644531249999
,148.51269552656254,336.47119119070845,0.10000000000000001,0.2941162109374999
,148.61270407578127,333.76768299418063,0,0.29208170572916659
,148.71271258515617,327.46921820191943,0.10000000000000001,0.29309895833333327
,148.81272117421872,334.21828783808843,0.10000000000000001,0.29309895833333327
,148.91272968281237,334.23924602791305,0,0.29309895833333327
,149.01273827265618,328.43340483139747,0,0.2941162109374999
,149.11274682109365,328.20283850738258,0.10000000000000001,0.29208170572916659
,149.21275533046878,335.93680168655948,0,0.2910644531249999
,149.31276392031236,329.02030008519085,0,0.2910644531249999
,149.41277243046875,328.33908225844101,0.10000000000000001,0.29004720052083327
,149.51278102031256,339.57244129839518,0.10000000000000001,0.29208170572916659
,149.6127895710938,337.5399272167349,0,0.29208170572916659
,149.7127980804687,328.46484568369749,0.10000000000000001,0.2910644531249999
,149.81280667109377,336.08349819237526,0.10000000000000001,0.29208170572916659
,149.91281518046867,335.98919341059764,0.10000000000000001,0.29208170572916659
,150.01282377109374,333.73624518588713,0,0.2910644531249999
,150.11283232109372,327.73122540206504,0.10000000000000001,0.29208170572916659
,150.21284082968737,333.43234469371333,0.10000000000000001,0.29004720052083327
,150.31284941796866,332.79309635999834,0,0.28902994791666659
,150.41285792578128,328.58012878196291,0.10000000000000001,0.29004720052083327
,150.51286651406235,337.23607701359111,0.10000000000000001,0.29004720052083327
,150.6128750617188,337.1208221868597,0.10000000000000001,0.2910644531249999
,150.71288356953119,337.43515185281376,0,0.29208170572916659
,150.81289215781248,327.0395268526421,0,0.29004720052083327
,150.91290066562487,330.68664778686019,0.10000000000000001,0.29208170572916659
,151.01290925390617,341.21711111307673,0,0.29208170572916659
,151.11291780234365,331.97568036408808,0,0.2910644531249999
,151.21292630937501,329.9425592691631,0.10000000000000001,0.29004720052083327
,151.31293489687505,339.03814538514325,0.10000000000000001,0.28902994791666659
,151.41294340468744,337.05795562117379,0.10000000000000001,0.28902994791666659
,151.51295199218748,338.64003066136519,0,0.2910644531249999
,151.61296054062495,329.38710860342792,0,0.28902994791666659
,151.71296904765632,331.16872876248078,0.10000000000000001,0.2910644531249999
,151.81297763593739,340.79810550478601,0,0.2910644531249999
,151.91298614375,332.13287705541069,0,0.29004720052083327
,152.01299473125005,332.61494307920134,0,0.2910644531249999
,152.11300327890626,333.62097294051381,0.10000000000000001,0.29004720052083327
,152.21301178671865,340.40003817647181,0,0.2880126953124999
,152.31302037421869,332.63590233383076,0,0.2880126953124999
,152.41302888203131,331.21064865166056,0.10000000000000001,0.28699544270833327
,152.51303747031238,342.84062788184929,0.10000000000000001,0.29004720052083327
,152.6130460179686,340.25337891724911,0,0.29004720052083327
,152.71305452578122,330.57136698258324,0.10000000000000001,0.28902994791666659
,152.81306311328126,338.79718239502023,0.10000000000000001,0.29004720052083327
,152.91307162109365,338.97528582851322,0.10000000000000001,0.29004720052083327
,153.01308020859369,336.45023499831723,0,0.28902994791666659
,153.11308875624991,330.93816879719446,0.10000000000000001,0.2910644531249999
,153.21309726328127,337.15225539143773,0.10000000000000001,0.2880126953124999
,153.31310585078131,336.43975689404283,0,0.2880126953124999
,153.41311435781245,331.94424095594877,0.10000000000000001,0.28902994791666659
,153.51312294453123,339.71910746467324,0.10000000000000001,0.2880126953124999
,153.61313149218745,339.82386812212803,0.10000000000000001,0.28902994791666659
,153.71313999921881,340.22195173474825,0,0.29004720052083327
,153.81314858593737,329.9425592691631,0,0.28699544270833327
,153.91315709296873,334.15541317331952,0.10000000000000001,0.29004720052083327
,154.01316568046877,345.09222571577499,0,0.29004720052083327
,154.11317422656248,335.39192040853607,0,0.28902994791666659
,154.21318273281236,333.88295467204688,0.10000000000000001,0.2880126953124999
,154.31319131874989,342.30646212154261,0.10000000000000001,0.28699544270833327
,154.41319982421874,341.12283600159117,0,0.2880126953124999
,154.51320841015627,335.54909905058111,0.10000000000000001,0.28902994791666659
,154.61321695624997,342.05508182573453,0.10000000000000001,0.2880126953124999
,154.71322546249985,342.22266926271425,0,0.29004720052083327
,154.81323404843738,333.87247544731127,0,0.2880126953124999
,154.91324255468749,334.09253836671871,0.10000000000000001,0.2880126953124999
,155.01325114296878,346.94549743336438,0,0.2910644531249999
,155.11325969453128,337.8961588773293,0,0.28902994791666659
,155.21326820703121,334.01918424833008,0,0.28699544270833327
,155.31327679921878,337.35133112931237,0.10000000000000001,0.28699544270833327
,155.41328531093745,346.94549743336438,0,0.2880126953124999
,155.51329390312503,339.40482106370001,0,0.28902994791666659
,155.61330245546878,337.70756653450798,0.10000000000000001,0.28902994791666659
,155.71331096718745,346.48483042232459,0.10000000000000001,0.28902994791666659
,155.81331955937503,343.18625164239063,0,0.28902994791666659
,155.9133280710937,335.86345306051385,0,0.28902994791666659
,156.01333666250002,335.80058261393668,0.10000000000000001,0.28902994791666659
,156.11334521406252,347.74114066924392,0,0.2910644531249999
,156.21335372578119,335.46527057497042,0,0.28597819010416659
,156.31336231796877,335.14043238212008,0.10000000000000001,0.28699544270833327
,156.41337082890618,347.1025377899436,0.10000000000000001,0.2880126953124999
,156.51337942109376,344.6733594381792,0,0.28699544270833327
,156.61338797265626,337.35133112931237,0,0.2880126953124999
,156.71339648437493,338.65050749112402,0.10000000000000001,0.2880126953124999
,156.81340507578125,346.90361955387601,0,0.2880126953124999
,156.91341358749992,341.2485360001325,0,0.28902994791666659
,157.01342217656247,339.12195773501566,0.10000000000000001,0.2880126953124999
,157.11343072499994,348.39016544562674,0.10000000000000001,0.28902994791666659
,157.21343923281256,345.24929616709585,0,0.2880126953124999
,157.31344782109363,334.90989938137886,0.10000000000000001,0.28597819010416659
,157.41345632890625,345.30165244417157,0.10000000000000001,0.2880126953124999
,157.51346491718755,346.72563646071995,0,0.28902994791666659
,157.61347346484376,337.92759073739705,0,0.2880126953124999
,157.71348197343741,340.48384277808447,0.10000000000000001,0.29004720052083327
,157.81349056093745,349.86598911026931,0,0.29004720052083327
,157.91349907031235,341.80369642146837,0,0.29004720052083327
,158.01350766171868,342.39025440286503,0.10000000000000001,0.29208170572916659
,158.11351621249992,350.73461115154288,0,0.31547851562499996
,158.21352472421881,339.68767912236507,0,0.29004720052083327
,158.31353331562491,340.20100024105483,0.10000000000000001,0.29004720052083327
,158.41354182656255,349.97064739894097,0,0.29208170572916659
,158.51355041796864,344.5267522618314,0,0.2941162109374999
,158.61355896953114,342.72541768716661,0.10000000000000001,0.29309895833333327
,158.71356748125004,352.32508625738205,0.10000000000000001,0.29615071614583327
,158.81357607265613,349.40547657767229,0,0.29513346354166659
,158.9135845867188,341.34281020853655,0,0.29513346354166659
,159.01359318203117,341.20663613401183,0.10000000000000001,0.29615071614583327
,159.11360173749995,353.94659445340079,0,0.29818522135416659
,159.21361025234364,341.98176160655555,0,0.29513346354166659
,159.3136188484375,340.76667955700174,0.10000000000000001,0.29513346354166659
,159.41362736328119,352.72265159350559,0.10000000000000001,0.29818522135416659
,159.51363595937505,349.93925005541212,0,0.2971679687499999
,159.61364451406234,342.75683876108423,0.10000000000000001,0.29818522135416659
,159.71365302968752,350.67182241243898,0.10000000000000001,0.29920247395833327
,159.8136616249999,347.89816719381781,0,0.29818522135416659
,159.91367013515628,343.80415892612922,0.10000000000000001,0.3002197265624999
,160.0136787226561,350.6404278529015,0.10000000000000001,0.3002197265624999
,160.1136872710938,349.96018163140923,0,0.3002197265624999
,160.21369577890619,341.45803331328074,0.10000000000000001,0.29920247395833327
,160.31370436718748,348.54718028366648,0.10000000000000001,0.29818522135416659
,160.41371287578113,349.91831842487812,0.10000000000000001,0.29920247395833327
,160.51372146328117,351.14272552015677,0,0.3002197265624999
,160.61373001171864,342.78825975129973,0,0.29920247395833327
,160.71373851953126,345.19693961947473,0.10000000000000001,0.30123697916666659
,160.81374710859382,355.02390192806757,0,0.30123697916666659
,160.913755621875,347.23863725971142,0,0.3002197265624999
,161.01376421562486,346.11837473347708,0.10000000000000001,0.30123697916666659
,161.11377276874987,355.21215136708713,0.10000000000000001,0.30123697916666659
,161.21378128125002,351.19504630494811,0,0.29920247395833327
,161.31378987499988,342.55783721980396,0.10000000000000001,0.29818522135416659
,161.41379838828129,351.49849974582287,0.10000000000000001,0.29920247395833327
,161.5138069812499,353.14111759771146,0,0.3002197265624999
,161.61381553437491,344.98751073943151,0,0.29920247395833327
,161.71382404765609,345.65766789164945,0.10000000000000001,0.29920247395833327
,161.81383263828116,356.52974397082033,0,0.3002197265624999
,161.91384114609377,348.73559428379542,0,0.3002197265624999
,162.01384973437484,346.8408023801129,0,0.3002197265624999
,162.11385828281254,348.98680643301765,0.10000000000000001,0.3002197265624999
,162.21386679062493,355.2958160494606,0,0.29818522135416659
,162.31387537812498,346.30683941254415,0,0.2971679687499999
,162.41388388671862,346.03461147148357,0.10000000000000001,0.2971679687499999
,162.51389247421866,356.50883193509247,0,0.29818522135416659
,162.61390102265614,348.57858290616127,0,0.29818522135416659
,162.71390953046875,347.259575459671,0,0.29818522135416659
,162.81391812031256,346.66281808852023,0.10000000000000001,0.29615071614583327
,162.91392663124998,359.07002276697051,0.10000000000000001,0.29920247395833327
,163.01393522187504,354.1976329410727,0,0.2971679687499999
,163.11394377265628,344.5791122021846,0.10000000000000001,0.2971679687499999
,163.21395228281244,351.84379393800651,0.10000000000000001,0.2971679687499999
,163.31396087343751,348.48437469305776,0,0.2941162109374999
,163.41396938437492,343.43760784902247,0,0.29513346354166659
,163.51397797499999,346.26495869239113,0.10000000000000001,0.29513346354166659
,163.61398652578123,355.73503797334291,0,0.29513346354166659
,163.71399503515613,349.61480368419205,0,0.29615071614583327
,163.81400362187492,345.73096360938979,0.10000000000000001,0.2941162109374999
,163.91401212812502,356.60293554584456,0.10000000000000001,0.29615071614583327
,164.01402071562507,354.29176998451095,0,0.29615071614583327
,164.11402926171877,343.88794032941195,0.10000000000000001,0.2941162109374999
,164.2140377687499,349.79272749917453,0.10000000000000001,0.29309895833333327
,164.31404635546869,350.65089272013722,0.10000000000000001,0.29208170572916659
,164.4140548617188,349.60433745615234,0,0.29208170572916659
,164.51406344843735,345.5739006930491,0.10000000000000001,0.29309895833333327
,164.61407199531254,354.23947178851216,0.10000000000000001,0.2941162109374999
,164.71408050078117,352.49248485400358,0,0.29309895833333327
,164.81408908749995,345.09222571577499,0.10000000000000001,0.29309895833333327
,164.91409759453131,353.61186216977171,0.10000000000000001,0.29309895833333327
,165.01410618124987,352.37739873348659,0,0.29309895833333327
,165.11411472812506,346.03461147148357,0.10000000000000001,0.29309895833333327
,165.21412323437494,350.7555406184793,0.10000000000000001,0.29004720052083327
,165.31413182109372,351.64499013926786,0,0.2910644531249999
,165.4141403273436,345.35400844990755,0,0.2910644531249999
,165.51414891406239,346.0032000616518,0.10000000000000001,0.29004720052083327
,165.61415746093735,358.99686120001786,0,0.29309895833333327
,165.71416597187499,348.95540532426963,0,0.29004720052083327
,165.81417456406234,345.74143438180522,0,0.29004720052083327
,165.91418307578124,350.99622541745686,0.10000000000000001,0.29309895833333327
,166.01419166796859,359.46716937153775,0,0.29309895833333327
,166.11420022031234,349.65666846186843,0,0.29208170572916659
,166.21420873203124,345.02939685827903,0.10000000000000001,0.29004720052083327
,166.31421732421859,353.59094086337569,0.10000000000000001,0.28902994791666659
,166.41422583593749,353.59094086337569,0.10000000000000001,0.29004720052083327
,166.51423442812506,353.49679420464213,0,0.29004720052083327
,166.61424297968756,344.93515285100654,0,0.28902994791666659
,166.71425148906246,347.76207769987354,0.10000000000000001,0.2910644531249999
,166.81426007812502,356.45655154068703,0,0.29004720052083327
,166.91426858671866,349.01820742414532,0,0.2910644531249999
,167.01427717578122,347.94004046265508,0.10000000000000001,0.29004720052083327
,167.11428572499995,356.36244573443662,0.10000000000000001,0.29004720052083327
,167.21429423359359,352.72265159350559,0.10000000000000001,0.2880126953124999
,167.31430282265615,350.54624341634496,0,0.28699544270833327
,167.41431133203128,343.38524243127824,0.10000000000000001,0.28699544270833327
,167.5143199210936,355.94418075725696,0.10000000000000001,0.29004720052083327
,167.61432847031256,354.82518835454783,0,0.28902994791666659
,167.71433698046872,347.33285878006632,0.10000000000000001,0.28902994791666659
,167.81434557031253,355.27489997924835,0.10000000000000001,0.28902994791666659
,167.91435408046868,354.01981496658362,0.10000000000000001,0.2880126953124999
,168.01436267109375,354.36498677940068,0,0.29004720052083327
,168.11437122109373,347.76207769987354,0,0.28902994791666659
,168.21437973124989,345.12363999980187,0.10000000000000001,0.28699544270833327
,168.31438832187496,358.16066396070778,0.10000000000000001,0.28902994791666659
,168.41439683203112,356.61339141521069,0,0.2880126953124999
,168.51440542265618,348.4634393939657,0.10000000000000001,0.2880126953124999
,168.61441396953114,357.94114258528555,0.10000000000000001,0.28902994791666659
,168.71442247578125,356.00692225928742,0.10000000000000001,0.28902994791666659
,168.81443106250003,353.97797476931294,0,0.2880126953124999
,168.91443956874991,349.10194282417353,0.10000000000000001,0.29004720052083327
,169.0144481554687,356.00692225928742,0.10000000000000001,0.28902994791666659
,169.1144567015624,358.17111715792345,0,0.2910644531249999
,169.21446520781251,347.63645477760258,0,0.28699544270833327
,169.3144737945313,346.83033280987138,0.10000000000000001,0.28597819010416659
,169.41448230078117,361.48382386353006,0.10000000000000001,0.29004720052083327
,169.51449088828122,359.23724572990261,0,0.2880126953124999
,169.61449944218748,350.02297603168364,0.10000000000000001,0.2880126953124999
,169.71450795546866,359.59257837603269,0.10000000000000001,0.29004720052083327
,169.81451654921875,356.09057663442911,0,0.28699544270833327
,169.91452506249993,351.61359958163456,0.10000000000000001,0.29004720052083327
,170.01453365625002,359.51942345810085,0.10000000000000001,0.29004720052083327
,170.11454221015629,357.86796700281303,0.10000000000000001,0.28902994791666659
,170.21455072343747,356.88523785948479,0,0.28902994791666659
,170.31455931718756,347.1025377899436,0.10000000000000001,0.28597819010416659
,170.41456783046874,357.92023536714419,0.10000000000000001,0.2880126953124999
,170.51457642187506,360.47036359143908,0,0.28902994791666659
,170.61458497031254,351.62406311547392,0,0.28699544270833327
,170.71459347890618,354.3022295752105,0.10000000000000001,0.28902994791666659
,170.81460206796874,364.05317891679954,0.10000000000000001,0.28902994791666659
,170.91461057656238,361.52561199578997,0,0.2880126953124999
,171.01461916484368,353.99889489996059,0,0.28902994791666659
,171.11462771406241,354.29176998451095,0.10000000000000001,0.28902994791666659
,171.21463622187503,361.88079802275212,0,0.2880126953124999
,171.31464481093735,354.71014093209806,0,0.28699544270833327
,171.41465331953123,353.50725500744716,0.10000000000000001,0.28699544270833327
,171.51466190703127,365.30605430953045,0.10000000000000001,0.2880126953124999
,171.61467045468748,363.708583328803,0.10000000000000001,0.28902994791666659
,171.71467896249987,359.75978608809788,0,0.28699544270833327
,171.81468755078117,352.49248485400358,0.10000000000000001,0.2880126953124999
,171.91469605859379,363.58327005719963,0.10000000000000001,0.29004720052083327
,172.01470464609361,361.64052769044315,0,0.28902994791666659
,172.11471319375005,355.99646538513508,0.10000000000000001,0.2910644531249999
,172.21472170156244,360.54350614971474,0.10000000000000001,0.2880126953124999
,172.31473028984374,359.45671849692462,0.10000000000000001,0.28699544270833327
,172.41473879765613,361.60918728949088,0,0.28902994791666659
,172.51474738671868,354.38590571779326,0,0.2880126953124999
,172.61475593515615,356.61339141521069,0.10000000000000001,0.28902994791666659
,172.71476444453128,368.91668716199013,0,0.2910644531249999
,172.81477303281235,357.60661836931797,0,0.2880126953124999
,172.91478154218748,359.18498907442432,0.10000000000000001,0.2910644531249999
,173.01479013046878,368.57244131651413,0,0.2910644531249999
,173.11479867968751,358.25474207372076,0,0.29004720052083327
,173.21480718828116,356.72840482203776,0.10000000000000001,0.28902994791666659
,173.31481577734371,365.67141642809645,0.10000000000000001,0.28902994791666659
,173.4148242851561,365.18078101770061,0,0.28902994791666659
,173.51483287031238,359.08047434394683,0,0.2910644531249999
,173.61484141562505,357.40798585491319,0.10000000000000001,0.28902994791666659
,173.71484992109367,369.68853681627337,0.10000000000000001,0.29208170572916659
,173.81485850624995,366.28725028880882,0.10000000000000001,0.2910644531249999
,173.9148670117188,364.04273697036928,0,0.29208170572916659
,174.01487559687484,358.07703772224437,0.10000000000000001,0.29309895833333327
,174.11488414218752,366.29768747191639,0.10000000000000001,0.2941162109374999
,174.21489264765614,363.75035373541152,0,0.27987467447916659
,174.31490123281242,357.60661836931797,0.10000000000000001,0.29309895833333327
,174.41490974062503,366.3289988847726,0.10000000000000001,0.29309895833333327
,174.51491832890611,366.77777322491465,0.10000000000000001,0.2941162109374999
,174.61492687734381,367.38302934493129,0,0.29513346354166659
,174.71493538593745,358.77737097037482,0,0.2941162109374999
,174.81494397421875,358.89234307553562,0.10000000000000001,0.2941162109374999
,174.9149524828124,371.87818483528093,0,0.29615071614583327
,175.01496107109369,362.39264220689546,0,0.29513346354166659
,175.11496961953117,362.59109907426415,0.10000000000000001,0.29615071614583327
,175.21497812812504,370.9607523545298,0,0.29615071614583327
,175.31498671640611,360.66889114746112,0,0.2941162109374999
,175.41499522499998,362.05838220242327,0.10000000000000001,0.29513346354166659
,175.51500381406254,371.99285006882695,0,0.29513346354166659
,175.61501236250001,364.03229500237478,0,0.29615071614583327
,175.71502087109366,363.96964274186791,0.10000000000000001,0.2971679687499999
,175.81502945937495,371.3152381146441,0,0.29615071614583327
,175.9150379679686,364.6274526004517,0,0.29818522135416659
,176.01504655703116,363.38485110193881,0.10000000000000001,0.2971679687499999
,176.11505510546863,373.09764637288265,0.10000000000000001,0.29920247395833327
,176.2150636140625,369.8345474266315,0,0.29818522135416659
,176.31507220312506,359.9374388809569,0.10000000000000001,0.29615071614583327
,176.41508071328121,369.00013675990658,0.10000000000000001,0.29818522135416659
,176.51508930390628,370.39768605354533,0,0.29920247395833327
,176.61509785468752,361.72410120024608,0,0.29818522135416659
,176.71510636562493,363.79212379946676,0,0.29920247395833327
,176.81511495625,365.41044627482211,0.10000000000000001,0.29818522135416659
,176.91512346718741,375.97289522330635,0,0.3002197265624999
,177.01513205781248,367.0908464558172,0,0.3002197265624999
,177.11514060859372,363.9383163209443,0.10000000000000001,0.29920247395833327
,177.21514911874988,372.22217124473843,0.10000000000000001,0.29920247395833327
,177.31515771406248,370.18912458187924,0,0.29818522135416659
,177.41516622890617,361.97481391320883,0.10000000000000001,0.29818522135416659
,177.51517482421878,371.91988164150371,0.10000000000000001,0.3002197265624999
,177.61518337968755,370.72093671283147,0,0.29920247395833327
,177.7151918953125,362.95665783765992,0.10000000000000001,0.29920247395833327
,177.81520049062487,371.33608931110422,0.10000000000000001,0.3002197265624999
,177.91520900625005,371.24225813190856,0,0.30123697916666659
,178.01521760156243,363.39529439612068,0,0.30123697916666659
,178.1152261570312,364.22024712245133,0.10000000000000001,0.30123697916666659
,178.2152346718749,373.3685895784933,0.10000000000000001,0.3002197265624999
,178.31524326015619,370.74179077197317,0,0.29920247395833327
,178.41525176796881,363.98008483913196,0.10000000000000001,0.3002197265624999
,178.51526035624988,372.67035396035681,0.10000000000000001,0.3002197265624999
,178.61526890468735,372.62866455915207,0,0.30123697916666659
,178.71527741249997,365.37912891894126,0,0.30123697916666659
,178.81528600078127,364.18892225554032,0.10000000000000001,0.3002197265624999
,178.91529450937492,378.26326850825467,0.10000000000000001,0.3032714843749999
,179.01530309765621,373.85832646881994,0,0.30123697916666659
,179.11531164531243,364.72141838285705,0.10000000000000001,0.30123697916666659
,179.21532015234379,371.95115397799543,0.10000000000000001,0.30123697916666659
,179.31532873984361,369.69896630470328,0,0.29920247395833327
,179.41533724687497,365.24341806311321,0.10000000000000001,0.3002197265624999
,179.51534583359376,374.98345702179648,0.10000000000000001,0.30123697916666659
,179.61535438046872,373.21227834917482,0.10000000000000001,0.30123697916666659
,179.71536288749985,374.38967695297197,0,0.3032714843749999
,179.81537147421864,365.13902254412005,0,0.30123697916666659
,179.91537998125,366.74646476155806,0.10000000000000001,0.30225423177083327
,180.01538856875004,378.98133149152568,0,0.30428873697916659
,180.115397115625,368.95841215367665,0,0.30123697916666659
,180.21540562109362,366.09937711032279,0.10000000000000001,0.30123697916666659
,180.31541420703115,377.15989390386875,0.10000000000000001,0.30123697916666659
,180.41542271328126,373.82706840836016,0,0.3002197265624999
,180.51543129843753,367.99864050117901,0.10000000000000001,0.30123697916666659
,180.61543984453124,375.87916952591263,0.10000000000000001,0.30123697916666659
,180.71544834999986,374.47301976176368,0,0.3002197265624999
,180.81545693593739,367.58128591054168,0.10000000000000001,0.30123697916666659
,180.91546544140624,375.69171147855548,0.10000000000000001,0.30123697916666659
,181.01547402734377,375.04595510270013,0.10000000000000001,0.30225423177083327
,181.11548257343748,375.22302771452269,0,0.30225423177083327
,181.2154910789061,364.10538832529448,0,0.29818522135416659
,181.31549966406237,366.67341087663851,0.10000000000000001,0.29920247395833327
,181.41550816874997,379.76167937637763,0,0.3002197265624999
,181.51551675390624,371.6279954337395,0,0.29920247395833327
,181.61552529921869,371.6175705573396,0.10000000000000001,0.30123697916666659
,181.71553380468754,380.81228893281531,0,0.30123697916666659
,181.81554238984381,369.938837777429,0,0.29920247395833327
,181.91555089453118,371.34651487144589,0.10000000000000001,0.30123697916666659
,182.01555947968745,379.91772937421388,0,0.30123697916666659
,182.1155680249999,371.38821686010584,0,0.3002197265624999
,182.21557653046875,368.90625585388,0.10000000000000001,0.29920247395833327
,182.31558511640628,377.73243916212158,0.10000000000000001,0.29818522135416659
,182.4155936218749,377.46179199525716,0,0.29920247395833327
,182.51560220781244,370.40811386703422,0,0.29920247395833327
,182.61561075312488,369.5946703205945,0,0.29818522135416659
,182.71561925859373,373.83748778829948,0.10000000000000001,0.3002197265624999
,182.81562784453126,381.70663004691983,0,0.3002197265624999
,182.91563634999989,372.19090090619306,0,0.29920247395833327
,183.01564493593742,371.52374552749552,0.10000000000000001,0.3002197265624999
,183.11565348359363,380.11538328397813,0.10000000000000001,0.3002197265624999
,183.21566199062499,375.51465964318317,0,0.29818522135416659
,183.31567057812504,367.44563759173718,0,0.2971679687499999
,183.41567908515617,368.06124044000006,0.10000000000000001,0.2971679687499999
,183.51568767265621,381.31148317843298,0,0.29920247395833327
,183.61569622031243,372.18047740866035,0,0.29818522135416659
,183.71570472734379,370.52281817693216,0.10000000000000001,0.2971679687499999
,183.81571331484361,380.46905338532127,0.10000000000000001,0.29818522135416659
,183.91572182265622,378.48182382359846,0,0.29818522135416659
,184.01573040937501,369.45908189310336,0,0.29818522135416659
,184.11573895703123,370.09526869371086,0.10000000000000001,0.29818522135416659
,184.21574746406236,377.66998381377874,0,0.29615071614583327
,184.3157560515624,369.54252141293551,0,0.29513346354166659
,184.41576455859376,369.64681861806565,0.10000000000000001,0.29513346354166659
,184.51577314609381,380.33383058465421,0,0.29615071614583327
,184.61578169375002,372.82668552141598,0,0.29615071614583327
,184.71579020078116,371.14842491028838,0.10000000000000001,0.29615071614583327
,184.8157987882812,379.79288990012594,0.10000000000000001,0.29615071614583327
,184.91580729531256,379.06457634036337,0,0.2971679687499999
,185.01581588281238,369.00013675990658,0.10000000000000001,0.29513346354166659
,185.1158244320311,377.00373048298991,0.10000000000000001,0.29615071614583327
,185.21583294140623,374.73345499491199,0,0.2941162109374999
,185.31584153046879,365.66097789040515,0.10000000000000001,0.29208170572916659
,185.41585003984369,376.17075328300268,0.10000000000000001,0.2941162109374999
,185.51585862890624,378.38815879889916,0.10000000000000001,0.2941162109374999
,185.61586717812497,375.85834129173639,0,0.29309895833333327
,185.71587568671862,369.69896630470328,0.10000000000000001,0.2941162109374999
,185.81588427656243,376.27488511513229,0.10000000000000001,0.29309895833333327
,185.9158927851563,377.28482011093013,0,0.2941162109374999
,186.01590137578114,370.81477919209516,0,0.2941162109374999
,186.11590992656238,369.45908189310336,0.10000000000000001,0.29208170572916659
,186.21591843750002,379.1374140713238,0.10000000000000001,0.29208170572916659
,186.31592702812486,377.8573468102465,0,0.2910644531249999
,186.4159355390625,368.55157709362464,0.10000000000000001,0.29004720052083327
,186.51594412968734,379.36632345096325,0.10000000000000001,0.29309895833333327
,186.61595268046881,378.59630015788775,0,0.29208170572916659
,186.71596119140622,369.94926667741663,0.10000000000000001,0.2910644531249999
,186.81596978281254,378.67955350084259,0.10000000000000001,0.29309895833333327
,186.91597829374996,378.09674174916256,0.10000000000000001,0.29208170572916659
,187.01598688515628,377.12866172257054,0,0.29309895833333327
,187.11599543671878,370.10569722441693,0.10000000000000001,0.29208170572916659
,187.21600394765619,374.4626020042279,0.10000000000000001,0.29004720052083327
,187.31601253906251,376.00413662880533,0,0.29004720052083327
,187.41602104999993,370.84605956856888,0,0.29004720052083327
,187.51602964140625,371.82606325329186,0.10000000000000001,0.29004720052083327
,187.61603819296874,384.27402183129908,0,0.29208170572916659
,187.71604670390616,374.88970807946077,0,0.29004720052083327
,187.81605529531248,371.47161962338339,0,0.29004720052083327
,187.91606380546864,375.87916952591263,0.10000000000000001,0.29208170572916659
,188.01607239296868,383.88955142936646,0,0.2910644531249999
,188.1160809406249,373.95209922078749,0,0.2910644531249999
,188.21608944843751,371.36736591632734,0.10000000000000001,0.29004720052083327
,188.31609803593756,379.79288990012594,0.10000000000000001,0.2880126953124999
,188.41610654374995,379.75127581026624,0.10000000000000001,0.29004720052083327
,188.51611513124999,379.22065546262672,0,0.29004720052083327
,188.61612367890621,370.0744115583397,0,0.28902994791666659
,188.7161321867186,372.71204294714795,0.10000000000000001,0.2910644531249999
,188.81614077421864,381.62344481324448,0,0.29004720052083327
,188.91614928437502,373.82706840836016,0,0.29004720052083327
,189.01615787656237,374.12921966966951,0.10000000000000001,0.2910644531249999
,189.11616642890613,382.40323103374385,0.10000000000000001,0.29004720052083327
,189.21617494062502,377.65957449036046,0,0.28902994791666659
,189.31618353203112,370.49153548141294,0,0.2880126953124999
,189.41619204375002,370.57495550543729,0.10000000000000001,0.28699544270833327
,189.51620063593737,384.42987616026869,0,0.2910644531249999
,189.61620918828112,375.03553882338241,0,0.28902994791666659
,189.71621770000002,373.22269928108199,0.10000000000000001,0.28902994791666659
,189.81622629140611,383.15166607662712,0.10000000000000001,0.2910644531249999
,189.91623479843747,379.89692308660182,0,0.28902994791666659
,190.01624338515626,372.10751220753065,0.10000000000000001,0.29004720052083327
,190.11625193203122,380.90589305183028,0.10000000000000001,0.29004720052083327
,190.2162604382811,376.18116659014578,0,0.28699544270833327
,190.31626902578114,370.67922829505119,0.10000000000000001,0.2880126953124999
,190.41627753203124,380.46905338532127,0.10000000000000001,0.2880126953124999
,190.51628611875003,380.43784856417221,0.10000000000000001,0.2880126953124999
,190.61629466562499,380.54186360571788,0,0.29004720052083327
,190.71630317187487,372.28471122814278,0,0.2880126953124999
,190.81631176015617,372.37851946701511,0.10000000000000001,0.2880126953124999
,190.91632027031255,385.60375372533196,0,0.29004720052083327
,191.01632886171865,375.81668449484289,0,0.2880126953124999
,191.11633741249989,375.7125405878835,0.10000000000000001,0.29004720052083327
,191.21634592265627,383.18284745099874,0,0.2880126953124999
,191.31635451406237,373.52489490580376,0,0.28597819010416659
,191.41636302421875,375.76461288310128,0.10000000000000001,0.2880126953124999
,191.51637161562485,386.69416526335442,0,0.2880126953124999
,191.61638016640632,377.07660752810483,0,0.2880126953124999
,191.71638867656247,377.11825093956196,0.10000000000000001,0.28902994791666659
,191.8163972625,384.23245950109941,0,0.28699544270833327
,191.91640576562486,377.52425072264458,0,0.28902994791666659
,192.01641434921862,376.74344417460105,0,0.28902994791666659
,192.11642289296879,377.01414157315992,0.10000000000000001,0.28699544270833327
,192.21643139609364,386.1438106566095,0,0.2880126953124999
,192.3164399796874,376.12909977924903,0,0.28597819010416659
,192.41644848281248,374.80637385430174,0.10000000000000001,0.28597819010416659
,192.51645706640625,388.18901509287048,0.10000000000000001,0.28902994791666659
,192.61646560937493,383.56739513076036,0,0.28699544270833327
,192.71647411328127,374.91054136645477,0,0.2880126953124999
,192.81648270312485,375.44175365800709,0.10000000000000001,0.2880126953124999
,192.91649121328123,386.55918088073616,0,0.28902994791666659
,193.01649980312504,378.4610095733683,0,0.28902994791666659
,193.11650835312503,377.36810200780195,0.10000000000000001,0.28902994791666659
,193.21651686328119,383.91033469232457,0.10000000000000001,0.28699544270833327
,193.31652545390625,382.62154082270769,0,0.28699544270833327
,193.41653396406241,375.57714942589257,0,0.28597819010416659
,193.51654255390622,376.72262051890988,0.10000000000000001,0.28699544270833327
,193.6165511039062,389.19558476622086,0.10000000000000001,0.28902994791666659
,193.71655961328111,384.90778590175648,0,0.2880126953124999
,193.81656819843738,375.38967713845142,0.10000000000000001,0.2880126953124999
,193.91657670390623,386.10227084601661,0.10000000000000001,0.29004720052083327
,194.01658528984376,382.91259976569569,0,0.2880126953124999
,194.11659383515621,376.75385596077905,0.10000000000000001,0.28902994791666659
,194.21660234062506,383.15166607662712,0.10000000000000001,0.28699544270833327
,194.31661092578111,381.13469302911267,0,0.2849609374999999
,194.41661943124996,377.38892220153571,0.10000000000000001,0.28699544270833327
,194.51662801718749,387.26519339405377,0.10000000000000001,0.2880126953124999
,194.61663656249993,386.23727337926465,0,0.2880126953124999
,194.71664506875004,380.20900513725036,0.10000000000000001,0.28902994791666659
,194.81665365624985,385.71800364490571,0.10000000000000001,0.2880126953124999
,194.91666216406247,386.46572700646425,0,0.29004720052083327
,195.01667075234377,379.49117721462318,0,0.29004720052083327
,195.11667929999999,378.81483627395932,0.10000000000000001,0.28902994791666659
,195.21668780781238,388.68714971153975,0.10000000000000001,0.28902994791666659
,195.31669639609368,385.74916205304874,0,0.28699544270833327
,195.41670490390629,377.80530245118763,0.10000000000000001,0.28699544270833327
,195.51671349218736,389.54833027879039,0.10000000000000001,0.29004720052083327
,195.61672203984381,387.57662246116178,0,0.28902994791666659
,195.7167305476562,380.05296739894169,0.10000000000000001,0.29004720052083327
,195.8167391359375,388.35506827491241,0.10000000000000001,0.2910644531249999
,195.91674764453114,388.11636421828496,0,0.29004720052083327
,196.01675623203118,380.86429151671899,0,0.2910644531249999
,196.11676478046866,382.64233153545274,0.10000000000000001,0.29208170572916659
,196.21677328828127,389.82842466849667,0,0.29004720052083327
,196.31678187656235,382.77746821413228,0,0.2910644531249999
,196.41679038515622,382.8294424950688,0.10000000000000001,0.30123697916666659
,196.51679897265626,393.41563284569094,0,0.29309895833333327
,196.61680752109373,386.20611942329208,0,0.2941162109374999
,196.71681603124989,383.70249652663193,0,0.2941162109374999
,196.81682462187496,383.71288872688109,0.10000000000000001,0.29309895833333327
,196.91683313203112,396.46052073882652,0,0.29615071614583327
,197.01684172265618,384.87661988150865,0,0.2941162109374999
,197.11685027343742,383.65053506489863,0.10000000000000001,0.29615071614583327
,197.21685878359381,392.07867560892782,0.10000000000000001,0.29615071614583327
,197.31686737421865,387.95029912529617,0.10000000000000001,0.2941162109374999
,197.41687588437503,389.15408280388596,0,0.2971679687499999
,197.51688447499987,381.93537956439332,0,0.29615071614583327
,197.61689302578111,382.88141601703626,0.10000000000000001,0.2971679687499999
,197.71690153359373,395.62192168684498,0,0.29920247395833327
,197.81691012031251,383.58818029828564,0,0.29615071614583327
,197.91691862734365,384.74156388787583,0.10000000000000001,0.29818522135416659
,198.01692721406243,395.38375934020132,0,0.29920247395833327
,198.11693576093739,385.19865521459457,0,0.29818522135416659
,198.21694426796876,382.77746821413228,0,0.2971679687499999
,198.31695285468754,384.48182605453451,0.10000000000000001,0.29615071614583327
,198.41696136171868,395.87041931857885,0,0.29818522135416659
,198.51696994921872,388.60413247298089,0,0.29920247395833327
,198.61697849609368,385.55182068596997,0.10000000000000001,0.29920247395833327
,198.71698700312504,396.81245697407354,0.10000000000000001,0.30123697916666659
,198.81699558906234,393.11512577158788,0.10000000000000001,0.30123697916666659
,198.91700409531245,389.25783672772127,0,0.3002197265624999
,199.01701268203124,383.30757020241668,0.10000000000000001,0.30123697916666659
,199.11702122812494,392.0164778545182,0.10000000000000001,0.30225423177083327
,199.21702973437505,387.84650424288259,0,0.29818522135416659
,199.31703832109361,382.25768377606778,0.10000000000000001,0.29920247395833327
,199.41704682734371,391.54995611398738,0.10000000000000001,0.29920247395833327
,199.5170554140625,392.65912940992172,0.10000000000000001,0.3002197265624999
,199.6170639601562,394.22375073129308,0,0.30225423177083327
,199.71707246796859,384.4090959856191,0,0.3002197265624999
,199.81708105546863,385.29214371793563,0.10000000000000001,0.30123697916666659
,199.9170895625,398.04391373851411,0,0.3032714843749999
,200.01709815000004,387.97105771435832,0,0.30123697916666659
,200.11710669765625,387.84650424288259,0.10000000000000001,0.3032714843749999
,200.21711520468739,394.86595186177198,0,0.3002197265624999
,200.31712379218743,385.62452672105474,0,0.29920247395833327
,200.41713229921879,387.4935775359645,0.10000000000000001,0.30123697916666659
,200.51714088671861,397.9921819162264,0,0.30123697916666659
,200.61714943437505,388.84280141670388,0,0.30123697916666659
,200.7171579429687,389.33046252584791,0.10000000000000001,0.30225423177083327
,200.81716653203125,395.98430736603569,0,0.30123697916666659
,200.91717504140615,389.86991809258325,0,0.3032714843749999
,201.01718363046871,388.1059853924707,0,0.30225423177083327
,201.11719218046869,388.03333270617173,0.10000000000000001,0.30123697916666659
,201.21720068906257,398.18875813100766,0,0.30123697916666659
,201.31720927890615,387.19252245765603,0,0.29920247395833327
,201.41721778750002,386.35150211160175,0.10000000000000001,0.29920247395833327
,201.5172263773436,398.84047182806364,0.10000000000000001,0.30225423177083327
,201.6172349257813,394.21339156472112,0,0.3002197265624999
,201.71724343437495,386.41380707575496,0,0.3002197265624999
,201.81725202265625,386.71493161404527,0.10000000000000001,0.3002197265624999
,201.91726053124989,397.21609859593707,0,0.3002197265624999
,202.01726912031245,389.69356740071169,0,0.30123697916666659
,202.11727766874992,387.25481192782826,0.10000000000000001,0.29920247395833327
,202.21728617734379,394.16159521679526,0.10000000000000001,0.2971679687499999
,202.31729476640612,393.29128856486858,0,0.2971679687499999
,202.41730327499999,384.38831568705018,0,0.29615071614583327
,202.51731186328129,387.30671893842782,0.10000000000000001,0.2971679687499999
,202.61732041171877,398.63359387095795,0.10000000000000001,0.29818522135416659
,202.71732891953116,395.47695548890329,0,0.2971679687499999
,202.8173375070312,385.74916205304874,0.10000000000000001,0.2971679687499999
,202.91734601484382,394.22375073129308,0.10000000000000001,0.2971679687499999
,203.01735460312489,391.82987732226763,0,0.29615071614583327
,203.1173631507811,386.24765796791593,0,0.2971679687499999
,203.21737165859372,383.94150935585668,0.10000000000000001,0.29309895833333327
,203.31738024687502,395.00059012656476,0.10000000000000001,0.2941162109374999
,203.41738875468741,394.59665783037673,0,0.2941162109374999
,203.51739734296871,386.28919600572033,0,0.29309895833333327
,203.61740589062492,387.6700455415733,0.10000000000000001,0.2941162109374999
,203.71741439843754,399.15076205212347,0,0.29513346354166659
,203.81742298671861,387.31710024437064,0,0.29309895833333327
,203.91743149531248,388.52111315278182,0,0.29513346354166659
,204.01744008359378,389.85954478599473,0.10000000000000001,0.2941162109374999
,204.11744863125,398.41635670991741,0,0.2941162109374999
,204.21745713984365,387.37938740647201,0,0.29208170572916659
,204.31746572812494,384.65844989355719,0.10000000000000001,0.29004720052083327
,204.41747423593756,396.09819119642054,0.10000000000000001,0.29208170572916659
,204.51748282343738,396.20171828864346,0.10000000000000001,0.29309895833333327
,204.61749136953131,391.53958819219127,0,0.29208170572916659
,204.71749987578119,385.68684495345542,0.10000000000000001,0.29309895833333327
,204.81750846171872,392.58657848156281,0.10000000000000001,0.29208170572916659
,204.9175169679686,392.80422628684738,0,0.29208170572916659
,205.01752555390613,386.55918088073616,0,0.29309895833333327
,205.11753410078131,385.37524248026568,0.10000000000000001,0.2910644531249999
,205.21754260624994,394.39985130574394,0.10000000000000001,0.29004720052083327
,205.31755119296872,393.13585131654213,0.10000000000000001,0.29004720052083327
,205.4175596992186,390.94856135609183,0,0.28902994791666659
,205.51756828671864,386.10227084601661,0.10000000000000001,0.2910644531249999
,205.61757683593737,394.55522591076891,0.10000000000000001,0.2910644531249999
,205.71758534453124,392.52439065150708,0,0.29004720052083327
,205.8175939335938,386.3203492013252,0.10000000000000001,0.2910644531249999
,205.91760244218744,395.83935821061749,0.10000000000000001,0.29208170572916659
,206.01761103125,393.50888783397932,0.10000000000000001,0.2910644531249999
,206.11761957968747,394.0062010255956,0,0.29208170572916659
,206.21762808828112,383.03733202393659,0,0.2880126953124999
,206.31763667734367,385.29214371793563,0.10000000000000001,0.28902994791666659
,206.41764518593754,398.23014096755111,0,0.29004720052083327
,206.51765377734364,389.65207173776844,0,0.28902994791666659
,206.61766232890614,389.68319353431929,0,0.2910644531249999
,206.71767084062503,390.46114197525918,0.10000000000000001,0.28902994791666659
,206.81767943281238,398.87150229369593,0,0.29004720052083327
,206.91768794453128,391.51885224806267,0,0.2910644531249999
,207.01769653593738,388.1786364936105,0.10000000000000001,0.29004720052083327
,207.11770508828113,398.28186871552447,0.10000000000000001,0.29208170572916659
,207.21771360000002,393.69538951461584,0,0.28902994791666659
,207.31772219140612,383.50503889267975,0.10000000000000001,0.28699544270833327
,207.41773070390627,394.20303236380727,0.10000000000000001,0.28902994791666659
,207.51773929687488,394.61737358346363,0,0.28902994791666659
,207.61774784921863,386.64224882947758,0,0.2880126953124999
,207.71775636250004,389.17483385050116,0.10000000000000001,0.29004720052083327
,207.81776495546865,397.89906240666699,0,0.28902994791666659
,207.9177734679688,390.66856345160272,0,0.29004720052083327
,208.01778206093741,389.82842466849667,0,0.29004720052083327
,208.11779061328116,389.94253031559015,0.10000000000000001,0.28902994791666659
,208.21779912578131,398.97493486379329,0,0.28902994791666659
,208.31780771874992,388.77016486660114,0,0.2880126953124999
,208.41781623281236,387.55586142275575,0.10000000000000001,0.28699544270833327
,208.51782482656245,400.01940360843935,0.10000000000000001,0.29004720052083327
,208.61783338046871,396.57438689278678,0,0.28902994791666659
,208.71784189453115,387.38976848786137,0,0.28902994791666659
,208.81785048906249,388.2616643808563,0,0.28902994791666659
,208.91785900312493,390.88634169638868,0,0.2880126953124999
,209.01786759687502,393.03222223163084,0,0.29004720052083327
,209.11787615156254,394.16159521679526,0,0.29004720052083327
,209.21788466484372,390.0358865128801,0,0.28597819010416659
,209.31789325937484,390.77226920720949,0,0.28699544270833327
,209.41790176718746,391.65363348798314,0,0.28699544270833327
,209.51791035390625,392.17196996652444,0,0.28699544270833327
,209.61791889999995,392.85604498959003,0,0.2880126953124999
,209.71792740703131,391.7365729717398,0,0.28699544270833327
,209.81793599374987,390.89671172294351,0,0.2880126953124999
,209.91794449999998,392.32745449255765,0,0.28902994791666659
,210.01795308671876,390.57522543041705,0,0.2880126953124999
,210.11796163359372,390.53374100215814,0,0.2880126953124999
,210.2179701398436,388.36544632322091,0,0.28699544270833327
,210.31797872734364,386.84990978694248,0,0.28597819010416659
,210.41798723671877,390.28482329055885,0,0.2880126953124999
,210.5179958257811,390.59596744537447,0,0.28699544270833327
,210.61800437500006,390.31593904816845,0,0.2880126953124999
,210.7180128835937,391.01077981624405,0,0.29004720052083327
,210.81802147265626,387.27557482823022,0,0.28699544270833327
,210.91802998203116,389.55870457258055,0,0.28902994791666659
,211.01803857109371,389.05032560838032,0,0.28902994791666659
,211.11804712031244,387.3586251474261,0,0.2880126953124999
,211.21805562890631,386.24765796791593,0,0.2880126953124999
,211.31806421796864,385.12594018225457,0,0.28597819010416659
,211.41807272656251,385.96726296861812,0,0.28699544270833327
,211.51808131562484,388.02295362165904,0,0.2880126953124999
,211.6180898648438,387.26519339405377,0,0.2880126953124999
,211.71809837343744,387.06794005967294,0,0.28902994791666659
,211.81810696171874,386.48649475647665,0,0.28902994791666659
,211.91811547031239,385.53104725028527,0,0.2880126953124999
,212.01812405937494,386.44495912942432,0,0.29004720052083327
,212.11813260859367,385.34408067940416,0,0.29004720052083327
,212.21814111718754,382.10173373297465,0,0.2880126953124999
,212.31814970468736,382.98536078198839,0,0.2880126953124999
,212.41815821249997,383.26599644037577,0,0.28902994791666659
,212.51816680000002,384.55455460406102,0,0.29004720052083327
,212.61817534687498,384.91817451283458,0,0.2910644531249999
,212.71818385468737,383.71288872688109,0,0.2910644531249999
,212.81819244218741,383.18284745099874,0,0.29208170572916659
,212.91820094921877,383.73367303524941,0,0.29309895833333327
,213.01820953671881,381.99776327848571,0,0.29309895833333327
,213.11821808437503,382.87102137338525,0,0.29513346354166659
,213.21822659140616,378.98133149152568,0,0.29208170572916659
,213.31823517890621,379.33510935890399,0,0.29309895833333327
,213.41824368593734,381.13469302911267,0,0.2941162109374999
,213.51825227343738,381.1450926872248,0,0.2941162109374999
,213.61826082031234,381.75861984619792,0,0.29615071614583327
,213.71826932734371,380.55226494811632,0,0.29615071614583327
,213.81827791484375,377.93020772533032,0,0.29513346354166659
,213.91828642187488,380.38583994138736,0,0.29818522135416659
,214.01829500937492,379.11660343512455,0,0.2971679687499999
,214.11830355624988,378.19041394624844,0,0.2971679687499999
,214.21831206640627,376.88920665100426,0,0.29615071614583327
,214.31832066015613,375.04595510270013,0,0.29513346354166659
,214.41832917343754,376.77467944977667,0,0.2971679687499999
,214.5183377671874,379.16862980939828,0,0.29818522135416659
,214.61834632031241,376.20199312184479,0,0.2971679687499999
,214.71835483359359,377.63875575896969,0,0.29920247395833327
,214.81836342656243,375.25427501039479,0,0.29818522135416659
,214.91837193984361,375.50424458408185,0,0.29920247395833327
,215.0183805335937,376.47272799684345,0,0.3002197265624999
,215.11838908671871,374.6188655566549,0,0.29920247395833327
,215.21839760078115,372.22217124473843,0,0.29818522135416659
,215.31840619453124,373.21227834917482,0,0.29818522135416659
,215.41841470859367,372.5452845147708,0,0.29818522135416659
,215.51842330234376,374.58761332830636,0,0.3002197265624999
,215.61843185625003,374.19173093598596,0,0.3002197265624999
,215.71844036953121,372.58697474385093,0,0.29920247395833327
,215.81844896406255,372.80584165058656,0,0.30123697916666659
,215.91845747734374,372.84752928834502,0,0.3002197265624999
,216.01846607187485,371.34651487144589,0,0.3002197265624999
,216.11847462578112,372.47232561918025,0,0.30225423177083327
,216.21848313906253,367.43520294222668,0,0.29818522135416659
,216.31849173203113,368.21773656118177,0,0.29920247395833327
,216.41850024531254,369.99098203148765,0,0.29920247395833327
,216.51850883906241,369.11487743680783,0,0.29920247395833327
,216.61851739218741,370.35597455160791,0,0.3002197265624999
,216.7185259054686,369.77197203856724,0,0.3002197265624999
,216.81853449921869,367.13258798236672,0,0.29920247395833327
,216.91854301249987,369.36521057139265,0,0.30123697916666659
,217.0185516054687,367.58128591054168,0,0.3002197265624999
,217.11856015937497,366.42293189388391,0,0.30123697916666659
,217.21856867187489,365.25385749303359,0,0.29920247395833327
,217.31857726484373,362.91488098999378,0,0.2971679687499999
,217.41858577812491,365.35825057035322,0,0.29920247395833327
,217.51859437109374,367.08041101629709,0,0.3002197265624999
,217.61860292421875,364.53348504640843,0,0.29920247395833327
,217.71861143749993,365.765362257905,0,0.3002197265624999
,217.81862003046876,363.43706736058118,0,0.29920247395833327
,217.91862854374995,363.65636983936633,0,0.29920247395833327
,218.01863713671878,364.11583014222367,0,0.3002197265624999
,218.11864568593751,362.55976427743576,0,0.29920247395833327
,218.21865419531241,359.37311081338214,0,0.2971679687499999
,218.31866278437496,360.27182894408742,0,0.2971679687499999
,218.41867129296861,359.95833884239687,0,0.29615071614583327
,218.51867988203117,362.2881882222473,0,0.29818522135416659
,218.61868843046864,361.26443087634294,0,0.2971679687499999
,218.71869693906251,360.30317698983021,0,0.2971679687499999
,218.81870552812507,359.82248771064098,0,0.29818522135416659
,218.91871403671871,359.23724572990261,0,0.2971679687499999
,219.01872262578127,358.65194427384483,0,0.2971679687499999
,219.11873117499999,359.18498907442432,0,0.29818522135416659
,219.2187396843749,354.64738695490485,0,0.2941162109374999
,219.31874827343745,355.11802732184259,0,0.2941162109374999
,219.41875678281235,356.68658201048481,0,0.29513346354166659
,219.51876537187491,355.881438638931,0,0.2941162109374999
,219.61877392109363,356.80159406583493,0,0.29513346354166659
,219.71878242968751,356.25788207880822,0,0.2941162109374999
,219.81879101953109,352.95281094362269,0,0.29309895833333327
,219.91879952812496,355.73503797334291,0,0.29513346354166659
,220.01880811796877,353.77923034415608,0,0.2941162109374999
,220.1188166671875,353.25619141468559,0,0.2941162109374999
,220.2188251765624,351.32061472077345,0,0.29208170572916659
,220.31883376640621,348.99727344313743,0,0.29004720052083327
,220.41884227578112,351.79147766356999,0,0.29208170572916659
,220.51885086484367,352.39832361850648,0,0.29208170572916659
,220.6188594140624,350.49391823933269,0,0.2910644531249999
,220.71886792343753,351.64499013926786,0,0.29208170572916659
,220.81887651328111,348.81933249796305,0,0.29004720052083327
,220.91888502265624,349.53107348401954,0,0.2910644531249999
,221.0188936117188,349.51014079992871,0,0.2910644531249999
,221.11890216093752,347.85629372627625,0,0.29004720052083327
,221.21891066953117,345.67860958073192,0,0.28902994791666659
,221.31891925859372,346.09743398594145,0,0.2880126953124999
,221.41892776718737,345.43777749271624,0,0.2880126953124999
,221.51893635624992,347.7934831532711,0,0.28902994791666659
,221.6189449046874,346.7884544111908,0,0.28902994791666659
,221.71895341328127,345.6262552750207,0,0.28902994791666659
,221.8189620023436,345.38542192277566,0,0.28902994791666659
,221.91897051015621,344.81996456206491,0,0.28902994791666659
,222.01897909765626,344.39061520415208,0,0.28902994791666659
,222.11898764453122,344.10786346176786,0,0.28902994791666659
,222.21899615156235,340.05433892308986,0,0.28597819010416659
,222.31900473828114,341.04951045017873,0,0.28699544270833327
,222.4190132453125,342.0760303800626,0,0.28699544270833327
,222.51902183281254,341.5942047466221,0,0.28597819010416659
,222.6190303796875,342.52641561980482,0,0.2880126953124999
,222.71903888671864,341.49993236952253,0,0.28699544270833327
,222.81904747343742,338.9543325872051,0,0.28597819010416659
,222.91905598437506,341.61515406948735,0,0.2880126953124999
,223.01906458046869,339.76101181711226,0,0.28699544270833327
,223.11907313593747,338.91242602125493,0,0.28699544270833327
,223.21908165156242,337.61326961092902,0,0.28597819010416659
,223.31909024765628,335.26617672938573,0,0.28394368489583327
,223.41909876328123,337.7180439396933,0,0.28597819010416659
,223.5191073585936,338.40953870971208,0,0.28597819010416659
,223.61911591406238,336.65979594449374,0,0.2849609374999999
,223.71912442968755,339.23719897835099,0,0.2880126953124999
,223.81913302578118,335.52814196045261,0,0.28597819010416659
,223.91914153437506,335.98919341059764,0,0.28699544270833327
,224.01915012109362,336.45023499831723,0,0.28699544270833327
,224.11915866718755,334.06110091067762,0,0.28597819010416659
,224.21916717265617,332.77213719604777,0,0.2849609374999999
,224.3191757585937,332.69878002599825,0,0.28394368489583327
,224.41918426484381,332.26911370439547,0,0.28394368489583327
,224.51919285078111,334.88894172883164,0,0.28597819010416659
,224.61920139687504,333.53713830595831,0,0.2849609374999999
,224.71920990312492,332.60446344743394,0,0.2849609374999999
,224.81921848906245,332.63590233383076,0,0.28597819010416659
,224.9192269976561,331.68224501565476,0,0.2849609374999999
,225.01923558593739,331.98616016168722,0,0.28597819010416659
,225.11924413437487,331.52504673221557,0,0.28597819010416659
,225.21925264375,327.84650860334949,0,0.28292643229166659
,225.31926123203129,329.11462236710241,0,0.28394368489583327
,225.41926974062494,329.56527235291929,0,0.28394368489583327
,225.51927832968749,329.42902951073455,0,0.28394368489583327
,225.61928687812497,330.57136698258324,0,0.2849609374999999
,225.71929538671861,329.26134579511609,0,0.2849609374999999
,225.81930397656242,327.85698889488782,0,0.2849609374999999
,225.91931248828109,329.40806905894328,0,0.28597819010416659
,226.01932107968742,327.43777734859538,0,0.2849609374999999
,226.11932963124991,327.54258020332276,0,0.2849609374999999
,226.21933814218755,324.92253391419729,0,0.28292643229166659
,226.31934673359365,324.1784581922725,0,0.2819091796874999
,226.41935524531254,326.24302872918133,0,0.28394368489583327
,226.51936383671864,326.70415864578189,0,0.28394368489583327
,226.61937238828114,325.87622231389213,0,0.28394368489583327
,226.71938090000003,326.41071212202434,0,0.2849609374999999
,226.81938948906236,323.76974554347743,0,0.28292643229166659
,226.91939799765623,325.37317620185678,0,0.2849609374999999
,227.01940658750004,325.04829421680893,0,0.2849609374999999
,227.11941513671877,323.19336288881453,0,0.28394368489583327
,227.21942364531242,322.16637724293184,0,0.28394368489583327
,227.31943223515623,321.68433458428302,0,0.2819091796874999
,227.41944074374987,322.26069087002236,0,0.28292643229166659
,227.51944933281243,324.03174038996883,0,0.28394368489583327
,227.61945788203116,322.1139809121787,0,0.28394368489583327
,227.71946639140629,322.49123651874299,0,0.28394368489583327
,227.81947498046861,321.98823009947267,0,0.2849609374999999
,227.91948348906249,321.81008405448353,0,0.2849609374999999
,228.01949207734378,321.74720924819809,0,0.2849609374999999
,228.11950062578126,320.74123269201743,0,0.2849609374999999
,228.2195091343749,317.77596646304715,0,0.2819091796874999
,228.3195177226562,318.71893486905537,0,0.28292643229166659
,228.41952623124985,318.86562325077625,0,0.28292643229166659
,228.5195348203124,319.92390765955128,0,0.28394368489583327
,228.61954336874987,320.81458378891836,0,0.28597819010416659
,228.71955187578124,319.24282711524108,0,0.2849609374999999
,228.81956046015625,318.63511345337031,0,0.28597819010416659
,228.91956896406236,319.02279063328899,0,0.28597819010416659
,229.01957754843738,317.78644361018172,0,0.28597819010416659
,229.11958609218755,318.29983162548689,0,0.28699544270833327
,229.21959459687491,315.1464251820538,0,0.28394368489583327
,229.31960318124993,314.72741951882955,0,0.28394368489583327
,229.41961168515627,317.26259432853772,0,0.28699544270833327
,229.51962026953129,316.27780444130974,0,0.28597819010416659
,229.61962881328122,317.02162932708757,0,0.2880126953124999
,229.71963732031236,317.25211751382949,0,0.2880126953124999
,229.8196459078124,313.95229487376554,0,0.27987467447916659
,229.91965441562502,317.17878000215916,0,0.2697021484374999
,230.01966300312506,315.49211469503467,0,0.29004720052083327
,230.11967155078128,314.28747807909247,0,0.29004720052083327
,230.21968005859367,312.78970022831305,0,0.28902994791666659
,230.31968864609371,311.69005774813985,0,0.2880126953124999
,230.4196971539061,312.73733382920375,0,0.28902994791666659
,230.5197057421874,315.09404875191757,0,0.2910644531249999
,230.61971428984361,312.74780708969797,0,0.29004720052083327
,230.71972279843749,313.74280998994686,0,0.29208170572916659
,230.81973138671879,312.2660472228572,0,0.29208170572916659
,230.91973989531243,311.85761514631281,0,0.29208170572916659
,231.01974848437499,313.03058875682871,0,0.2941162109374999
,231.11975703359371,311.14551461828398,0,0.29309895833333327
,231.21976554218736,308.6745031395975,0,0.29208170572916659
,231.31977413046866,309.27125612970309,0,0.29208170572916659
,231.41978263906253,308.98857878656207,0,0.29208170572916659
,231.51979122812486,310.84183958611857,0,0.2941162109374999
,231.61979977734381,310.79995408852488,0,0.2941162109374999
,231.71980828828123,309.63770256312449,0,0.2941162109374999
,231.81981687968755,309.56441212840571,0,0.29615071614583327
,231.91982538984371,309.69005322245982,0,0.29615071614583327
,232.01983398125003,308.10919481794002,0,0.29615071614583327
,232.11984253203127,309.06186466834856,0,0.2971679687499999
,232.21985104296868,304.85418299386731,0,0.2941162109374999
,232.31985963437501,305.89020047078088,0,0.29513346354166659
,232.41986814453116,307.21943233595027,0,0.29615071614583327
,232.51987673593749,306.6332874618713,0,0.29615071614583327
,232.61988528749998,307.14616195172141,0,0.2971679687499999
,232.71989379999991,306.69608669467021,0,0.2971679687499999
,232.81990239296874,304.3937763080657,0,0.29615071614583327
,232.91991090546867,306.58095513884274,0,0.29818522135416659
,233.0199194984375,304.90650373284711,0,0.2971679687499999
,233.11992805078125,304.20543638585752,0,0.29818522135416659
,233.21993656328118,303.28473403080108,0,0.2971679687499999
,233.31994515625001,300.82664225279308,0,0.2941162109374999
,233.41995366874994,303.31611965312794,0,0.2971679687499999
,233.51996226171877,304.20543638585752,0,0.2971679687499999
,233.6199708109375,302.20724704797055,0,0.29615071614583327
,233.71997931953115,303.68229552992619,0,0.29920247395833327
,233.8199879085937,301.27635281928985,0,0.2971679687499999
,233.91999641718735,302.05034564555132,0,0.29818522135416659
,234.02000500546865,302.39553354231276,0,0.29920247395833327
,234.12001355468738,300.11553656970261,0,0.29818522135416659
,234.22002206328125,298.32767631747902,0,0.2971679687499999
,234.32003065156255,298.6203890767905,0,0.2971679687499999
,234.42003916015619,298.6203890767905,0,0.29615071614583327
,234.52004774921875,300.57565467611334,0,0.29818522135416659
,234.62005629921873,300.49199434701274,0,0.29920247395833327
,234.72006480859363,299.55089244802917,0,0.29920247395833327
,234.82007339765619,298.48448492534698,0,0.29920247395833327
,234.92008190703109,298.10815127910308,0,0.29920247395833327
,235.0200904968749,297.34510485741339,0,0.29920247395833327
,235.12009904609363,297.35555686520786,0,0.29920247395833327
,235.22010755546876,293.98058699967868,0,0.2971679687499999
,235.32011614531234,294.75361300656812,0,0.2971679687499999
,235.42012465468747,295.99695840189764,0,0.2971679687499999
,235.52013324296877,295.55809787901626,0,0.2971679687499999
,235.62014179140624,296.5821603387364,0,0.29920247395833327
,235.72015029921863,295.59989259320099,0,0.29818522135416659
,235.82015888671867,293.34344959644358,0,0.29818522135416659
,235.92016739531255,295.15061639130778,0,0.29920247395833327
,236.02017598281236,293.51055993394812,0,0.29818522135416659
,236.12018453125006,293.16590088291883,0,0.29818522135416659
,236.22019303906245,291.59956798108692,0,0.2971679687499999
,236.32020162734375,289.75194660781705,0,0.29513346354166659
,236.42021013515614,291.94411856505968,0,0.2971679687499999
,236.52021872421869,292.56019352473635,0,0.2971679687499999
,236.62022727343742,291.20284307290848,0,0.2971679687499999
,236.72023578281255,292.48709587390209,0,0.29920247395833327
,236.82024437187488,290.00242911282527,0,0.29615071614583327
,236.92025288125001,289.79369275409579,0,0.2971679687499999
,237.02026147031256,290.68088657100446,0,0.29818522135416659
,237.12027001953129,288.46843797856258,0,0.29615071614583327
,237.22027852890619,286.85153148078479,0,0.29513346354166659
,237.32028711796875,287.26874078170255,0,0.29513346354166659
,237.42029562734365,286.78895354158243,0,0.2941162109374999
,237.52030421484369,288.87536497436633,0,0.29615071614583327
,237.62031276249991,287.82160435886738,0,0.29615071614583327
,237.72032127031252,286.6116542998268,0,0.29513346354166659
,237.8203298585936,286.48650628375401,0,0.29615071614583327
,237.92033836562496,286.65337111330609,0,0.29615071614583327
,238.02034695390626,285.86082106220442,0,0.29615071614583327
,238.12035550156247,286.02766147742238,0,0.2971679687499999
,238.22036400937486,282.08785549733875,0,0.29309895833333327
,238.3203725968749,282.69212678470069,0,0.29309895833333327
,238.42038110390627,283.37985763372143,0,0.29309895833333327
,238.5203896898438,283.39027870571363,0,0.29309895833333327
,238.62039823515624,283.98432421783247,0,0.2941162109374999
,238.72040674062487,282.40039806476847,0,0.2941162109374999
,238.8204153265624,281.42118138109254,0,0.29309895833333327
,238.92042383203125,283.29649002930557,0,0.29513346354166659
,239.02043241718752,280.92125097427856,0,0.2941162109374999
,239.12044096328123,281.10871727968055,0,0.2941162109374999
,239.22044946874985,278.93259527420565,0,0.29208170572916659
,239.32045805468738,277.09065720808809,0,0.2910644531249999
,239.42046656484376,279.74458955296046,0,0.29309895833333327
,239.52047515624986,279.38021128194043,0,0.29208170572916659
,239.62048370859361,278.53707266708636,0,0.29208170572916659
,239.72049222031251,279.49472634435188,0,0.29309895833333327
,239.8205008117186,276.39367157386221,0,0.2910644531249999
,239.9205093234375,277.87102564820276,0,0.29208170572916659
,240.02051791562485,277.4548081514248,0,0.29208170572916659
,240.12052646718735,275.55123023652783,0,0.2910644531249999
,240.22053497890624,273.42003829816463,0,0.28902994791666659
,240.32054357031257,273.39925272445856,0,0.28902994791666659
,240.42055208046872,273.02513428750291,0,0.2880126953124999
,240.52056067109379,275.41604243027524,0,0.29004720052083327
,240.62056922109377,274.2723563683578,0,0.28902994791666659
,240.72057773124993,273.61750761453271,0,0.28902994791666659
,240.820586321875,273.09787628580551,0,0.28902994791666659
,240.92059483203116,272.29780114403792,0,0.2880126953124999
,241.02060342265622,272.32896931423721,0,0.28902994791666659
,241.12061197265621,272.44325510206613,0,0.28902994791666659
,241.22062048281236,269.02679335175549,0,0.28597819010416659
,241.32062907421869,269.37969502941138,0,0.28699544270833327
,241.4206375851561,270.39709997040586,0,0.28699544270833327
,241.52064617656242,270.15829236576377,0,0.28699544270833327
,241.62065472734366,270.9266926601415,0,0.2880126953124999
,241.7206632382813,269.67034925485564,0,0.2880126953124999
,241.82067182890614,268.10320740849312,0,0.28699544270833327
,241.92068033984378,269.63920646758413,0,0.28902994791666659
,242.02068893124988,267.48071839387609,0,0.28699544270833327
,242.12069748203112,267.57408383330051,0,0.2880126953124999
,242.22070599296876,265.76951830186857,0,0.28699544270833327
,242.3207145804688,264.52561149772123,0,0.2849609374999999
,242.42072308828119,266.58870146462709,0,0.28699544270833327
,242.52073167578124,267.20063889393157,0,0.28699544270833327
,242.62074022343745,265.53106324059922,0,0.28699544270833327
,242.72074873124984,266.84798218192651,0,0.2880126953124999
,242.82075731874988,263.76915320512688,0,0.28597819010416659
,242.9207658265625,264.64997910302799,0,0.28699544270833327
,243.02077441406254,265.2822605274435,0,0.2880126953124999
,243.12078296171876,263.24078267168687,0,0.28699544270833327
,243.22079146953115,261.60447169546495,0,0.28597819010416659
,243.32080005468742,261.74942428492312,0,0.2849609374999999
,243.42080856015627,261.64588598306557,0,0.2849609374999999
,243.5208171460938,263.47905576614062,0,0.28699544270833327
,243.62082569140625,262.81608263598901,0,0.28699544270833327
,243.72083419687488,262.15325885253577,0,0.28699544270833327
,243.82084278281241,261.58376477317631,0,0.28699544270833327
,243.92085128828126,261.07649139529985,0,0.28699544270833327
,244.02085987343753,260.47616056616312,0,0.28699544270833327
,244.12086841874998,260.4037153250448,0,0.28699544270833327
,244.22087692578111,257.13525633356119,0,0.28394368489583327
,244.3208855124999,257.32133216590142,0,0.28394368489583327
,244.42089401953126,258.97588459518909,0,0.2849609374999999
,244.52090260625005,258.83107233858908,0,0.2849609374999999
,244.62091115390626,259.77248442751329,0,0.28699544270833327
,244.72091966015614,259.10001529517319,0,0.28597819010416659
,244.82092824765618,256.76314211360648,0,0.2849609374999999
,244.92093675468755,259.12070427495661,0,0.28699544270833327
,245.0209453414061,257.32133216590142,0,0.28597819010416659
,245.12095388828129,257.2799809038903,0,0.28699544270833327
,245.22096239921871,255.63676884076352,0,0.2849609374999999
,245.32097098984377,254.08747213942104,0,0.28394368489583327
,245.42097949999993,255.94673381069708,0,0.28597819010416659
,245.520988090625,256.98020266852387,0,0.28597819010416659
,245.62099664140624,255.19254693708672,0,0.28597819010416659
,245.72100515156239,256.55643361185463,0,0.28699544270833327
,245.82101374218746,254.53151351983564,0,0.28597819010416659
,245.92102225234362,254.74839738942399,0,0.28699544270833327
,246.02103084296868,255.51279267372746,0,0.2880126953124999
,246.12103939218741,253.68480004712393,0,0.28699544270833327

trace_size,82
trace_types,5,4
trace_names,,Value
trace_units,,
devices,Platform,Platform
raster,OnChange,OnChange
description,,
displayidentifier,,
path,,Model Root/PumpFlow
flags,,2
min,,-1.797693135e+308
max,,1.797693135e+308
minWeak,,-1.797693135e+308
maxWeak,,1.797693135e+308
trace_values,-2.5575521312500769,0
,0.68129276874992684,0
,3.7593038687498392,0.10000000000000001
,6.7912984687500284,0.10000000000000001
,9.8183230687500327,0.10000000000000001
,12.883504368749982,0.10000000000000001
,15.944258868750012,0.10000000000000001
,19.006272068749922,0.10000000000000001
,22.008335868750009,0.10000000000000001
,25.037439768749891,0.10000000000000001
,28.100513468750023,0.10000000000000001
,31.166398568749855,0.10000000000000001
,34.223254168749918,0
,37.290299368749857,0
,40.351386268750048,0.10000000000000001
,43.412284668749862,0.10000000000000001
,46.474288168750036,0.10000000000000001
,49.540514368749882,0
,52.600259668749914,0
,55.665311868749995,0.10000000000000001
,58.724290368749962,0
,61.788423068750035,0.10000000000000001
,64.851299268749926,0.10000000000000001
,67.917196468750035,0
,71.020310868749903,0.10000000000000001
,74.083251568750029,0
,77.145298968750012,0.10000000000000001
,80.20929816874991,0.10000000000000001
,83.270291768749985,0.10000000000000001
,86.338313568749982,0
,89.397281168749942,0
,92.462266068749841,0
,95.520233168749883,0
,98.619241268749875,0
,101.67731696874989,0
,104.74032146874993,0
,107.80432976874999,0.10000000000000001
,110.86529066875005,0
,113.93131036875002,0.10000000000000001
,116.99130916874992,0
,120.05331606875006,0
,123.11923616874992,0.10000000000000001
,126.18228896874984,0.10000000000000001
,129.24131406874994,0.10000000000000001
,132.3063242687499,0
,135.36733346874985,0.10000000000000001
,138.42630816874998,0
,141.49332106874999,0
,144.55327656874988,0
,147.61439656874995,0
,150.68232756875,0
,153.74065126874984,0
,156.80129176874993,0
,159.86730396874987,0.10000000000000001
,162.93027176874989,0.10000000000000001
,165.99130126875002,0
,169.05128716874992,0.10000000000000001
,172.11633526874994,0.10000000000000001
,175.17829726874993,0.10000000000000001
,178.24230846875002,0
,181.30431686874999,0.10000000000000001
,184.36887596874999,0.10000000000000001
,187.43328106874992,0
,190.49031156875003,0.10000000000000001
,193.55332236875006,0.10000000000000001
,196.67362606874985,0
,199.69432186874997,0
,202.76127066875006,0
,205.81835476874994,0.10000000000000001
,208.88033156874985,0
,211.94527656874993,0
,215.00931256874992,0
,218.07009636875,0
,221.13426656875004,0
,224.19725386874984,0
,227.25652096875001,0
,230.32086736874999,0
,233.38130586874991,0
,236.44330366874988,0
,239.50930076874988,0
,242.57229916874985,0
,245.63341306874986,0

