descriptions,General,User,Visitor
,General,DateTime,20/04/2025 17:06:08
,General,Origin,"Software revision: rl_tts1_top_hostpc_6e8x0_openloop.sdf, rl_tts1_top_hostpc_6e8x0_openloop.ppc\nVariable description: rl_tts1_top_hostpc_6e8x0_openloop.sdf\n    Platform / Device: Platform [DS1104 R&D Controller Board, assigned to 'ds1104']\nControlDesk version: 7.3"
,General,Description,
,Recording,StartCondition,None (Immediate Recording)
,Recording,StopCondition,None
,Measurement,XAxisOffset,0
,Measurement,Length,378.8323855
,Measurement,StartTimestamp,880.1752416
,Measurement,StopTimestamp,1259.007627
,MDF,Department,
,MDF,Project,
,MDF,MeasurementObject,

trace_size,3789
trace_types,5,4,4,4
trace_names,,In1,In1,In1
trace_units,,,,
devices,Platform,Platform,Platform,Platform
raster,HostService,HostService,HostService,HostService
description,,,,
displayidentifier,,,,
path,,Model Root/Height_T1\n,Model Root/TTS dSPACE RTI1104/PumpLeft,Model Root/TTS dSPACE RTI1104/ValvePos_LD
flags,,2,2,2
min,,-1.797693135e+308,-1.797693135e+308,-1.797693135e+308
max,,1.797693135e+308,1.797693135e+308,1.797693135e+308
minWeak,,-1.797693135e+308,-1.797693135e+308,-1.797693135e+308
maxWeak,,1.797693135e+308,1.797693135e+308,1.797693135e+308
trace_values,0,-18.012286064927704,0,0.81291503906249996
,0.10000855312500789,-16.52818961519964,0,0.81393229166666659
,0.20001706640630346,-15.740603864614355,0,0.81393229166666659
,0.3000256187500554,-19.741491950356075,0,0.81189778645833333
,0.4000341656250157,-16.985113183241715,0,0.81291503906249996
,0.50004275312505797,-17.179171497681676,0,0.81291503906249996
,0.60005130000001827,-19.601665860907229,0,0.81189778645833333
,0.7000598062500103,-19.839409448555127,0,0.81088053385416659
,0.8000683531249706,-22.086393028235882,0,0.80884602864583333
,0.90007694062501287,-21.80458547067408,0,0.80782877604166659
,1.0000854874999732,-18.179189353043437,0,0.80986328124999996
,1.1000940343750472,-20.063342358896005,0,0.80782877604166659
,1.2001025406250392,-19.825419255058158,0,0.80884602864583333
,1.3001110906250233,-20.259422502875726,0,0.80782877604166659
,1.4001196835937435,-21.494906956085146,0,0.80681152343749996
,1.5001282375000073,-19.895376823530537,0,0.80782877604166659
,1.6001367906250152,-20.820367458552631,0,0.80681152343749996
,1.7001453039063108,-23.683674215893017,0,0.80579427083333333
,1.8001538570313187,-23.131423432740235,0,0.80579427083333333
,1.9001624507812949,-24.194363094425174,0,0.80477701822916659
,2.0001710039063028,-22.283818249547394,0,0.80579427083333333
,2.1001795578125666,-19.811429721509512,0,0.80681152343749996
,2.2001880710937485,-21.945455680926166,0,0.80579427083333333
,2.3001966179688225,-22.636691607240664,0,0.80477701822916659
,2.4002052039062391,-21.917276270344058,0,0.80579427083333333
,2.5002137500000572,-23.230469325955426,0,0.80477701822916659
,2.6002222953125056,-21.56525997768583,0,0.80579427083333333
,2.7002308007812417,-24.1517719028488,0,0.80375976562499996
,2.8002393468750597,-26.003058974533968,0,0.80274251302083333
,2.9002479320312204,-23.400339627697665,0,0.80274251302083333
,3.0002564781250385,-23.060696700944121,0,0.80274251302083333
,3.1002650234374869,-21.494906956085146,0,0.80274251302083333
,3.200273528906223,-20.385542557367003,0,0.80375976562499996
,3.3002820789063207,-23.556139990197948,0,0.80172526041666659
,3.4002906687500172,-20.792294969402157,0,0.80375976562499996
,3.5002992187500013,-21.101238816894082,0,0.80274251302083333
,3.6003077687499854,-22.664939687831648,0,0.80274251302083333
,3.7003162781250012,-21.97363777699044,0,0.80274251302083333
,3.8003248281249853,-25.004766928592172,0,0.79969075520833333
,3.9003334179687954,-23.782905622307702,0,0.79969075520833333
,4.0003419679687795,-19.867391815694688,0,0.80172526041666659
,4.1003505179687636,-21.045043226431034,0,0.80070800781249996
,4.2003590265625235,-19.923364472664744,0,0.80172526041666659
,4.3003675726562278,-20.806330881362939,0,0.80070800781249996
,4.4003761593750141,-21.115289381365397,0,0.80070800781249996
,4.5003847054687185,-18.485422320324492,0,0.80172526041666659
,4.6003932523437925,-18.931416279883194,0,0.80172526041666659
,4.7004017585937845,-20.764225140864681,0,0.80172526041666659
,4.8004103046874889,-20.694062205733456,0,0.80172526041666659
,4.9004188914062752,-21.762337487960593,0,0.79969075520833333
,5.0004274382812355,-18.750150462485241,0,0.80477701822916659
,5.1004359843750535,-16.486685830791469,0,0.80579427083333333
,5.2004444914063015,-18.276592894536989,0,0.80681152343749996
,5.3004530382812618,-16.957400886867667,0,0.80782877604166659
,5.4004616250000481,-17.24850870066906,0,0.80884602864583333
,5.5004701710937525,-18.401872939970097,0,0.80884602864583333
,5.6004787179687128,-16.348381603667757,0,0.81189778645833333
,5.7004872249999607,-18.750150462485241,0,0.80986328124999996
,5.8004957710937788,-19.895376823530537,0,0.80986328124999996
,5.9005043578125651,-17.526019133691179,0,0.81088053385416659
,6.0005129046875254,-17.401107418230364,0,0.81189778645833333
,6.1005214507812298,-15.795805248489062,0,0.81291503906249996
,6.2005299625000134,-15.464749980953027,0,0.81393229166666659
,6.3005385140625094,-18.861685563953817,0,0.81189778645833333
,6.4005471054687177,-15.423393874398677,0,0.81494954427083333
,6.5005556570312137,-16.445187824678307,0,0.81393229166666659
,6.6005642085938234,-17.734321920916653,0,0.81393229166666659
,6.7005727203124934,-17.206904441133375,0,0.81393229166666659
,6.8005812718749894,-20.567810787467955,0,0.81189778645833333
,6.9005898632813114,-19.364112650531677,0,0.81189778645833333
,7.0005984148438074,-15.864821341472526,0,0.81291503906249996
,7.1006069671875593,-17.845476406729148,0,0.81189778645833333
,7.2006154781249734,-15.851016845758663,0,0.81393229166666659
,7.3006240296874694,-18.234844611349118,0,0.81189778645833333
,7.4006326210937914,-19.098836840451018,0,0.81088053385416659
,7.5006411726562874,-16.265429854177395,0,0.81291503906249996
,7.6006497242187834,-18.875630397304953,0,0.81088053385416659
,7.7006582351563111,-20.357511239789027,0,0.80986328124999996
,7.8006667867188071,-20.609888615339933,0,0.80986328124999996
,7.9006753781250154,-21.607479821874097,0,0.80782877604166659
,8.0006839296875114,-18.875630397304953,0,0.80884602864583333
,8.1006924796874955,-18.764090059793052,0,0.80884602864583333
,8.2007009882812554,-20.806330881362939,0,0.80782877604166659
,8.3007095367187276,-20.147360824776325,0,0.80782877604166659
,8.4007181250000258,-20.329482573458129,0,0.80782877604166659
,8.500726673437498,-21.298007434384225,0,0.80782877604166659
,8.6007352218749702,-20.637943821315616,0,0.80782877604166659
,8.7007437304687301,-24.109186860916608,0,0.80477701822916659
,8.800752278906316,-23.85380563572161,0,0.80579427083333333
,8.9007608273437882,-22.410804125981088,0,0.80579427083333333
,9.0007694164062286,-22.439030620383246,0,0.80477701822916659
,9.1007779664062127,-20.343496575255394,0,0.80681152343749996
,9.2007864757812285,-21.171498308944166,0,0.80681152343749996
,9.3007950250000704,-23.740373790447833,0,0.80477701822916659
,9.4008035750000545,-21.045043226431034,0,0.80681152343749996
,9.500812164062495,-22.340249681583192,0,0.80579427083333333
,9.6008207140624791,-23.173867604508928,0,0.80579427083333333
,9.7008292234374949,-22.283818249547394,0,0.80579427083333333
,9.800837772656223,-25.503489948864217,0,0.80274251302083333
,9.9008463226563208,-24.02403521768808,0,0.80375976562499996
,10.000854911718761,-20.974813734373409,0,0.80477701822916659
,10.100863462500001,-23.188017017672411,0,0.80375976562499996
,10.200871972656273,-20.259422502875726,0,0.80579427083333333
,10.300880523437513,-22.269712074720701,0,0.80375976562499996
,10.400889074218753,-22.509608653330549,0,0.80375976562499996
,10.500897664843819,-19.72750637491669,0,0.80579427083333333
,10.600906215625059,-22.114588560836854,0,0.80375976562499996
,10.700914726562473,-23.612815064250306,0,0.80274251302083333
,10.800923277343713,-22.636691607240664,0,0.80274251302083333
,10.900931828125067,-23.669501024348857,0,0.80172526041666659
,11.000940420312531,-19.72750637491669,0,0.80274251302083333
,11.100948974218795,-19.769465079800444,0,0.80274251302083333
,11.200957488281233,-20.455632454479332,0,0.80274251302083333
,11.300966041406241,-19.517801831799435,0,0.80375976562499996
,11.400974595312505,-19.573708550360703,0,0.80375976562499996
,11.500983189062481,-19.447933244644876,0,0.80375976562499996
,11.600991742968745,-18.012286064927704,0.10000000000000001,0.80477701822916659
,11.70100025625004,-10.705140482893839,0.10000000000000001,0.80477701822916659
,11.801008810156304,-15.685412689412889,0.10000000000000001,0.80477701822916659
,11.901017364062568,-17.609322749314146,0.10000000000000001,0.80477701822916659
,12.001025951562497,-18.220929819856547,0.10000000000000001,0.80579427083333333
,12.101034499218713,-15.837212988677255,0.10000000000000001,0.80884602864583333
,12.201043006249961,-16.389866134864963,0.10000000000000001,0.80986328124999996
,12.301051553906291,-19.322211230300088,0.10000000000000001,0.80884602864583333
,12.401060100781251,-16.22396263188973,0.10000000000000001,0.81189778645833333
,12.501068688281293,-16.832727449989136,0,0.81088053385416659
,12.60107723593751,-25.646137484113492,0,0.80986328124999996
,12.701085742968758,-23.740373790447833,0.10000000000000001,0.80477701822916659
,12.801094290624974,-13.403921499855912,0.10000000000000001,0.79562174479166659
,12.901102838281304,-13.417613476966416,0,0.78748372395833333
,13.001111426562488,-20.427594506142622,0.10000000000000001,0.77832845052083333
,13.101119974999961,-10.881592059587737,0.10000000000000001,0.76815592447916659
,13.20112848359372,-8.4340801104748859,0,0.76001790364583333
,13.301137032031306,-19.993345155133799,0.10000000000000001,0.74577636718749996
,13.401145580468778,-9.5945125664316144,0.10000000000000001,0.73560384114583333
,13.501154168749963,-7.5196686595989721,0.10000000000000001,0.72441406249999996
,13.601162717968805,-11.561217541541666,0,0.71220703124999996
,13.701171225781309,-20.778259722594573,0.10000000000000001,0.69999999999999996
,13.801179774218781,-8.0572234538609777,0.10000000000000001,0.68881022135416659
,13.901188324218765,-8.8383764677940171,0,0.67456868489583333
,14.001196914062461,-14.14418537600562,0.10000000000000001,0.66541341145833333
,14.101205463281303,-4.7662236724311562,0.10000000000000001,0.65422363281249996
,14.201213972656319,-7.9227453468620954,0,0.64303385416666659
,14.301222522656303,-15.671616490164553,0.10000000000000001,0.63286132812499996
,14.401231071875031,-3.8096898570516622,0.10000000000000001,0.62167154947916659
,14.501239661718728,-5.1256975426389353,0,0.61149902343749996
,14.60124821093757,-12.024241651330806,0.10000000000000001,0.60030924479166659
,14.701256720312472,-5.5656306363328678,0.10000000000000001,0.58606770833333333
,14.801265269531314,-6.0195603855512196,0,0.57284342447916659
,14.901273817968786,-11.520396690159771,0.10000000000000001,0.55961914062499996
,15.001282405468714,-2.8825840634007669,0.10000000000000001,0.54741210937499996
,15.101290953125044,-2.5257339388010358,0,0.53622233072916659
,15.201299460937548,-10.095143228178193,0.10000000000000001,0.52299804687499996
,15.301308007812509,-4.2344465012797627,0.10000000000000001,0.50875651041666659
,15.401316555468725,-0.47200187774719282,0.10000000000000001,0.49858398437499996
,15.501325143750023,-1.9187203756437512,0,0.48434244791666659
,15.601333691406239,-12.692799025874393,0.10000000000000001,0.47111816406249996
,15.701342198437487,-1.0235842030048516,0.10000000000000001,0.45992838541666659
,15.801350746093817,-3.2133713712105774,0,0.44466959635416659
,15.901359292968777,-11.561217541541666,0.10000000000000001,0.43347981770833327
,16.00136788046882,2.8819219842419166,0.10000000000000001,0.42330729166666659
,16.101376428125036,0.091694503478969125,0.10000000000000001,0.41008300781249996
,16.201384935156284,-0.091721702708312591,0,0.39991048177083327
,16.3013934828125,-9.4863771878088503,0.10000000000000001,0.38668619791666659
,16.401402030468716,0.28809124432319066,0.10000000000000001,0.37651367187499996
,16.501410617968759,3.2970100519834133,0,0.36634114583333327
,16.601419165624975,-6.3136407538151804,0,0.35108235677083327
,16.701427672656223,-6.0462832230071175,0,0.33887532552083327
,16.801436221093809,-4.5135140921520716,0.10000000000000001,0.32666829427083327
,16.901444772656305,6.6750172614289056,0.10000000000000001,0.31446126302083327
,17.001453364062513,7.9037494938942423,0,0.30530598958333327
,17.101461915625009,-2.5653634717858296,0.10000000000000001,0.2910644531249999
,17.201470426562537,6.9185829319608914,0.10000000000000001,0.2849609374999999
,17.301478978125033,6.662192812220205,0,0.2849609374999999
,17.401487529687529,-3.2266102898978914,0,0.28394368489583327
,17.501496121093737,-2.869359989380218,0.10000000000000001,0.28394368489583327
,17.601504672656233,13.035943355809628,0.10000000000000001,0.28699544270833327
,17.701513183593761,8.0442378780005406,0,0.28292643229166659
,17.801521735156257,-3.2398497804668551,0.10000000000000001,0.28292643229166659
,17.901530286718753,8.6183166823012023,0.10000000000000001,0.28292643229166659
,18.001538878124961,8.3632986070418376,0.10000000000000001,0.2819091796874999
,18.101547429687571,9.0131910706159744,0,0.2849609374999999
,18.201555941406241,2.8949018478598063,0.10000000000000001,0.28394368489583327
,18.301564492968737,10.992918223503594,0.10000000000000001,0.28292643229166659
,18.401573043749977,13.513305118478279,0,0.2849609374999999
,18.501581635937555,2.4142866094725761,0.10000000000000001,0.28394368489583327
,18.601590186718795,13.688998104764742,0.10000000000000001,0.2849609374999999
,18.701598699218721,14.653614053276058,0,0.28394368489583327
,18.801607251562473,2.1671957415265801,0.10000000000000001,0.28089192708333327
,18.901615804687481,14.941192299335384,0.10000000000000001,0.28292643229166659
,19.001624397656315,16.648934502561602,0.10000000000000001,0.28394368489583327
,19.101632950000067,15.078640102696284,0,0.28394368489583327
,19.201641463281248,11.334324188419522,0.10000000000000001,0.28699544270833327
,19.301650015625,20.824756805329635,0.10000000000000001,0.28699544270833327
,19.401658568750008,18.59513293159506,0,0.2880126953124999
,19.501667161718728,13.186765222348342,0.10000000000000001,0.2910644531249999
,19.60167571406248,22.172553378055198,0.10000000000000001,0.2910644531249999
,19.70168422656252,20.824756805329635,0,0.2910644531249999
,19.801692779687528,12.985653772723829,0.10000000000000001,0.2910644531249999
,19.90170133203128,21.143815214024265,0.10000000000000001,0.2910644531249999
,20.001709925,24.038313951585792,0,0.2941162109374999
,20.101718477343752,17.902263099928966,0,0.2941162109374999
,20.201726989843792,18.780477213771924,0.10000000000000001,0.29513346354166659
,20.3017355429688,31.3898866278534,0.10000000000000001,0.2971679687499999
,20.401744095312552,28.520683445535084,0,0.29615071614583327
,20.501752688281272,19.027441978682447,0.10000000000000001,0.2971679687499999
,20.601761240625024,29.946251921612038,0.10000000000000001,0.29920247395833327
,20.701769753906319,26.823992542815198,0,0.29615071614583327
,20.801778307812469,18.347845886138742,0.10000000000000001,0.29615071614583327
,20.901786860937477,28.400622946072872,0.10000000000000001,0.2971679687499999
,21.001795454687567,27.510887102501307,0,0.29615071614583327
,21.101804008593717,23.161588118480083,0.10000000000000001,0.29818522135416659
,21.201812521875013,32.780240829481478,0.10000000000000001,0.29920247395833327
,21.301821075781277,29.060445847425058,0,0.2971679687499999
,21.401829628906285,23.746323209948557,0.10000000000000001,0.29818522135416659
,21.501838222656261,32.566692139811842,0.10000000000000001,0.29818522135416659
,21.601846776562525,32.044146831621426,0,0.2971679687499999
,21.70185528984382,23.97750319990957,0.10000000000000001,0.29615071614583327
,21.801863842968714,29.707065011225396,0.10000000000000001,0.2941162109374999
,21.901872396093722,30.722490485256856,0,0.29309895833333327
,22.001880989843812,26.039022697177053,0.10000000000000001,0.2941162109374999
,22.10188954296882,34.6375032931617,0.10000000000000001,0.29208170572916659
,22.201898056250002,34.507687307194423,0,0.29309895833333327
,22.30190660937501,24.827868538132833,0.10000000000000001,0.2910644531249999
,22.40191520234373,34.696495202526222,0.10000000000000001,0.2910644531249999
,22.501923755468738,35.356551095551438,0,0.29208170572916659
,22.601932309375002,25.785034447342973,0.10000000000000001,0.28902994791666659
,22.701940822656297,34.66110120796651,0.10000000000000001,0.28902994791666659
,22.801949375781305,33.206957021647483,0,0.2880126953124999
,22.901957969531281,24.281448475409888,0.10000000000000001,0.2849609374999999
,23.001966523437545,37.587191756812651,0.10000000000000001,0.2880126953124999
,23.101975076562553,36.98976825315026,0,0.2880126953124999
,23.201983589843735,28.016151369727865,0.10000000000000001,0.28699544270833327
,23.301992143749999,38.919138319938682,0.10000000000000001,0.2880126953124999
,23.402000736718719,36.837328986378438,0.10000000000000001,0.28699544270833327
,23.502009290624983,36.097688261258227,0.10000000000000001,0.2880126953124999
,23.602017839843711,36.673093006449008,0.10000000000000001,0.28902994791666659
,23.702026349218727,33.905204261580622,0.10000000000000001,0.28597819010416659
,23.802034898437569,33.360924469991915,0.10000000000000001,0.2849609374999999
,23.902043487500009,35.956635065683024,0.10000000000000001,0.28597819010416659
,24.002052036718737,36.015413834578105,0,0.2849609374999999
,24.102060585156323,31.663632661516225,0.10000000000000001,0.28699544270833327
,24.202069094531225,42.263160333637039,0.10000000000000001,0.2880126953124999
,24.302077643750067,39.152323096260083,0.10000000000000001,0.2849609374999999
,24.402086232812508,41.893054121558855,0,0.2880126953124999
,24.502094782031236,33.905204261580622,0.10000000000000001,0.28699544270833327
,24.602103332812476,42.517401035960511,0.10000000000000001,0.28699544270833327
,24.702111842968748,43.774576486463573,0,0.28699544270833327
,24.802120392968732,34.02341734457751,0.10000000000000001,0.28394368489583327
,24.902128983593798,44.717659207303072,0.10000000000000001,0.2849609374999999
,25.002137534375038,47.624623574600733,0,0.28699544270833327
,25.102146084375022,38.569087992313186,0,0.2849609374999999
,25.202154594531294,41.302454774225396,0.10000000000000001,0.28699544270833327
,25.302163145312534,52.554832241123052,0,0.28699544270833327
,25.402171735937486,42.759928347715558,0,0.28597819010416659
,25.502180284375072,44.430376003556461,0,0.28902994791666659
,25.602188834375056,45.795961077724797,0.10000000000000001,0.2880126953124999
,25.702197343750072,55.037346609317595,0.10000000000000001,0.28902994791666659
,25.802205893750056,51.234590337627623,0,0.28902994791666659
,25.902214483593752,42.309398458112511,0.10000000000000001,0.28902994791666659
,26.002223033593737,54.185271650221523,0.10000000000000001,0.29309895833333327
,26.102231582812465,53.994442206356879,0,0.2941162109374999
,26.202240092968736,45.073597221940716,0.10000000000000001,0.29513346354166659
,26.302248642187465,53.747358827958976,0.10000000000000001,0.2971679687499999
,26.402257232031275,54.162825581080909,0,0.29818522135416659
,26.502265782812515,45.979207575428447,0.10000000000000001,0.29818522135416659
,26.602274334375011,56.06654342521513,0.10000000000000001,0.3002197265624999
,26.702282846093794,53.84845582355095,0.10000000000000001,0.29818522135416659
,26.802291398437546,51.957293448218451,0.10000000000000001,0.29818522135416659
,26.902299989843755,53.859687332215927,0.10000000000000001,0.29920247395833327
,27.002308542187507,54.633944388438266,0.10000000000000001,0.29920247395833327
,27.102317093750003,56.234114637603668,0.10000000000000001,0.3002197265624999
,27.202325605468786,56.981810614680086,0.10000000000000001,0.30123697916666659
,27.302334157031282,55.171729523987736,0.10000000000000001,0.29920247395833327
,27.402342748437491,57.616903081845436,0.10000000000000001,0.30123697916666659
,27.502351299999987,56.758752286302638,0,0.3002197265624999
,27.602359850781227,49.853418077696588,0,0.3002197265624999
,27.70236836250001,52.284354710217571,0.10000000000000001,0.29920247395833327
,27.80237691328125,60.911429909747298,0,0.2971679687499999
,27.902385504687572,52.937709584021803,0,0.29615071614583327
,28.002394056250068,55.742388112093764,0.10000000000000001,0.2971679687499999
,28.102402607812564,65.103213725878149,0,0.29615071614583327
,28.202411118749978,58.139885829188628,0,0.2971679687499999
,28.302419670312474,55.977145565682378,0.10000000000000001,0.29513346354166659
,28.402428261718796,64.63199908677872,0.10000000000000001,0.29513346354166659
,28.502436812500036,64.434607471357538,0,0.29615071614583327
,28.602445362500021,54.72362225534809,0,0.29309895833333327
,28.702453873437548,52.543565839659493,0.10000000000000001,0.2910644531249999
,28.802462423437532,64.29199563385032,0.10000000000000001,0.29208170572916659
,28.902471014062485,60.159261582768778,0,0.2880126953124999
,29.002479564843725,54.521820528516344,0.10000000000000001,0.29004720052083327
,29.102488114843823,64.204213100189548,0.10000000000000001,0.29208170572916659
,29.202496624999981,62.092479999545063,0,0.29004720052083327
,29.302505175781221,54.633944388438266,0.10000000000000001,0.29004720052083327
,29.402513768750055,63.413432551778868,0.10000000000000001,0.2910644531249999
,29.502522322656318,61.87195408343193,0,0.29004720052083327
,29.602530877343725,55.999496763817007,0,0.2910644531249999
,29.70253939062502,54.633944388438266,0.10000000000000001,0.2880126953124999
,29.80254794531254,64.873143987579454,0.10000000000000001,0.2880126953124999
,29.902556539062516,64.423638857030426,0,0.2880126953124999
,30.00256509296878,55.921262511463738,0.10000000000000001,0.28699544270833327
,30.1025736476563,66.590520621025789,0.10000000000000001,0.28902994791666659
,30.202582160937482,66.634195605612518,0,0.29004720052083327
,30.302590715625001,55.552252707610236,0.10000000000000001,0.28597819010416659
,30.402599309374978,67.517772533213389,0.10000000000000001,0.29004720052083327
,30.502607863281241,66.514079935947947,0,0.28902994791666659
,30.602616416406249,57.761620037544773,0.10000000000000001,0.2880126953124999
,30.702624930468801,67.659432675657115,0.10000000000000001,0.28902994791666659
,30.802633484375065,64.423638857030426,0.10000000000000001,0.2849609374999999
,30.902642078125041,64.884102211644333,0,0.28597819010416659
,31.002650631250049,61.596147786225615,0.10000000000000001,0.2880126953124999
,31.102659185156313,68.943415737899173,0.10000000000000001,0.28597819010416659
,31.202667698437494,70.289138809094055,0,0.2880126953124999
,31.302676251562502,62.70939245995433,0.10000000000000001,0.28699544270833327
,31.402684843749967,70.625010782237766,0.10000000000000001,0.28699544270833327
,31.502693396093719,72.398233648212056,0,0.28902994791666659
,31.602701947656215,65.201781049069865,0.10000000000000001,0.2880126953124999
,31.702710460156254,71.458319752504707,0.10000000000000001,0.28699544270833327
,31.80271901171875,72.052716057244268,0.10000000000000001,0.2880126953124999
,31.902727603906214,70.884888835303414,0,0.28699544270833327
,32.002736156249966,65.891184291536248,0.10000000000000001,0.2880126953124999
,32.102744708593718,77.340445003657948,0.10000000000000001,0.2910644531249999
,32.202753220312502,75.787433052476828,0,0.2910644531249999
,32.302761771093742,67.866401027145727,0.10000000000000001,0.29208170572916659
,32.402770361718808,79.166404993233755,0.10000000000000001,0.29513346354166659
,32.502778912500048,77.169291655291588,0,0.2941162109374999
,32.602787463281288,71.231187823754013,0.10000000000000001,0.29615071614583327
,32.70279597343756,78.974474822123767,0.10000000000000001,0.29615071614583327
,32.8028045242188,76.644806764844901,0.10000000000000001,0.29513346354166659
,32.902813114843752,77.949753930952738,0,0.2971679687499999
,33.002821665624992,71.933891351995598,0.10000000000000001,0.2971679687499999
,33.102830216406232,81.273450030250615,0.10000000000000001,0.29920247395833327
,33.20283872734376,82.907083402537566,0,0.30123697916666659
,33.302847276562488,72.840594203087761,0.10000000000000001,0.29920247395833327
,33.402855865625042,82.536192731943615,0.10000000000000001,0.30225423177083327
,33.502864415625027,83.214221302505322,0,0.30123697916666659
,33.602872964843755,74.434329804414176,0.10000000000000001,0.3002197265624999
,33.702881474218771,82.758754381391128,0.10000000000000001,0.30123697916666659
,33.802890023437499,81.347803078939179,0,0.29920247395833327
,33.902898613281309,74.326795152546822,0,0.29818522135416659
,34.002907162500037,78.366269950000643,0.10000000000000001,0.30123697916666659
,34.102915711718765,87.203806270763707,0,0.29920247395833327
,34.202924221875037,79.027795209696563,0,0.29920247395833327
,34.302932771093765,78.55840485800762,0.10000000000000001,0.29818522135416659
,34.402941361718717,87.866324485446299,0.10000000000000001,0.29818522135416659
,34.502949910937559,87.172241036702246,0,0.29818522135416659
,34.602958460937543,78.750474867406737,0.10000000000000001,0.2971679687499999
,34.702966970312559,84.620854458826642,0.10000000000000001,0.29513346354166659
,34.802975520312543,83.997254665541263,0,0.2941162109374999
,34.90298411015624,76.109104966332382,0,0.29208170572916659
,35.002992660156224,79.059785058730384,0.10000000000000001,0.29309895833333327
,35.103001210156322,90.68779461781989,0.10000000000000001,0.2941162109374999
,35.203009721874992,87.582470098039593,0,0.29309895833333327
,35.303018274218743,78.280855766657169,0.10000000000000001,0.29208170572916659
,35.403026867187464,87.498341522336261,0.10000000000000001,0.29309895833333327
,35.503035419531216,85.939994008524408,0,0.2910644531249999
,35.603043971874968,79.134421094667829,0.10000000000000001,0.29208170572916659
,35.703052484375007,86.361540404244593,0.10000000000000001,0.29004720052083327
,35.803061037500015,83.584699352292986,0,0.2880126953124999
,35.903069629687479,78.739806010068378,0.10000000000000001,0.28902994791666659
,36.003078182812487,87.382647078812383,0.10000000000000001,0.28902994791666659
,36.103086735156239,87.498341522336261,0,0.28902994791666659
,36.203095242187487,81.199087645615265,0.10000000000000001,0.29004720052083327
,36.303103789062561,87.656073749806268,0.10000000000000001,0.2880126953124999
,36.403112375781234,89.115939593738815,0,0.29004720052083327
,36.503120922656308,81.602657118532761,0.10000000000000001,0.28902994791666659
,36.603129469531268,88.864104606354786,0.10000000000000001,0.28902994791666659
,36.703137976562516,88.328640471509786,0,0.2880126953124999
,36.803146523437476,79.507455851871825,0.10000000000000001,0.2849609374999999
,36.903155110937519,88.265616382494372,0.10000000000000001,0.28597819010416659
,37.003163657812479,90.64592520101111,0,0.28699544270833327
,37.103172205468809,82.779946462372848,0,0.28597819010416659
,37.203180716406223,85.613103963052509,0.10000000000000001,0.2880126953124999
,37.303189267968719,96.006162510269533,0,0.2880126953124999
,37.403197858593785,86.919664006375967,0,0.28699544270833327
,37.503206410156281,87.677101848932523,0.10000000000000001,0.2880126953124999
,37.603214960937521,97.459502229748082,0.10000000000000001,0.28902994791666659
,37.703223471875049,93.414404460150763,0,0.28699544270833327
,37.803232022656289,85.813475844502349,0.10000000000000001,0.28699544270833327
,37.903240614062497,93.195406347353867,0.10000000000000001,0.2849609374999999
,38.003249164843737,95.080821908738997,0,0.28699544270833327
,38.103257714062465,89.703189310102303,0,0.2880126953124999
,38.203266222656225,89.136921586717435,0.10000000000000001,0.2880126953124999
,38.303274771093811,100.1411926974508,0.10000000000000001,0.29004720052083327
,38.403283359374996,98.672022908703383,0,0.29004720052083327
,38.503291908593724,89.577392923358303,0.10000000000000001,0.28902994791666659
,38.60330045703131,100.06883018228909,0.10000000000000001,0.29309895833333327
,38.70330896562507,97.303916801463416,0,0.2910644531249999
,38.803317514062542,88.181574950319273,0,0.2910644531249999
,38.903326102343726,92.256089776130281,0.10000000000000001,0.29309895833333327
,39.003334651562568,103.319071982577,0.10000000000000001,0.29513346354166659
,39.103343201562552,101.5252186658136,0,0.29615071614583327
,39.203351710937568,96.068504563809441,0.10000000000000001,0.29920247395833327
,39.303360260156296,101.17426182950281,0.10000000000000001,0.2971679687499999
,39.403368849999993,102.41229537738823,0,0.3002197265624999
,39.503377399999977,95.663190258199151,0.10000000000000001,0.30123697916666659
,39.603385949218818,101.80381742133608,0.10000000000000001,0.3002197265624999
,39.703394459374977,102.51538515632951,0,0.30123697916666659
,39.803403008593818,93.33098438885726,0,0.29818522135416659
,39.903411598437515,94.893536469455299,0.10000000000000001,0.29920247395833327
,40.003420148437499,108.64895659684937,0.10000000000000001,0.30225423177083327
,40.103428695312573,105.37653909953026,0,0.3002197265624999
,40.203437202343821,98.506316527383049,0.10000000000000001,0.30123697916666659
,40.303445750000037,105.44846733598649,0.10000000000000001,0.30123697916666659
,40.403454337499966,104.30723437846343,0,0.3002197265624999
,40.50346288437504,98.620243321519993,0.10000000000000001,0.30123697916666659
,40.603471432031256,105.51011571846705,0.10000000000000001,0.3002197265624999
,40.703479939062504,102.99974532787806,0,0.29818522135416659
,40.80348848671872,96.691647366001149,0.10000000000000001,0.29818522135416659
,40.903497074218762,103.77211403018639,0.10000000000000001,0.29615071614583327
,41.003505622656235,105.97235002685639,0.10000000000000001,0.2971679687499999
,41.103514172656219,106.12637800551639,0,0.2971679687499999
,41.203522682812491,97.428387604678448,0.10000000000000001,0.29513346354166659
,41.303531232812475,106.3214443837755,0.10000000000000001,0.29615071614583327
,41.403539822656285,106.46515206128315,0,0.29513346354166659
,41.503548372656269,98.640955554922513,0.10000000000000001,0.2941162109374999
,41.603556922656253,108.47483849507465,0.10000000000000001,0.29615071614583327
,41.703565432812525,105.68476417882646,0,0.29309895833333327
,41.803573982812509,96.909628851538145,0.10000000000000001,0.2910644531249999
,41.903582572656319,107.1936259779758,0.10000000000000001,0.29208170572916659
,42.003591125781213,106.04423285479311,0,0.2910644531249999
,42.103599679687477,100.23422098271347,0,0.29208170572916659
,42.203608193750028,102.05138529649469,0.10000000000000001,0.29208170572916659
,42.303616747656292,109.9078694640291,0.10000000000000001,0.29004720052083327
,42.403625341406268,109.29395798416546,0,0.29208170572916659
,42.503633895312532,101.49425767482762,0.10000000000000001,0.2910644531249999
,42.603642449218796,108.29044538206044,0.10000000000000001,0.2910644531249999
,42.703650962499978,108.49532453525389,0,0.2910644531249999
,42.803659516406242,98.889460978201882,0.10000000000000001,0.2880126953124999
,42.903668109374962,107.01925243416331,0.10000000000000001,0.2880126953124999
,43.003676658593804,109.69304172998058,0,0.29004720052083327
,43.103685207031276,101.64905146847013,0,0.2880126953124999
,43.203693715625036,103.20577563781963,0.10000000000000001,0.28902994791666659
,43.303702264062508,113.22711735701803,0.10000000000000001,0.29004720052083327
,43.403710852343806,110.25559235736831,0,0.28902994791666659
,43.503719401562535,104.43067903114205,0.10000000000000001,0.29004720052083327
,43.603727950000007,111.91083519709711,0.10000000000000001,0.28902994791666659
,43.703736458593767,109.51910106774675,0,0.2880126953124999
,43.803745007031239,102.94823027686776,0.10000000000000001,0.2880126953124999
,43.903753597656305,110.7463004895673,0.10000000000000001,0.28699544270833327
,44.003762148437545,111.98230123036721,0,0.2880126953124999
,44.103770699218785,106.39330091484716,0.10000000000000001,0.2880126953124999
,44.203779210156313,112.8905406328583,0.10000000000000001,0.2880126953124999
,44.303787760937553,112.91094206410862,0,0.2880126953124999
,44.403796352343761,107.70630961312732,0,0.28902994791666659
,44.503804903125001,107.79856437351712,0.10000000000000001,0.2880126953124999
,44.603813453906241,119.10707578388069,0.10000000000000001,0.29004720052083327
,44.703821964843769,115.0816327897882,0,0.28699544270833327
,44.803830515625009,105.94154143479595,0.10000000000000001,0.28597819010416659
,44.903839106249961,116.47572107047709,0.10000000000000001,0.2880126953124999
,45.003847657812571,116.36384513714869,0,0.2880126953124999
,45.103856209375067,110.29649338003527,0.10000000000000001,0.28902994791666659
,45.203864721093737,120.01008700188994,0.10000000000000001,0.29208170572916659
,45.303873272656233,116.28247452156727,0,0.29004720052083327
,45.403881864062555,111.60449957132921,0.10000000000000001,0.2941162109374999
,45.503890415625051,120.24335370448291,0.10000000000000001,0.2941162109374999
,45.603898967187547,118.79240329932581,0,0.2941162109374999
,45.703907478906217,112.45182050067039,0.10000000000000001,0.29513346354166659
,45.803916029687571,118.55888896782621,0.10000000000000001,0.2941162109374999
,45.903924618750011,118.26439947194861,0,0.2941162109374999
,46.003933168749995,114.80669668404938,0.10000000000000001,0.2971679687499999
,46.103941717968723,121.36857997080143,0.10000000000000001,0.2971679687499999
,46.203950227343739,122.43218333036482,0,0.3002197265624999
,46.303958776562467,115.91624071588525,0.10000000000000001,0.29920247395833327
,46.403967366406278,122.08786178131318,0.10000000000000001,0.3002197265624999
,46.503975915625006,123.53551296233245,0,0.30225423177083327
,46.603984464843734,115.94676434457411,0,0.30123697916666659
,46.70399297421875,115.06126931451273,0.10000000000000001,0.3002197265624999
,46.804001523437478,126.69958137748735,0.10000000000000001,0.30123697916666659
,46.904010113281288,123.5456316126368,0,0.29920247395833327
,47.004018662500016,118.08157988491037,0.10000000000000001,0.30123697916666659
,47.104027211718744,127.19438213260501,0.10000000000000001,0.3032714843749999
,47.20403572109376,125.26487244502799,0,0.30225423177083327
,47.304044271093744,117.85809913563484,0.10000000000000001,0.30225423177083327
,47.404052860156298,126.14402668773725,0.10000000000000001,0.3032714843749999
,47.504061409375026,125.20422419054118,0,0.30225423177083327
,47.604069959375011,119.14767334814711,0.10000000000000001,0.3032714843749999
,47.704078468750026,125.20422419054118,0.10000000000000001,0.30123697916666659
,47.804087020312522,123.80869367092519,0.10000000000000001,0.29920247395833327
,47.904095612499987,125.32551849279066,0,0.3002197265624999
,48.004104164843739,118.71118554666482,0.10000000000000001,0.29920247395833327
,48.10411271718749,127.80007477729329,0.10000000000000001,0.3002197265624999
,48.204121228906274,128.30466565918636,0,0.30123697916666659
,48.304129781250026,118.54873524448233,0.10000000000000001,0.2971679687499999
,48.40413837343749,128.69815193070878,0.10000000000000001,0.3002197265624999
,48.504146925781242,128.26430343378212,0,0.29920247395833327
,48.604155478124994,119.47241027028791,0.10000000000000001,0.2971679687499999
,48.704163989062522,127.83035411897545,0.10000000000000001,0.2971679687499999
,48.804172537499994,125.68934871911445,0,0.2941162109374999
,48.904181127343804,119.14767334814711,0.10000000000000001,0.2941162109374999
,49.004189676562532,130.38217512819608,0.10000000000000001,0.29615071614583327
,49.104198225781261,127.99183552174624,0,0.2941162109374999
,49.20420673437502,122.24990529397191,0.10000000000000001,0.29513346354166659
,49.304215283593749,129.63613899864646,0.10000000000000001,0.29513346354166659
,49.404223873437559,127.42658826255136,0,0.29309895833333327
,49.504232422656287,122.87765948920786,0.10000000000000001,0.29513346354166659
,49.604240971875015,129.55546970557026,0.10000000000000001,0.2941162109374999
,49.704249479687519,126.85106566910655,0,0.29208170572916659
,49.804258027343735,120.71990902367232,0.10000000000000001,0.29208170572916659
,49.904266614843777,128.18357636433501,0.10000000000000001,0.29004720052083327
,50.004275162499994,129.23275933964175,0,0.2910644531249999
,50.10428371015621,123.5962238851837,0,0.29208170572916659
,50.204292217187572,122.74605510016123,0.10000000000000001,0.29004720052083327
,50.304300764843788,133.26301334166044,0.10000000000000001,0.29208170572916659
,50.404309353124972,131.61153412143364,0,0.29208170572916659
,50.504317900781302,122.50306328160731,0.10000000000000001,0.28902994791666659
,50.604326448437519,132.054734823817,0.10000000000000001,0.29208170572916659
,50.704334960156302,129.061297681714,0,0.28902994791666659
,50.804343510937542,120.57797313605128,0.10000000000000001,0.28699544270833327
,50.904352102343751,130.89617557851381,0.10000000000000001,0.2880126953124999
,51.004360653906247,130.00919177043596,0,0.28699544270833327
,51.104369204687487,124.37514091257886,0.10000000000000001,0.2880126953124999
,51.20437771640627,134.12855609356171,0.10000000000000001,0.29004720052083327
,51.30438626718751,130.52328609304834,0.10000000000000001,0.28597819010416659
,51.404394858593719,131.94394312868701,0,0.28902994791666659
,51.504403410156215,125.86113019516559,0.10000000000000001,0.2880126953124999
,51.604411960937568,132.63881716444774,0.10000000000000001,0.2880126953124999
,51.704420470312471,133.22274775583628,0,0.2880126953124999
,51.804429020312568,124.15263199233048,0.10000000000000001,0.2849609374999999
,51.904437610937521,132.78984807952043,0.10000000000000001,0.28597819010416659
,52.004446160937505,136.1704301399111,0,0.2880126953124999
,52.104454710937489,127.23476796226332,0,0.28597819010416659
,52.204463220312505,129.93861957657805,0.10000000000000001,0.2880126953124999
,52.304471770312489,139.80783443357683,0,0.2880126953124999
,52.404480360937555,130.12008591541115,0,0.28597819010416659
,52.504488910156283,132.52805471349063,0,0.28902994791666659
,52.604497457812499,134.14868124551094,0.10000000000000001,0.2880126953124999
,52.704505963281235,140.00866978589778,0,0.28699544270833327
,52.804514508593797,132.11516429265117,0,0.28699544270833327
,52.904523093750072,129.97894684915656,0.10000000000000001,0.28394368489583327
,53.00453163906252,140.68138027767122,0.10000000000000001,0.28597819010416659
,53.104540184374969,139.78775022221095,0,0.28597819010416659
,53.204548689843818,130.48296966901245,0.10000000000000001,0.28394368489583327
,53.304557235156267,138.20069458987956,0.10000000000000001,0.2849609374999999
,53.404565780468715,139.29564808071638,0,0.28597819010416659
,53.50457436562499,131.05740433269489,0.10000000000000001,0.2849609374999999
,53.60458291640623,141.16324118054069,0.10000000000000001,0.28902994791666659
,53.704591426562502,139.46638593553456,0.10000000000000001,0.28699544270833327
,53.804599977343742,137.04503101168359,0,0.2880126953124999
,53.904608528124982,133.46433078313959,0.10000000000000001,0.28902994791666659
,54.004617118750048,142.33750795342456,0.10000000000000001,0.29004720052083327
,54.104625669531288,141.71529339262554,0,0.2910644531249999
,54.204634180468815,136.522314819011,0.10000000000000001,0.29208170572916659
,54.304642731250055,141.96619873755418,0.10000000000000001,0.2910644531249999
,54.404651282031296,143.13018462303779,0,0.2941162109374999
,54.504659873437504,136.7836853157828,0.10000000000000001,0.2941162109374999
,54.604668424218744,143.06998685826966,0.10000000000000001,0.2941162109374999
,54.704676935156272,143.56157612543745,0,0.29513346354166659
,54.804685485156256,135.42629147348185,0,0.29309895833333327
,54.904694035937496,136.30113553797963,0.10000000000000001,0.29309895833333327
,55.004702627343818,150.13813138712277,0.10000000000000001,0.2971679687499999
,55.104711177343802,145.55746142152265,0,0.2941162109374999
,55.204719688281216,139.44629960330462,0.10000000000000001,0.29615071614583327
,55.30472823906257,147.5324894735416,0.10000000000000001,0.2971679687499999
,55.40473678984381,145.20648890086727,0,0.29513346354166659
,55.504745381250018,140.12916513769068,0.10000000000000001,0.2971679687499999
,55.60475393359377,147.24179400627145,0.10000000000000001,0.2971679687499999
,55.70476244609381,144.82540380089188,0,0.2941162109374999
,55.804770998437562,139.35590954523622,0.10000000000000001,0.29615071614583327
,55.904779550781313,145.63768016932295,0.10000000000000001,0.2941162109374999
,56.004788143750034,147.64274949307872,0.10000000000000001,0.29513346354166659
,56.104796696093786,149.48681316924763,0,0.2971679687499999
,56.204805208593712,141.33388450162317,0,0.29615071614583327
,56.304813760937463,141.72532993203436,0.10000000000000001,0.29615071614583327
,56.404822313281215,153.47413103725154,0.10000000000000001,0.29818522135416659
,56.504830903906281,149.57699907975302,0,0.29513346354166659
,56.604839454687522,142.40775158664769,0.10000000000000001,0.2971679687499999
,56.704847964843793,149.32647988501367,0.10000000000000001,0.29513346354166659
,56.804856515625033,146.05880748475442,0,0.29208170572916659
,56.904865066406273,141.68518361056204,0.10000000000000001,0.2941162109374999
,57.004873657812482,150.21828980436931,0.10000000000000001,0.2941162109374999
,57.104882208593722,149.12605819359322,0.10000000000000001,0.29309895833333327
,57.204890718749994,150.47879910587261,0,0.29513346354166659
,57.304899269531234,141.21343123789484,0.10000000000000001,0.2910644531249999
,57.404907820312474,150.26838840306806,0.10000000000000001,0.29309895833333327
,57.504916410156284,151.51073808807405,0,0.29309895833333327
,57.604924959375012,142.0866273282881,0.10000000000000001,0.29004720052083327
,57.704933468750028,150.17821069756758,0.10000000000000001,0.2910644531249999
,57.804942017968756,148.99578100637336,0,0.28902994791666659
,57.904950567187484,140.81189083043108,0.10000000000000001,0.28699544270833327
,58.004959157031294,151.9214776304587,0.10000000000000001,0.29004720052083327
,58.104967706250022,150.85952865638006,0,0.2880126953124999
,58.204976215625038,143.86252063032271,0,0.2880126953124999
,58.304984764843766,145.72792470797998,0.10000000000000001,0.28902994791666659
,58.404993317187518,154.84632288713692,0,0.28902994791666659
,58.505001910156238,147.67282005189679,0,0.28902994791666659
,58.605010464062502,147.95347135369684,0.10000000000000001,0.29004720052083327
,58.705018977343798,153.72454046940004,0.10000000000000001,0.28699544270833327
,58.805027530468806,151.20016713984546,0,0.28699544270833327
,58.90503608437507,144.58470237942606,0.10000000000000001,0.2849609374999999
,59.00504467734379,152.18193785968271,0.10000000000000001,0.28597819010416659
,59.105053231250054,153.48414750384461,0,0.2880126953124999
,59.205061744531235,146.62025707547735,0.10000000000000001,0.2880126953124999
,59.305070297656243,153.0033482998868,0.10000000000000001,0.28699544270833327
,59.405078851562507,154.34553696088688,0.10000000000000001,0.29004720052083327
,59.505087444531227,151.47066500018582,0,0.28699544270833327
,59.605095998437491,146.00867511628223,0.10000000000000001,0.2880126953124999
,59.705104511718787,154.08512221322536,0.10000000000000001,0.2880126953124999
,59.805113065625051,150.31848668719516,0,0.28394368489583327
,59.905121618750059,146.23927997454058,0.10000000000000001,0.28597819010416659
,60.005130212500035,155.61750690900493,0.10000000000000001,0.28699544270833327
,60.105138765625043,154.15523430728189,0,0.28699544270833327
,60.205147278906225,149.29641699420665,0.10000000000000001,0.2880126953124999
,60.305155832031232,155.05664875905694,0.10000000000000001,0.28597819010416659
,60.40516438515624,154.83630730987693,0,0.2880126953124999
,60.505172978124961,149.96779202186349,0,0.28902994791666659
,60.605181531249968,148.10381496285117,0.10000000000000001,0.28597819010416659
,60.705190044531264,157.50030214551185,0.10000000000000001,0.28597819010416659
,60.805198596875016,154.89640069104479,0,0.2849609374999999
,60.905207150000024,147.33201140231455,0.10000000000000001,0.28292643229166659
,61.005215742968744,158.90234014654692,0.10000000000000001,0.28699544270833327
,61.105224296093752,157.470258255126,0,0.28597819010416659
,61.205232809375048,150.00787220930181,0.10000000000000001,0.28597819010416659
,61.305241360937544,158.04108998147035,0.10000000000000001,0.28699544270833327
,61.405249911718784,157.10973026268817,0,0.28597819010416659
,61.505258503124992,150.74931923775455,0.10000000000000001,0.28597819010416659
,61.605267053906232,159.5232422728472,0.10000000000000001,0.28699544270833327
,61.70527556484376,156.3185605981198,0.10000000000000001,0.28394368489583327
,61.805284116406256,155.34709503048646,0,0.28292643229166659
,61.905292667187496,149.99785218198537,0.10000000000000001,0.28292643229166659
,62.005301258593818,159.56330059109553,0.10000000000000001,0.28394368489583327
,62.105309809375058,161.07552395114232,0,0.2849609374999999
,62.205318320312472,153.94489704237253,0,0.28394368489583327
,62.305326874218736,153.60434451772238,0.10000000000000001,0.28394368489583327
,62.405335428124999,165.81317076377132,0.10000000000000001,0.28699544270833327
,62.505344022656232,162.67796118451281,0,0.2849609374999999
,62.605352576562495,156.30854567303896,0.10000000000000001,0.28597819010416659
,62.705361090625047,163.05855807985682,0.10000000000000001,0.28597819010416659
,62.805369644531311,160.00394355351102,0.10000000000000001,0.28292643229166659
,62.905378198437461,161.64637992419392,0,0.28597819010416659
,63.005386792187551,156.08821644302799,0,0.28597819010416659
,63.105395346093815,157.00958311614949,0.10000000000000001,0.28597819010416659
,63.205403859374997,169.15973436075956,0.10000000000000001,0.29004720052083327
,63.305412410156237,164.48086849855071,0,0.2880126953124999
,63.405420960937477,158.52178800151182,0.10000000000000001,0.29004720052083327
,63.505429551562543,167.53639431434351,0.10000000000000001,0.29208170572916659
,63.605438102343783,164.63112088532677,0,0.29004720052083327
,63.705446612500054,157.77069653090689,0.10000000000000001,0.2910644531249999
,63.805455163281295,165.71299233966295,0.10000000000000001,0.2910644531249999
,63.905463714062535,164.49088527065345,0.10000000000000001,0.2910644531249999
,64.005472304687487,167.20575182343129,0,0.2941162109374999
,64.105480855468727,159.78362170878233,0,0.29309895833333327
,64.205489367968767,161.52619872446263,0.10000000000000001,0.29513346354166659
,64.30549792187503,171.69565781440031,0,0.29615071614583327
,64.405506475781294,162.77811748777236,0,0.29513346354166659
,64.50551506953127,163.80976146191858,0.10000000000000001,0.2971679687499999
,64.60552362421879,173.29991856724797,0.10000000000000001,0.29818522135416659
,64.705532138281228,167.77686927058124,0,0.29513346354166659
,64.805540692187492,161.70647073796653,0.10000000000000001,0.29615071614583327
,64.905549246093756,169.47041132144773,0.10000000000000001,0.29615071614583327
,65.005557840624988,169.71094430438154,0.10000000000000001,0.29615071614583327
,65.105566394531252,170.0316673001409,0,0.29818522135416659
,65.205574904687523,163.12866892907459,0.10000000000000001,0.2971679687499999
,65.305583454687508,171.25455938910989,0.10000000000000001,0.29818522135416659
,65.40559204531246,171.26458401775216,0,0.29920247395833327
,65.505600595312558,163.6294693808747,0.10000000000000001,0.29818522135416659
,65.605609145312542,172.83864933009386,0.10000000000000001,0.3002197265624999
,65.705617655468814,170.10182736909763,0,0.2971679687499999
,65.805626206250054,162.0469881974646,0.10000000000000001,0.29513346354166659
,65.90563479609375,172.58797478801995,0.10000000000000001,0.2971679687499999
,66.005643346093734,171.81596269529985,0,0.29615071614583327
,66.105651895312462,165.89331416727532,0,0.2971679687499999
,66.20566040624999,168.57850143628957,0.10000000000000001,0.29818522135416659
,66.305668956249974,175.00494010136168,0,0.29615071614583327
,66.40567754687504,168.34802426656006,0,0.2971679687499999
,66.50568609765628,168.94928296862457,0.10000000000000001,0.2971679687499999
,66.605694647656264,176.44962836905387,0.10000000000000001,0.2971679687499999
,66.705703157812536,173.97183413271767,0,0.29615071614583327
,66.805711708593776,164.61108713341571,0.10000000000000001,0.29309895833333327
,66.905720299218729,172.17689127624061,0.10000000000000001,0.2941162109374999
,67.005728849218713,175.25572447373258,0,0.29615071614583327
,67.105737400000066,166.57455782785075,0,0.29309895833333327
,67.205745910156224,168.22777788267234,0.10000000000000001,0.29513346354166659
,67.305754460937465,177.76426589134718,0.10000000000000001,0.29513346354166659
,67.405763052343787,173.80134044374887,0,0.29309895833333327
,67.505771603125027,168.62860603761379,0.10000000000000001,0.2941162109374999
,67.605780153125011,175.5165531962669,0.10000000000000001,0.29309895833333327
,67.705788664062538,171.86609040995233,0,0.29004720052083327
,67.805797214843778,165.98347621027108,0.10000000000000001,0.29004720052083327
,67.905805805468731,173.99189256023277,0.10000000000000001,0.28902994791666659
,68.005814356249971,174.37301668794299,0,0.29004720052083327
,68.105822905468813,168.91921895091542,0.10000000000000001,0.2910644531249999
,68.205831414062573,175.47642483259625,0.10000000000000001,0.29004720052083327
,68.305839962500045,174.15236262322406,0.10000000000000001,0.28902994791666659
,68.405848550781229,174.73410653709897,0,0.29004720052083327
,68.505857099218815,166.77493237019689,0.10000000000000001,0.28699544270833327
,68.605865646875031,176.32922166418155,0.10000000000000001,0.29004720052083327
,68.705874155468791,173.61079486585658,0,0.28699544270833327
,68.805882703906263,165.12195778111123,0.10000000000000001,0.2849609374999999
,68.905891292187562,176.30915416902513,0.10000000000000001,0.28699544270833327
,69.005899839843778,175.61687549443519,0,0.28597819010416659
,69.105908387499994,169.25995133945003,0.10000000000000001,0.28699544270833327
,69.205916894531242,178.61747525757983,0.10000000000000001,0.2880126953124999
,69.305925441406316,174.51343761409345,0.10000000000000001,0.28394368489583327
,69.405934028906245,176.40949246997729,0,0.28699544270833327
,69.505942575781319,170.43259140804633,0.10000000000000001,0.28597819010416659
,69.605951123437535,176.57003805836905,0.10000000000000001,0.2849609374999999
,69.705959630468783,176.49979870929127,0,0.28597819010416659
,69.805968177343743,167.93718959658941,0.10000000000000001,0.28292643229166659
,69.905976764843786,176.14861716636989,0.10000000000000001,0.28292643229166659
,70.00598531484377,179.28008028166448,0,0.2849609374999999
,70.105993868750033,171.09416742418671,0,0.28292643229166659
,70.206002382812471,173.57068083394728,0.10000000000000001,0.28597819010416659
,70.306010936718735,183.41873939761183,0,0.28597819010416659
,70.406019530468711,173.33000262625512,0,0.28394368489583327
,70.506028084374975,174.95478468084133,0,0.28597819010416659
,70.606036638281239,176.31918790630311,0.10000000000000001,0.2849609374999999
,70.706045151562535,182.14252881822307,0,0.28394368489583327
,70.806053705468798,174.52346782115268,0,0.28394368489583327
,70.906062300000031,172.71832422438541,0.10000000000000001,0.28089192708333327
,71.006070846874991,183.16748313968975,0.10000000000000001,0.28394368489583327
,71.106079392968809,181.42923922229141,0,0.28394368489583327
,71.206087899218801,172.53784114942852,0.10000000000000001,0.2819091796874999
,71.306096445312505,180.69598941966348,0.10000000000000001,0.28292643229166659
,71.406105032031292,180.15366993463579,0,0.28292643229166659
,71.506113578124996,172.39746919274597,0.10000000000000001,0.28089192708333327
,71.606122124218814,182.67506906031821,0.10000000000000001,0.28292643229166659
,71.706130630468806,180.30430712440358,0.10000000000000001,0.28089192708333327
,71.80613917656251,178.09549272448692,0,0.27987467447916659
,71.906147764062553,174.68395370329182,0.10000000000000001,0.28089192708333327
,72.006156312500025,183.4790433913804,0.10000000000000001,0.2819091796874999
,72.106164861718753,182.67506906031821,0,0.2819091796874999
,72.206173370312513,177.61371616656078,0.10000000000000001,0.28292643229166659
,72.306181918749985,182.99663840366003,0.10000000000000001,0.28089192708333327
,72.406190507812539,184.44404013661631,0,0.28292643229166659
,72.506199056250011,178.36651451940077,0,0.2819091796874999
,72.606207604687484,178.11556785406276,0.10000000000000001,0.2819091796874999
,72.706216113281243,188.67905222357331,0.10000000000000001,0.28292643229166659
,72.806224661718716,184.28318983453465,0.10000000000000001,0.28089192708333327
,72.906233250000014,183.29813430763352,0,0.28089192708333327
,73.006241798437486,180.58551116267262,0.10000000000000001,0.28292643229166659
,73.106250346875072,186.95826563147159,0.10000000000000001,0.28292643229166659
,73.206258854687462,187.17960419096693,0,0.2849609374999999
,73.306267403125048,180.77633911054306,0.10000000000000001,0.28292643229166659
,73.406275991406233,188.34690163619558,0.10000000000000001,0.28699544270833327
,73.506284539062563,189.12197183346001,0,0.28902994791666659
,73.606293087500035,181.81098385347184,0.10000000000000001,0.2880126953124999
,73.706301595312539,187.6826999671992,0.10000000000000001,0.28699544270833327
,73.806310143750011,187.80345410500257,0,0.28902994791666659
,73.906318729687541,180.65581516448083,0,0.28699544270833327
,74.00632727499999,183.78057791747131,0.10000000000000001,0.28902994791666659
,74.106335820312552,195.5412584639883,0,0.29309895833333327
,74.206344325000032,185.69087245666623,0,0.2910644531249999
,74.306352871093736,185.64058854585835,0.10000000000000001,0.29208170572916659
,74.406361456250011,195.3899404586715,0.10000000000000001,0.29309895833333327
,74.506370001562573,192.00244097411377,0,0.29309895833333327
,74.606378546875021,185.55007930586135,0.10000000000000001,0.2941162109374999
,74.706387052343757,191.06549654098927,0.10000000000000001,0.29208170572916659
,74.806395598437462,189.36358966310343,0,0.29208170572916659
,74.90640419062504,184.16255673478787,0.10000000000000001,0.29208170572916659
,75.006412742187536,192.93967033814761,0.10000000000000001,0.29309895833333327
,75.106421293750032,193.23198372019436,0,0.2941162109374999
,75.206429805468815,186.78724108913758,0.10000000000000001,0.2941162109374999
,75.306438357031311,193.82677788277755,0.10000000000000001,0.2941162109374999
,75.406446948437519,195.32941545865242,0,0.29615071614583327
,75.506455500781271,187.37077178799888,0,0.29513346354166659
,75.606464052343767,187.61226205380154,0.10000000000000001,0.29513346354166659
,75.706472564062551,198.08459358881879,0.10000000000000001,0.29615071614583327
,75.806481114843791,192.97998774602615,0,0.29309895833333327
,75.906489705468744,187.21984910796431,0.10000000000000001,0.29309895833333327
,76.006498255468728,197.5494968421616,0.10000000000000001,0.29615071614583327
,76.106506805468712,194.39143788315283,0,0.2941162109374999
,76.206515315624983,189.58508847531959,0,0.29615071614583327
,76.306523865624968,188.60859324712612,0.10000000000000001,0.2941162109374999
,76.406532456250034,197.6403551606594,0.10000000000000001,0.29513346354166659
,76.506541006250018,197.4990212619245,0,0.29615071614583327
,76.606549556250002,188.78977651901181,0.10000000000000001,0.2941162109374999
,76.706558066406274,195.15793477825326,0.10000000000000001,0.29309895833333327
,76.806566613281234,193.91751958367109,0,0.29208170572916659
,76.90657520000002,185.43946003636967,0.10000000000000001,0.28902994791666659
,77.006583746093725,196.24751364450896,0.10000000000000001,0.29208170572916659
,77.106592292968799,196.73190306562225,0,0.2910644531249999
,77.206600799218791,189.17230740236403,0.10000000000000001,0.29004720052083327
,77.306609346093751,196.88329158306897,0.10000000000000001,0.2910644531249999
,77.406617932812537,196.70162632563398,0.10000000000000001,0.2910644531249999
,77.506626479687498,195.04698205312286,0.10000000000000001,0.29004720052083327
,77.606635025781316,196.11633890630173,0.10000000000000001,0.2910644531249999
,77.706643532812564,193.53440669552657,0,0.2880126953124999
,77.80665208437506,186.52569057730807,0.10000000000000001,0.28699544270833327
,77.906660676562524,196.1970611146595,0.10000000000000001,0.2880126953124999
,78.00666922812502,196.7823650122856,0,0.28699544270833327
,78.10667777890626,191.69009475362839,0.10000000000000001,0.2880126953124999
,78.206686290625044,199.74101494131048,0.10000000000000001,0.28902994791666659
,78.30669484218754,196.53006418827118,0,0.28597819010416659
,78.406703433593748,191.63971928339561,0,0.2880126953124999
,78.506711985156244,192.54660365760947,0.10000000000000001,0.28699544270833327
,78.60672053671874,201.27712678109532,0.10000000000000001,0.2880126953124999
,78.706729048437523,198.51880369862079,0,0.28699544270833327
,78.806737599218764,189.33338645248131,0.10000000000000001,0.28394368489583327
,78.906746189843716,197.72112056756333,0.10000000000000001,0.28394368489583327
,79.00675474062507,199.67029375813104,0,0.28597819010416659
,79.106763292187566,191.01513115707388,0,0.28394368489583327
,79.206771802343724,193.93768478103505,0.10000000000000001,0.28597819010416659
,79.306780353124964,202.30842821632905,0,0.2849609374999999
,79.406788944531286,192.72801273654409,0,0.28394368489583327
,79.506797495312526,194.97637796296692,0.10000000000000001,0.28597819010416659
,79.606806046093766,202.51069078312054,0.10000000000000001,0.2849609374999999
,79.706814553125014,197.53940165395596,0,0.28292643229166659
,79.806823099999974,191.06549654098927,0.10000000000000001,0.28292643229166659
,79.90683168671876,197.75140819193399,0.10000000000000001,0.28089192708333327
,80.006840232812465,199.48844763822257,0,0.28292643229166659
,80.106848779687539,193.40335300588993,0,0.28292643229166659
,80.206857285937531,193.52432543939801,0.10000000000000001,0.2819091796874999
,80.306865832812491,203.95731765631086,0.10000000000000001,0.28394368489583327
,80.406874419531277,201.83317144917709,0,0.28292643229166659
,80.506882966406238,192.88927433243805,0.10000000000000001,0.2819091796874999
,80.606891512500056,202.14662919903753,0.10000000000000001,0.28394368489583327
,80.706900022656214,198.76118290994452,0.10000000000000001,0.28089192708333327
,80.806908573437568,197.18609276278119,0,0.28089192708333327
,80.906917163281264,192.80864246440785,0.10000000000000001,0.28089192708333327
,81.006925714062504,200.51906851052553,0.10000000000000001,0.28089192708333327
,81.106934264062488,201.26701794058772,0,0.2819091796874999
,81.20694277421876,195.65223000816172,0.10000000000000001,0.2819091796874999
,81.306951325,200.88291001727617,0.10000000000000001,0.27987467447916659
,81.40695991484381,203.04676095849982,0,0.28292643229166659
,81.50696846562505,195.69258434902696,0,0.2819091796874999
,81.606977017187546,196.05579873425535,0.10000000000000001,0.28089192708333327
,81.70698552812496,205.99203864049264,0.10000000000000001,0.2819091796874999
,81.80699407968757,201.24680037315909,0,0.2788574218749999
,81.907002671875034,195.33950287136355,0,0.2788574218749999
,82.00701122343753,198.83188082510685,0.10000000000000001,0.28089192708333327
,82.107019775000026,207.41020418226009,0,0.28089192708333327
,82.207028285937554,200.49885652151357,0,0.2819091796874999
,82.30703683750005,199.3066135216738,0.10000000000000001,0.28089192708333327
,82.407045428906258,207.5520639568266,0.10000000000000001,0.28089192708333327
,82.507053980468754,206.90362644418747,0,0.28292643229166659
,82.60706253203125,198.86218048247258,0.10000000000000001,0.2819091796874999
,82.707071043750034,204.5341667134922,0.10000000000000001,0.28089192708333327
,82.80707959531253,204.4228350676907,0,0.28089192708333327
,82.907088186718738,196.82273521201438,0.10000000000000001,0.2788574218749999
,83.007096738281234,207.10624549545417,0.10000000000000001,0.28089192708333327
,83.10710528984373,208.44393512582911,0,0.2819091796874999
,83.207113801562514,199.82184138077236,0,0.28089192708333327
,83.30712235312501,200.79194506926962,0.10000000000000001,0.28089192708333327
,83.407130944531218,212.09579253908709,0,0.28292643229166659
,83.50713949687497,202.76354059524425,0,0.28089192708333327
,83.60714804765621,203.81565483637354,0.10000000000000001,0.28292643229166659
,83.707156559374994,211.36499379320139,0,0.2819091796874999
,83.807165110156234,201.46920195077826,0,0.28089192708333327
,83.907173701562556,203.23896344396019,0.10000000000000001,0.2819091796874999
,84.007182252343796,213.08068198905215,0,0.28394368489583327
,84.107190803906292,204.98966381572029,0,0.27784016927083327
,84.20719931484382,206.20471356747277,0,0.28597819010416659
,84.307207866406316,204.95929486495265,0,0.28394368489583327
,84.407216457031268,208.30202557213158,0.10000000000000001,0.2880126953124999
,84.507225007031252,217.32937342368217,0,0.28902994791666659
,84.607233555468724,205.9008976112944,0,0.28699544270833327
,84.707242063281228,205.9717848002972,0.10000000000000001,0.28902994791666659
,84.807250610937558,213.12130442332716,0.10000000000000001,0.2880126953124999
,84.907259199218743,209.92432449967771,0,0.2880126953124999
,85.007267747656215,205.81988606392866,0.10000000000000001,0.2910644531249999
,85.107276295312545,212.79634368451519,0.10000000000000001,0.2910644531249999
,85.207284803906305,212.26837367755292,0.10000000000000001,0.29208170572916659
,85.307293351562521,211.03011617351547,0,0.29208170572916659
,85.407301939843819,203.71447178021612,0.10000000000000001,0.29208170572916659
,85.507310489062547,213.52756561789874,0.10000000000000001,0.2941162109374999
,85.607319038281275,212.6541868164723,0,0.2941162109374999
,85.707327546875035,203.34012825654099,0.10000000000000001,0.2910644531249999
,85.807336096093763,212.80649805972769,0.10000000000000001,0.29309895833333327
,85.90734468593746,211.64916774152277,0,0.2910644531249999
,86.007353235156302,206.26548105666268,0.10000000000000001,0.29208170572916659
,86.10736178437503,216.08856001148115,0.10000000000000001,0.2941162109374999
,86.20737029296879,213.99484896248833,0,0.29309895833333327
,86.307378842187518,206.55921082336801,0.10000000000000001,0.29309895833333327
,86.407387431250072,216.25125355210173,0.10000000000000001,0.29513346354166659
,86.507395979687544,213.96437125209962,0,0.29309895833333327
,86.60740452734376,208.00809532558088,0.10000000000000001,0.2941162109374999
,86.707413035156264,215.4277292255901,0.10000000000000001,0.29309895833333327
,86.807421582812481,212.60341848934235,0,0.29004720052083327
,86.907430171093779,208.05877052618558,0.10000000000000001,0.29208170572916659
,87.007438719531251,217.30902710610906,0.10000000000000001,0.29208170572916659
,87.107447267187467,216.01738500684161,0,0.29208170572916659
,87.207455774999971,211.18232768892705,0.10000000000000001,0.29309895833333327
,87.307464322656301,217.17678020315333,0.10000000000000001,0.29208170572916659
,87.407472913281254,216.06822408354242,0,0.29208170572916659
,87.507481464062494,210.21847822371814,0,0.29208170572916659
,87.607490014843734,209.70119641184306,0.10000000000000001,0.29004720052083327
,87.707498525000005,219.90456392521719,0.10000000000000001,0.2910644531249999
,87.807507075781245,216.4444662638283,0,0.28902994791666659
,87.907515666406312,208.72777809706099,0.10000000000000001,0.28699544270833327
,88.007524217187552,218.84565521314215,0.10000000000000001,0.29004720052083327
,88.107532767968792,217.6956363524439,0,0.28902994791666659
,88.207541278906319,211.05041050483942,0.10000000000000001,0.28902994791666659
,88.307549829687559,218.9270932269639,0.10000000000000001,0.28902994791666659
,88.407558417187488,217.64476318992081,0,0.2880126953124999
,88.50756696250005,211.61871897806481,0.10000000000000001,0.28902994791666659
,88.607575507812498,220.00640659380986,0.10000000000000001,0.29004720052083327
,88.707584013281235,215.80387247292441,0,0.28597819010416659
,88.807592557812541,210.16775960042662,0.10000000000000001,0.28597819010416659
,88.907601143750071,217.91949096672596,0.10000000000000001,0.2849609374999999
,89.007609689062519,217.73633565193461,0,0.2849609374999999
,89.107618234374968,212.98928395929556,0.10000000000000001,0.28597819010416659
,89.207626739062562,220.09806867861687,0.10000000000000001,0.28597819010416659
,89.307635285156266,217.24798917779731,0,0.28394368489583327
,89.40764387734373,213.43615100344641,0.10000000000000001,0.28699544270833327
,89.507652428906226,220.28140331967245,0.10000000000000001,0.28597819010416659
,89.607660980468722,219.20196681433043,0,0.28597819010416659
,89.707669492968762,212.31913512573828,0,0.2849609374999999
,89.807678044531258,210.57353737595923,0.10000000000000001,0.2819091796874999
,89.907686636718722,221.42246631282552,0.10000000000000001,0.28394368489583327
,90.007695188281218,221.4632285846547,0,0.28394368489583327
,90.10770374062497,212.53234458375431,0.10000000000000001,0.2819091796874999
,90.207712252343754,221.73839201956542,0.10000000000000001,0.2849609374999999
,90.30772080390625,219.83327661962107,0,0.28292643229166659
,90.40772939687497,212.59326494910215,0.10000000000000001,0.28292643229166659
,90.507737949218722,222.05435930812735,0.10000000000000001,0.2849609374999999
,90.607746501562474,220.09806867861687,0,0.28394368489583327
,90.707755014062514,211.60856947320553,0,0.2819091796874999
,90.807763566406265,213.49709370234893,0.10000000000000001,0.2819091796874999
,90.907772159374986,222.788379418121,0.10000000000000001,0.2819091796874999
,91.007780711718738,222.05435930812735,0,0.28292643229166659
,91.10778926406249,216.21057914721786,0.10000000000000001,0.28394368489583327
,91.207797776562529,222.36017372224052,0.10000000000000001,0.28292643229166659
,91.307806325000001,221.22885496794675,0,0.28292643229166659
,91.407814911718788,215.00082605404515,0.10000000000000001,0.28394368489583327
,91.507823458593748,222.33978488174012,0.10000000000000001,0.28394368489583327
,91.607832005468822,222.97191955769586,0,0.2849609374999999
,91.707840511718814,213.48693648103983,0.10000000000000001,0.2819091796874999
,91.807849058593774,221.03525922462734,0.10000000000000001,0.2819091796874999
,91.907857645312561,221.02507040701437,0.10000000000000001,0.2819091796874999
,92.007866192187521,221.0556369894453,0.10000000000000001,0.28089192708333327
,92.107874738281225,221.65685882534058,0.10000000000000001,0.2819091796874999
,92.207883245312473,222.9923137740235,0.10000000000000001,0.28394368489583327
,92.307891794531315,220.00640659380986,0,0.28089192708333327
,92.407900383593756,216.2817598020203,0.10000000000000001,0.28292643229166659
,92.507908932812484,225.0428185231882,0.10000000000000001,0.28292643229166659
,92.607917482031212,222.43153602885036,0,0.2819091796874999
,92.707925990624972,217.09540107763831,0.10000000000000001,0.2819091796874999
,92.807934539843814,222.97191955769586,0.10000000000000001,0.27987467447916659
,92.90794312968751,223.34924065412059,0.10000000000000001,0.27987467447916659
,93.007951678906238,226.48228106435579,0.10000000000000001,0.28292643229166659
,93.107960228124966,224.70604800127279,0,0.28089192708333327
,93.207968739062494,218.55046543563424,0.10000000000000001,0.2819091796874999
,93.307977293750014,227.3504605585141,0.10000000000000001,0.2819091796874999
,93.407985888281246,224.95096731877101,0,0.28089192708333327
,93.507994442968766,220.47493837216632,0.10000000000000001,0.2819091796874999
,93.608002997656286,229.10821067332148,0.10000000000000001,0.28292643229166659
,93.708011511718723,225.02240683986304,0,0.27987467447916659
,93.808020066406243,219.59906175301688,0.10000000000000001,0.28089192708333327
,93.908028660937475,228.64820962145103,0.10000000000000001,0.27987467447916659
,94.008037215624995,228.32115147015548,0,0.28089192708333327
,94.108045770312515,222.9515255148828,0.10000000000000001,0.2819091796874999
,94.208054280468787,230.96955969420907,0.10000000000000001,0.2819091796874999
,94.308062829687515,228.50511618735425,0,0.28089192708333327
,94.408071417968813,222.90054116693398,0.10000000000000001,0.2819091796874999
,94.508079966406285,229.92620827152422,0.10000000000000001,0.28089192708333327
,94.608088515625013,230.20234541645243,0,0.28292643229166659
,94.708097023437517,222.55387635181017,0.10000000000000001,0.28089192708333327
,94.808105572656245,229.0775411901775,0.10000000000000001,0.27987467447916659
,94.908114160937544,229.84439595920503,0,0.27987467447916659
,95.008122709375016,224.33871599599729,0,0.27987467447916659
,95.108131258593744,225.69608430605376,0,0.27987467447916659
,95.208139776562462,230.17166194271846,0.10000000000000001,0.28292643229166659
,95.308148335156261,236.40843067071046,0,0.28089192708333327
,95.408156934375029,228.87308799547566,0,0.2819091796874999
,95.508165493749971,229.39447810110875,0.10000000000000001,0.28292643229166659
,95.60817405234377,236.29563709729501,0.10000000000000001,0.28292643229166659
,95.708182571093744,233.65161632319194,0,0.28292643229166659
,95.808191129687543,224.47135716388487,0.10000000000000001,0.28089192708333327
,95.908199728906311,231.98265761758711,0.10000000000000001,0.28089192708333327
,96.008208288281253,234.52238994026101,0,0.28292643229166659
,96.108216843750029,226.55376630334433,0,0.2819091796874999
,96.208225351562533,227.82043018828483,0,0.28292643229166659
,96.308233899218749,231.26628156461879,0.10000000000000001,0.28394368489583327
,96.408242486718791,239.04518206300605,0,0.28394368489583327
,96.508251034375007,231.409539711832,0,0.28597819010416659
,96.608259582031224,231.38907373978293,0.10000000000000001,0.28597819010416659
,96.708268089062472,237.14684480039216,0.10000000000000001,0.2849609374999999
,96.808276636718801,234.34821014741783,0,0.2849609374999999
,96.90828522421873,227.74890712073477,0.10000000000000001,0.2849609374999999
,97.00829377187506,236.55199368217529,0.10000000000000001,0.28699544270833327
,97.1083023226563,237.08530175228361,0,0.28902994791666659
,97.20831083437497,229.92620827152422,0.10000000000000001,0.2880126953124999
,97.308319385937466,236.36741422138999,0.10000000000000001,0.28902994791666659
,97.408327977343788,238.20357544571158,0.10000000000000001,0.2910644531249999
,97.508336528906284,236.16234233776413,0,0.2910644531249999
,97.60834508046878,229.50694965478658,0.10000000000000001,0.2910644531249999
,97.708353591406308,238.2138372026904,0.10000000000000001,0.29208170572916659
,97.808362142968804,235.33197798160393,0,0.28902994791666659
,97.908370734375012,230.07961387456766,0.10000000000000001,0.2910644531249999
,98.008379285937508,240.65735400727743,0.10000000000000001,0.29309895833333327
,98.108387835937492,238.8501499795031,0,0.29208170572916659
,98.208396345312508,234.17404288542127,0.10000000000000001,0.29513346354166659
,98.308404895312492,240.59572300026497,0.10000000000000001,0.29309895833333327
,98.408413485156302,239.89734556448587,0,0.29513346354166659
,98.508422035156286,234.66584152872605,0,0.29615071614583327
,98.60843058515627,233.65161632319194,0.10000000000000001,0.2941162109374999
,98.708439095312542,243.50431618067739,0.10000000000000001,0.29513346354166659
,98.808447645312526,240.92443942498221,0,0.2941162109374999
,98.908456235156223,233.74380104397903,0.10000000000000001,0.29309895833333327
,99.008464784375064,243.94655411217792,0.10000000000000001,0.2971679687499999
,99.108473332812537,243.45289821575261,0,0.2971679687499999
,99.208481841406297,236.15208919705617,0.10000000000000001,0.29818522135416659
,99.308490390625025,244.53289623233974,0.10000000000000001,0.3002197265624999
,99.408498978906323,243.66886074194707,0,0.3002197265624999
,99.508507527343795,237.28019339228251,0.10000000000000001,0.30123697916666659
,99.608516076562523,245.75745239709346,0.10000000000000001,0.3032714843749999
,99.708524585156283,241.66421066363409,0.10000000000000001,0.3002197265624999
,99.808533133593755,240.8011656549009,0,0.30123697916666659
,99.90854172265631,234.72732338107562,0.10000000000000001,0.3002197265624999
,100.00855027187504,243.40148130385973,0.10000000000000001,0.30123697916666659
,100.10855882187502,244.48145725932955,0,0.30225423177083327
,100.20856733125004,237.19813185873812,0,0.30123697916666659
,100.30857588125002,237.06478774765947,0.10000000000000001,0.3002197265624999
,100.40858447109372,248.39378586999311,0.10000000000000001,0.3032714843749999
,100.50859302109382,244.79010680792356,0,0.3002197265624999
,100.6086015710938,237.12633027865934,0.10000000000000001,0.3002197265624999
,100.70861008125007,244.2037049207172,0.10000000000000001,0.3002197265624999
,100.80861863125006,240.89362040770936,0,0.2971679687499999
,100.90862722109375,234.7888067932488,0,0.2971679687499999
,101.00863576796871,237.73158108483869,0.10000000000000001,0.2971679687499999
,101.10864431484379,247.56964079102556,0,0.2971679687499999
,101.20865282109378,240.42111014675623,0,0.29818522135416659
,101.30866136718748,237.80340044471222,0.10000000000000001,0.29513346354166659
,101.40866995390627,247.98168041671835,0.10000000000000001,0.2971679687499999
,101.50867850078123,246.73546281061971,0,0.29818522135416659
,101.60868704687505,237.02376025558527,0.10000000000000001,0.29513346354166659
,101.70869555312504,243.2883678055718,0.10000000000000001,0.2941162109374999
,101.8087041,242.87708900814818,0,0.29309895833333327
,101.90871268593753,234.79905418024742,0.10000000000000001,0.2910644531249999
,102.00872123359375,245.31489746337525,0.10000000000000001,0.2941162109374999
,102.10872978124996,245.3046064059215,0.10000000000000001,0.2941162109374999
,102.20873828906247,243.46318172450287,0,0.29309895833333327
,102.3087468367188,236.57250337434351,0.10000000000000001,0.29208170572916659
,102.40875542421873,245.34577088620705,0.10000000000000001,0.29309895833333327
,102.50876397187506,244.22427811914594,0,0.2910644531249999
,102.60877251953127,238.74750773063141,0.10000000000000001,0.29208170572916659
,102.70878102656252,244.57404816511746,0.10000000000000001,0.29004720052083327
,102.80878957421874,242.65091446200239,0,0.28902994791666659
,102.90879816250003,237.86496157342339,0.10000000000000001,0.28902994791666659
,103.00880670937499,246.10743408466925,0.10000000000000001,0.28902994791666659
,103.10881525625007,246.21037902565462,0,0.29004720052083327
,103.20882376328132,239.80492805048448,0,0.2910644531249999
,103.30883231015628,238.61407921905317,0.10000000000000001,0.2880126953124999
,103.40884089687506,251.02249480853379,0.10000000000000001,0.2910644531249999
,103.50884944453128,248.07439841002883,0,0.29004720052083327
,103.60885799140624,239.30182678995152,0.10000000000000001,0.28902994791666659
,103.70886649765623,247.61084178684166,0.10000000000000001,0.29004720052083327
,103.80887504531256,244.00826791195186,0,0.28699544270833327
,103.90888363359375,237.70080200442976,0.10000000000000001,0.28699544270833327
,104.00889218203122,249.12543467151022,0.10000000000000001,0.29004720052083327
,104.1089007304688,246.81783868094323,0,0.2880126953124999
,104.20890923906256,241.45869655475661,0.10000000000000001,0.29004720052083327
,104.30891778750004,248.91931553911422,0.10000000000000001,0.28902994791666659
,104.40892637656248,247.91987027247364,0.10000000000000001,0.28902994791666659
,104.50893492500006,248.32166267074984,0,0.29004720052083327
,104.60894347343753,240.49300806487838,0.10000000000000001,0.28902994791666659
,104.70895198203129,247.0340879485035,0.10000000000000001,0.2880126953124999
,104.80896053125002,247.13707020327809,0,0.2880126953124999
,104.908969125,239.34289242991218,0.10000000000000001,0.2849609374999999
,105.00897767812501,250.41404869894421,0.10000000000000001,0.2880126953124999
,105.10898623125001,251.04312256558939,0,0.28902994791666659
,105.20899474375005,242.79484135275487,0,0.2880126953124999
,105.30900329687506,243.98769647728437,0.10000000000000001,0.28902994791666659
,105.40901189062504,254.44889565501376,0,0.29004720052083327
,105.50902044375005,244.89299836482832,0,0.2880126953124999
,105.60902899687505,246.74575964941414,0,0.29004720052083327
,105.70903751015624,245.42810185015878,0,0.28699544270833327
,105.80904606093748,245.59277178765808,0.10000000000000001,0.28699544270833327
,105.90905465156254,256.51509376795713,0.10000000000000001,0.2880126953124999
,106.00906320156253,252.78674883052196,0,0.28699544270833327
,106.10907175156251,245.76774528931759,0.10000000000000001,0.28902994791666659
,106.20908026171878,253.86031638599098,0.10000000000000001,0.29004720052083327
,106.30908881171877,250.14596465051409,0,0.28699544270833327
,106.40909740234372,245.31489746337525,0.10000000000000001,0.28902994791666659
,106.50910595234382,253.3750932563799,0.10000000000000001,0.28902994791666659
,106.6091145023438,251.71361241164698,0.10000000000000001,0.28902994791666659
,106.70912301250007,251.34224317072187,0,0.28902994791666659
,106.80913156250006,243.07243801969111,0.10000000000000001,0.28699544270833327
,106.90914015234375,252.466826373419,0.10000000000000001,0.2880126953124999
,107.00914870234374,254.31464699861084,0,0.28902994791666659
,107.10915725156246,245.97361187721856,0,0.2880126953124999
,107.20916576171874,248.79565191336746,0.10000000000000001,0.29004720052083327
,107.30917431171872,258.41736402559741,0,0.2910644531249999
,107.40918290156253,249.80574365331614,0,0.29004720052083327
,107.50919145156251,251.28035336790799,0.10000000000000001,0.29208170572916659
,107.6092000015625,259.74144388687949,0,0.29208170572916659
,107.70920851171877,249.44495161858993,0,0.29004720052083327
,107.80921706328127,249.26972779000118,0.10000000000000001,0.2910644531249999
,107.90922565468748,258.12780443318184,0.10000000000000001,0.2910644531249999
,108.00923420624997,257.43505130711179,0,0.29309895833333327
,108.10924275781247,250.73372317117065,0.10000000000000001,0.2941162109374999
,108.20925126953125,257.92099446859675,0.10000000000000001,0.31140950520833327
,108.30925982109375,256.38074355361852,0,0.29513346354166659
,108.40926841250007,250.56872503734968,0.10000000000000001,0.29615071614583327
,108.50927696406256,258.11746357212854,0.10000000000000001,0.29615071614583327
,108.60928551562506,258.86210291102435,0,0.29818522135416659
,108.70929402499996,249.57895426344754,0,0.29615071614583327
,108.80930257343755,249.70265512421292,0.10000000000000001,0.29513346354166659
,108.90931116249999,261.69765467291541,0.10000000000000001,0.29818522135416659
,109.00931971171872,259.24484132972509,0,0.2971679687499999
,109.1093282601563,253.20993090154707,0.10000000000000001,0.29920247395833327
,109.20933676875006,262.0393511308983,0.10000000000000001,0.3002197265624999
,109.30934531796879,258.48975859004133,0,0.29920247395833327
,109.40935390624998,253.52994219194045,0.10000000000000001,0.30123697916666659
,109.50936245546882,262.19468094393829,0.10000000000000001,0.30225423177083327
,109.60937100390629,260.17604220655346,0,0.30225423177083327
,109.70937951484382,253.31315618197652,0.10000000000000001,0.30225423177083327
,109.8093880648438,259.81387234128573,0.10000000000000001,0.30123697916666659
,109.9093966546875,259.51382360265035,0,0.30123697916666659
,110.00940520468748,255.36816091628191,0,0.3032714843749999
,110.10941375468747,255.06859093638121,0.10000000000000001,0.30225423177083327
,110.20942226484374,267.0554224392618,0.10000000000000001,0.30530598958333327
,110.30943081484372,262.76429413632292,0,0.3032714843749999
,110.40943940468753,255.55411743851897,0.10000000000000001,0.3032714843749999
,110.50944795468752,265.67620757348516,0.10000000000000001,0.3063232421874999
,110.60945650390624,262.35001901425858,0,0.30428873697916659
,110.70946501484377,254.15975297833569,0.10000000000000001,0.3032714843749999
,110.80947356484376,263.44797557965637,0.10000000000000001,0.30428873697916659
,110.90948215546882,260.96262593092206,0,0.30123697916666659
,111.00949070625006,256.81482165424643,0.10000000000000001,0.30428873697916659
,111.10949925625005,266.29833299952668,0.10000000000000001,0.30530598958333327
,111.20950776640632,263.70698708310425,0.10000000000000001,0.30428873697916659
,111.30951631718756,262.97145360228205,0,0.30530598958333327
,111.40952490781251,257.2799809038903,0.10000000000000001,0.30530598958333327
,111.50953345781249,264.41161238712363,0.10000000000000001,0.30428873697916659
,111.60954200859373,265.4895947046565,0,0.3063232421874999
,111.70955052109377,255.70909086485551,0,0.30225423177083327
,111.80955907265627,256.0913961143138,0.10000000000000001,0.30123697916666659
,111.90956766562499,268.55977791875807,0.10000000000000001,0.3032714843749999
,112.00957621718749,266.01836087753748,0,0.30225423177083327
,112.10958476953124,259.35863840909246,0.10000000000000001,0.30225423177083327
,112.20959328203128,268.10320740849312,0.10000000000000001,0.30428873697916659
,112.30960183359377,264.35979604277242,0.10000000000000001,0.3002197265624999
,112.40961042578124,265.35482587645078,0,0.3032714843749999
,112.50961897812499,258.51044309374805,0,0.30225423177083327
,112.60962752500006,258.38633835463577,0.10000000000000001,0.30123697916666659
,112.70963603203131,269.18248044568907,0.10000000000000001,0.30225423177083327
,112.80964457890627,264.90909480359693,0,0.29818522135416659
,112.90965316562506,257.41437475386198,0.10000000000000001,0.29818522135416659
,113.00966171171876,268.08245577910793,0.10000000000000001,0.3002197265624999
,113.10967025859372,265.51032890183546,0,0.29818522135416659
,113.20967876562497,259.00691675914021,0.10000000000000001,0.29920247395833327
,113.30968731171879,266.31907269338734,0.10000000000000001,0.29818522135416659
,113.40969589843746,265.08530620714072,0.10000000000000001,0.2971679687499999
,113.50970444453128,266.01836087753748,0,0.29920247395833327
,113.60971298671882,259.05863778959247,0,0.29818522135416659
,113.70972148984379,258.31394645530008,0.10000000000000001,0.29615071614583327
,113.80973003203121,268.83997891375077,0.10000000000000001,0.2971679687499999
,113.90973861484372,266.24648437873168,0,0.29513346354166659
,114.00974715781251,260.30022529968505,0.10000000000000001,0.29615071614583327
,114.10975570000005,269.05793016052132,0.10000000000000001,0.29818522135416659
,114.20976420312502,266.89984094092569,0,0.29615071614583327
,114.30977274531256,259.35863840909246,0.10000000000000001,0.29615071614583327
,114.40978132812506,269.02679335175549,0.10000000000000001,0.29818522135416659
,114.50978987421877,267.01393327441815,0.10000000000000001,0.2971679687499999
,114.60979842265624,266.92058468831937,0,0.29818522135416659
,114.70980693046874,258.27258049387359,0.10000000000000001,0.29513346354166659
,114.80981547890622,265.68657529093628,0.10000000000000001,0.29513346354166659
,114.90982406718751,266.23611475983955,0,0.2941162109374999
,115.00983261484373,260.39336615430994,0,0.2941162109374999
,115.10984116328132,262.36037517888076,0.10000000000000001,0.2941162109374999
,115.20984967109382,273.26414961200527,0,0.2971679687499999
,115.30985821953129,261.83225758101264,0,0.29309895833333327
,115.40986680781248,263.80023675343296,0.10000000000000001,0.29513346354166659
,115.5098753539063,273.23297273853859,0,0.29615071614583327
,115.6098839,263.3132985395668,0,0.29513346354166659
,115.70989240546874,263.00252877882849,0,0.2941162109374999
,115.8099009507813,262.97145360228205,0.10000000000000001,0.29208170572916659
,115.90990953671871,272.7030100944616,0.10000000000000001,0.29309895833333327
,116.00991808281253,272.23546568010266,0,0.29513346354166659
,116.10992662812498,262.46393883943961,0.10000000000000001,0.29309895833333327
,116.20993513359372,271.70566155767585,0.10000000000000001,0.29615071614583327
,116.30994367968754,268.6635531696208,0,0.2941162109374999
,116.40995226718746,261.45952634255667,0.10000000000000001,0.2941162109374999
,116.50996082031247,271.51869215856186,0.10000000000000001,0.29615071614583327
,116.60996937421874,269.23437783689019,0,0.2941162109374999
,116.70997788750003,261.05578824938976,0,0.29309895833333327
,116.80998644062504,262.6710771356112,0.10000000000000001,0.29309895833333327
,116.90999503437502,272.43286532294485,0.10000000000000001,0.29208170572916659
,117.01000358828128,272.56793497658435,0,0.29513346354166659
,117.11001214140629,265.11640340481171,0.10000000000000001,0.2941162109374999
,117.21002065468747,272.21468745195671,0.10000000000000001,0.29513346354166659
,117.31002920859373,270.71899896398259,0,0.2941162109374999
,117.41003780078131,263.61374033818839,0.10000000000000001,0.2941162109374999
,117.51004635312506,272.05885488658924,0.10000000000000001,0.29513346354166659
,117.61005490468756,272.4744246337516,0,0.29513346354166659
,117.71006341640623,263.37545641232413,0,0.29309895833333327
,117.81007196874998,263.87276629541128,0.10000000000000001,0.29208170572916659
,117.91008056093756,275.75922167960772,0.10000000000000001,0.2941162109374999
,118.01008911250005,273.44082399962286,0,0.29309895833333327
,118.11009766484381,266.83761053464445,0.10000000000000001,0.2941162109374999
,118.21010617656248,274.98971524913179,0.10000000000000001,0.29513346354166659
,118.31011472812497,272.11079826168231,0,0.29309895833333327
,118.41012332187506,267.31474230837011,0.10000000000000001,0.29513346354166659
,118.51013187656247,275.10409057893543,0.10000000000000001,0.29513346354166659
,118.61014043124999,273.48239578564102,0,0.2941162109374999
,118.71014894531254,267.59483208877958,0.10000000000000001,0.2941162109374999
,118.8101574992188,273.62790105519679,0.10000000000000001,0.29208170572916659
,118.91016609375004,273.2849343543777,0,0.29208170572916659
,119.01017464843756,269.64958736303095,0,0.2941162109374999
,119.11018320234382,269.56654114190405,0.10000000000000001,0.29309895833333327
,119.21019171640626,280.99415345136839,0.10000000000000001,0.29615071614583327
,119.31020027031252,277.57966837507678,0,0.2941162109374999
,119.41020886171873,269.76377943252538,0.10000000000000001,0.2941162109374999
,119.51021741328123,279.49472634435188,0.10000000000000001,0.2971679687499999
,119.61022596484372,277.16348444601476,0,0.29513346354166659
,119.71023447578125,267.77119783357932,0.10000000000000001,0.29309895833333327
,119.81024302734374,277.69412736777065,0.10000000000000001,0.2941162109374999
,119.91025161953132,275.55123023652783,0,0.29309895833333327
,120.01026017109382,271.51869215856186,0.10000000000000001,0.29513346354166659
,120.11026872265631,280.91083644767394,0.10000000000000001,0.2971679687499999
,120.21027723359373,278.6827865874393,0.10000000000000001,0.29615071614583327
,120.31028578437497,278.79728013837769,0,0.2971679687499999
,120.41029437343752,272.8380906660596,0.10000000000000001,0.29818522135416659
,120.51030292265625,279.98405739248898,0.10000000000000001,0.31954752604166659
,120.61031147265624,281.23369988718508,0,0.30123697916666659
,120.71031998203125,271.97574718012697,0,0.29818522135416659
,120.81032853124998,271.74721175398957,0.10000000000000001,0.2971679687499999
,120.91033712031253,283.78629937460954,0.10000000000000001,0.3002197265624999
,121.01034567031252,282.03576748499859,0,0.29920247395833327
,121.11035421953125,274.93772771037214,0.10000000000000001,0.3002197265624999
,121.21036272890626,284.4637925580389,0.10000000000000001,0.3032714843749999
,121.31037127031254,280.92125097427856,0,0.30123697916666659
,121.41037985156254,275.56162951518968,0,0.3032714843749999
,121.51038839218756,276.80976601627577,0.10000000000000001,0.3032714843749999
,121.61039693359373,285.64185298461149,0,0.30428873697916659
,121.71040543437505,277.95427487899087,0,0.30428873697916659
,121.81041397578122,275.92562371468716,0.10000000000000001,0.30225423177083327
,121.91042255625007,285.3290611684136,0.10000000000000001,0.30225423177083327
,122.01043109765624,285.912957987764,0,0.30428873697916659
,122.11043963828126,276.80976601627577,0,0.3032714843749999
,122.21044814062498,278.16240628156669,0.10000000000000001,0.30530598958333327
,122.31045668906256,287.60253690080094,0,0.30530598958333327
,122.41046527734375,278.80768881911945,0,0.30428873697916659
,122.51047382578122,279.59883398996271,0,0.3063232421874999
,122.6104823742188,280.80669273686476,0.10000000000000001,0.3063232421874999
,122.71049088281256,288.49973875179694,0,0.30530598958333327
,122.81049943125004,279.26569973349717,0,0.30530598958333327
,122.91050802031248,277.95427487899087,0.10000000000000001,0.3032714843749999
,123.01051656875006,289.03188509269148,0.10000000000000001,0.3063232421874999
,123.11052511718754,287.11228260935474,0,0.3063232421874999
,123.21053362500004,278.21444098705024,0.10000000000000001,0.30530598958333327
,123.31054217109374,285.85039375400993,0.10000000000000001,0.3063232421874999
,123.41055075781253,285.74612208387362,0,0.30734049479166659
,123.51055930390623,277.75656107011758,0.10000000000000001,0.30530598958333327
,123.61056785000005,287.07056137793523,0.10000000000000001,0.30734049479166659
,123.71057635625004,284.81821813234546,0.10000000000000001,0.3063232421874999
,123.81058490234375,281.91075907991598,0,0.3032714843749999
,123.91059348828128,277.57966837507678,0.10000000000000001,0.30530598958333327
,124.01060203437498,286.83067206722581,0.10000000000000001,0.30530598958333327
,124.1106105804688,286.31964793275256,0,0.30530598958333327
,124.21061908515628,281.40034965545271,0.10000000000000001,0.30734049479166659
,124.31062762968747,286.46564863510594,0.10000000000000001,0.30530598958333327
,124.41063621406249,286.80981275414314,0,0.30530598958333327
,124.5106447585938,281.00456820386796,0,0.3063232421874999
,124.61065330312499,280.19230265473823,0.10000000000000001,0.30428873697916659
,124.71066180703122,290.24248747462428,0.10000000000000001,0.30530598958333327
,124.81067035156252,286.84110176144861,0.10000000000000001,0.3032714843749999
,124.91067893593754,284.81821813234546,0,0.30123697916666659
,125.01068748046873,280.7025518575046,0.10000000000000001,0.30428873697916659
,125.11069602421878,288.69798203365212,0.10000000000000001,0.3032714843749999
,125.21070452968752,287.477360382548,0,0.3032714843749999
,125.31071307499997,280.61924119625212,0.10000000000000001,0.30225423177083327
,125.41072166015624,288.77102122653542,0.10000000000000001,0.30225423177083327
,125.5107302054688,287.85290059596633,0,0.30225423177083327
,125.61073875078125,281.60867194628025,0.10000000000000001,0.30225423177083327
,125.71074725624999,287.56081099909409,0.10000000000000001,0.3002197265624999
,125.81075580156255,286.54907983688082,0,0.3002197265624999
,125.91076438671871,279.7237669830576,0,0.29818522135416659
,126.01077293281253,282.12952640497451,0.10000000000000001,0.29920247395833327
,126.11078147890623,293.7821258859355,0,0.30123697916666659
,126.21078998593748,284.4637925580389,0,0.3002197265624999
,126.31079853359381,282.70254606463789,0.10000000000000001,0.29920247395833327
,126.41080712109374,293.30167286950194,0.10000000000000001,0.30123697916666659
,126.51081566796881,289.33450588839258,0,0.29920247395833327
,126.61082421562503,282.16077987583543,0.10000000000000001,0.29920247395833327
,126.71083272265628,288.18674084626372,0.10000000000000001,0.29818522135416659
,126.81084126953124,285.7878304437391,0,0.29615071614583327
,126.91084985703128,280.69213792550414,0.10000000000000001,0.29615071614583327
,127.0108584046875,289.69976445380445,0.10000000000000001,0.2971679687499999
,127.11086695312497,288.90666856681281,0.10000000000000001,0.2971679687499999
,127.21087546093747,289.75194660781705,0,0.29920247395833327
,127.31088400937506,280.17147761249225,0,0.29615071614583327
,127.41089259765624,282.97345691997702,0.10000000000000001,0.2971679687499999
,127.51090114609372,294.08504327840245,0,0.29818522135416659
,127.6109096945313,284.11982044627939,0,0.29615071614583327
,127.71091820234381,283.26522762329358,0.10000000000000001,0.29615071614583327
,127.81092675078128,291.66221172893307,0.10000000000000001,0.29615071614583327
,127.91093533906246,288.48930513651101,0,0.2941162109374999
,128.0109438882813,284.30743802239465,0.10000000000000001,0.29615071614583327
,128.11095243671878,291.04625013421111,0.10000000000000001,0.29615071614583327
,128.21096094531254,290.17986236671715,0.10000000000000001,0.29615071614583327
,128.31096949375001,289.34494144509171,0,0.29615071614583327
,128.41097808281256,281.86909049889766,0.10000000000000001,0.29513346354166659
,128.51098663125003,290.77483452310429,0.10000000000000001,0.2971679687499999
,128.61099517968751,290.60781722820713,0,0.2971679687499999
,128.71100368828127,281.48367722978679,0.10000000000000001,0.2941162109374999
,128.81101223749999,290.16942493011391,0.10000000000000001,0.29513346354166659
,128.91102082578129,289.69976445380445,0,0.2941162109374999
,129.01102937421877,283.45280570380987,0.10000000000000001,0.29309895833333327
,129.11103792109373,294.10593478671859,0.10000000000000001,0.29615071614583327
,129.21104642812497,292.63329224916106,0,0.29615071614583327
,129.31105497500005,284.2865912007515,0.10000000000000001,0.29513346354166659
,129.41106356171872,294.62824969382808,0.10000000000000001,0.29818522135416659
,129.51107210859379,292.25736741203514,0,0.29513346354166659
,129.61108065546875,285.46460143197544,0.10000000000000001,0.29615071614583327
,129.7110891625,292.9361412140035,0.10000000000000001,0.29615071614583327
,129.81109770937496,290.01286617644519,0,0.29309895833333327
,129.911106296875,285.06841914466844,0.10000000000000001,0.2941162109374999
,130.01111484609373,295.15061639130778,0.10000000000000001,0.29513346354166659
,130.11112339765623,293.50011537737112,0,0.29513346354166659
,130.21113190859376,289.21971633252394,0.10000000000000001,0.2971679687499999
,130.311140459375,294.40887108101992,0.10000000000000001,0.29513346354166659
,130.41114905078132,294.18950166027429,0,0.29615071614583327
,130.51115760156256,289.47016997472457,0,0.2971679687499999
,130.61116615312505,288.22847263631695,0.10000000000000001,0.29615071614583327
,130.71117466406247,297.98271209301305,0.10000000000000001,0.2971679687499999
,130.81118321484382,295.3177845484737,0,0.29513346354166659
,130.91119180625003,286.42393364167373,0.10000000000000001,0.29309895833333327
,131.01120035546876,298.50539305377288,0.10000000000000001,0.2971679687499999
,131.11120890468749,296.31045174054844,0,0.29615071614583327
,131.2112174140625,289.24058694689495,0.10000000000000001,0.29615071614583327
,131.31122596328123,298.14996493910542,0.10000000000000001,0.2971679687499999
,131.41123455312504,295.88201532687367,0,0.29615071614583327
,131.51124310234377,289.86674941377879,0.10000000000000001,0.2971679687499999
,131.61125165234375,299.67636446637277,0.10000000000000001,0.29818522135416659
,131.71126016171877,295.16106424829985,0.10000000000000001,0.29513346354166659
,131.8112687109375,295.04613894505235,0,0.29615071614583327
,131.91127730078131,289.16754021319036,0.10000000000000001,0.29513346354166659
,132.01128585156255,298.69356952169625,0.10000000000000001,0.29615071614583327
,132.11129440234379,300.43970720154493,0,0.29818522135416659
,132.21130291328132,292.24692546270052,0,0.2971679687499999
,132.31131146406256,292.37223031090213,0.10000000000000001,0.2971679687499999
,132.41132005468751,305.08439696273206,0,0.3002197265624999
,132.51132860546875,295.39092225401652,0,0.29818522135416659
,132.61133715703124,295.33868093429118,0.10000000000000001,0.3002197265624999
,132.71134566718752,304.25775254542543,0.10000000000000001,0.30123697916666659
,132.81135421796876,298.95493556716303,0,0.29818522135416659
,132.91136281015622,293.04057612933047,0.10000000000000001,0.3002197265624999
,133.01137136171872,302.8976562496303,0.10000000000000001,0.30225423177083327
,133.11137991328121,301.29727034838703,0,0.30123697916666659
,133.21138842421874,296.20595197954071,0.10000000000000001,0.30428873697916659
,133.31139697578124,302.57336446388257,0.10000000000000001,0.3032714843749999
,133.41140556796881,302.24908803868072,0,0.30530598958333327
,133.51141411953131,297.27194133862918,0.10000000000000001,0.3063232421874999
,133.61142267109381,303.01273118493742,0.10000000000000001,0.30530598958333327
,133.71143118281248,301.9457467470005,0,0.3063232421874999
,133.81143973437497,294.76406008362289,0.10000000000000001,0.30530598958333327
,133.91144832421878,302.2595483268268,0.10000000000000001,0.30530598958333327
,134.01145687343751,305.44019591697514,0,0.30734049479166659
,134.11146542265624,298.6517520145407,0,0.30734049479166659
,134.21147393281251,298.77720541504368,0.10000000000000001,0.30835774739583327
,134.31148248203124,309.69005322245982,0,0.31039225260416659
,134.41149107187505,300.07370932003806,0,0.30937499999999996
,134.51149962109378,299.89594663675751,0.10000000000000001,0.31039225260416659
,134.61150817109376,309.84710693573857,0.10000000000000001,0.31242675781249996
,134.71151668046878,304.3937763080657,0,0.30835774739583327
,134.8115252296875,296.48810585962769,0.10000000000000001,0.30835774739583327
,134.91153381953131,306.00532207873175,0.10000000000000001,0.30937499999999996
,135.01154236875004,305.68089278719913,0,0.30937499999999996
,135.11155091875003,299.65545228568379,0.10000000000000001,0.31140950520833327
,135.21155942812504,308.69544117573207,0.10000000000000001,0.31242675781249996
,135.31156797734377,305.75414983844195,0,0.31039225260416659
,135.41157656718747,301.23451796239306,0.10000000000000001,0.31344401041666659
,135.51158511640631,308.09872648799796,0.10000000000000001,0.31242675781249996
,135.61159366562504,306.50769045480791,0,0.31242675781249996
,135.71160217500005,299.38360041468405,0.10000000000000001,0.31140950520833327
,135.81161072500004,305.33554744694931,0.10000000000000001,0.30937499999999996
,135.91161931562499,305.89020047078088,0.10000000000000001,0.31039225260416659
,136.01162786640623,306.98915616213384,0,0.31140950520833327
,136.11163641718747,299.77047015657809,0,0.31039225260416659
,136.21164492734374,302.57336446388257,0.10000000000000001,0.31242675781249996
,136.31165347812498,310.92561110259675,0,0.31039225260416659
,136.4116620695313,302.76166106216937,0,0.31039225260416659
,136.51167062031254,303.78692066520375,0.10000000000000001,0.31140950520833327
,136.61167917031253,311.84714273191508,0,0.31039225260416659
,136.71168768125005,301.90390764545072,0,0.30835774739583327
,136.81169622890627,301.99804599210739,0.10000000000000001,0.30937499999999996
,136.91170481718757,309.99369273480261,0.10000000000000001,0.30734049479166659
,137.01171336484379,309.78428513890293,0,0.30937499999999996
,137.11172191328126,302.81396658687828,0,0.30937499999999996
,137.21173042109376,301.82023022950511,0.10000000000000001,0.30835774739583327
,137.31173896874998,312.44408648835156,0.10000000000000001,0.30937499999999996
,137.41174755703128,309.82616629075511,0,0.30835774739583327
,137.51175610468749,301.10901500572385,0.10000000000000001,0.30734049479166659
,137.61176465234382,310.62194267363469,0.10000000000000001,0.30835774739583327
,137.71177316171872,306.20417244339268,0,0.30530598958333327
,137.81178171328122,298.6203890767905,0.10000000000000001,0.30428873697916659
,137.91179030468754,308.87341644971463,0.10000000000000001,0.30530598958333327
,138.01179885625004,308.21387880797903,0,0.30428873697916659
,138.11180740781253,301.86206880615026,0,0.30428873697916659
,138.21181591875006,303.21150145660204,0.10000000000000001,0.30428873697916659
,138.31182447031256,310.9151396251105,0,0.3032714843749999
,138.41183306171877,305.16811287055015,0,0.30530598958333327
,138.51184161328126,303.73460790662028,0.10000000000000001,0.3032714843749999
,138.6118501640625,312.29746570823909,0.10000000000000001,0.30428873697916659
,138.71185867421877,310.08792764384202,0,0.3032714843749999
,138.81186722500001,300.13645029938181,0.10000000000000001,0.3002197265624999
,138.91187581484371,308.33950124691819,0.10000000000000001,0.30123697916666659
,139.01188436484381,310.40205061518225,0,0.30225423177083327
,139.11189291562505,301.53782673817943,0,0.3002197265624999
,139.21190142578132,303.58813421679093,0.10000000000000001,0.30225423177083327
,139.3119099757813,313.17721902038301,0.10000000000000001,0.30225423177083327
,139.411918565625,309.97275176914104,0,0.30123697916666659
,139.51192711640624,303.4416635385266,0.10000000000000001,0.30225423177083327
,139.61193566640623,310.87325382346114,0.10000000000000001,0.30123697916666659
,139.71194417812501,308.21387880797903,0,0.3002197265624999
,139.81195273046876,301.80977062643126,0.10000000000000001,0.3002197265624999
,139.91196132265623,309.17702938229314,0.10000000000000001,0.29920247395833327
,140.01196987499998,310.28687101837068,0,0.3002197265624999
,140.11197842656247,304.45655735475634,0,0.30123697916666659
,140.21198693906251,303.61952118311342,0.10000000000000001,0.29920247395833327
,140.31199549062501,314.08846196279006,0.10000000000000001,0.30123697916666659
,140.41200408281247,312.59070920137464,0.10000000000000001,0.30123697916666659
,140.51201263515622,309.44924260135537,0,0.3002197265624999
,140.61202118437507,303.35796736697193,0.10000000000000001,0.30123697916666659
,140.71202968906255,310.25545863624478,0.10000000000000001,0.29920247395833327
,140.81203823359374,308.22434727590149,0,0.29818522135416659
,140.91204681796876,303.02319263711837,0.10000000000000001,0.29818522135416659
,141.01205536250006,312.22415604868024,0.10000000000000001,0.29920247395833327
,141.11206390703126,311.58533571628863,0,0.29920247395833327
,141.21207241171874,306.13091120256706,0.10000000000000001,0.30123697916666659
,141.31208095625004,311.88903245086522,0.10000000000000001,0.29818522135416659
,141.41208954062506,312.65354809417698,0,0.30123697916666659
,141.51209808515625,306.1518429167441,0,0.3002197265624999
,141.61210663281247,304.95882483575275,0,0.29920247395833327
,141.71211514218749,307.26130141591642,0.10000000000000001,0.29818522135416659
,141.81212369140621,316.11018702325509,0,0.29818522135416659
,141.91213228125002,306.57048871478429,0,0.29615071614583327
,142.01214083046875,309.01998694957359,0.10000000000000001,0.29920247395833327
,142.11214938046874,316.75971502881305,0,0.29920247395833327
,142.21215788984375,308.22434727590149,0,0.29920247395833327
,142.31216647890631,308.03591677281128,0.10000000000000001,0.29920247395833327
,142.41217498828132,316.53971045835453,0.10000000000000001,0.29920247395833327
,142.51218353828131,314.9369206929893,0,0.3002197265624999
,142.61219213046877,307.32410542882332,0.10000000000000001,0.3002197265624999
,142.71220064218755,311.73194685066545,0.10000000000000001,0.2971679687499999
,142.81220923359376,311.89950490614717,0.10000000000000001,0.29818522135416659
,142.91221774531255,311.87856000579444,0,0.2971679687499999
,143.0122262976563,305.61810157803887,0,0.2971679687499999
,143.11223488906251,309.41783297653234,0.10000000000000001,0.29920247395833327
,143.21224340156255,319.60955999519075,0,0.3002197265624999
,143.31225199296875,309.86804762669038,0,0.29818522135416659
,143.41226050468754,311.48061472465031,0.10000000000000001,0.30123697916666659
,143.51226905468752,319.00183490780302,0,0.3002197265624999
,143.61227764296882,310.3811087697494,0,0.3002197265624999
,143.71228615078121,309.18749897333817,0.10000000000000001,0.29920247395833327
,143.81229473906251,316.99019937940494,0.10000000000000001,0.29818522135416659
,143.91230324687513,316.30923291997595,0.10000000000000001,0.29818522135416659
,144.01231179453134,316.63399774237018,0,0.3002197265624999
,144.11232038281241,308.28715834580464,0,0.29818522135416659
,144.21232889062503,311.29211958204377,0.10000000000000001,0.30123697916666659
,144.31233747812507,319.66195094508214,0,0.3002197265624999
,144.41234598593746,312.69544088406298,0,0.3002197265624999
,144.51235453906247,312.94680086894056,0.10000000000000001,0.30123697916666659
,144.61236313281256,320.09156164195474,0,0.3002197265624999
,144.712371646875,310.39157968689022,0,0.29818522135416659
,144.81238024140634,310.46487641874353,0.10000000000000001,0.29818522135416659
,144.91238875546878,319.45238794654517,0,0.29818522135416659
,145.01239730937505,314.26652886555996,0,0.3002197265624999
,145.11240590390616,313.78470667904378,0,0.29920247395833327
,145.21241441796883,314.62267019141916,0.10000000000000001,0.3002197265624999
,145.31242301249995,324.44045542729509,0,0.30225423177083327
,145.41243152656261,314.53887134017884,0,0.30123697916666659
,145.51244007968762,313.7951808738747,0.10000000000000001,0.30123697916666659
,145.61244867343748,323.57063056803668,0.10000000000000001,0.30428873697916659
,145.71245718671867,318.37317399462012,0,0.30123697916666659
,145.81246578046876,310.76854007970684,0.10000000000000001,0.30123697916666659
,145.91247429374994,319.89247268287733,0.10000000000000001,0.30225423177083327
,146.01248284687495,319.59908182113952,0,0.30225423177083327
,146.11249144062504,313.7951808738747,0.10000000000000001,0.30428873697916659
,146.21249995390622,322.08254315832153,0.10000000000000001,0.30530598958333327
,146.31250854687505,319.16948134617661,0,0.3032714843749999
,146.41251705859372,314.18273236042006,0.10000000000000001,0.30530598958333327
,146.51252560781245,321.76816750121225,0.10000000000000001,0.30530598958333327
,146.612534196875,320.99272309070057,0,0.30530598958333327
,146.71254270624991,313.38669401683291,0.10000000000000001,0.30530598958333327
,146.81255129531246,319.69338557848505,0.10000000000000001,0.30428873697916659
,146.91255980468759,320.6364458019994,0,0.30530598958333327
,147.01256835390632,316.14161514286195,0,0.3063232421874999
,147.11257694296887,315.3454574687542,0.10000000000000001,0.30428873697916659
,147.21258545234377,327.67882395186598,0.10000000000000001,0.30835774739583327
,147.31259404140633,323.66494806519955,0,0.3063232421874999
,147.41260255156249,316.53971045835453,0,0.3063232421874999
,147.51261110156247,318.66654643989614,0.10000000000000001,0.30835774739583327
,147.61261969296879,326.86136240520062,0,0.30835774739583327
,147.71262820312495,317.10544282687266,0,0.3063232421874999
,147.81263679375002,317.39879353718629,0.10000000000000001,0.3063232421874999
,147.91264530468743,325.78190091402462,0,0.3063232421874999
,148.01265385546867,319.79816803100886,0,0.30835774739583327
,148.11266244609374,319.57812548901768,0.10000000000000001,0.30734049479166659
,148.21267095625012,327.33297452623071,0.10000000000000001,0.30835774739583327
,148.31267954687496,325.8657421529843,0,0.30835774739583327
,148.41268805937511,317.6607182740629,0.10000000000000001,0.30835774739583327
,148.51269661093761,324.91205390135235,0.10000000000000001,0.30937499999999996
,148.61270520312496,325.53037774061863,0.10000000000000001,0.31039225260416659
,148.71271371484386,322.29212881124698,0,0.30734049479166659
,148.81272230624995,315.11499929945523,0.10000000000000001,0.3063232421874999
,148.91273081796885,325.63517896036797,0.10000000000000001,0.30734049479166659
,149.0127393703126,325.17405478549824,0,0.30734049479166659
,149.1127479617187,319.52573475224432,0.10000000000000001,0.30835774739583327
,149.21275647343759,328.84213562761261,0.10000000000000001,0.31039225260416659
,149.31276506484369,324.79677388922101,0,0.30734049479166659
,149.41277357578133,320.41639485884383,0.10000000000000001,0.31039225260416659
,149.51278212734383,328.03515385423236,0.10000000000000001,0.30937499999999996
,149.61279071874992,326.55743529718148,0.10000000000000001,0.30937499999999996
,149.71279923046882,326.95568473693385,0,0.31039225260416659
,149.81280782187491,316.21494768496092,0,0.3063232421874999
,149.91281633281255,318.88657882697561,0.10000000000000001,0.30734049479166659
,150.01282488437505,331.92328133780416,0,0.30937499999999996
,150.11283347578137,322.03014697679703,0,0.3063232421874999
,150.21284198750004,323.26672019511585,0.10000000000000001,0.30937499999999996
,150.31285057890636,331.88136207122977,0,0.30835774739583327
,150.41285909062503,322.51219529866944,0,0.30734049479166659
,150.51286764296879,323.73830627171935,0.10000000000000001,0.30937499999999996
,150.61287623515636,331.99663995671835,0.10000000000000001,0.30835774739583327
,150.71288474687503,327.52161963010889,0,0.3063232421874999
,150.81289333906261,320.53165937831227,0.10000000000000001,0.30734049479166659
,150.91290185078128,327.37489565086554,0.10000000000000001,0.30530598958333327
,151.01291040234378,328.91549748493566,0,0.30734049479166659
,151.11291899453136,322.83705812759308,0,0.30734049479166659
,151.21292750625003,322.67986603276796,0.10000000000000001,0.3063232421874999
,151.31293609921886,333.08652333799705,0,0.30835774739583327
,151.41294461093753,325.22645509823428,0,0.30734049479166659
,151.51295316328128,323.15144449462247,0.10000000000000001,0.30734049479166659
,151.61296175546886,334.10301751094102,0.10000000000000001,0.30937499999999996
,151.71297026796879,329.18798410048902,0.10000000000000001,0.3063232421874999
,151.81297886015636,325.99150416949067,0,0.30530598958333327
,151.91298737187503,320.86697756618656,0.10000000000000001,0.3063232421874999
,152.01299592421879,328.9469382718006,0.10000000000000001,0.3063232421874999
,152.11300451640636,329.68055462233724,0,0.3063232421874999
,152.21301302890629,324.24133739564985,0,0.30734049479166659
,152.31302162031261,321.71577189835398,0.10000000000000001,0.30428873697916659
,152.41303013046877,333.96678833373443,0.10000000000000001,0.30734049479166659
,152.51303868125001,332.68830041814658,0,0.30734049479166659
,152.61304727187508,321.71577189835398,0.10000000000000001,0.30428873697916659
,152.71305578281249,330.26744391651715,0.10000000000000001,0.3063232421874999
,152.81306437343756,327.67882395186598,0,0.3032714843749999
,152.91307288437497,320.79362630981217,0,0.30225423177083327
,153.01308143515621,325.13213456708439,0.10000000000000001,0.30428873697916659
,153.11309002578128,333.64193156326127,0,0.30428873697916659
,153.21309853593743,326.31639018097286,0,0.30428873697916659
,153.31310712421873,325.26837537967629,0.10000000000000001,0.3032714843749999
,153.41311563281261,333.90391311020795,0.10000000000000001,0.30428873697916659
,153.51312418203133,332.38439050686316,0,0.30530598958333327
,153.6131327703124,323.96886148056444,0.10000000000000001,0.30428873697916659
,153.71314127890628,328.9469382718006,0.10000000000000001,0.30225423177083327
,153.81314986796883,329.14606311458175,0,0.30225423177083327
,153.91315837656248,321.81008405448353,0,0.3002197265624999
,154.01316692499995,323.59158999248575,0,0.30123697916666659
,154.1131755140625,327.52161963010889,0.10000000000000001,0.30225423177083327
,154.21318402343741,336.5969278898832,0,0.30225423177083327
,154.31319261328122,325.41509657703557,0,0.3002197265624999
,154.4132011234376,326.14870694106554,0.10000000000000001,0.30225423177083327
,154.51320967421884,333.65241086921486,0,0.30123697916666659
,154.61321826406243,324.90157389044219,0,0.30123697916666659
,154.71322677421881,323.4239149124756,0.10000000000000001,0.3002197265624999
,154.81323536484388,330.47704617379787,0.10000000000000001,0.29818522135416659
,154.91324387500003,330.19408298412912,0,0.29920247395833327
,155.01325242500002,324.00030092394161,0.10000000000000001,0.29920247395833327
,155.11326101484383,331.36784793673968,0.10000000000000001,0.29920247395833327
,155.21326952187496,332.20623530782814,0.10000000000000001,0.30123697916666659
,155.31327810937501,328.64301045188336,0,0.29818522135416659
,155.41328661640637,322.87897614432774,0.10000000000000001,0.3002197265624999
,155.51329516328133,332.48918730411731,0.10000000000000001,0.30123697916666659
,155.61330375078137,330.15216241971245,0,0.29920247395833327
,155.7133122578125,323.2981590855814,0.10000000000000001,0.29920247395833327
,155.81332084531255,330.57136698258324,0.10000000000000001,0.29818522135416659
,155.91332935234368,329.35566791328881,0,0.2971679687499999
,156.01333790000012,325.83430167824451,0.10000000000000001,0.29920247395833327
,156.11334649062496,332.78261677955925,0.10000000000000001,0.29818522135416659
,156.21335500390637,331.61936576515899,0.10000000000000001,0.29920247395833327
,156.31336359687498,331.59840599623863,0,0.29920247395833327
,156.41337211015616,323.71734677062238,0,0.29818522135416659
,156.51338066328117,325.56181809067641,0.10000000000000001,0.29920247395833327
,156.61338925703126,337.39324153885883,0,0.3002197265624999
,156.71339777031244,326.03342488209898,0,0.2971679687499999
,156.81340636328127,325.45701697803327,0.10000000000000001,0.2971679687499999
,156.91341487656246,335.95775839140487,0.10000000000000001,0.2971679687499999
,157.01342342968746,333.52665896059693,0,0.2971679687499999
,157.11343202187504,326.89280317646569,0.10000000000000001,0.29818522135416659
,157.21344053359371,333.99822589400696,0.10000000000000001,0.29818522135416659
,157.31344912500003,332.01759953904997,0,0.29615071614583327
,157.41345763593745,327.1967309165243,0,0.29818522135416659
,157.51346618749994,326.41071212202434,0.10000000000000001,0.2971679687499999
,157.61347477890627,337.69708912315161,0.10000000000000001,0.29920247395833327
,157.71348328984368,334.80511094308298,0,0.2971679687499999
,157.81349188125,323.54967115475142,0.10000000000000001,0.2941162109374999
,157.91350039296867,334.15541317331952,0.10000000000000001,0.2971679687499999
,158.01350894374991,334.45930604673401,0,0.29615071614583327
,158.11351753359372,326.97664526220882,0,0.2971679687499999
,158.21352604375011,329.29278650895287,0.10000000000000001,0.29920247395833327
,158.31353463359369,337.28846533667627,0,0.2971679687499999
,158.41354314296882,328.96789879320022,0,0.2971679687499999
,158.5135516929688,329.50239106190656,0,0.29818522135416659
,158.61356028281261,329.25086555548626,0.10000000000000001,0.29615071614583327
,158.71356879296877,338.50383126234857,0,0.2971679687499999
,158.81357738281258,329.03078034156277,0,0.29615071614583327
,158.91358589218748,326.28494955241086,0.10000000000000001,0.2941162109374999
,159.01359444531249,339.40482106370001,0.10000000000000001,0.29818522135416659
,159.11360304140635,336.15684606763057,0,0.29615071614583327
,159.21361155781256,327.11288873432244,0.10000000000000001,0.29615071614583327
,159.31362015390619,335.68531966433807,0.10000000000000001,0.2971679687499999
,159.41362867031262,334.09253836671871,0,0.29615071614583327
,159.51363722578117,326.70415864578189,0.10000000000000001,0.29513346354166659
,159.61364582265628,335.46527057497042,0.10000000000000001,0.29615071614583327
,159.71365433828123,332.25863397846376,0.10000000000000001,0.29309895833333327
,159.81366293437509,331.96520056392751,0,0.29309895833333327
,159.91367145078129,326.59935623702825,0.10000000000000001,0.29309895833333327
,160.01367999921877,335.72723353329957,0.10000000000000001,0.29309895833333327
,160.11368858593755,337.01604446200378,0,0.2941162109374999
,160.21369709296869,330.39320534520931,0,0.2941162109374999
,160.31370567968747,328.50676681543655,0.10000000000000001,0.29208170572916659
,160.41371418671883,341.78274740998421,0.10000000000000001,0.29615071614583327
,160.5137227335938,338.76575217090198,0,0.29309895833333327
,160.61373132031258,328.8526158947106,0.10000000000000001,0.29309895833333327
,160.71373982734372,337.22559933131947,0.10000000000000001,0.29309895833333327
,160.8137484140625,334.41738999126977,0,0.2910644531249999
,160.91375692265638,328.38100340477263,0,0.2910644531249999
,161.01376547343762,332.13287705541069,0.10000000000000001,0.29309895833333327
,161.11377406484371,341.82464539809632,0,0.29309895833333327
,161.2137825750001,334.72127987897363,0,0.2941162109374999
,161.31379116640619,332.38439050686316,0.10000000000000001,0.29309895833333327
,161.41379967656258,342.12840161033921,0.10000000000000001,0.2941162109374999
,161.51380822812507,340.97618449458406,0,0.29513346354166659
,161.61381681874991,331.25256850761969,0.10000000000000001,0.29309895833333327
,161.71382532968755,336.90078830213616,0.10000000000000001,0.29208170572916659
,161.81383392031262,337.1103444403837,0,0.29208170572916659
,161.91384243046878,329.39758883164779,0,0.29004720052083327
,162.01385098046876,332.67782080728222,0.10000000000000001,0.29309895833333327
,162.11385957109383,345.11316858252997,0,0.29513346354166659
,162.21386808124998,334.89942055730961,0,0.29309895833333327
,162.31387667109379,333.42186531322193,0.10000000000000001,0.29309895833333327
,162.41388518124995,343.78321347576389,0.10000000000000001,0.2941162109374999
,162.51389373124994,340.88190767563589,0,0.29309895833333327
,162.61390232109375,333.37994775655665,0.10000000000000001,0.2941162109374999
,162.7139108312499,338.07427199747667,0.10000000000000001,0.2910644531249999
,162.81391942187497,337.03700005309173,0,0.2910644531249999
,162.91392792656256,331.99663995671835,0.10000000000000001,0.29208170572916659
,163.01393647109376,341.13331104724045,0.10000000000000001,0.29208170572916659
,163.11394505546878,341.46850809010868,0,0.29309895833333327
,163.21395356015637,335.24521938426398,0,0.29309895833333327
,163.31396214453116,333.02364633893188,0.10000000000000001,0.2910644531249999
,163.41397064921875,346.27542888960039,0.10000000000000001,0.29513346354166659
,163.51397919296869,343.35382306435497,0,0.29309895833333327
,163.61398777812497,333.29611247804547,0.10000000000000001,0.29208170572916659
,163.7139962820313,342.27503986698133,0.10000000000000001,0.29309895833333327
,163.81400486718758,338.60860013159635,0,0.29004720052083327
,163.9140133726562,332.04903889312112,0,0.29004720052083327
,164.01402191796888,336.7540976536971,0.10000000000000001,0.29208170572916659
,164.11403050312492,346.03461147148357,0.10000000000000001,0.29208170572916659
,164.21403900859377,344.86185136088824,0,0.2941162109374999
,164.3140475945313,335.81106103417733,0.10000000000000001,0.29208170572916659
,164.41405609921867,342.74636507907007,0.10000000000000001,0.29208170572916659
,164.5140646453126,343.52139201176982,0,0.29309895833333327
,164.61407323046888,335.95775839140487,0,0.29309895833333327
,164.7140817359375,333.78864151457884,0.10000000000000001,0.29004720052083327
,164.81409032500005,345.3330660802248,0.10000000000000001,0.2910644531249999
,164.91409883671872,342.25409165224198,0,0.2880126953124999
,165.01410738906247,335.80058261393668,0.10000000000000001,0.28902994791666659
,165.11411598125005,345.5215458356102,0.10000000000000001,0.29004720052083327
,165.21412449296872,343.54233795489711,0,0.2880126953124999
,165.3141330851563,335.87393145076169,0.10000000000000001,0.2880126953124999
,165.41414159765623,345.19693961947473,0.10000000000000001,0.28902994791666659
,165.51415014921872,344.07644614348283,0,0.28699544270833327
,165.6141587414063,338.70289153839383,0.10000000000000001,0.28902994791666659
,165.71416725390623,344.66288756487074,0.10000000000000001,0.28699544270833327
,165.81417584531255,342.36930638685595,0,0.2849609374999999
,165.91418435624996,337.72852133870106,0.10000000000000001,0.28597819010416659
,166.01419290781246,346.9245585172892,0.10000000000000001,0.28699544270833327
,166.11420149843752,347.41661042130721,0,0.2880126953124999
,166.21421001015619,340.96570932520552,0,0.2880126953124999
,166.31421860078126,338.65050749112402,0.10000000000000001,0.28597819010416659
,166.41422711249993,351.91703610234333,0.10000000000000001,0.2910644531249999
,166.51423566328117,349.63573609993909,0,0.28902994791666659
,166.61424425468749,339.49910767514268,0.10000000000000001,0.28902994791666659
,166.71425276640616,348.60998541322476,0.10000000000000001,0.2910644531249999
,166.81426135546872,346.02414101282881,0,0.2880126953124999
,166.91426986484385,339.15338725001953,0.10000000000000001,0.28902994791666659
,167.01427841406257,351.06947581917763,0.10000000000000001,0.29208170572916659
,167.11428700312513,348.42156864274784,0,0.2910644531249999
,167.21429551250003,342.64162774882936,0.10000000000000001,0.29309895833333327
,167.31430410156258,349.98111315281989,0.10000000000000001,0.29208170572916659
,167.41431261093749,348.6309203537221,0.10000000000000001,0.29208170572916659
,167.51432116015621,349.12287654293073,0,0.2941162109374999
,167.61432974921877,341.90844095501421,0,0.29309895833333327
,167.71433825937493,340.26385462924634,0.10000000000000001,0.2910644531249999
,167.81434684999999,351.87518352565939,0.10000000000000001,0.29208170572916659
,167.91435536015638,349.49967443781031,0,0.29004720052083327
,168.01436391015636,343.30145725957743,0.10000000000000001,0.29208170572916659
,168.1143725007812,352.68080364313994,0.10000000000000001,0.29309895833333327
,168.21438101015633,351.41478966785502,0,0.29309895833333327
,168.31438960078117,343.3957155342236,0.10000000000000001,0.29309895833333327
,168.41439811093755,352.67034161742578,0.10000000000000001,0.2941162109374999
,168.51440666093754,351.12179710578999,0,0.2941162109374999
,168.6144152515626,345.32259487907123,0.10000000000000001,0.29513346354166659
,168.71442376093751,350.10670113219413,0.10000000000000001,0.29309895833333327
,168.81443235078132,348.98680643301765,0,0.29309895833333327
,168.91444086093748,344.18117018301899,0.10000000000000001,0.29309895833333327
,169.0144494101562,352.82727039985429,0.10000000000000001,0.2941162109374999
,169.11445800000001,353.4863333861208,0,0.29513346354166659
,169.21446651015617,347.27004454159999,0,0.29513346354166659
,169.31447509999998,344.84090798262395,0.10000000000000001,0.29309895833333327
,169.41448360937511,358.85053529973237,0.10000000000000001,0.2971679687499999
,169.5144921593751,355.9337237802996,0.10000000000000001,0.29615071614583327
,169.61450074999993,351.92749920953543,0,0.29615071614583327
,169.71450926015632,345.17599692485157,0.10000000000000001,0.29513346354166659
,169.81451785156241,352.00074054503216,0.10000000000000001,0.2941162109374999
,169.91452636250006,351.8647203445401,0,0.2941162109374999
,170.0145349132813,348.70419224014233,0,0.29615071614583327
,170.11454350390636,348.03425458894856,0.10000000000000001,0.29513346354166659
,170.21455201484378,360.12553574179788,0.10000000000000001,0.29818522135416659
,170.3145606062501,357.16752730487389,0,0.2971679687499999
,170.41456911718751,347.52129888075581,0.10000000000000001,0.29615071614583327
,170.51457766796875,356.57156783281437,0.10000000000000001,0.29920247395833327
,170.61458625859382,355.48405766062518,0,0.29818522135416659
,170.71459476874998,346.13931543561984,0,0.29615071614583327
,170.81460335859379,347.2281681416934,0.10000000000000001,0.29615071614583327
,170.91461186874994,358.16066396070778,0.10000000000000001,0.29615071614583327
,171.01462041874993,358.01431727376132,0,0.2971679687499999
,171.11462900937499,350.46252296553246,0,0.29818522135416659
,171.21463751953138,349.41594305993061,0.10000000000000001,0.2971679687499999
,171.31464610937496,359.9269888712069,0.10000000000000001,0.29818522135416659
,171.41465461953135,359.26859949564999,0,0.29920247395833327
,171.51466316953133,348.62045288989879,0.10000000000000001,0.2971679687499999
,171.61467176171868,358.33836581064281,0.10000000000000001,0.3002197265624999
,171.71468027265632,355.65137895306634,0,0.2971679687499999
,171.81468886484367,345.91943580630686,0.10000000000000001,0.29513346354166659
,171.91469737578132,357.34525844986752,0.10000000000000001,0.29818522135416659
,172.01470592734381,357.90978173072085,0.10000000000000001,0.2971679687499999
,172.11471451874991,356.09057663442911,0,0.2971679687499999
,172.2147230304688,351.69730744247187,0.10000000000000001,0.3002197265624999
,172.31473162187513,357.04206692524463,0.10000000000000001,0.2971679687499999
,172.4147401335938,358.01431727376132,0,0.29920247395833327
,172.51474868515629,352.56572052325799,0,0.29920247395833327
,172.61475727578136,350.57763835468796,0.10000000000000001,0.2971679687499999
,172.71476578671877,362.34041547278832,0.10000000000000001,0.29920247395833327
,172.81477437734384,359.03866792282707,0,0.2971679687499999
,172.9147828875,348.91353699659788,0.10000000000000001,0.29615071614583327
,173.01479143828124,360.79427330091215,0.10000000000000001,0.29920247395833327
,173.1148000289063,359.59257837603269,0,0.2971679687499999
,173.21480853906246,351.49849974582287,0.10000000000000001,0.2971679687499999
,173.31481712968753,360.66889114746112,0.10000000000000001,0.29920247395833327
,173.41482564062494,359.01776459911048,0,0.29818522135416659
,173.51483419062492,352.2727734053808,0.10000000000000001,0.29920247395833327
,173.61484277968748,361.35845752945835,0.10000000000000001,0.29920247395833327
,173.71485128828135,357.59616418862078,0,0.29615071614583327
,173.81485987734368,350.57763835468796,0.10000000000000001,0.2971679687499999
,173.91486838593755,360.29272766079373,0.10000000000000001,0.2971679687499999
,174.01487693515628,359.80158724688494,0,0.29615071614583327
,174.11488552421883,354.22901210085428,0,0.29818522135416659
,174.21489403281248,354.50095871729809,0,0.2971679687499999
,174.31490262187504,355.20169320656737,0.10000000000000001,0.29615071614583327
,174.41491113124994,368.22816944636781,0,0.3002197265624999
,174.51491967890615,356.0696631437396,0,0.29615071614583327
,174.61492826562494,353.29803597215414,0.10000000000000001,0.2971679687499999
,174.7149367726563,363.28041699417787,0.10000000000000001,0.2971679687499999
,174.81494535937509,357.7529750003697,0,0.29309895833333327
,174.91495386562497,352.01120353362285,0.10000000000000001,0.2941162109374999
,175.01496241249993,362.08971997269072,0.10000000000000001,0.29615071614583327
,175.11497099921871,363.14464949149351,0,0.29818522135416659
,175.21497950625007,357.42889484642217,0,0.3002197265624999
,175.31498809296886,353.82107175354008,0,0.2971679687499999
,175.41499659999999,355.31673205267248,0.10000000000000001,0.2971679687499999
,175.5150051460937,365.69229343622271,0,0.2971679687499999
,175.61501373203123,352.64941752029284,0,0.29309895833333327
,175.71502223828134,351.21597451828535,0.10000000000000001,0.29309895833333327
,175.81503082421887,362.4657587657012,0.10000000000000001,0.2941162109374999
,175.91503932968749,358.86098727182463,0,0.2910644531249999
,176.01504787578119,353.77923034415608,0.10000000000000001,0.2941162109374999
,176.11505646171872,361.94347546699896,0.10000000000000001,0.2941162109374999
,176.21506496796883,359.75978608809788,0,0.29309895833333327
,176.31507355390636,352.78542306091214,0.10000000000000001,0.29309895833333327
,176.41508206171875,360.86741157299639,0.10000000000000001,0.29309895833333327
,176.51509061093748,360.29272766079373,0.10000000000000001,0.29309895833333327
,176.61509920000003,360.76292802974098,0,0.2941162109374999
,176.71510770937493,350.11716670802315,0,0.2910644531249999
,176.81511629843749,351.02761853243555,0.10000000000000001,0.2910644531249999
,176.91512480781262,364.20980552179822,0,0.29208170572916659
,177.01513335703135,355.97555158538933,0,0.2910644531249999
,177.11514194609367,356.39381449294206,0.10000000000000001,0.29309895833333327
,177.2151504554688,367.06997555363461,0,0.2941162109374999
,177.31515904453136,355.65137895306634,0,0.29208170572916659
,177.41516755234375,357.36616765658891,0.10000000000000001,0.29513346354166659
,177.51517609999996,366.31856176990368,0,0.29513346354166659
,177.61518468828126,356.67612626373227,0,0.29513346354166659
,177.71519319609388,354.89839931285604,0.10000000000000001,0.2941162109374999
,177.81520178359369,362.47620390553396,0.10000000000000001,0.29309895833333327
,177.91521029140631,361.21219314390112,0,0.29309895833333327
,178.01521883906253,354.54279568323449,0.10000000000000001,0.2941162109374999
,178.11522742734383,361.21219314390112,0.10000000000000001,0.29309895833333327
,178.21523593515622,362.6433233197327,0,0.29513346354166659
,178.31524452343751,353.40264627289065,0,0.29309895833333327
,178.4152530367187,353.39218531319523,0.10000000000000001,0.29309895833333327
,178.5152615898437,366.53773639603867,0,0.29615071614583327
,178.61527018281254,355.90235274677104,0,0.29309895833333327
,178.71527869531246,353.28757485617371,0,0.29208170572916659
,178.81528728906255,355.76640982560338,0.10000000000000001,0.2910644531249999
,178.91529580156248,364.82582272504857,0,0.2910644531249999
,179.01530435468749,358.74601454844498,0,0.29309895833333327
,179.11531294765632,357.12570746280397,0.10000000000000001,0.29309895833333327
,179.2153214609375,365.68185494337075,0.10000000000000001,0.29309895833333327
,179.31533005234382,362.39264220689546,0,0.29309895833333327
,179.41533855937496,353.82107175354008,0.10000000000000001,0.29208170572916659
,179.51534710703118,361.69276128635397,0.10000000000000001,0.29309895833333327
,179.61535569531247,362.62243368396565,0,0.2941162109374999
,179.71536420234384,352.33554878269911,0,0.2910644531249999
,179.81537279062491,353.66416515945707,0.10000000000000001,0.29208170572916659
,179.91538129765627,366.77777322491465,0.10000000000000001,0.2941162109374999
,180.01538984609374,364.29333772029429,0,0.29208170572916659
,180.11539843359378,356.09057663442911,0.10000000000000001,0.2941162109374999
,180.21540694140617,364.52304409788354,0.10000000000000001,0.2941162109374999
,180.31541553359375,359.01776459911048,0,0.2910644531249999
,180.41542404609368,354.3022295752105,0.10000000000000001,0.29309895833333327
,180.51543259999994,362.66421287222022,0.10000000000000001,0.29208170572916659
,180.61544119296877,361.5882935875311,0,0.29208170572916659
,180.71544970624996,355.03436037161225,0.10000000000000001,0.2910644531249999
,180.81545829921879,360.89875624895581,0.10000000000000001,0.28902994791666659
,180.91546681249997,362.0270442476052,0,0.29004720052083327
,181.01547536562498,357.97250327564677,0,0.29208170572916659
,181.11548395937507,356.44609540955287,0,0.29004720052083327
,181.21549247109374,359.95833884239687,0.10000000000000001,0.29208170572916659
,181.31550106250006,369.1357390640672,0,0.29208170572916659
,181.41550957265622,359.1013774412574,0,0.2910644531249999
,181.51551812343746,358.43244110184156,0.10000000000000001,0.29208170572916659
,181.61552671406253,367.34129004772205,0.10000000000000001,0.29208170572916659
,181.71553522499994,362.62243368396565,0,0.29004720052083327
,181.81554381562501,354.80427078946997,0.10000000000000001,0.29004720052083327
,181.91555232656242,362.0374902530408,0.10000000000000001,0.28902994791666659
,182.01556087734366,363.91743193277409,0,0.29004720052083327
,182.11556946796873,357.26162090701695,0,0.29004720052083327
,182.21557797968762,356.7597717463068,0,0.28902994791666659
,182.31558657187497,359.83293791358955,0.10000000000000001,0.29004720052083327
,182.41559508515616,370.86691302778064,0,0.29208170572916659
,182.51560363749991,359.46716937153775,0,0.29004720052083327
,182.61561223046874,359.2895019112438,0.10000000000000001,0.29208170572916659
,182.71562074296867,367.28911540255211,0,0.29004720052083327
,182.8156293359375,356.41472691175073,0,0.2880126953124999
,182.91563784843743,357.46025819898705,0.10000000000000001,0.28902994791666659
,183.01564640156244,368.54114494634626,0,0.29004720052083327
,183.11565499375001,360.62709646375839,0,0.29004720052083327
,183.21566350624994,360.68978837082295,0.10000000000000001,0.2910644531249999
,183.31567209765626,367.19519957701215,0,0.29004720052083327
,183.41568060937493,360.51215945701239,0,0.2910644531249999
,183.51568916171868,359.08047434394683,0,0.2910644531249999
,183.615697753125,359.45671849692462,0.10000000000000001,0.29004720052083327
,183.71570626484367,370.50196307144211,0,0.2910644531249999
,183.81571485703125,358.35927156032449,0,0.2880126953124999
,183.91572336874992,356.5506559367434,0.10000000000000001,0.28699544270833327
,184.01573192031242,370.85648631068858,0.10000000000000001,0.2910644531249999
,184.11574051171874,366.74646476155806,0,0.28902994791666659
,184.2157490187501,358.8714392251598,0.10000000000000001,0.29004720052083327
,184.31575760546866,366.52729973733011,0.10000000000000001,0.2910644531249999
,184.41576611171877,364.73185891581267,0,0.29004720052083327
,184.51577465859373,359.00731290898329,0,0.2910644531249999
,184.61578324531251,359.21634312456729,0.10000000000000001,0.29004720052083327
,184.71579175156262,367.86300438621925,0.10000000000000001,0.29004720052083327
,184.81580033828118,366.62122884213846,0,0.29004720052083327
,184.91580884453128,357.96204973044763,0.10000000000000001,0.2880126953124999
,185.01581739140624,367.27868040375012,0.10000000000000001,0.29004720052083327
,185.11582597890629,368.34292961642666,0,0.2910644531249999
,185.21583448671868,359.18498907442432,0,0.29004720052083327
,185.31584307499998,359.5507756806291,0.10000000000000001,0.29004720052083327
,185.41585158281259,372.78499767589631,0,0.29309895833333327
,185.51586013125007,362.60154396496404,0,0.29004720052083327
,185.61586871953136,362.01659822168085,0,0.2910644531249999
,185.71587722734375,362.94621365721059,0.10000000000000001,0.29004720052083327
,185.81588581562505,370.38725821525315,0,0.28902994791666659
,185.91589432343744,363.29086050026586,0,0.28902994791666659
,186.01590287187491,362.37175157526957,0.10000000000000001,0.29004720052083327
,186.11591146406249,372.24301800867482,0.10000000000000001,0.2910644531249999
,186.21591997890619,371.90945747824873,0,0.29208170572916659
,186.31592857265628,359.48807106348085,0,0.28902994791666659
,186.41593708749997,361.10771617613585,0.10000000000000001,0.2910644531249999
,186.51594564140623,373.92084187516508,0,0.29309895833333327
,186.61595423593758,363.36396444993369,0,0.29004720052083327
,186.71596275000002,361.69276128635397,0.10000000000000001,0.2910644531249999
,186.81597134453136,371.63842028473772,0.10000000000000001,0.2910644531249999
,186.9159798585938,368.20730365227621,0,0.28902994791666659
,187.01598841250006,363.5728271458475,0.10000000000000001,0.29208170572916659
,187.11599700234387,371.04416338420413,0.10000000000000001,0.29208170572916659
,187.21600551250003,369.29219818275658,0,0.29208170572916659
,187.31601410156259,362.37175157526957,0.10000000000000001,0.29208170572916659
,187.41602261171874,370.63751947821345,0.10000000000000001,0.29309895833333327
,187.51603116093747,370.60623760389979,0,0.29309895833333327
,187.61603975078128,363.238642758281,0,0.29309895833333327
,187.71604826093744,361.17040259705175,0.10000000000000001,0.2910644531249999
,187.81605685078125,373.19143640689288,0.10000000000000001,0.29309895833333327
,187.91606536015615,370.99203167888493,0.10000000000000001,0.2910644531249999
,188.01607391015636,370.42896941958162,0,0.29309895833333327
,188.11608250156246,365.13902254412005,0,0.29513346354166659
,188.21609101328136,364.37686853022103,0.10000000000000001,0.26461588541666659
,188.31609960468745,374.37925898163542,0.10000000000000001,0.28902994791666659
,188.41610811640635,374.94179109481809,0,0.29615071614583327
,188.51611666796884,364.18892225554032,0,0.29513346354166659
,188.61612525937494,365.48351932511082,0.10000000000000001,0.29615071614583327
,188.71613377109384,375.68129688293016,0,0.2971679687499999
,188.81614236249993,364.54392597311062,0,0.2941162109374999
,188.91615087421883,365.3478113626752,0.10000000000000001,0.29513346354166659
,189.0161594226563,377.20153642072938,0.10000000000000001,0.2971679687499999
,189.11616800937509,374.25424124411632,0,0.2971679687499999
,189.21617651640622,367.76910012928926,0.10000000000000001,0.29920247395833327
,189.31618510312501,373.24354106640419,0.10000000000000001,0.2971679687499999
,189.41619361015637,373.54573516929355,0,0.29920247395833327
,189.51620215703133,367.13258798236672,0,0.3002197265624999
,189.61621074375012,365.90105857622655,0.10000000000000001,0.29920247395833327
,189.71621925078125,377.08701842287331,0.10000000000000001,0.3002197265624999
,189.81622783750004,373.81664900197455,0,0.29818522135416659
,189.91623634453117,364.44995684763347,0.10000000000000001,0.2971679687499999
,190.01624488984385,376.56643956304578,0.10000000000000001,0.30123697916666659
,190.11625347500012,374.87929139555263,0,0.3002197265624999
,190.21626198046874,367.23694017615958,0,0.30123697916666659
,190.31627056562502,368.39509237920953,0.10000000000000001,0.30123697916666659
,190.41627907109387,379.12700876763614,0,0.30225423177083327
,190.51628761640632,371.05458964993142,0,0.30225423177083327
,190.61629620156259,370.15783950794656,0.10000000000000001,0.3032714843749999
,190.71630470703121,377.04537467624766,0.10000000000000001,0.30123697916666659
,190.81631329218749,375.00428982341117,0,0.30123697916666659
,190.91632179921885,365.56703004331456,0.10000000000000001,0.29920247395833327
,191.01633034921883,374.95220761701938,0.10000000000000001,0.3002197265624999
,191.11633893984367,376.23323271285471,0,0.30123697916666659
,191.2163474492188,368.12383952776213,0,0.3002197265624999
,191.31635603906261,367.46650682076711,0,0.29920247395833327
,191.41636454921877,372.81626359898632,0.10000000000000001,0.30123697916666659
,191.51637309921875,381.00989481875968,0,0.3002197265624999
,191.61638168906256,371.51332039735564,0,0.3002197265624999
,191.71639019921872,369.09401571287214,0.10000000000000001,0.29920247395833327
,191.81639878906253,377.13907247762762,0.10000000000000001,0.29818522135416659
,191.9164073007812,376.17075328300268,0,0.29818522135416659
,192.0164158523437,369.17746202839038,0.10000000000000001,0.29818522135416659
,192.11642444453128,376.61850057496218,0.10000000000000001,0.29920247395833327
,192.21643295624995,378.70036655035909,0,0.30123697916666659
,192.31644154843752,368.61416947547718,0,0.29818522135416659
,192.41645006015619,369.31305898658871,0.10000000000000001,0.29920247395833327
,192.51645861171869,382.81904769958237,0.10000000000000001,0.30225423177083327
,192.61646720390627,378.0655171725013,0,0.29920247395833327
,192.71647571562494,368.59330544381226,0.10000000000000001,0.29920247395833327
,192.81648430781252,377.25358893713377,0.10000000000000001,0.3002197265624999
,192.91649281796867,374.19173093598596,0,0.29615071614583327
,193.01650136796866,370.41854165571465,0.10000000000000001,0.29920247395833327
,193.11650995781247,379.83450352425848,0.10000000000000001,0.3002197265624999
,193.21651846796885,378.23204529515033,0,0.29920247395833327
,193.31652705859369,371.6488451103292,0.10000000000000001,0.3002197265624999
,193.41653556875008,379.48077289360077,0.10000000000000001,0.3002197265624999
,193.51654411875006,378.83564857818715,0,0.30123697916666659
,193.61655270859387,371.65926991050901,0,0.30123697916666659
,193.71656121875003,369.03142996142259,0.10000000000000001,0.29818522135416659
,193.8165698093751,380.45865180765855,0.10000000000000001,0.29920247395833327
,193.91657832109377,380.04256464914727,0,0.29920247395833327
,194.01658687343752,371.30481247853584,0,0.29818522135416659
,194.1165954656251,372.97258970579793,0.10000000000000001,0.29920247395833327
,194.21660397734377,384.36753526459398,0,0.30123697916666659
,194.31661256953134,372.83710741787053,0,0.29818522135416659
,194.41662108125001,374.24382292601302,0.10000000000000001,0.3002197265624999
,194.51662963359377,383.75445722075045,0,0.3002197265624999
,194.61663822578134,373.30606579407964,0,0.29920247395833327
,194.71664673750001,372.15963033659847,0.10000000000000001,0.29818522135416659
,194.81665532812508,380.86429151671899,0.10000000000000001,0.2971679687499999
,194.91666383749998,378.90849073874205,0,0.29615071614583327
,195.01667238671871,373.58741538046064,0.10000000000000001,0.29818522135416659
,195.11668097656252,380.16739571733189,0.10000000000000001,0.2971679687499999
,195.21668948515617,380.1465908317582,0,0.29818522135416659
,195.31669807499998,371.66969468527208,0,0.2971679687499999
,195.41670658437511,371.2943868171821,0.10000000000000001,0.29615071614583327
,195.51671513359383,384.38831568705018,0,0.29920247395833327
,195.61672372343742,375.25427501039479,0,0.2971679687499999
,195.71673223203129,370.64794671981667,0.10000000000000001,0.2941162109374999
,195.81674082265636,382.20570118089114,0.10000000000000001,0.29615071614583327
,195.91674933281251,379.44955975669967,0,0.29309895833333327
,196.01675788359375,371.77394103387593,0,0.2941162109374999
,196.11676647421882,373.82706840836016,0.10000000000000001,0.29513346354166659
,196.21677498437498,383.41150246851805,0,0.29513346354166659
,196.31678357500004,373.61867526234613,0,0.2941162109374999
,196.4167920851562,374.4626020042279,0.10000000000000001,0.29513346354166659
,196.51680063593744,382.5591679579943,0,0.2941162109374999
,196.61680922656251,374.59803076456217,0,0.2941162109374999
,196.71681773671867,372.2325946395527,0.10000000000000001,0.29208170572916659
,196.81682632734373,379.63683466405269,0.10000000000000001,0.2910644531249999
,196.91683483828137,379.5015815066659,0,0.2910644531249999
,197.01684338906261,372.75373151920849,0,0.29208170572916659
,197.11685197968745,372.26386466982291,0,0.2910644531249999
,197.21686048984384,376.39983967406994,0.10000000000000001,0.29309895833333327
,197.31686908124993,383.85837630410549,0,0.2910644531249999
,197.41687759140632,374.87929139555263,0,0.29208170572916659
,197.51688614218756,373.8062295691476,0.10000000000000001,0.29208170572916659
,197.61689473359365,382.06014591173158,0.10000000000000001,0.29208170572916659
,197.71690324218753,378.73158590982086,0,0.2910644531249999
,197.81691182968757,369.36521057139265,0.10000000000000001,0.28902994791666659
,197.9169203367187,377.53466041212619,0.10000000000000001,0.28902994791666659
,198.01692888359366,380.16739571733189,0,0.2910644531249999
,198.11693747109371,371.05458964993142,0,0.28902994791666659
,198.21694597812507,371.87818483528093,0.10000000000000001,0.2910644531249999
,198.31695456562511,382.5487723746412,0.10000000000000001,0.2910644531249999
,198.41696307265624,379.5119857697245,0,0.29004720052083327
,198.5169716195312,371.85733627901664,0.10000000000000001,0.29004720052083327
,198.61698020703125,379.95934159947313,0.10000000000000001,0.2910644531249999
,198.71698871796866,375.88958360191663,0,0.28699544270833327
,198.81699731015624,369.11487743680783,0.10000000000000001,0.28699544270833327
,198.91700582187491,378.27367618906106,0.10000000000000001,0.28699544270833327
,199.01701437421866,379.18944015724628,0,0.28699544270833327
,199.11702296562498,373.53531505070345,0,0.2880126953124999
,199.21703147734365,373.0768038558391,0.10000000000000001,0.2880126953124999
,199.31704006953123,382.39283499713616,0,0.2880126953124999
,199.41704858125013,375.85834129173639,0,0.28902994791666659
,199.51705713359388,373.39985111664572,0,0.28699544270833327
,199.61706572421872,375.86875542251767,0.10000000000000001,0.28902994791666659
,199.7170742343751,384.57533391037623,0,0.2880126953124999
,199.81708282499994,372.2013243780537,0,0.2849609374999999
,199.91709133515633,372.67035396035681,0.10000000000000001,0.28597819010416659
,200.01709988515631,384.32597404814857,0,0.2880126953124999
,200.11710847578138,374.10838236814806,0,0.28597819010416659
,200.21711698593754,375.08761994981347,0.10000000000000001,0.2880126953124999
,200.31712557578135,382.76707326691439,0,0.28699544270833327
,200.41713408593751,374.98345702179648,0,0.28699544270833327
,200.51714263671875,374.30633243485579,0.10000000000000001,0.28699544270833327
,200.61715122890632,382.94378324082732,0.10000000000000001,0.28699544270833327
,200.71715974062499,379.65764240673008,0,0.28597819010416659
,200.81716833359383,370.57495550543729,0.10000000000000001,0.2849609374999999
,200.91717684609375,378.48182382359846,0.10000000000000001,0.28394368489583327
,201.0171853984375,381.2490876355667,0,0.28597819010416659
,201.11719399062508,372.81626359898632,0,0.2849609374999999
,201.21720250312501,373.23312018682674,0.10000000000000001,0.2849609374999999
,201.31721109609384,384.68961787460631,0,0.28699544270833327
,201.41721960859377,376.31653707629397,0,0.28597819010416659
,201.51722816093752,374.30633243485579,0.10000000000000001,0.28597819010416659
,201.61723674687505,385.47911311149801,0.10000000000000001,0.28699544270833327
,201.71724525156242,380.34423251469053,0,0.28394368489583327
,201.81725383749995,371.3152381146441,0,0.28394368489583327
,201.91726234218754,373.79581010988414,0.10000000000000001,0.28394368489583327
,202.01727088749999,385.04283541294348,0,0.2849609374999999
,202.11727947343752,378.10714988463326,0,0.28597819010416659
,202.21728797890637,376.87879522638832,0.10000000000000001,0.28597819010416659
,202.31729656406242,384.44026620111367,0.10000000000000001,0.2849609374999999
,202.41730506953127,384.24285013002657,0,0.28699544270833327
,202.51731361640623,374.99387343609737,0,0.2849609374999999
,202.61732221015632,374.77512307587205,0.10000000000000001,0.2849609374999999
,202.7173307234375,385.93610654656788,0,0.28597819010416659
,202.81733931718759,374.75428908914563,0,0.2819091796874999
,202.91734783046877,374.85845794693802,0,0.28292643229166659
,203.01735638437503,380.5002579419351,0.10000000000000001,0.2849609374999999
,203.11736497734387,388.97769362680134,0,0.2849609374999999
,203.21737349140631,380.38583994138736,0,0.28597819010416659
,203.31738208515617,376.91002941669649,0.10000000000000001,0.28394368489583327
,203.41739059843758,387.34824396977706,0.10000000000000001,0.28699544270833327
,203.51739914765631,386.28919600572033,0,0.28699544270833327
,203.61740773359384,375.82709873512209,0.10000000000000001,0.2849609374999999
,203.71741623984371,382.00816045911012,0.10000000000000001,0.2849609374999999
,203.81742482578125,382.16411456278308,0,0.28394368489583327
,203.91743333203135,374.17089395362729,0,0.2819091796874999
,204.01744187812506,378.02388400654115,0.10000000000000001,0.2849609374999999
,204.11745046484384,389.76618354402001,0.10000000000000001,0.28597819010416659
,204.21745897031246,385.56220735669012,0,0.2849609374999999
,204.31746755703125,377.28482011093013,0.10000000000000001,0.2849609374999999
,204.4174760625001,386.6526321799119,0.10000000000000001,0.28597819010416659
,204.5174846085938,384.28441233654019,0,0.2849609374999999
,204.61749319453133,378.70036655035909,0.10000000000000001,0.28699544270833327
,204.7175016992187,385.19865521459457,0.10000000000000001,0.28597819010416659
,204.81751028515623,382.9645720722333,0,0.2849609374999999
,204.91751879062508,378.09674174916256,0.10000000000000001,0.28597819010416659
,205.01752733593753,387.45205430209143,0.10000000000000001,0.28699544270833327
,205.11753592187506,388.1267430117453,0,0.28902994791666659
,205.21754442734368,381.92498217369314,0,0.28902994791666659
,205.31755301249996,379.0021428763929,0.10000000000000001,0.28699544270833327
,205.41756151953132,392.9389531494586,0.10000000000000001,0.29208170572916659
,205.51757006640628,390.17072963126901,0,0.2910644531249999
,205.61757865390632,380.5002579419351,0.10000000000000001,0.2910644531249999
,205.71758716093746,388.34469019416576,0.10000000000000001,0.29208170572916659
,205.81759574765624,385.29214371793563,0,0.28902994791666659
,205.9176042546876,378.92930252611188,0.10000000000000001,0.29004720052083327
,206.01761280234382,391.31148543975792,0.10000000000000001,0.29309895833333327
,206.11762138906261,389.20596017498599,0,0.29208170572916659
,206.21762989609374,382.62154082270769,0.10000000000000001,0.2941162109374999
,206.31763848359378,390.07737729782133,0.10000000000000001,0.2941162109374999
,206.41764699218743,388.74941127326508,0,0.2941162109374999
,206.51765554140616,383.25560292352401,0.10000000000000001,0.29513346354166659
,206.61766413124997,391.04188859625884,0.10000000000000001,0.29615071614583327
,206.7176726406251,387.27557482823022,0,0.29309895833333327
,206.81768123046868,381.17629148349994,0.10000000000000001,0.2941162109374999
,206.91768973984381,389.49645831713053,0.10000000000000001,0.29309895833333327
,207.01769828984379,391.20779701801519,0,0.29513346354166659
,207.1177068796876,385.57259399599036,0,0.29513346354166659
,207.2177153890625,384.6688392516549,0.10000000000000001,0.29513346354166659
,207.31772397890632,395.46660050006625,0.10000000000000001,0.29615071614583327
,207.41773248749996,394.05799994684679,0.10000000000000001,0.29615071614583327
,207.51774103671869,390.05663197139933,0,0.29615071614583327
,207.61774962578124,384.37792549130597,0.10000000000000001,0.2971679687499999
,207.71775813437512,391.40480216035445,0.10000000000000001,0.29615071614583327
,207.81776672343744,389.05032560838032,0,0.2941162109374999
,207.91777523281257,383.20363488142249,0.10000000000000001,0.2941162109374999
,208.01778378125005,392.52439065150708,0.10000000000000001,0.29513346354166659
,208.1177923703126,392.71095048561335,0,0.29615071614583327
,208.2178008796875,387.10946803762874,0,0.2971679687499999
,208.31780946953131,385.11555219544096,0.10000000000000001,0.2941162109374999
,208.41781798515626,397.66107731609179,0.10000000000000001,0.29818522135416659
,208.51782653984378,395.36304870335192,0,0.2971679687499999
,208.61783513515616,385.52066048532862,0,0.29615071614583327
,208.71784365000008,385.9257210094255,0.10000000000000001,0.29615071614583327
,208.81785224531245,395.07308523411177,0.10000000000000001,0.29615071614583327
,208.91786076015637,392.47256652953627,0,0.2941162109374999
,209.01786931562492,388.01257450482564,0.10000000000000001,0.2971679687499999
,209.11787791015627,394.58629990214951,0.10000000000000001,0.29615071614583327
,209.21788642578122,394.20303236380727,0,0.2971679687499999
,209.31789501875005,386.36188635160306,0,0.29615071614583327
,209.41790352968746,386.64224882947758,0.10000000000000001,0.29615071614583327
,209.5179120804687,399.50238547847499,0,0.29818522135416659
,209.61792067109377,390.17072963126901,0,0.2971679687499999
,209.71792918203118,385.21943065663754,0,0.2941162109374999
,209.81793777265625,387.7530860905531,0.10000000000000001,0.2941162109374999
,209.91794628359366,398.14737472739029,0.10000000000000001,0.2941162109374999
,210.0179548343749,395.53908469293464,0,0.2941162109374999
,210.11796342499997,389.24746148266485,0.10000000000000001,0.29513346354166659
,210.21797193593761,395.35269333291097,0.10000000000000001,0.29513346354166659
,210.31798052421868,392.12014010486092,0,0.29309895833333327
,210.41798903359381,387.10946803762874,0.10000000000000001,0.29513346354166659
,210.5179975835938,393.05294832059002,0.10000000000000001,0.29309895833333327
,210.61800617265635,393.78863620238883,0,0.2941162109374999
,210.71801468203125,386.16458037209549,0,0.29309895833333327
,210.81802327187506,383.28678338247761,0,0.28902994791666659
,210.91803178124997,388.67677267062311,0.10000000000000001,0.2910644531249999
,211.01804033046869,400.62936956322358,0,0.29309895833333327
,211.1180489203125,389.60020141915049,0,0.2910644531249999
,211.21805742968741,389.83879807394794,0,0.29208170572916659
,211.31806601718745,387.96067843597655,0,0.29004720052083327
,211.41807452500007,389.82842466849667,0,0.2910644531249999
,211.51808307265628,391.77804190788498,0,0.29208170572916659
,211.61809166015632,389.4238361918666,0,0.29004720052083327
,211.71810016796871,388.95694133810906,0,0.28902994791666659
,211.81810875546876,387.92954040705439,0,0.2880126953124999
,211.91811726328137,387.07832210213752,0,0.28699544270833327
,212.01812581093759,390.67893417674856,0,0.28902994791666659
,212.11813439921866,389.05032560838032,0,0.2880126953124999
,212.21814290546877,388.02295362165904,0,0.2880126953124999
,212.31815149218755,388.06446976574864,0,0.2880126953124999
,212.41815999921869,387.83612457716157,0,0.28699544270833327
,212.51816854531262,387.15099550370354,0,0.2880126953124999
,212.61817713203118,388.04371175836002,0,0.28902994791666659
,212.71818563906254,383.69210429567812,0,0.28597819010416659
,212.81819422578133,382.98536078198839,0,0.28597819010416659
,212.9182027320312,384.08698745225558,0,0.28597819010416659
,213.01821127890616,383.93111783213874,0,0.2849609374999999
,213.11821986562495,385.34408067940416,0,0.2880126953124999
,213.21822837265631,384.67922857867256,0,0.28699544270833327
,213.31823696171887,382.41362704016387,0,0.28699544270833327
,213.41824546953126,384.56494427273861,0,0.28902994791666659
,213.51825401796873,382.28887297166074,0,0.28699544270833327
,213.61826260625003,382.04974888128811,0,0.2880126953124999
,213.71827111484367,380.98909470218035,0,0.28699544270833327
,213.81827970312497,378.08633358531398,0,0.2849609374999999
,213.91828821093759,379.81369677042574,0,0.28597819010416659
,214.01829675937506,381.20749001259298,0,0.28597819010416659
,214.11830534843762,379.76167937637763,0,0.28597819010416659
,214.21831386015629,380.95789430525127,0,0.28699544270833327
,214.31832245234386,378.15919013615883,0,0.2849609374999999
,214.41833096406253,378.68996003991867,0,0.28597819010416659
,214.51833951640629,379.86571343655476,0,0.28699544270833327
,214.61834810859386,377.43056225216446,0,0.28597819010416659
,214.71835662031253,376.41025237452425,0,0.2849609374999999
,214.81836521250011,375.57714942589257,0,0.28394368489583327
,214.91837372421878,374.19173093598596,0,0.28292643229166659
,215.01838227656253,377.78448450978016,0,0.28597819010416659
,215.11839086562509,377.28482011093013,0,0.28597819010416659
,215.21839937031245,375.32718441848152,0,0.2849609374999999
,215.31840795468747,375.29593769204507,0,0.28597819010416659
,215.41841645937507,374.98345702179648,0,0.2849609374999999
,215.51842500468751,374.71262079320968,0,0.28597819010416659
,215.61843358906253,375.72295510157676,0,0.28699544270833327
,215.71844209375013,372.06581724286673,0,0.28394368489583327
,215.81845067890617,371.26310968169872,0,0.28394368489583327
,215.91845918359377,372.72246512905645,0,0.2849609374999999
,216.01846772812496,372.9830112380825,0,0.2849609374999999
,216.11847631484375,373.83748778829948,0,0.28597819010416659
,216.21848482187511,373.22269928108199,0,0.28597819010416659
,216.31849340859367,369.88669290892921,0,0.28394368489583327
,216.41850191484377,372.29513446872971,0,0.28699544270833327
,216.51851046171873,370.81477919209516,0,0.2849609374999999
,216.61851904843752,370.37683035216276,0,0.28597819010416659
,216.71852755468763,370.13698266855533,0,0.2849609374999999
,216.81853614140618,366.56904623495649,0,0.2819091796874999
,216.91854464765629,368.16557177956452,0,0.28292643229166659
,217.01855319531251,370.95032586291455,0,0.2849609374999999
,217.11856178828134,369.0418609803466,0,0.28394368489583327
,217.21857030000001,370.4602525622501,0,0.28699544270833327
,217.31857889296884,368.56200921701571,0,0.2849609374999999
,217.41858740468751,368.11340640561804,0,0.28597819010416659
,217.51859595703127,369.66767776605684,0,0.28699544270833327
,217.6186045500001,367.44563759173718,0,0.28597819010416659
,217.71861306250003,365.24341806311321,0,0.2849609374999999
,217.8186216546876,365.71317035463784,0,0.2849609374999999
,217.91863016718753,364.6274526004517,0,0.28394368489583327
,218.01863871796877,367.73779828725242,0,0.28699544270833327
,218.11864730781258,367.57085156471646,0,0.28597819010416659
,218.21865581718748,365.7236087801902,0,0.28699544270833327
,218.31866440625004,365.53571369155964,0,0.28699544270833327
,218.41867291562494,366.16200231969032,0,0.2880126953124999
,218.51868146484367,364.99286509925633,0,0.28902994791666659
,218.61869005468748,365.57746878251464,0,0.27784016927083327
,218.71869856406261,362.74777024848117,0,0.28902994791666659
,218.81870715312493,361.88079802275212,0,0.28902994791666659
,218.91871566250006,364.18892225554032,0,0.29004720052083327
,219.01872420703125,364.01141100171515,0,0.2910644531249999
,219.11873279140627,364.43951572472423,0,0.29208170572916659
,219.21874129531261,364.84670332994887,0,0.2941162109374999
,219.31874987968763,361.19129791054951,0,0.29208170572916659
,219.41875838359374,363.67725529925906,0,0.29513346354166659
,219.51876692812493,362.86265945873754,0,0.29513346354166659
,219.6187755117187,361.35845752945835,0,0.29513346354166659
,219.71878401640629,361.23308829706122,0,0.29615071614583327
,219.81879260000005,358.06658435993171,0,0.29309895833333327
,219.91880110468742,358.65194427384483,0,0.2941162109374999
,220.01880965156261,361.99570610838856,0,0.2971679687499999
,220.11881823749991,360.07328724463588,0,0.29615071614583327
,220.21882674375001,361.2748783626252,0,0.29818522135416659
,220.3188353304688,359.24769700412492,0,0.2971679687499999
,220.41884383593742,359.00731290898329,0,0.29818522135416659
,220.51885238281261,360.09418670181896,0,0.3002197265624999
,220.61886096874991,358.42198836570651,0,0.29920247395833327
,220.71886947500002,355.77686707566164,0,0.29818522135416659
,220.81887806171881,356.1428600600064,0,0.29818522135416659
,220.91888656874994,355.11802732184259,0,0.2971679687499999
,221.01889511562513,357.39753133223661,0,0.29920247395833327
,221.1189037039062,357.95159616699192,0,0.29920247395833327
,221.21891221093756,356.23696913992524,0,0.29920247395833327
,221.3189207984376,356.00692225928742,0,0.29920247395833327
,221.41892930624999,356.40427071103653,0,0.3002197265624999
,221.51893785312495,354.84610585370189,0,0.3002197265624999
,221.61894644140625,355.86052446275625,0,0.30123697916666659
,221.71895494843761,352.82727039985429,0,0.29920247395833327
,221.81896353593743,351.33107866165773,0,0.29920247395833327
,221.91897204218753,352.97373415225269,0,0.29920247395833327
,222.01898058828124,353.09927210762345,0,0.29920247395833327
,222.11898917500002,353.42356814529006,0,0.30123697916666659
,222.21899768125013,353.15157893147284,0,0.3002197265624999
,222.31900626718743,349.96018163140923,0,0.29818522135416659
,222.41901477343754,352.01120353362285,0,0.30123697916666659
,222.51902331953124,351.24736673037387,0,0.3002197265624999
,222.61903190625003,349.56247240969765,0,0.3002197265624999
,222.71904041249991,349.14381020908837,0,0.3002197265624999
,222.81904899921869,346.16025609231906,0,0.2971679687499999
,222.91905750937508,345.95084748644479,0,0.29615071614583327
,223.01906606015632,348.95540532426963,0,0.29818522135416659
,223.11907465078116,347.259575459671,0,0.29615071614583327
,223.2190831617188,347.89816719381781,0,0.29818522135416659
,223.31909175234387,346.2858990753665,0,0.29615071614583327
,223.41910026328128,344.96656761600542,0,0.29615071614583327
,223.51910881406252,345.95084748644479,0,0.2971679687499999
,223.61911740468759,344.94562444997899,0,0.29615071614583327
,223.71912591484374,342.15982424158886,0,0.2941162109374999
,223.81913450468755,342.00271028482206,0,0.2941162109374999
,223.91914301171869,341.18568615085144,0,0.29208170572916659
,224.01915155859388,343.20719820456526,0,0.2941162109374999
,224.11916014609369,343.68895845838034,0,0.2941162109374999
,224.21916865312505,342.11792738208612,0,0.29309895833333327
,224.31917724062509,340.88190767563589,0,0.29309895833333327
,224.41918574765623,341.39518447402054,0,0.29309895833333327
,224.51919429531245,339.5200601754654,0,0.29208170572916659
,224.61920288281249,339.57244129839518,0,0.29208170572916659
,224.71921138984385,337.37228634600831,0,0.29004720052083327
,224.81921997656241,335.33952729081545,0,0.28902994791666659
,224.91922848437503,337.5399272167349,0,0.29004720052083327
,225.01923703124999,337.88568157805349,0,0.28902994791666659
,225.11924561953128,337.73899873152465,0,0.29004720052083327
,225.21925412656242,338.55621578073266,0,0.29208170572916659
,225.31926271406246,334.76319544561215,0,0.28902994791666659
,225.41927122109382,336.5026254388028,0,0.2910644531249999
,225.51927976875004,335.96823673621907,0,0.2910644531249999
,225.61928835625008,334.24972511683967,0,0.29004720052083327
,225.71929686406247,333.11796179354701,0,0.28902994791666659
,225.81930544921875,331.83944276462955,0,0.2880126953124999
,225.91931395312508,331.78704357574037,0,0.2880126953124999
,226.01932249843753,333.67336947024876,0,0.28902994791666659
,226.11933108281255,332.34247170862176,0,0.28902994791666659
,226.21933958749992,332.86645333648903,0,0.29004720052083327
,226.31934817187494,331.04296889987421,0,0.2880126953124999
,226.41935667656253,330.89624870245598,0,0.28902994791666659
,226.51936522109372,331.6717651464719,0,0.29004720052083327
,226.61937380625,330.17312270475571,0,0.28902994791666659
,226.7193823125001,327.71026482152882,0,0.28699544270833327
,226.81939089999992,328.09803560234337,0,0.28699544270833327
,226.91939940781253,327.22817174290878,0,0.28597819010416659
,227.01940795546875,328.86309616123094,0,0.2880126953124999
,227.11941654296879,329.34518768143818,0,0.2880126953124999
,227.21942505078118,327.76266627387724,0,0.28699544270833327
,227.31943363828123,326.92424395377026,0,0.28699544270833327
,227.41944214609384,327.67882395186598,0,0.2880126953124999
,227.51945069375006,326.201107923319,0,0.28699544270833327
,227.61945928203136,326.85088214948553,0,0.2880126953124999
,227.71946778984375,324.25181727118832,0,0.2849609374999999
,227.81947637968756,323.06760785347541,0,0.2849609374999999
,227.91948488906246,324.87013386938679,0,0.28597819010416659
,228.01949343828119,325.44653687538676,0,0.28597819010416659
,228.11950202734374,325.02733414758393,0,0.28597819010416659
,228.21951053671887,326.16966733057683,0,0.2880126953124999
,228.3195191257812,323.03616916420987,0,0.28597819010416659
,228.41952763515633,324.33565635975424,0,0.28699544270833327
,228.51953618437506,324.19941791719117,0,0.28699544270833327
,228.61954477343761,322.36548413337044,0,0.28597819010416659
,228.71955328437502,321.67385548757352,0,0.28597819010416659
,228.81956187500009,320.47926634343099,0,0.2849609374999999
,228.9195703859375,320.37448063176919,0,0.28394368489583327
,229.0195789375,323.28767945245244,0,0.28699544270833327
,229.11958752812507,321.57954379805943,0,0.2849609374999999
,229.21959603906248,321.9148757107485,0,0.28597819010416659
,229.31960462968755,321.17086367450952,0,0.28597819010416659
,229.41961314062496,320.41639485884383,0,0.28597819010416659
,229.51962169218746,321.36996345081286,0,0.28699544270833327
,229.61963028281252,320.66788182034412,0,0.28699544270833327
,229.71963879453119,317.57690190729437,0,0.2849609374999999
,229.81964738750003,318.27887671814551,0,0.28597819010416659
,229.9196558992187,317.975033359995,0,0.2849609374999999
,230.01966445156245,319.14852546244293,0,0.28597819010416659
,230.11967304375003,320.20682450060343,0,0.2880126953124999
,230.21968155624995,318.70845717142635,0,0.28699544270833327
,230.31969014843753,317.32545535959991,0,0.28699544270833327
,230.4196986601562,319.01231276769681,0,0.28902994791666659
,230.51970721249995,317.76548932239785,0,0.28902994791666659
,230.61971580234376,317.90169265478664,0,0.29004720052083327
,230.71972431015638,315.97399929179289,0,0.29615071614583327
,230.81973289843745,313.70091344553043,0,0.2880126953124999
,230.91974140703132,315.9844752255425,0,0.29004720052083327
,231.01974995468754,316.916863079591,0,0.2910644531249999
,231.11975854296884,315.74353069145025,0,0.2910644531249999
,231.21976705156248,317.09496611513907,0,0.2941162109374999
,231.31977563984378,314.19320689295637,0,0.29208170572916659
,231.41978414765617,315.16737581123681,0,0.2941162109374999
,231.51979269609387,316.08923498122391,0,0.29513346354166659
,231.61980128984374,313.65901704621791,0,0.2941162109374999
,231.71980980312492,312.60118232578998,0,0.2941162109374999
,231.81981839609375,311.95186733549389,0,0.29309895833333327
,231.91982690937493,311.18740153800746,0,0.29309895833333327
,232.01983546249994,314.46554779353693,0,0.29615071614583327
,232.11984405625003,313.29242980653044,0,0.29513346354166659
,232.21985256874996,312.99916822749816,0,0.2971679687499999
,232.31986116250005,312.84206686852252,0,0.2971679687499999
,232.41986967578123,311.95186733549389,0,0.2971679687499999
,232.51987822656247,312.18226503450785,0,0.29920247395833327
,232.6198868125,312.28699286981555,0,0.29920247395833327
,232.7198953187501,308.62215826329953,0,0.29615071614583327
,232.81990390468741,308.90482421492669,0,0.2971679687499999
,232.91991241093751,309.01998694957359,0,0.2971679687499999
,233.01992095703122,309.52253213656559,0,0.29818522135416659
,233.11992954296875,311.38636672699721,0,0.3002197265624999
,233.21993804921885,309.58535219436499,0,0.29920247395833327
,233.31994663515616,307.61719701815946,0,0.29920247395833327
,233.41995514140626,309.52253213656559,0,0.3002197265624999
,233.51996368593746,307.37644246556414,0,0.29920247395833327
,233.61997227031247,307.53345552726154,0,0.3002197265624999
,233.71998077421881,306.5914215764256,0,0.29920247395833327
,233.81998935859383,304.05895313493949,0,0.2971679687499999
,233.9199978632812,306.10997954360033,0,0.29920247395833327
,234.02000640703136,306.6228209702557,0,0.29818522135416659
,234.12001499140638,305.41926610893461,0,0.29818522135416659
,234.22002349609375,307.4287798280921,0,0.30123697916666659
,234.32003208046876,303.78692066520375,0,0.29818522135416659
,234.4200405843751,304.89603955591133,0,0.3002197265624999
,234.5200491359376,305.91113154691766,0,0.30123697916666659
,234.62005772734369,303.13826964656471,0,0.29920247395833327
,234.72006623906259,302.57336446388257,0,0.29920247395833327
,234.82007483046868,301.50644931775417,0,0.29818522135416659
,234.92008334218758,300.35604866744023,0,0.29615071614583327
,235.02009189375008,303.46258773608935,0,0.29920247395833327
,235.12010048515617,302.57336446388257,0,0.29818522135416659
,235.22010899687507,301.39140005811151,0,0.29818522135416659
,235.32011758828116,301.42277692886546,0,0.29920247395833327
,235.42012609921881,300.80572624527338,0,0.29818522135416659
,235.52013464843753,300.31421981600261,0,0.29920247395833327
,235.62014323828134,301.06718122618946,0,0.3002197265624999
,235.7201517484375,297.47053021126516,0,0.2971679687499999
,235.82016033828131,297.59595830807115,0,0.2971679687499999
,235.92016884765621,297.58550586216603,0,0.29615071614583327
,236.02017739687494,297.5750534352411,0,0.2971679687499999
,236.12018598671875,299.08039530775409,0,0.29818522135416659
,236.22019449687491,297.61686325679722,0,0.2971679687499999
,236.32020308593746,295.71482971836292,0,0.29615071614583327
,236.42021159375008,297.91999351150542,0,0.29920247395833327
,236.52022014218755,295.43271567472351,0,0.2971679687499999
,236.62022873046885,295.44316408053362,0,0.29818522135416659
,236.72023723828124,294.22083958404494,0,0.29615071614583327
,236.82024582656254,291.26548167858397,0,0.2941162109374999
,236.92025433437493,293.07190702607022,0,0.29513346354166659
,237.02026288203137,294.37753202825274,0,0.29513346354166659
,237.12027147031245,292.76904986439058,0,0.29513346354166659
,237.22027997812506,294.38797835832133,0,0.29615071614583327
,237.32028856640636,291.65177104820043,0,0.2941162109374999
,237.42029707500001,292.1111821336483,0,0.29513346354166659
,237.52030562343748,292.89436785497719,0,0.29615071614583327
,237.62031421250003,290.60781722820713,0,0.2941162109374999
,237.72032272109368,289.18841058947862,0,0.2941162109374999
,237.82033131015623,288.80232409862924,0,0.29309895833333327
,237.92033981875011,287.60253690080094,0,0.2910644531249999
,238.02034836796884,290.566063824357,0,0.2941162109374999
,238.12035695624991,289.93980722189832,0,0.2941162109374999
,238.22036546562504,288.43713742328549,0,0.29309895833333327
,238.32037405546885,288.27020481597657,0,0.29309895833333327
,238.42038256953128,288.16587509745494,0,0.29309895833333327
,238.52039112343755,286.98712011487828,0,0.29309895833333327
,238.62039971796867,287.8320364133329,0,0.2941162109374999
,238.72040823203133,284.09897457997084,0,0.2910644531249999
,238.82041682656245,283.57786260782672,0,0.29004720052083327
,238.92042534062512,285.21437667587014,0,0.2910644531249999
,239.02043389453138,284.72439664052138,0,0.2910644531249999
,239.1204424890625,285.31863517567336,0,0.29208170572916659
,239.22045100312494,285.73569505816499,0,0.29309895833333327
,239.32045959218749,282.27537806079926,0,0.29004720052083327
,239.42046809921885,283.84883249383529,0,0.29208170572916659
,239.52047664687507,282.01493247377653,0,0.29004720052083327
,239.62048523437511,282.09827318278366,0,0.2910644531249999
,239.72049374140624,281.5565903256101,0,0.29004720052083327
,239.82050232968754,278.67237825905511,0,0.28699544270833327
,239.92051083671868,280.10900317327304,0,0.2880126953124999
,240.02051938437512,281.91075907991598,0,0.29004720052083327
,240.12052797187494,280.21312781149999,0,0.28902994791666659
,240.2205364789063,281.5565903256101,0,0.2910644531249999
,240.32054506953136,278.62033705819385,0,0.28902994791666659
,240.42055357968752,278.64115345030564,0,0.28902994791666659
,240.52056212968751,279.79664648261621,0,0.2910644531249999
,240.62057071953132,277.538047821041,0,0.28902994791666659
,240.72057922968747,276.20644498767172,0,0.2880126953124999
,240.82058781953128,276.05043040786796,0,0.2880126953124999
,240.92059632968744,274.54264796911309,0,0.28597819010416659
,241.02060487968743,277.18429249966488,0,0.28902994791666659
,241.12061347031249,277.30914335148913,0,0.28902994791666659
,241.22062198124991,275.64482485732572,0,0.28902994791666659
,241.32063057421874,275.29125833486887,0,0.28902994791666659
,241.42063908671867,275.40564358507299,0,0.28902994791666659
,241.52064763906242,273.99169150351753,0,0.28902994791666659
,241.62065623203125,274.79216675642385,0,0.29004720052083327
,241.72066474453118,272.00691232565009,0,0.28699544270833327
,241.82067333671876,270.83322885725784,0,0.28699544270833327
,241.92068184921868,272.77574510985033,0,0.2880126953124999
,242.02069040234369,272.42247557621846,0,0.28699544270833327
,242.12069899453127,273.07709269720726,0,0.28902994791666659
,242.22070750390617,273.24336499767543,0,0.28902994791666659
,242.32071609140621,269.42121544330035,0,0.28597819010416659
,242.42072459843757,272.13157583954973,0,0.29004720052083327
,242.52073314531253,271.43559805863538,0,0.28902994791666659
,242.62074173203132,269.73263573744941,0,0.2880126953124999
,242.72075023906245,269.68073025122436,0,0.28902994791666659
,242.8207588265625,266.94132857497186,0,0.28597819010416659
,242.92076733359386,267.63632901407618,0,0.28699544270833327
,243.02077588046882,270.13752732181666,0,0.28902994791666659
,243.12078446796886,268.15508708238997,0,0.28699544270833327
,243.22079297968753,269.34855507349431,0,0.28902994791666659
,243.32080157343762,267.48071839387609,0,0.2880126953124999
,243.42081008593755,267.17989326947463,0,0.28902994791666659
,243.52081863906255,268.49751440567064,0,0.29004720052083327
,243.62082723281242,266.68204000975931,0,0.28902994791666659
,243.72083574531257,263.99710676214443,0,0.28699544270833327
,243.82084433828118,264.50488406440826,0,0.28699544270833327
,243.92085285156259,263.73806998164741,0,0.28597819010416659
,244.02086140468759,265.56216501414264,0,0.2880126953124999
,244.12086999609369,265.80062251337847,0,0.2880126953124999
,244.22087850312505,264.28725466686024,0,0.2880126953124999
,244.32088708984384,263.92457419272591,0,0.2880126953124999
,244.42089559609371,264.70180045806273,0,0.28902994791666659
,244.52090414296867,262.84715617336343,0,0.2880126953124999
,244.62091272968746,263.57229828024282,0,0.28902994791666659
,244.72092123671882,261.27317868203073,0,0.28699544270833327
,244.82092982343761,259.94838721201756,0,0.28597819010416659
,244.92093832968749,261.44917338025238,0,0.28699544270833327
,245.02094687656245,261.49058545130589,0,0.28699544270833327
,245.12095546406249,261.72871632949216,0,0.2880126953124999
,245.22096397109385,262.6710771356112,0,0.28902994791666659
,245.32097255781241,259.45174850707895,0,0.28597819010416659
,245.42098106484377,261.23176971997384,0,0.28902994791666659
,245.52098961171873,260.69350726154101,0,0.28902994791666659
,245.62099819843752,258.67592459809669,0,0.2880126953124999
,245.72100670546865,259.17242738624469,0,0.2880126953124999
,245.82101529218744,256.48408929145359,0,0.2849609374999999
,245.9210237992188,256.63911515675454,0,0.2849609374999999
,246.02103234609376,259.50347765915831,0,0.2880126953124999
,246.12104093203129,257.93133460380056,0,0.28597819010416659
,246.22104943749991,258.54147013456503,0,0.2880126953124999
,246.32105802265619,257.43505130711179,0,0.2880126953124999
,246.42106652812504,256.76314211360648,0,0.28699544270833327
,246.52107507343749,257.62114719545042,0,0.28902994791666659
,246.62108365859376,256.32907213767817,0,0.2880126953124999
,246.72109216406261,253.66415181811794,0,0.28597819010416659
,246.82110074921866,254.50053152539942,0,0.28597819010416659
,246.92110925468751,254.04616967127373,0,0.2849609374999999
,247.02111780156247,255.26485720684758,0,0.28699544270833327
,247.12112639062502,256.44275053151534,0,0.2880126953124999
,247.22113489921867,254.91365386840846,0,0.28699544270833327
,247.32114348906248,253.74674568435677,0,0.28699544270833327
,247.42115199765635,255.60577427239252,0,0.28902994791666659
,247.52116054687508,253.48864826988728,0,0.2880126953124999
,247.62116913593741,253.82934208357517,0,0.28902994791666659
,247.72117764531254,252.16757883356848,0,0.2880126953124999
,247.82118623437509,249.80574365331614,0,0.28597819010416659
,247.92119474296874,251.62076521567087,0,0.28699544270833327
,248.02120329140621,252.39459112938295,0,0.28699544270833327
,248.12121187734374,251.79614598404902,0,0.2880126953124999
,248.22122038359385,253.42670857652246,0,0.29004720052083327
,248.32122896953138,250.20782776617045,0,0.28699544270833327
,248.42123747578125,250.88841832377534,0,0.28902994791666659
,248.52124602187496,251.87868212576228,0,0.29004720052083327
,248.62125460781249,249.45525926975398,0,0.2880126953124999
,248.72126311406259,249.04298505612536,0,0.2880126953124999
,248.82127170000012,248.1774223089152,0,0.28699544270833327
,248.92128020625,247.51814047419248,0,0.28597819010416659
,249.02128875468748,250.45529483136852,0,0.2880126953124999
,249.12129734296877,249.46556696169347,0,0.2880126953124999
,249.22130585156242,248.69260339540256,0,0.2880126953124999
,249.32131443984372,248.63077625093496,0,0.2880126953124999
,249.42132294765634,247.93017186030232,0,0.2880126953124999
,249.52133149609381,247.7859533769128,0,0.28902994791666659
,249.62134008437511,248.37317903638944,0,0.29004720052083327
,249.72134859296875,244.49174497010159,0,0.28699544270833327
,249.82135718125005,244.77981788240692,0,0.28699544270833327
,249.9213656898437,245.93243722771439,0,0.2880126953124999
,250.02137423906242,245.88096985215793,0,0.2880126953124999
,250.12138282812498,247.02378995049986,0,0.28902994791666659
,250.22139133671885,246.632496701957,0,0.29004720052083327
,250.32139992578118,243.7819913771649,0,0.2880126953124999
,250.42140843515631,246.66338609935474,0,0.2910644531249999
,250.52141698359378,245.21198876779215,0,0.29004720052083327
,250.62142557265634,244.35800800035304,0,0.29004720052083327
,250.72143408203124,244.23456478131754,0,0.2910644531249999
,250.82144267109379,241.47924720126275,0,0.2880126953124999
,250.92145118124995,242.34252760110496,0,0.28902994791666659
,251.02145973203119,244.77981788240692,0,0.2910644531249999
,251.12146832265626,242.6920355856044,0,0.29004720052083327
,251.22147683359367,243.98769647728437,0,0.29208170572916659
,251.32148542499999,242.63035415381648,0,0.28902994791666659
,251.42149393593741,241.91085000328422,0,0.29208170572916659
,251.52150248671887,243.27808501314894,0,0.2941162109374999
,251.62151107812497,242.21918352006691,0,0.2941162109374999
,251.72151958828135,239.97949737115789,0,0.29309895833333327
,251.82152817968745,240.22596918972141,0,0.29309895833333327
,251.92153668984383,238.96306140516259,0,0.2910644531249999
,252.02154524062507,240.65735400727743,0,0.29309895833333327
,252.12155383124991,241.4381460781637,0,0.2941162109374999
,252.2215623414063,240.15407903582019,0,0.2941162109374999
,252.32157093281262,239.72278205534911,0,0.29513346354166659
,252.42157944296878,239.97949737115789,0,0.29615071614583327
,252.52158799375002,238.90147271180365,0,0.29513346354166659
,252.62159658437508,239.90761439079824,0,0.29818522135416659
,252.72160509453124,237.12633027865934,0,0.29513346354166659
,252.82161368515631,236.00854976316634,0,0.29513346354166659
,252.92162219453121,237.47510058135538,0,0.29615071614583327
,253.02163074374994,237.47510058135538,0,0.29615071614583327
,253.12163933359375,237.91626369658303,0,0.2971679687499999
,253.22164784296888,238.17279043253671,0,0.29818522135416659
,253.32165643281246,235.04500446290632,0,0.29615071614583327
,253.42166494218759,237.54691241104894,0,0.29920247395833327
,253.52167349140632,237.14684480039216,0,0.29818522135416659
,253.62168208125013,235.86501879847714,0,0.29818522135416659
,253.72169059062503,235.53697983969005,0,0.29920247395833327
,253.82169918203135,233.22146746130824,0,0.2971679687499999
,253.92170769375002,233.59016179614389,0,0.29818522135416659
,254.02171624687503,236.18284874876286,0,0.3002197265624999
,254.12172483906261,234.02037629891589,0,0.29818522135416659
,254.22173335156253,235.01425931333586,0,0.30123697916666659
,254.32174194375011,233.76428701495877,0,0.3002197265624999
,254.42175045625004,232.85282942481138,0,0.29920247395833327
,254.52175900859379,234.18428767153438,0,0.30123697916666659
,254.62176760156262,233.28291260834067,0,0.30123697916666659
,254.72177611406255,230.48874341475516,0,0.29920247395833327
,254.82178470000008,231.01048467137218,0,0.3002197265624999
,254.9217932054687,230.17166194271846,0,0.29818522135416659
,255.02180175078138,231.49140534139906,0,0.3002197265624999
,255.12181033671868,232.25903107991132,0,0.30123697916666659
,255.22181884140628,230.79563631547501,0,0.3002197265624999
,255.32182742734381,229.85462234571173,0,0.3002197265624999
,255.42183593281243,230.68310436636062,0,0.30123697916666659
,255.5218444781251,228.90375486306152,0,0.3002197265624999
,255.62185306328138,230.18188972372224,0,0.30225423177083327
,255.72186156875,227.88173737482452,0,0.29920247395833327
,255.82187015625004,225.97173429060769,0,0.29818522135416659
,255.92187866328118,227.95326440922736,0,0.29920247395833327
,256.02188721015636,227.99413795935061,0,0.29920247395833327
,256.12189579687492,227.86130147161066,0,0.3002197265624999
,256.22190430390629,229.08776430763362,0,0.30123697916666659
,256.32191289140633,225.41025858849275,0,0.29818522135416659
,256.42192139843746,227.65695202956215,0,0.30123697916666659
,256.52192994531242,227.85108358539156,0,0.30123697916666659
,256.62193853281246,225.29797925106374,0,0.3002197265624999
,256.72194704062508,225.02240683986304,0,0.3002197265624999
,256.82195563124992,223.4002345484065,0,0.29818522135416659
,256.92196414140631,222.79857572390449,0,0.29818522135416659
,257.02197269140629,226.02278406785626,0,0.30123697916666659
,257.1219812812501,224.36932484413273,0,0.29920247395833327
,257.22198979140626,224.14486904302947,0,0.3002197265624999
,257.32199838203132,224.06325396744626,0,0.3002197265624999
,257.42200689218748,223.07389237460887,0,0.3002197265624999
,257.52201544218747,223.12488041001524,0,0.3002197265624999
,257.62202403203128,223.30844632003169,0,0.30123697916666659
,257.72203254687497,219.57869631874473,0,0.29818522135416659
,257.82204114296883,219.91474799826472,0,0.29818522135416659
,257.92204965859378,220.18973425360235,0,0.2971679687499999
,258.02205821484381,220.18973425360235,0,0.2971679687499999
,258.1220668117187,221.41227585296537,0,0.29920247395833327
,258.22207532734387,220.923184606473,0,0.29818522135416659
,258.3220839234375,218.62171483740906,0,0.2971679687499999
,258.42209243984371,220.73980104728275,0,0.29920247395833327
,258.52210099609374,218.6013576510428,0,0.2971679687499999
,258.62210959140634,217.87878858802515,0,0.29818522135416659
,258.72211809921873,217.3904134009984,0,0.2971679687499999
,258.82212668750003,215.06180765382982,0,0.29513346354166659
,258.92213519531242,215.71237282866508,0,0.29513346354166659
,259.02214374296886,217.90931530787805,0,0.29615071614583327
,259.12215233124994,216.68854637624713,0,0.29513346354166659
,259.22216083984381,217.72616076293275,0,0.2971679687499999
,259.32216942734385,214.5739974280545,0,0.29513346354166659
,259.4221779359375,214.79756503974886,0,0.29615071614583327
,259.52218648359371,215.46839056388575,0,0.29615071614583327
,259.62219507187501,213.62914139634182,0,0.29513346354166659
,259.72220357968763,212.1668539040972,0,0.2941162109374999
,259.82221216718744,211.88262067094144,0,0.29309895833333327
,259.92222067500006,210.42136299518256,0,0.2910644531249999
,260.02222922265628,213.53772300696386,0,0.2941162109374999
,260.12223781015632,212.64403306758095,0,0.29309895833333327
,260.22224631796871,211.61871897806481,0,0.29309895833333327
,260.32225490546875,211.66946712458781,0,0.29309895833333327
,260.42226341328137,211.2838072024183,0,0.29309895833333327
,260.52227196093759,210.19819065112495,0,0.29208170572916659
,260.62228054843763,211.07070500147654,0,0.29309895833333327
,260.72228905703128,207.7141990820727,0,0.29004720052083327
,260.82229764531257,207.41020418226009,0,0.29004720052083327
,260.92230615390622,208.49461903591487,0,0.29004720052083327
,261.02231470234369,208.17025952751345,0,0.29004720052083327
,261.12232329062499,209.37668183835348,0,0.29208170572916659
,261.22233179921886,209.03193094063147,0,0.29208170572916659
,261.32234038749993,206.71115319059754,0,0.2910644531249999
,261.42234889609381,208.44393512582911,0,0.29309895833333327
,261.52235744296877,206.91375701588862,0,0.2910644531249999
,261.6223660289063,206.72128300162291,0,0.29208170572916659
,261.72237453437492,205.44524066780428,0,0.2910644531249999
,261.82238312031245,203.27942890436282,0,0.28902994791666659
,261.9223916257813,204.39247271430645,0,0.29004720052083327
,262.02240017109375,206.16420270455149,0,0.2910644531249999
,262.12240875703128,204.56453071282522,0,0.29004720052083327
,262.22241726250013,205.70849933326701,0,0.29208170572916659
,262.32242584843743,203.7043536885671,0,0.2910644531249999
,262.42243435390628,203.19849860275747,0,0.2910644531249999
,262.52244289999999,203.96743672143617,0,0.29208170572916659
,262.62245148671877,202.26797754314907,0,0.2910644531249999
,262.72245999296888,200.79194506926962,0,0.29004720052083327
,262.82246857890618,201.1760400793487,0,0.29004720052083327
,262.92247708515629,199.82184138077236,0,0.2880126953124999
,263.02248563124999,202.37921836965836,0,0.2910644531249999
,263.12249421796878,202.42978391513373,0,0.2910644531249999
,263.22250272421866,200.54938677551252,0,0.29004720052083327
,263.32251131093744,201.00420136443529,0,0.2910644531249999
,263.42251981640629,200.87280265012191,0,0.2910644531249999
,263.52252836562502,199.24600481204908,0,0.29004720052083327
,263.62253695468758,200.26642942511802,0,0.29208170572916659
,263.72254546406248,196.91357025106441,0,0.2880126953124999
,263.82255405312503,196.36860332881895,0,0.2880126953124999
,263.92256256171868,198.23605457545739,0,0.2880126953124999
,264.02257111093741,197.80188828980528,0,0.2880126953124999
,264.12257969999996,198.56929762793743,0,0.29004720052083327
,264.22258820859383,198.82178101278703,0,0.29004720052083327
,264.32259679765616,195.69258434902696,0,0.2880126953124999
,264.42260530703129,198.17546919796069,0,0.2910644531249999
,264.52261385703127,196.77227255159306,0,0.29004720052083327
,264.62262244687508,195.30924073793574,0,0.28902994791666659
,264.72263095624999,195.36976531897551,0,0.28902994791666659
,264.8226395460938,193.25214430663698,0,0.28597819010416659
,264.92264805624995,193.77636701862627,0,0.28699544270833327
,265.02265660546868,196.51997261810749,0,0.28902994791666659
,265.12266519531249,194.72423436699967,0,0.2880126953124999
,265.22267370546888,196.11633890630173,0,0.29004720052083327
,265.32268229531246,194.53261968649372,0,0.2880126953124999
,265.42269080546885,193.48400075350889,0,0.2880126953124999
,265.52269935703134,194.93603353225592,0,0.29004720052083327
,265.62270794843744,193.29246588405152,0,0.28902994791666659
,265.72271645937508,191.19645032656052,0,0.28699544270833327
,265.82272505078117,191.88152901424081,0,0.2880126953124999
,265.92273356171881,190.73309991666224,0,0.28597819010416659
,266.02274211328131,192.82880023065269,0,0.2880126953124999
,266.12275070468741,193.36302994339485,0,0.28902994791666659
,266.22275921562505,191.92183247441022,0,0.2880126953124999
,266.32276780703137,191.13600943750555,0,0.2880126953124999
,266.42277631796878,191.8916048299626,0,0.28902994791666659
,266.52278486718751,189.98785255273924,0,0.28699544270833327
,266.62279345703132,191.3274095940518,0,0.28902994791666659
,266.72280196562497,188.719315172525,0,0.28597819010416659
,266.82281055546878,187.72295086476748,0,0.28597819010416659
,266.92281906484368,189.36358966310343,0,0.28597819010416659
,267.02282761406241,189.29311594193376,0,0.28699544270833327
,267.12283620312496,190.44102269334314,0,0.2880126953124999
,267.22284471250009,190.89425753091524,0,0.28902994791666659
,267.32285330156242,187.88395927507895,0,0.28699544270833327
,267.42286181406257,189.82674086875767,0,0.29004720052083327
,267.52287036562507,188.49787503850604,0,0.2880126953124999
,267.62287895781242,187.06893311872869,0,0.2880126953124999
,267.72288746953132,187.22991041153784,0,0.2880126953124999
,267.82289606171867,185.07745732639773,0,0.2849609374999999
,267.92290457343756,185.75121409387543,0,0.28597819010416659
,268.02291312578132,188.57839700383158,0,0.2880126953124999
,268.12292171796867,186.54580914423286,0,0.28699544270833327
,268.22293022968756,187.82358021645655,0,0.28902994791666659
,268.32293881875012,185.86184310928866,0,0.2880126953124999
,268.422947325,185.39923570062359,0,0.2880126953124999
,268.52295587187496,186.80736118148388,0,0.28902994791666659
,268.62296445859374,185.18806537906426,0,0.2880126953124999
,268.72297296484385,183.5393483533208,0,0.28699544270833327
,268.82298155156241,183.98161448848259,0,0.28699544270833327
,268.92299005781251,182.82580132760779,0,0.2849609374999999
,269.02299860390622,185.06740221790699,0,0.2880126953124999
,269.123007190625,185.3187883913813,0,0.2880126953124999
,269.22301569687511,183.85093947946876,0,0.2880126953124999
,269.32302428515618,183.95145830841113,0,0.28902994791666659
,269.4230327929688,183.94140630293634,0,0.28902994791666659
,269.52304134140627,182.82580132760779,0,0.28902994791666659
,269.62304992890631,184.08213686397215,0,0.29004720052083327
,269.7230584367187,180.81651454734572,0,0.28699544270833327
,269.823067025,180.10345874512393,0,0.28699544270833327
,269.92307553281262,181.84112315148917,0,0.2880126953124999
,270.02308408046883,181.81098385347184,0,0.28699544270833327
,270.1230926687499,182.02196377722339,0,0.28902994791666659
,270.22310117656252,183.09713437696377,0,0.29004720052083327
,270.32310976640633,179.99299624467943,0,0.2880126953124999
,270.42311827656249,181.81098385347184,0,0.29004720052083327
,270.52312682656247,181.06761999792417,0,0.29004720052083327
,270.62313541718754,179.89257830707584,0,0.28902994791666659
,270.72314392656244,179.87249500644151,0,0.29004720052083327
,270.82315251718751,177.29255979142982,0,0.28699544270833327
,270.92316102734367,177.99511841123643,0,0.28699544270833327
,271.02316957734388,180.61564130206489,0,0.29004720052083327
,271.12317816718746,178.93872576516918,0,0.2880126953124999
,271.22318667578133,180.02312209300999,0,0.2910644531249999
,271.32319526093761,178.82829325759462,0,0.29004720052083327
,271.42320376562498,177.57357040386046,0,0.29004720052083327
,271.52321231015617,178.59739787727756,0,0.2910644531249999
,271.62322089531244,177.86463511794813,0,0.2910644531249999
,271.72322940000004,175.04506478547819,0,0.2880126953124999
,271.82323798515631,175.82755881656175,0,0.28902994791666659
,271.92324648984368,175.62690783365656,0,0.2880126953124999
,272.0232550343751,176.94132023091618,0,0.29004720052083327
,272.12326361953137,178.05534273248247,0,0.29208170572916659
,272.22327212578125,176.95135528472343,0,0.29208170572916659
,272.3232807148438,176.89114527958128,0,0.30123697916666659
,272.42328922265619,177.29255979142982,0,0.2941162109374999
,272.52329777109367,175.47642483259625,0,0.29309895833333327
,272.62330635937496,176.16868400478052,0,0.29513346354166659
,272.72331486796884,173.84145613307919,0,0.29309895833333327
,272.82332345624991,172.57794802662124,0,0.29208170572916659
,272.92333196406253,175.21559815633532,0,0.2941162109374999
,273.0233405125,174.944753654588,0,0.2941162109374999
,273.1233491007813,174.91466069135072,0,0.29615071614583327
,273.22335760703118,176.15865057535217,0,0.29818522135416659
,273.32336619296871,172.77848647016083,0,0.29513346354166659
,273.42337469921881,174.11224466586197,0,0.29818522135416659
,273.52338324531252,174.50340742586513,0,0.29920247395833327
,273.62339183125005,172.21699575721209,0,0.2971679687499999
,273.72340033671867,171.59540549885537,0,0.29818522135416659
,273.82340892343746,170.58294391385493,0,0.29615071614583327
,273.9234174289063,170.47268508789409,0,0.29615071614583327
,274.02342597500001,173.74116745292457,0,0.3002197265624999
,274.1234345617188,172.25710050173166,0,0.29920247395833327
,274.2234430710937,172.50776116806259,0,0.30123697916666659
,274.32345166093751,171.99642435511623,0,0.30123697916666659
,274.42346017031241,170.5027555010119,0,0.3002197265624999
,274.52346871953137,170.913731135055,0,0.30123697916666659
,274.62347730937495,170.84356278986502,0,0.30123697916666659
,274.72348581875008,168.01735088398448,0,0.29920247395833327
,274.82349440859366,168.82902759137619,0,0.3002197265624999
,274.92350291796879,168.63862699544347,0,0.29920247395833327
,275.02351146718752,169.12966952386836,0,0.3002197265624999
,275.12352005546882,170.37245132465227,0,0.30225423177083327
,275.22352856328121,169.12966952386836,0,0.30123697916666659
,275.32353715078125,167.8069291048987,0,0.30123697916666659
,275.42354565781261,169.53054383281039,0,0.3032714843749999
,275.52355420546883,167.86704908684578,0,0.30225423177083327
,275.62356279296887,168.61858509232093,0,0.30428873697916659
,275.72357130078126,167.0755020008508,0,0.30225423177083327
,275.8235798882813,164.82144309633276,0,0.3002197265624999
,275.92358839531244,166.73485713249784,0,0.30225423177083327
,276.02359694296888,167.31596464838634,0,0.30225423177083327
,276.12360553359372,166.28402192447112,0,0.30225423177083327
,276.22361404296885,167.71674991369025,0,0.30428873697916659
,276.32362263359369,165.1920789488928,0,0.30225423177083327
,276.42363114375007,165.82318865676569,0,0.30428873697916659
,276.52363969375006,167.15565552140885,0,0.30530598958333327
,276.62364828359387,165.05183702457515,0,0.30428873697916659
,276.72365679375002,164.08020371595535,0,0.3032714843749999
,276.82366538359383,163.48924367494971,0,0.3032714843749999
,276.92367389374999,162.01694233701375,0,0.30123697916666659
,277.02368244374998,165.16202696921715,0,0.30428873697916659
,277.12369103359379,164.38070119362112,0,0.30428873697916659
,277.22369954218743,163.30895530860397,0,0.30428873697916659
,277.32370813203124,163.42914732750307,0,0.30428873697916659
,277.42371664062512,162.62788323342522,0,0.3032714843749999
,277.52372518984384,162.61786765904515,0,0.30428873697916659
,277.62373377968743,163.24885963166594,0,0.30530598958333327
,277.7237422882813,160.14414880846766,0,0.30225423177083327
,277.82375087812511,160.21425157989955,0,0.3032714843749999
,277.92375938671876,160.50467848696235,0,0.30225423177083327
,278.02376793437497,160.58479660675835,0,0.30225423177083327
,278.12377652343753,161.6263496849765,0,0.3032714843749999
,278.22378503124992,161.34592795179458,0,0.30428873697916659
,278.32379361953122,159.26286361278216,0,0.30225423177083327
,278.42380212812509,161.15564339741536,0,0.30530598958333327
,278.52381067578131,159.34298005537437,0,0.3032714843749999
,278.6238192640626,158.942398278751,0,0.3032714843749999
,278.72382777265625,157.80074028872167,0,0.30225423177083327
,278.82383636093755,155.65756764977993,0,0.3002197265624999
,278.92384486874994,157.23992122356753,0,0.30123697916666659
,279.02385341953118,158.73209312679671,0,0.30123697916666659
,279.1238620109375,157.14978905836944,0,0.3002197265624999
,279.22387052265617,159.00248548786777,0,0.3032714843749999
,279.32387911406249,156.60899202465146,0,0.3002197265624999
,279.42388762499991,156.63903650803707,0,0.30123697916666659
,279.52389617656263,157.48027288694237,0,0.30225423177083327
,279.62390476796872,155.62752210072534,0,0.3002197265624999
,279.72391327890637,154.11517029313472,0,0.29920247395833327
,279.82392187031246,153.57429536485989,0,0.29818522135416659
,279.9239303812501,153.08348278162549,0,0.2971679687499999
,280.02393892968757,155.45726323642151,0,0.29920247395833327
,280.12394751718762,154.91643177443581,0,0.29920247395833327
,280.22395602500001,154.47574273148956,0,0.29920247395833327
,280.3239646132813,153.86476777217382,0,0.29920247395833327
,280.4239731210937,153.16361674048505,0,0.29818522135416659
,280.52398166874991,152.26207815573252,0,0.29818522135416659
,280.62399025703121,153.35393284299761,0,0.29920247395833327
,280.72399876406257,150.06799210072677,0,0.29615071614583327
,280.82400735234387,149.95777194237809,0,0.29615071614583327
,280.924015859375,150.7793764928017,0,0.29513346354166659
,281.02402440468745,150.64912761725947,0,0.29513346354166659
,281.12403299062498,150.94969895044107,0,0.29615071614583327
,281.22404149687509,151.23022285153365,0,0.29615071614583327
,281.32405008281262,147.80312406141337,0,0.29309895833333327
,281.42405858828124,150.04795218871055,0,0.29513346354166659
,281.52406713437495,149.23629082995825,0,0.2941162109374999
,281.62407572031248,148.29424500178715,0,0.2941162109374999
,281.72408422656258,147.08140400404619,0,0.29208170572916659
,281.82409281250011,145.64770742125938,0,0.2910644531249999
,281.92410131874999,146.43979764641927,0,0.2910644531249999
,282.02410986562495,148.48466933581017,0,0.29309895833333327
,282.12411845234374,146.52000258810619,0,0.29208170572916659
,282.2241269593751,147.25181823141156,0,0.29309895833333327
,282.32413554687491,145.78808682642472,0,0.29208170572916659
,282.42414405390628,145.73795177798348,0,0.29208170572916659
,282.52415260078124,146.54005363532349,0,0.2941162109374999
,282.62416118750002,145.06609271444393,0,0.29208170572916659
,282.72416969453116,143.19038149777691,0,0.2910644531249999
,282.82417828124994,143.06998685826966,0,0.2910644531249999
,282.92418678671879,142.23715768110299,0,0.29004720052083327
,283.02419533203124,144.10326103878657,0,0.2910644531249999
,283.12420391718751,144.36404821414868,0,0.2910644531249999
,283.22421242265636,142.89942165729366,0,0.2910644531249999
,283.32422100781241,142.22712250930653,0,0.2910644531249999
,283.42422951328126,142.94958864305283,0,0.29208170572916659
,283.52423805859371,141.62496330750855,0,0.2910644531249999
,283.62424664374998,142.38768210757308,0,0.29208170572916659
,283.72425514921883,139.77770807020994,0,0.28902994791666659
,283.82426373671888,139.20525373490682,0,0.28902994791666659
,283.92427224687503,140.2697375464511,0,0.28902994791666659
,284.02428079687502,140.61110332274956,0,0.29004720052083327
,284.12428938671883,140.36010241759368,0,0.29004720052083327
,284.22429789687499,140.56090461802478,0,0.29004720052083327
,284.3243064867188,138.69296975230691,0,0.28902994791666659
,284.42431499687495,140.04883538904068,0,0.2910644531249999
,284.52432354687494,139.02445725562256,0,0.29004720052083327
,284.62433213671875,138.76328826025753,0,0.29004720052083327
,284.72434064687491,137.43700381480596,0,0.28902994791666659
,284.82434923281244,136.02966331551028,0,0.28699544270833327
,284.92435773828129,136.59268625844379,0,0.2880126953124999
,285.02436628437499,138.22078903235604,0,0.28902994791666659
,285.12437487031252,137.27620104043876,0,0.2880126953124999
,285.22438337578137,138.0097905974996,0,0.29004720052083327
,285.32439196171867,136.69321373737267,0,0.28902994791666659
,285.42440046718752,137.22594830199341,0,0.29004720052083327
,285.52440901328123,137.76863100252467,0,0.2910644531249999
,285.62441759921876,136.1905390785239,0,0.29004720052083327
,285.72442610468761,134.3700468691091,0,0.28902994791666659
,285.82443469062491,134.41029299820173,0,0.28902994791666659
,285.92444319531251,133.34354241177812,0,0.28699544270833327
,286.02445174140621,135.73805102348587,0,0.28902994791666659
,286.12446032656248,135.71793863478791,0,0.28902994791666659
,286.22446883203133,134.45053846408734,0,0.28902994791666659
,286.32447741718761,134.35998523305585,0,0.28902994791666659
,286.42448592265623,134.96361058496836,0,0.29004720052083327
,286.52449446796868,133.89710472205746,0,0.28902994791666659
,286.62450305390621,134.6416954104568,0,0.2910644531249999
,286.72451156015632,131.71226952467237,0,0.2880126953124999
,286.82452014765636,131.31937464360539,0,0.2880126953124999
,286.92452865546875,132.3165838672108,0,0.2880126953124999
,287.02453720312496,132.79991644805898,0,0.2880126953124999
,287.12454579062501,133.57504796678944,0,0.29004720052083327
,287.22455429765637,134.42035442679753,0,0.2910644531249999
,287.32456288515618,131.4402730757364,0,0.28902994791666659
,287.4245713929688,133.19254810566281,0,0.2910644531249999
,287.52457994062502,132.84018947469764,0,0.2910644531249999
,287.62458852812506,131.54101652779804,0,0.29004720052083327
,287.72459703984373,131.10778577060506,0,0.28902994791666659
,287.82460563281256,129.5151338191958,0,0.2880126953124999
,287.92461414609375,130.18057105533848,0,0.2880126953124999
,288.02462269921875,132.39714655975035,0,0.29004720052083327
,288.12463129218759,130.97679151151709,0,0.28902994791666659
,288.22463980546877,132.11516429265117,0,0.2910644531249999
,288.3246483984376,130.56360172357131,0,0.29004720052083327
,288.42465691171878,130.03943623538072,0,0.2910644531249999
,288.52466546484379,131.52086821743586,0,0.29309895833333327
,288.62467405781263,130.20073236574956,0,0.29208170572916659
,288.72468256718753,128.05238740428496,0,0.2910644531249999
,288.82469115703134,128.76876900926953,0,0.29208170572916659
,288.9246996671875,128.02211171079659,0,0.2910644531249999
,289.02470821718748,130.15032871216835,0,0.2574951171874999
,289.12471680703129,130.68454386792627,0,0.29513346354166659
,289.22472531640619,129.67647240815774,0,0.29513346354166659
,289.32473390703126,129.03103816210529,0,0.29615071614583327
,289.42474241640616,129.42437504375511,0,0.2971679687499999
,289.52475096640637,128.20375845947376,0,0.2971679687499999
,289.6247595554687,129.12181529676701,0,0.29920247395833327
,289.72476806484383,126.4773807781266,0,0.29615071614583327
,289.82477665390616,125.99248080783632,0,0.2971679687499999
,289.92478516328129,127.94137410376864,0,0.29818522135416659
,290.02479371250001,127.63857649557936,0,0.29818522135416659
,290.12480230234382,127.58810535125163,0,0.29920247395833327
,290.22481081093747,128.56699895818986,0,0.30123697916666659
,290.32481940078128,125.70955920719173,0,0.29920247395833327
,290.42482790937493,127.89091130474266,0,0.30225423177083327
,290.52483645937491,127.19438213260501,0,0.30123697916666659
,290.62484504843746,125.57818671658153,0,0.30123697916666659
,290.72485355703134,125.88133863970189,0,0.30123697916666659
,290.82486214531241,124.00090365479572,0,0.29920247395833327
,290.92487065390628,124.17286134971867,0,0.3002197265624999
,291.02487920312501,126.82076985155693,0,0.30225423177083327
,291.12488779140631,125.20422419054118,0,0.30123697916666659
,291.22489629999995,126.07330694184752,0,0.3032714843749999
,291.32490488906251,124.8807293564853,0,0.30225423177083327
,291.42491339765616,124.62795475000696,0,0.30225423177083327
,291.52492194609385,125.26487244502799,0,0.3032714843749999
,291.62493053515618,124.61784295218338,0,0.3032714843749999
,291.72493904375006,121.44964340835772,0,0.3002197265624999
,291.82494763281261,122.20939606048363,0,0.30123697916666659
,291.92495614140626,121.77385229966428,0,0.3002197265624999
,292.02496468984373,123.41408405687649,0,0.30225423177083327
,292.12497327890628,123.75810822209699,0,0.30225423177083327
,292.22498178749993,122.70555916013554,0,0.30225423177083327
,292.32499037578123,121.8447634792167,0,0.30225423177083327
,292.4249988843751,123.02949666728084,0,0.3032714843749999
,292.52500743515634,121.34831340707258,0,0.30225423177083327
,292.62501602578118,122.02709093161543,0,0.30428873697916659
,292.72502453671882,119.55358245083191,0,0.30123697916666659
,292.82503312734366,118.12220865463566,0,0.3002197265624999
,292.9250416382813,120.11151208585177,0,0.30123697916666659
,293.02505018906254,120.3244808545342,0,0.30123697916666659
,293.12505877968761,120.14193817587939,0,0.30123697916666659
,293.22506729062502,121.18617072421328,0,0.3032714843749999
,293.32507588203134,118.18314945558539,0,0.3002197265624999
,293.4250843921875,119.48255705548438,0,0.3032714843749999
,293.52509294296874,118.87361613695917,0,0.30225423177083327
,293.62510153359381,116.99428847221675,0,0.30123697916666659
,293.72511004374996,116.44521044543662,0,0.3002197265624999
,293.82511863359377,115.12235870577017,0,0.29818522135416659
,293.92512714374993,115.15290223834124,0,0.29818522135416659
,294.02513569453117,117.58377493091125,0,0.29920247395833327
,294.12514428437498,115.87554136713034,0,0.29818522135416659
,294.22515279453137,116.49606107392576,0,0.29920247395833327
,294.32516138515621,115.49900832225167,0,0.29818522135416659
,294.42516989531259,114.72522198516386,0,0.29818522135416659
,294.52517844765634,115.2852486064421,0,0.29920247395833327
,294.62518703906244,114.67429746655672,0,0.29818522135416659
,294.72519555078134,112.01292811350747,0,0.29615071614583327
,294.82520414296869,112.54365982595077,0,0.29615071614583327
,294.92521265468758,112.8089312260568,0,0.29615071614583327
,295.02522120625008,113.14553214632143,0,0.29615071614583327
,295.12522979843743,113.88978228233846,0,0.2971679687499999
,295.22523831015633,112.19667160861793,0,0.29615071614583327
,295.32524690156242,111.18570182798639,0,0.29615071614583327
,295.42525541484383,112.57427126092132,0,0.2971679687499999
,295.52526396796884,110.52142074160808,0,0.29513346354166659
,295.62527256093745,111.44108549768889,0,0.2971679687499999
,295.7252810734376,109.20183981877962,0,0.2941162109374999
,295.82528966640621,107.24490638895342,0,0.29309895833333327
,295.92529817968762,109.47816961096977,0,0.2941162109374999
,296.02530673281262,109.87718249530037,0,0.2941162109374999
,296.12531532578123,109.23254679090748,0,0.2941162109374999
,296.22532383828116,110.26581776161761,0,0.29615071614583327
,296.32533243203125,106.9166651752865,0,0.29208170572916659
,296.42534094609368,108.70016210245193,0,0.29513346354166659
,296.52534949999995,108.45435203880741,0,0.2941162109374999
,296.62535809375004,106.95770137804668,0,0.2941162109374999
,296.72536660781248,106.51647101757743,0,0.2941162109374999
,296.82537520234382,105.38681490005327,0,0.29208170572916659
,296.92538371640626,104.99625492987693,0,0.29208170572916659
,297.02539227031252,107.41923971023739,0,0.2941162109374999
,297.12540086484387,105.65394621667637,0,0.29309895833333327
,297.22540937890631,105.86965082728743,0,0.2941162109374999
,297.32541797265617,105.09904974890824,0,0.29309895833333327
,297.42542648281255,104.15290508714637,0,0.29309895833333327
,297.52543503281254,104.58496145634294,0,0.2941162109374999
,297.62544362265635,104.327809644829,0,0.29309895833333327
,297.72545213281251,101.68000688297661,0,0.2910644531249999
,297.82546072265632,102.26794927387935,0,0.2910644531249999
,297.92546923281247,102.32981481021407,0,0.2910644531249999
,298.02547778281246,103.22637604414088,0,0.29208170572916659
,298.12548637265627,103.92650807782971,0,0.29309895833333327
,298.22549488281243,102.77305666311071,0,0.29208170572916659
,298.32550347187498,101.54585870588512,0,0.29208170572916659
,298.42551198203137,102.91731980794361,0,0.29309895833333327
,298.52552053203135,101.17426182950281,0,0.29208170572916659
,298.62552912187493,101.64905146847013,0,0.29309895833333327
,298.72553763203132,100.44091342102722,0,0.29208170572916659
,298.82554622187513,97.791315294930456,0,0.28902994791666659
,298.92555473203129,100.48224578707726,0,0.2910644531249999
,299.02556328203127,101.42201101410365,0,0.2910644531249999
,299.12557187187508,100.7301972999262,0,0.29208170572916659
,299.22558038203124,102.43291430391928,0,0.2941162109374999
,299.32558897265631,99.303467824010042,0,0.2910644531249999
,299.42559748359372,100.80250274743463,0,0.2941162109374999
,299.52560603437496,100.7921737768675,0,0.2941162109374999
,299.62561462578128,98.81698810867239,0,0.29309895833333327
,299.7256231367187,98.16443922260288,0,0.29309895833333327
,299.82563172734376,96.598207995253418,0,0.2910644531249999
,299.92564023828118,95.860677958973852,0,0.29004720052083327
,300.02564878984367,99.241380190612844,0,0.29208170572916659
,300.12565738046874,98.236970835390565,0,0.29208170572916659
,300.22566589218741,98.516674174369967,0,0.29208170572916659
,300.32567448203122,98.133352231505924,0,0.29309895833333327
,300.4256829921876,97.044539205569677,0,0.29208170572916659
,300.52569154218759,97.428387604678448,0,0.29309895833333327
,300.62570013203117,97.583948453205636,0,0.29309895833333327
,300.72570864218756,93.935564082901209,0,0.29004720052083327
,300.82571723281262,94.706204187574585,0,0.29004720052083327
,300.92572574218752,95.049610913625187,0,0.28902994791666659
,301.02573429218751,96.442450644118281,0,0.2910644531249999
,301.12574288281257,97.739478674894983,0,0.29208170572916659
,301.22575139062496,96.660502160363734,0,0.29208170572916659
,301.32575997656249,95.54883183563345,0,0.29208170572916659
,301.4257684828126,97.034162313724025,0,0.2941162109374999
,301.52577702968756,94.872724088215108,0,0.29208170572916659
,301.62578561562509,95.174447122705587,0,0.29309895833333327
,301.72579412187497,93.570791350801116,0,0.2910644531249999
,301.82580270859376,91.587378455590255,0,0.28902994791666659
,301.92581121484386,93.747989356759277,0,0.2910644531249999
,302.02581976093757,94.976780214031422,0,0.2910644531249999
,302.12582834765635,94.154340819703535,0,0.2910644531249999
,302.22583685468749,95.943815378806548,0,0.2941162109374999
,302.32584544296878,93.205836326646761,0,0.2910644531249999
,302.42585395156243,93.820940780067545,0,0.29309895833333327
,302.52586250000013,94.820690603299198,0,0.2941162109374999
,302.6258710882812,92.736338259985331,0,0.29309895833333327
,302.72587959687507,92.026291427864294,0,0.29309895833333327
,302.82588818515637,91.566471026883747,0,0.29208170572916659
,302.92589669375002,91.409645489408447,0,0.29208170572916659
,303.02590524218749,94.008496880764426,0,0.29513346354166659
,303.12591383046879,92.798955661156469,0,0.29513346354166659
,303.22592233437513,92.569331838616947,0,0.29615071614583327
,303.32593091874992,92.026291427864294,0,0.29513346354166659
,303.42593942265626,91.744164395289843,0,0.29615071614583327
,303.52594796718745,92.088971072566224,0,0.2971679687499999
,303.62595655156247,92.015844282256936,0,0.2971679687499999
,303.72596505546881,88.958553789215514,0,0.29513346354166659
,303.82597363984382,89.860402102164315,0,0.29615071614583327
,303.92598214374993,90.84478240405096,0,0.29615071614583327
,304.02599068828135,91.252784889323578,0,0.2971679687499999
,304.12599927421866,92.245646006604645,0,0.29920247395833327
,304.22600778203127,91.148191619491726,0,0.29920247395833327
,304.32601636953132,89.315242172171295,0,0.29818522135416659
,304.42602487734371,91.001734709669023,0,0.3002197265624999
,304.52603342499992,89.367680443272391,0,0.29818522135416659
,304.62604201328122,89.808001867719483,0,0.3002197265624999
,304.72605052109384,88.57017749307596,0,0.29818522135416659
,304.82605910859365,86.930190010638654,0,0.2971679687499999
,304.92606761640627,88.643671388041838,0,0.29920247395833327
,305.02607616406249,89.860402102164315,0,0.29920247395833327
,305.12608475234379,88.53867763126884,0,0.29920247395833327
,305.22609326015618,90.614521475874369,0,0.30225423177083327
,305.32610184843747,87.403683954261822,0,0.29920247395833327
,305.42611035546884,88.160562927264323,0,0.30123697916666659
,305.52611890312505,89.03200508167194,0,0.30225423177083327
,305.62612749140635,87.424720152897521,0,0.30123697916666659
,305.72613599921874,85.686932532966495,0,0.3002197265624999
,305.82614458671878,86.203493021574886,0,0.3002197265624999
,305.92615309453117,85.106618827243466,0,0.29920247395833327
,306.02616164218762,87.561438966409355,0,0.30123697916666659
,306.12617022890618,87.582470098039593,0,0.30225423177083327
,306.22617873515628,87.098582872584927,0,0.30225423177083327
,306.32618732109381,86.361540404244593,0,0.30225423177083327
,306.42619582812495,85.824019984468848,0,0.30225423177083327
,306.52620437421888,85.433770216550073,0,0.30225423177083327
,306.62621296093744,86.129724239897058,0,0.3032714843749999
,306.72622146718754,82.398375377327753,0,0.3002197265624999
,306.82623005390633,82.483189782618112,0,0.3002197265624999
,306.92623856015621,83.574117372958597,0,0.3002197265624999
,307.02624710781242,83.902074097968892,0,0.3002197265624999
,307.12625569687498,84.81098101772308,0,0.30225423177083327
,307.22626420625011,84.620854458826642,0,0.30225423177083327
,307.32627279531243,81.963513758102721,0,0.3002197265624999
,307.42628130468756,84.958817325722038,0,0.3032714843749999
,307.52628985390629,83.457703553456909,0,0.30225423177083327
,307.62629844296885,82.101430817514014,0,0.30225423177083327
,307.72630695234375,81.092839446805513,0,0.30123697916666659
,307.8263155414063,78.91048379643064,0,0.29920247395833327
,307.9263240507812,80.135740816565857,0,0.29920247395833327
,308.02633260312496,82.207499286206129,0,0.3002197265624999
,308.12634119687505,80.28472564960289,0,0.29818522135416659
,308.22634971093748,81.868014102295419,0,0.30123697916666659
,308.32635830468757,80.359203795719864,0,0.29920247395833327
,308.42636681875001,79.358270980577373,0,0.29920247395833327
,308.52637537265628,80.199596123604849,0,0.3002197265624999
,308.62638396718762,79.187726601723625,0,0.29920247395833327
,308.72639248125006,76.291302036186849,0,0.29615071614583327
,308.82640107499992,77.179990278262537,0,0.2971679687499999
,308.92640958906259,76.484150869954902,0,0.29513346354166659
,309.02641813750006,78.462345530481414,0,0.2971679687499999
,309.12642672656261,79.209047418130496,0,0.29818522135416659
,309.22643523515626,77.404613986896933,0,0.2971679687499999
,309.32644382421881,76.666224023594353,0,0.2971679687499999
,309.42645233281246,77.201386908214403,0,0.2971679687499999
,309.52646088124993,75.798158495683509,0,0.29615071614583327
,309.62646947031249,77.072994801625995,0,0.2971679687499999
,309.72647797890636,73.874913343956635,0,0.2941162109374999
,309.82648656796869,73.045464110744504,0,0.29309895833333327
,309.92649507734382,74.670830228155381,0,0.2941162109374999
,310.0265036273438,74.531092562008723,0,0.29309895833333327
,310.12651221718761,75.240155464540678,0,0.29513346354166659
,310.22652072734377,75.519228461004701,0,0.29513346354166659
,310.32652931718758,71.955497867101428,0,0.29208170572916659
,310.42653782656248,74.133178336568548,0,0.29513346354166659
,310.52654637656246,73.325683315756066,0,0.2941162109374999
,310.62655496640627,71.544819872023297,0,0.29309895833333327
,310.72656347656243,72.009510219822758,0,0.29309895833333327
,310.82657206640624,69.616726807976846,0,0.29004720052083327
,310.9265805734376,70.397508832351051,0,0.2910644531249999
,311.02658911875005,73.142479918169869,0,0.29309895833333327
,311.12659770390633,70.798277501824202,0,0.2910644531249999
,311.22660620937495,72.311875731713954,0,0.2941162109374999
,311.32661479453122,70.018112470375542,0,0.2910644531249999
,311.42662330000007,69.258464114186168,0,0.2910644531249999
,311.52663184531252,70.744137966533671,0,0.29309895833333327
,311.62664043125005,69.312762772539557,0,0.2910644531249999
,311.72664893593742,67.059821231408321,0,0.29004720052083327
,311.82665752187495,68.040622755730041,0,0.29004720052083327
,311.92666603125008,66.666949265606306,0,0.2880126953124999
,312.02667458046881,68.758639801099235,0,0.29004720052083327
,312.12668316953136,69.247603676853799,0,0.2910644531249999
,312.22669167890626,67.75748116615172,0,0.29004720052083327
,312.32670026875007,67.168896156397011,0,0.2910644531249999
,312.42670877812498,67.670327917876293,0,0.2910644531249999
,312.5267173273437,65.989589703959098,0,0.29004720052083327
,312.62672591640626,67.386973016016981,0,0.2910644531249999
,312.72673442578116,64.401700865305784,0,0.28902994791666659
,312.82674301562497,63.105545930776245,0,0.2880126953124999
,312.92675152578136,65.136071763345143,0,0.28902994791666659
,313.02676007578134,65.1579758641045,0,0.2880126953124999
,313.12676866562492,65.552078052440521,0,0.29004720052083327
,313.22677717500005,66.645113737771581,0,0.2910644531249999
,313.32678576484386,62.874497432670864,0,0.2880126953124999
,313.42679427421876,65.070353423769419,0,0.2910644531249999
,313.52680282421875,64.938889545327442,0,0.29004720052083327
,313.62681141406256,63.006539190504682,0,0.28902994791666659
,313.72681992343746,62.808462487515811,0,0.28902994791666659
,313.82682851250001,61.276004342320562,0,0.28699544270833327
,313.92683702187492,61.386423949146035,0,0.28699544270833327
,314.02684557109387,64.281023709647769,0,0.29004720052083327
,314.1268541601562,62.544228707639093,0,0.28902994791666659
,314.22686266953133,63.083546251568436,0,0.29004720052083327
,314.32687125937491,61.938122956820294,0,0.28902994791666659
,314.42687976796879,61.430584324067567,0,0.28902994791666659
,314.52688831796877,62.819468963553291,0,0.2910644531249999
,314.62689690703132,61.87195408343193,0,0.29004720052083327
,314.72690541640623,58.640034354054805,0,0.2880126953124999
,314.82691400312501,59.195095080215879,0,0.2880126953124999
,314.92692251015637,58.595599557789541,0,0.28699544270833327
,315.02693105625008,60.070688888611983,0,0.2880126953124999
,315.12693964296886,60.823004247425033,0,0.28902994791666659
,315.22694815,60.015322116080668,0,0.28902994791666659
,315.32695673671878,59.117428189604524,0,0.28902994791666659
,315.42696524296866,60.778784963648022,0,0.2910644531249999
,315.52697378984385,58.595599557789541,0,0.28902994791666659
,315.62698237656241,59.1840006373357,0,0.29004720052083327
,315.72699088359377,57.661436450121215,0,0.2880126953124999
,315.82699947343758,55.529878315359056,0,0.28699544270833327
,315.92700798203123,57.661436450121215,0,0.2880126953124999
,316.02701653203121,58.506716613764794,0,0.2880126953124999
,316.12702512109377,58.306664793324515,0,0.28902994791666659
,316.22703363046867,59.660813367374303,0,0.2910644531249999
,316.32704221953122,55.921262511463738,0,0.2880126953124999
,316.42705072890635,57.772750138836869,0,0.29004720052083327
,316.52705927812508,57.895162683303994,0,0.29004720052083327
,316.62706786718741,55.943616600623329,0,0.28902994791666659
,316.72707637500002,55.082145598113087,0,0.2880126953124999
,316.82708496171881,53.938299551724157,0,0.28699544270833327
,316.92709346796869,53.994442206356879,0,0.28597819010416659
,317.02710201484388,57.059854095349422,0,0.2880126953124999
,317.12711060156244,55.731205998961315,0,0.28699544270833327
,317.2271191085938,56.06654342521513,0,0.28902994791666659
,317.32712769531258,55.082145598113087,0,0.2880126953124999
,317.42713620156246,54.813281285473124,0,0.2880126953124999
,317.52714474843742,55.350841253682319,0,0.28902994791666659
,317.62715333515621,55.093344613175532,0,0.28902994791666659
,317.72716184140631,52.464692525465338,0,0.28699544270833327
,317.82717042890636,53.657474536864072,0,0.2880126953124999
,317.92717893593749,52.825134916992354,0,0.28597819010416659
,318.02718748281245,54.039350976211068,0,0.2880126953124999
,318.12719606953124,55.160532557250121,0,0.28902994791666659
,318.2272045765626,54.039350976211068,0,0.2880126953124999
,318.32721316406241,52.385804317522187,0,0.28699544270833327
,318.42722167109378,54.409667150569504,0,0.28902994791666659
,318.52723021796874,52.419615374285442,0,0.28699544270833327
,318.62723880625003,53.455164912475695,0,0.28902994791666659
,318.72724731718745,51.291096966727935,0,0.28699544270833327
,318.82725590781251,49.331434973524708,0,0.2849609374999999
,318.92726441874993,51.923444850350847,0,0.28699544270833327
,319.02727296953117,52.858910490211358,0,0.28699544270833327
,319.12728156093749,51.641265879353938,0,0.28699544270833327
,319.2272900718749,53.578810093108643,0,0.28902994791666659
,319.32729866249997,50.261461072230588,0,0.28597819010416659
,319.42730717343761,51.799309731424046,0,0.2880126953124999
,319.52731572421885,52.813875787830781,0,0.28902994791666659
,319.62732431249992,50.872764577388665,0,0.28902994791666659
,319.72733282031254,50.816200593153795,0,0.28902994791666659
,319.82734140859384,49.342789558662048,0,0.2880126953124999
,319.92734991562497,48.592703631505429,0,0.28699544270833327
,320.02735846406244,52.103938884630935,0,0.29004720052083327
,320.12736705156249,50.46533008578082,0,0.28902994791666659
,320.2273755593751,50.238802695707975,0,0.29004720052083327
,320.32738414765618,49.819396085606797,0,0.29004720052083327
,320.42739265546879,49.308724850696549,0,0.29004720052083327
,320.52740120312501,49.740000396896221,0,0.2910644531249999
,320.62740979609384,50.295446286207678,0,0.29208170572916659
,320.72741830937503,47.088326148131102,0,0.28902994791666659
,320.82742690234386,47.579009261418221,0,0.29004720052083327
,320.92743541484379,47.784232745260113,0,0.28902994791666659
,321.02744396796879,48.751929029877743,0,0.28902994791666659
,321.12745256093763,49.683279719989102,0,0.26156412760416659
,321.22746107421881,49.195155172617206,0,0.29309895833333327
,321.32746966718742,46.905592097409638,0,0.2910644531249999
,321.42747817968757,49.320080070886021,0,0.2941162109374999
,321.52748673203132,47.476358029249567,0,0.29309895833333327
,321.62749532031262,47.886805069985357,0,0.2941162109374999
,321.72750382812501,46.608470009405607,0,0.29309895833333327
,321.82751241640631,43.958772344593271,0,0.2910644531249999
,321.92752092499995,45.887594971078627,0,0.29309895833333327
,322.02752947265617,47.647428781156904,0,0.2941162109374999
,322.12753806093747,46.482697518822363,0,0.2941162109374999
,322.22754656953134,48.217137652558023,0,0.29615071614583327
,322.32755515781241,45.589706845033618,0,0.2941162109374999
,322.42756366562503,46.059351161028147,0,0.29513346354166659
,322.52757221640627,47.33944868468754,0,0.2971679687499999
,322.6275808093751,45.830326284187947,0,0.29615071614583327
,322.72758932187503,43.647891051524084,0,0.29513346354166659
,322.82759791406261,44.108367147567463,0,0.29513346354166659
,322.92760642656253,42.621360060209753,0,0.2941162109374999
,323.02761497890629,45.841780687152081,0,0.2971679687499999
,323.12762357187512,45.429212093914913,0,0.29615071614583327
,323.22763208437505,44.430376003556461,0,0.2971679687499999
,323.32764067656262,44.487849574828786,0,0.2971679687499999
,323.42764918906255,44.430376003556461,0,0.29818522135416659
,323.52765773984379,43.659409621328066,0,0.29818522135416659
,323.62766633046886,44.717659207303072,0,0.29920247395833327
,323.72767484062501,41.186543476711016,0,0.29615071614583327
,323.82768343125008,40.931414041033115,0,0.29615071614583327
,323.92769194140624,42.15910414093613,0,0.2971679687499999
,324.02770049218748,42.956148003756539,0,0.2971679687499999
,324.12770908281254,43.935752643887298,0,0.29920247395833327
,324.22771759374996,43.22146266921176,0,0.29818522135416659
,324.32772618437502,40.943014555466249,0,0.2971679687499999
,324.42773469453118,43.428973068051533,0,0.3002197265624999
,324.52774324374991,41.418330752897717,0,0.29818522135416659
,324.62775183281246,41.267685095837741,0,0.29920247395833327
,324.72776034218759,40.873406144762683,0,0.29920247395833327
,324.82776893203118,37.996630765287563,0,0.29615071614583327
,324.92777744140631,39.641539044333136,0,0.29818522135416659
,325.02778599062503,41.76574730028856,0,0.29920247395833327
,325.12779458046884,40.002218609712898,0,0.29818522135416659
,325.22780308984375,41.638397996831117,0,0.30123697916666659
,325.32781167968756,40.060360373351308,0,0.29920247395833327
,325.4278201882812,39.257208852159465,0,0.3002197265624999
,325.52782873593742,40.652895112494434,0,0.30123697916666659
,325.62783732343746,39.292164243997256,0,0.3002197265624999
,325.72784583125008,36.720025053011511,0,0.29920247395833327
,325.82785441875012,37.598896295813375,0,0.29920247395833327
,325.92786292578126,36.720025053011511,0,0.29818522135416659
,326.02787147343747,38.697477912397702,0,0.3002197265624999
,326.12788006171877,39.315466026799683,0,0.3002197265624999
,326.2278885687499,38.125218315423112,0,0.3002197265624999
,326.32789715624995,37.7393219115039,0,0.30123697916666659
,326.42790566406256,38.312175352592398,0,0.30123697916666659
,326.52791421093752,36.802141731738054,0,0.3002197265624999
,326.62792279765631,37.926473324379351,0,0.30225423177083327
,326.72793130468744,34.436858986847795,0,0.29920247395833327
,326.82793989140623,33.727812013792466,0,0.29818522135416659
,326.92794839843759,35.509607363993453,0,0.29920247395833327
,327.02795694531255,35.756716583715622,0,0.29920247395833327
,327.12796553203134,36.720025053011511,0,0.30123697916666659
,327.22797403906247,37.282743661463009,0,0.30123697916666659
,327.32798262656252,33.585835358560992,0,0.29920247395833327
,327.42799113515616,36.132943073286157,0,0.30225423177083327
,327.52799968437512,35.427200432788553,0,0.30123697916666659
,327.62800827343744,33.834257828178416,0,0.3002197265624999
,327.72801678203132,32.969955116406368,0,0.29920247395833327
,327.82802537109387,31.36607265859088,0,0.29818522135416659
,327.92803387968752,31.996604771874217,0,0.29818522135416659
,328.02804242890625,34.944156595492892,0,0.3002197265624999
,328.1280510179688,33.66866187067555,0,0.3002197265624999
,328.22805952656245,34.318781000398367,0,0.30225423177083327
,328.32806811484375,32.661618389413746,0,0.3002197265624999
,328.42807662187511,31.984718266611928,0,0.3002197265624999
,328.52808516796881,32.81581990518675,0,0.30123697916666659
,328.6280937546876,32.020376593896287,0,0.30123697916666659
,328.72810226093748,29.132351310103431,0,0.29818522135416659
,328.82811084765626,30.113586132448162,0,0.29920247395833327
,328.92811935390637,29.515598284214427,0,0.29818522135416659
,329.02812790078133,31.42560458903786,0,0.3002197265624999
,329.12813648750011,32.898824019386318,0,0.30123697916666659
,329.22814499374999,30.74634772175893,0,0.3002197265624999
,329.32815358281255,29.826678788794503,0,0.3002197265624999
,329.42816209218745,31.127845076745373,0,0.30123697916666659
,329.52817064062492,29.036474079745105,0,0.3002197265624999
,329.62817923046873,30.388320044226646,0,0.30225423177083327
,329.72818773906261,27.655323283529043,0,0.29920247395833327
,329.82819632812493,25.77293508944144,0,0.29818522135416659
,329.92820483750006,27.859838489115155,0,0.29920247395833327
,330.02821338671879,28.172394102851399,0,0.29818522135416659
,330.12822197578134,28.340577203530074,0,0.29920247395833327
,330.22823048359373,29.707065011225396,0,0.3002197265624999
,330.32823907031252,25.845524851273048,0,0.2971679687499999
,330.42824757656263,27.847811512236909,0,0.3002197265624999
,330.52825612343759,27.775640915497917,0,0.29920247395833327
,330.62826471015637,26.063202280953064,0,0.29920247395833327
,330.72827321640625,25.724533398839782,0,0.29818522135416659
,330.82828180312504,24.317903702317835,0,0.2971679687499999
,330.92829031015617,24.548696401550629,0,0.2971679687499999
,331.0282988562501,27.871865050172097,0,0.29920247395833327
,331.12830744296866,25.906004617916835,0,0.29818522135416659
,331.22831595078128,26.510218834691642,0,0.3002197265624999
,331.32832454140635,25.337074141336572,0,0.29920247395833327
,331.4283330515625,24.937047791448087,0,0.29920247395833327
,331.52834160234374,25.433979963476496,0,0.3002197265624999
,331.62835019218755,25.385530474082564,0,0.3002197265624999
,331.72835870312497,21.695316091861152,0,0.2971679687499999
,331.82836729296878,22.514769253884005,0,0.29818522135416659
,331.92837580312494,22.795616076245693,0,0.2971679687499999
,332.02838435390618,23.61241030807129,0,0.29818522135416659
,332.12839294453124,24.645825622214623,0,0.3002197265624999
,332.22840145234386,23.527165525401365,0,0.29920247395833327
,332.32841003984367,20.910687019939303,0,0.29818522135416659
,332.42841854765629,23.539344661143879,0,0.3002197265624999
,332.52842709531251,21.474824334804239,0,0.29818522135416659
,332.62843568359381,21.91566346433094,0,0.29920247395833327
,332.7284441914062,20.284118415967235,0,0.29818522135416659
,332.82845277890624,17.741210480741721,0,0.29615071614583327
,332.92846128671886,19.66869284669437,0,0.2971679687499999
,333.02846983437507,20.947507511509691,0,0.2971679687499999
,333.12847842187512,19.58244255431746,0,0.2971679687499999
,333.22848692890625,21.67082414423021,0,0.29818522135416659
,333.32849551562504,17.790773497955158,0,0.29615071614583327
,333.42850402265617,19.631731170295502,0,0.29818522135416659
,333.52851256953136,19.816498567534175,0,0.29818522135416659
,333.62852115624992,17.691640022275479,0,0.29615071614583327
,333.72852966328128,16.648934502561602,0,0.29615071614583327
,333.82853825078132,15.789944516881164,0,0.2941162109374999
,333.9285467570312,15.503113226731699,0,0.2941162109374999
,334.02855530390616,18.990408973346234,0,0.29615071614583327
,334.12856389374997,17.406465282416129,0,0.29513346354166659
,334.22857240390636,17.369250390491523,0,0.29615071614583327
,334.32858099531245,16.474828477649787,0,0.29513346354166659
,334.42858950546884,16.163694964281895,0,0.29513346354166659
,334.52859805625008,16.474828477649787,0,0.29615071614583327
,334.62860664765617,16.661367116493885,0,0.29615071614583327
,334.72861515781256,12.910204733365489,0,0.29309895833333327
,334.82862374921888,12.935356369122182,0,0.2941162109374999
,334.92863225937504,13.688998104764742,0,0.29309895833333327
,335.02864081015628,14.578551874602795,0,0.2941162109374999
,335.12864940078134,15.927035871841866,0,0.29513346354166659
,335.22865790937499,15.103624391953929,0,0.29513346354166659
,335.3286664992188,12.444546010405496,0,0.29309895833333327
,335.4286750085937,14.641104891604456,0,0.29513346354166659
,335.52868355781243,12.545285881478755,0,0.2941162109374999
,335.62869214687498,13.161633125265197,0,0.29513346354166659
,335.72870065625011,11.586983793526848,0,0.29309895833333327
,335.82870924531244,9.4202904619239476,0,0.29208170572916659
,335.92871775468757,11.523837505253802,0,0.29309895833333327
,336.0287263039063,12.759253811621527,0,0.2941162109374999
,336.12873489296885,11.675367774605832,0,0.2941162109374999
,336.2287434015625,13.237023563741452,0,0.29513346354166659
,336.32875199062505,9.5219841445609035,0,0.29309895833333327
,336.4287604992187,10.575150315499453,0,0.29513346354166659
,336.52876904843743,11.346961886792492,0,0.29513346354166659
,336.62877763671872,9.3821469710585141,0,0.2941162109374999
,336.72878614609385,8.0059290328408785,0,0.29309895833333327
,336.82879473437492,7.1235453898450629,0,0.29208170572916659
,336.92880324375005,6.1744772327445787,0,0.29004720052083327
,337.02881179453129,10.017277477686243,0,0.29309895833333327
,337.12882038750013,9.0131910706159744,0,0.29208170572916659
,337.22882890078131,8.580077009988976,0,0.29309895833333327
,337.32883749453117,8.1208416987128373,0,0.29309895833333327
,337.42884600703132,7.8143153888348031,0,0.29309895833333327
,337.52885456093759,7.3923572428039606,0,0.29309895833333327
,337.6288631539062,7.9548433770388911,0,0.2941162109374999
,337.7288716671876,3.9574187715832139,0,0.29004720052083327
,337.82888026015621,4.7454937771382362,0,0.29208170572916659
,337.92888877343762,5.3384732082547366,0,0.2910644531249999
,338.02889732265635,5.6988702403127007,0,0.2910644531249999
,338.12890591093742,7.1363511339182928,0,0.29309895833333327
,338.22891441953129,6.0460055852894747,0,0.29208170572916659
,338.32892300781259,3.6338633170426924,0,0.2910644531249999
,338.42893151562498,6.5467493256069424,0,0.2941162109374999
,338.52894006406245,4.0608858931710294,0,0.29208170572916659
,338.62894865234375,4.112606632942537,0,0.29309895833333327
,338.72895716093763,2.8170145620104812,0,0.2910644531249999
,338.8289657492187,0.091694503478969125,0,0.28902994791666659
,338.92897425781257,2.3752852960567381,0,0.29004720052083327
,339.02898281015632,4.3323245352295494,0,0.2910644531249999
,339.12899140234367,2.4012867143545442,0,0.2910644531249999
,339.22899991406257,4.4614984211287094,0,0.29208170572916659
,339.32900850624992,1.7245428035153871,0,0.29004720052083327
,339.42901701875007,2.0500841990311258,0,0.2910644531249999
,339.52902557031257,3.6727076495082684,0,0.29208170572916659
,339.62903416249992,1.7375710062423941,0,0.2910644531249999
,339.72904267500007,-0.48512334073525309,0,0.29004720052083327
,339.82905126718742,-0.72140509083896021,0,0.29004720052083327
,339.92905977734381,-1.2471244716886716,0,0.28902994791666659
,340.02906832656254,2.5832358940051812,0,0.29208170572916659
,340.12907691562509,1.5420905880443208,0,0.2910644531249999
,340.22908542499999,-0.039305969283681463,0,0.2910644531249999
,340.32909401406255,-0.27524679908147576,0,0.2910644531249999
,340.42910252343745,-0.039305969283681463,0,0.29208170572916659
,340.52911107187492,-1.0893145137672491,0,0.2910644531249999
,340.62911966171873,0.36661505150771134,0,0.29309895833333327
,340.72912817031261,-4.1282020226233129,0,0.28902994791666659
,340.82913675937493,-3.9290930598933862,0,0.29004720052083327
,340.92914526953132,-2.9751685478014451,0,0.29004720052083327
,341.02915381875005,-2.6578522803571829,0,0.28902994791666659
,341.12916240937511,-1.0630207077108089,0,0.2910644531249999
,341.22917091875001,-1.1945121731949584,0,0.29208170572916659
,341.32917950937508,-4.4071725760943394,0,0.28902994791666659
,341.42918801874998,-1.7210400099834793,0,0.29208170572916659
,341.52919656874997,-3.2928134629429238,0,0.2910644531249999
,341.62920515937503,-3.6505580189339994,0,0.2910644531249999
,341.72921366874994,-4.3805929790289788,0,0.29004720052083327
,341.82922225859375,-6.9964684519830733,0,0.2880126953124999
,341.9292307687499,-5.6456867409183076,0,0.28902994791666659
,342.02923931953137,-3.2001330243358019,0,0.29004720052083327
,342.12924791015621,-5.019142609812647,0,0.28902994791666659
,342.22925642031259,-3.1339498647302868,0,0.2910644531249999
,342.32926501093743,-5.5656306363328678,0,0.28902994791666659
,342.42927352109382,-5.1789889705147623,0,0.29004720052083327
,342.5292820710938,-3.478258481338198,0,0.29208170572916659
,342.62929066171887,-6.1131005842947399,0,0.29004720052083327
,342.72929917187503,-8.2994345980509063,0,0.28902994791666659
,342.82930776328135,-7.5733812671767353,0,0.28902994791666659
,342.929316271875,-8.986753970615819,0,0.28699544270833327
,343.02932482109372,-5.6590314705283387,0,0.29004720052083327
,343.12933341093753,-5.6189990352748023,0,0.29004720052083327
,343.22934192031244,-6.9294566716831358,0,0.29004720052083327
,343.32935050937499,-7.0769021135345156,0,0.29004720052083327
,343.42935901875012,-6.9428578448685059,0,0.29004720052083327
,343.52936756796885,-7.4928159225174298,0,0.29004720052083327
,343.62937615703117,-6.4206495970943411,0,0.29208170572916659
,343.7293846664063,-11.030978040340527,0,0.2880126953124999
,343.82939325937491,-10.62373614374998,0,0.2880126953124999
,343.92940177265632,-8.7439923122425292,0,0.28902994791666659
,344.02941032656258,-8.3263589101391755,0,0.28902994791666659
,344.12941892031245,-6.9026560991308017,0,0.2910644531249999
,344.22942743437511,-6.9428578448685059,0,0.2910644531249999
,344.32943602812497,-10.217043972889551,0,0.28902994791666659
,344.42944454218741,-7.2646635736363709,0,0.29208170572916659
,344.52945309531242,-9.0677178572770121,0,0.2910644531249999
,344.62946168984377,-9.8379588776896512,0,0.2910644531249999
,344.72947020312495,-10.610170892133047,0,0.29004720052083327
,344.82947879375001,-12.419738629704954,0,0.2880126953124999
,344.92948730468743,-11.071732539682928,0,0.28902994791666659
,345.02949585546867,-8.5148961762264754,0,0.2910644531249999
,345.12950444609373,-10.555915992287542,0,0.28902994791666659
,345.22951295703137,-8.6631150420303449,0,0.29208170572916659
,345.32952154765621,-10.895169540989,0,0.29004720052083327
,345.42953005859385,-10.705140482893839,0,0.29004720052083327
,345.52953860937509,-9.5269234169378247,0,0.29208170572916659
,345.62954719999993,-11.071732539682928,0,0.2910644531249999
,345.72955571093757,-13.540869433862444,0,0.28902994791666659
,345.82956430078116,-12.256021534164764,0,0.29004720052083327
,345.92957281015629,-13.102856144797601,0,0.28902994791666659
,346.02958135937502,-10.081601741975284,0,0.2910644531249999
,346.12958994843757,-10.203497012049068,0,0.2910644531249999
,346.22959845781247,-11.629264610368359,0,0.2910644531249999
,346.32960704765628,-12.078762007013683,0,0.2910644531249999
,346.42961555703118,-11.194029157264042,0,0.29208170572916659
,346.52962410624991,-12.133292259119157,0,0.29309895833333327
,346.62963269609372,-10.433878171757794,0,0.2941162109374999
,346.72964120390634,-13.760116429917126,0,0.29208170572916659
,346.82964979062513,-14.061843393998153,0,0.29208170572916659
,346.92965829765626,-12.337868923674929,0,0.29309895833333327
,347.02966688437505,-12.706458569653135,0,0.29309895833333327
,347.12967543125001,-12.03787081271536,0,0.29513346354166659
,347.22968393750011,-11.574825723462059,0,0.29513346354166659
,347.32969252499993,-14.886284933890401,0,0.2849609374999999
,347.42970103125003,-11.928854828214211,0,0.2971679687499999
,347.52970961796882,-13.308095172096605,0,0.29615071614583327
,347.62971816484378,-14.240279665918095,0,0.29615071614583327
,347.72972667421868,-14.693711844005634,0,0.29615071614583327
,347.82973526406249,-16.708106167824873,0,0.29513346354166659
,347.92974377265637,-15.189150724470394,0,0.29615071614583327
,348.02975236249995,-12.952436766681407,0,0.29818522135416659
,348.12976091171868,-14.542491388281285,0,0.2971679687499999
,348.22976942109381,-13.020799857884404,0,0.29920247395833327
,348.32977801015636,-15.395826318552492,0,0.29818522135416659
,348.42978651953126,-15.285581537258569,0,0.29920247395833327
,348.52979510859382,-14.048121932537953,0,0.3002197265624999
,348.62980365703129,-15.561269846223784,0,0.29920247395833327
,348.72981216406242,-17.48437606948351,0,0.29818522135416659
,348.82982075078121,-16.805029326436383,0,0.29818522135416659
,348.92982925703132,-17.179171497681676,0,0.29818522135416659
,349.0298378437501,-14.199092620086979,0,0.3002197265624999
,349.12984638984381,-14.776227977685878,0,0.3002197265624999
,349.22985489687494,-15.947661731168544,0,0.3002197265624999
,349.32986348359373,-15.713007001224522,0,0.30123697916666659
,349.42987198984383,-15.450963975632018,0,0.30123697916666659
,349.52988057656262,-16.237784398593373,0,0.30123697916666659
,349.62988912500009,-14.941328613122661,0,0.30225423177083327
,349.72989763515625,-19.140706736470303,0,0.29920247395833327
,349.82990622500006,-18.847741385370242,0,0.3002197265624999
,349.92991473515622,-17.026686463249188,0,0.3002197265624999
,350.02992332578128,-16.832727449989136,0,0.3002197265624999
,350.12993187578127,-15.630231718164524,0,0.30123697916666659
,350.22994038515617,-14.872525597961809,0,0.30225423177083327
,350.32994897578124,-17.914969060609607,0,0.3002197265624999
,350.42995748515636,-14.707462951397957,0,0.3032714843749999
,350.52996607656246,-15.961470699375795,0,0.30225423177083327
,350.6299746273437,-16.777333777831664,0,0.3032714843749999
,350.72998313828134,-17.748213960352178,0,0.30225423177083327
,350.82999172968744,-20.315469234321657,0,0.3002197265624999
,350.93000024062508,-18.332266395232711,0,0.30123697916666659
,351.03000883124992,-16.00290143963079,0,0.30225423177083327
,351.13001738281241,-17.234639968143711,0,0.30123697916666659
,351.23002589375005,-14.831251390311557,0,0.3032714843749999
,351.33003448437512,-17.401107418230364,0,0.30123697916666659
,351.43004299531253,-16.611214526898678,0,0.3032714843749999
,351.53005158671886,-15.575060946149954,0,0.30428873697916659
,351.63006013984386,-17.026686463249188,0,0.3032714843749999
,351.73006865312504,-18.694398614190128,0,0.30225423177083327
,351.83007724609388,-18.541134961169131,0,0.30123697916666659
,351.93008575937506,-18.652591593855629,0,0.30123697916666659
,352.03009435234367,-15.450963975632018,0,0.3032714843749999
,352.13010290546868,-16.127228198378738,0,0.30225423177083327
,352.23011141875008,-16.127228198378738,0,0.3032714843749999
,352.33012001171869,-16.431356439694007,0,0.3032714843749999
,352.4301285250001,-16.36220913934217,0,0.3032714843749999
,352.53013711406243,-16.279253543205645,0,0.30428873697916659
,352.63014566171887,-15.713007001224522,0,0.30428873697916659
,352.73015416875,-19.461905645939005,0,0.30225423177083327
,352.83016275625005,-18.193102190778319,0,0.3032714843749999
,352.93017126328118,-17.609322749314146,0,0.30225423177083327
,353.03017985078122,-16.818878066307164,0,0.3032714843749999
,353.13018839765618,-15.065213974232854,0,0.30428873697916659
,353.23019690468755,-15.644026004614098,0,0.30428873697916659
,353.33020549218759,-17.609322749314146,0,0.3032714843749999
,353.43021399921872,-15.189150724470394,0,0.30530598958333327
,353.53022258671876,-17.054405207751163,0,0.3032714843749999
,353.63023113515624,-16.36220913934217,0,0.30530598958333327
,353.73023964375011,-17.48437606948351,0,0.3032714843749999
,353.83024823203118,-19.937359287906997,0,0.30123697916666659
,353.93025674062505,-17.082126532543629,0,0.3032714843749999
,354.03026532890635,-16.168681970605324,0,0.3032714843749999
,354.13027387734383,-16.957400886867667,0,0.3032714843749999
,354.23028238593747,-15.437178606805123,0,0.30530598958333327
,354.33029097421877,-18.054003104116376,0,0.3032714843749999
,354.43029948281242,-15.423393874398677,0,0.30530598958333327
,354.53030807109371,-15.010147472588249,0,0.30530598958333327
,354.63031661953119,-17.29011877521782,0,0.30428873697916659
,354.73032512812506,-17.887170050522407,0,0.30428873697916659
,354.83033371640636,-18.987212644735855,0,0.3032714843749999
,354.930342225,-18.387950326724781,0,0.30225423177083327
,355.0303508132813,-15.354479756095648,0,0.30530598958333327
,355.13035936171877,-16.763486968949461,0,0.3032714843749999
,355.23036787031242,-16.251606805997937,0,0.30530598958333327
,355.33037645859372,-16.915837276268793,0,0.30428873697916659
,355.43038496718759,-17.165305994604509,0,0.30428873697916659
,355.53039355703118,-15.864821341472526,0,0.30530598958333327
,355.63040210703116,-16.389866134864963,0,0.30530598958333327
,355.73041061640629,-19.280315725248744,0,0.3032714843749999
,355.8304192062501,-18.652591593855629,0,0.3032714843749999
,355.930427715625,-19.056972848807117,0,0.30225423177083327
,356.03043630546881,-16.431356439694007,0,0.30428873697916659
,356.1304448554688,-14.776227977685878,0,0.30530598958333327
,356.2304533648437,-15.837212988677255,0,0.30530598958333327
,356.33046195468751,-17.206904441133375,0,0.30428873697916659
,356.43047046015636,-15.561269846223784,0,0.30530598958333327
,356.53047904609366,-17.414983909012733,0,0.30428873697916659
,356.63048759218759,-16.182501175244759,0,0.3063232421874999
,356.73049609765621,-18.805912777475754,0,0.30428873697916659
,356.83050468359374,-20.497694352223519,0,0.30225423177083327
,356.93051318984385,-17.498256443410153,0,0.30428873697916659
,357.03052177578115,-16.94354570554734,0,0.30428873697916659
,357.13053032109383,-17.303990092639395,0,0.30428873697916659
,357.23053882734371,-14.955091117177506,0,0.30530598958333327
,357.33054741406249,-18.694398614190128,0,0.30225423177083327
,357.43055592499991,-16.279253543205645,0,0.30530598958333327
,357.53056451562497,-15.478536622841887,0,0.30530598958333327
,357.63057306640621,-17.581552286047764,0,0.30428873697916659
,357.73058157734386,-17.901069230760452,0,0.30428873697916659
,357.83059016796869,-19.154664680910148,0,0.30225423177083327
,357.93059867890634,-19.112792816315757,0,0.30225423177083327
,358.03060726953117,-15.616438069167017,0,0.30428873697916659
,358.13061582031241,-16.94354570554734,0,0.30428873697916659
,358.23062433125006,-16.569699179902138,0,0.30428873697916659
,358.33063292343741,-17.553784414371911,0,0.30428873697916659
,358.43064143671882,-17.609322749314146,0,0.3032714843749999
,358.53065002968742,-17.082126532543629,0,0.30428873697916659
,358.63065858281243,-16.694262575774143,0,0.30428873697916659
,358.73066709531258,-20.273433192123036,0,0.30225423177083327
,358.83067568828119,-19.489852422582196,0,0.30225423177083327
,358.93068420078134,-19.029066800253165,0,0.30123697916666659
,359.03069279453121,-17.775999985671607,0,0.30225423177083327
,359.13070134687496,-16.832727449989136,0,0.3032714843749999
,359.23070986015637,-17.179171497681676,0,0.30225423177083327
,359.33071845234372,-18.833797861479283,0,0.30225423177083327
,359.43072696484387,-16.403695594861357,0,0.3032714843749999
,359.53073555781248,-17.998381685713042,0,0.30225423177083327
,359.63074411015623,-17.873271519820818,0,0.3032714843749999
,359.73075262265615,-19.392050217898372,0,0.30123697916666659
,359.83076121562499,-21.748256167922538,0,0.29920247395833327
,359.93076972812491,-19.447933244644876,0,0.3002197265624999
,360.03077832109375,-17.623208952979951,0,0.30123697916666659
,360.1307868734375,-18.791971217213394,0,0.3002197265624999
,360.23079538437491,-16.293077873156598,0,0.30225423177083327
,360.33080397265621,-19.433961501268811,0,0.3002197265624999
,360.43081248046883,-18.290510292085276,0,0.30123697916666659
,360.53082106875013,-17.345607923660719,0,0.30225423177083327
,360.6308296171876,-19.517801831799435,0,0.3002197265624999
,360.73083812499999,-21.157445076443956,0,0.29920247395833327
,360.83084671328129,-20.974813734373409,0,0.29818522135416659
,360.93085522187494,-21.846839488881972,0,0.2971679687499999
,361.03086381015623,-18.012286064927704,0,0.3002197265624999
,361.13087235781245,-18.387950326724781,0,0.29920247395833327
,361.23088086406256,-19.475878705226449,0,0.29920247395833327
,361.33088945078134,-19.182582538889978,0,0.29920247395833327
,361.43089795624996,-18.917468826712685,0,0.29920247395833327
,361.53090654218749,-19.098836840451018,0,0.29920247395833327
,361.6309150882812,-18.62472351531331,0,0.3002197265624999
,361.7309235945313,-22.806220618281746,0,0.2971679687499999
,361.83093218046884,-22.453144878598334,0,0.2971679687499999
,361.93094068593746,-20.876520421112197,0,0.2971679687499999
,362.03094927187499,-21.185552208641013,0,0.29615071614583327
,362.13095781796869,-19.406019987970698,0,0.2971679687499999
,362.23096632500005,-19.867391815694688,0,0.2971679687499999
,362.33097491093758,-22.213294105858424,0,0.29513346354166659
,362.43098341718746,-18.680462286976081,0,0.29818522135416659
,362.53099200312499,-20.988858300209024,0,0.2971679687499999
,362.6310005492187,-21.241774480909335,0,0.2971679687499999
,362.7310090554688,-21.607479821874097,0,0.29615071614583327
,362.83101764140633,-24.705937821188773,0,0.29309895833333327
,362.93102614765621,-22.100490458432763,0,0.29513346354166659
,363.03103473359374,-19.615645504260073,0,0.29615071614583327
,363.1310432804687,-21.790502139260397,0,0.29513346354166659
,363.23105178906258,-19.126749448297204,0,0.2971679687499999
,363.33106037812513,-22.170987694046705,0,0.29513346354166659
,363.43106888671878,-21.410505404356023,0,0.29615071614583327
,363.53107747578133,-19.629625806432852,0,0.2971679687499999
,363.63108602500006,-22.424917036202871,0,0.29513346354166659
,363.7310945335937,-24.222760639636245,0,0.2941162109374999
,363.83110312265626,-23.669501024348857,0,0.2941162109374999
,363.93111163203116,-24.848199606165043,0,0.29208170572916659
,364.03112022109372,-20.960769834674519,0,0.29513346354166659
,364.13112877421872,-20.609888615339933,0,0.29513346354166659
,364.23113728828116,-22.142786782570873,0,0.29513346354166659
,364.33114588359376,-21.80458547067408,0,0.29513346354166659
,364.4311543976562,-21.438636580183076,0,0.29513346354166659
,364.53116299218755,-22.453144878598334,0,0.29513346354166659
,364.63117154687507,-21.171498308944166,0,0.29615071614583327
,364.73118006171876,-25.047481549290072,0,0.29309895833333327
,364.83118865625011,-25.489228995003973,0,0.29208170572916659
,364.9311971710938,-23.060696700944121,0,0.29309895833333327
,365.03120576562492,-22.707316873319698,0,0.29309895833333327
,365.13121431640616,-21.199606775610182,0,0.2941162109374999
,365.23122282578129,-20.511716311837255,0,0.29513346354166659
,365.3312314156251,-24.236960437720395,0,0.29309895833333327
,365.43123992578126,-20.666001684578699,0,0.29513346354166659
,365.53124851562507,-22.142786782570873,0,0.2941162109374999
,365.63125706562505,-22.693190469441767,0,0.2941162109374999
,365.73126557578121,-23.570307738412399,0,0.29309895833333327
,365.83127416562502,-26.446243564098687,0,0.2910644531249999
,365.93128267578118,-24.1517719028488,0,0.29208170572916659
,366.03129126562499,-20.848442608920962,0,0.29309895833333327
,366.13129981562497,-23.103130707231326,0,0.29208170572916659
,366.23130832656261,-20.497694352223519,0,0.29513346354166659
,366.33131691718745,-22.820352428165965,0,0.29309895833333327
,366.43132542734384,-22.453144878598334,0,0.29309895833333327
,366.53133401796867,-20.988858300209024,0,0.29513346354166659
,366.63134256874991,-22.820352428165965,0,0.2941162109374999
,366.73135107968756,-24.521100090190505,0,0.29208170572916659
,366.83135967031262,-23.89635382333368,0,0.29208170572916659
,366.93136818046878,-24.905123553653105,0,0.2910644531249999
,367.03137677031259,-21.987729832268453,0,0.29309895833333327
,367.13138531718755,-21.903187571918696,0,0.29309895833333327
,367.23139382421869,-23.145570812119313,0,0.29208170572916659
,367.33140241171873,-23.315392258972572,0,0.29208170572916659
,367.43141091875009,-21.860925503193439,0,0.29208170572916659
,367.5314195062499,-23.032410750511502,0,0.29208170572916659
,367.63142805312509,-21.283948194387222,0,0.29309895833333327
,367.73143656015623,-23.428660850287454,0,0.2910644531249999
,367.83144514765627,-24.43582944014188,0,0.2910644531249999
,367.93145365468763,-22.763829244431225,0,0.29208170572916659
,368.03146224687498,-22.12868733552412,0,0.29208170572916659
,368.13147079921873,-21.959546393235005,0,0.29208170572916659
,368.23147931171866,-20.708093463209185,0,0.29309895833333327
,368.33148790468749,-23.584476166774877,0,0.2910644531249999
,368.43149641718742,-20.666001684578699,0,0.2941162109374999
,368.53150501015625,-21.241774480909335,0,0.29309895833333327
,368.6315135625,-22.777959026490709,0,0.29208170572916659
,368.73152207499993,-23.258774256236102,0,0.29208170572916659
,368.83153066796876,-24.393203361381172,0,0.29004720052083327
,368.93153917812492,-23.301236740325251,0,0.2910644531249999
,369.03154776562496,-19.769465079800444,0,0.29309895833333327
,369.13155631328118,-21.97363777699044,0,0.2910644531249999
,369.23156482031254,-21.213662009927432,0,0.29208170572916659
,369.33157340781258,-22.29792509757084,0,0.2910644531249999
,369.43158191562497,-22.12868733552412,0,0.2910644531249999
,369.53159050312502,-20.651972420748443,0,0.29208170572916659
,369.63159904999998,-21.087188919240742,0,0.29208170572916659
,369.73160755781259,-24.265362085230208,0,0.28902994791666659
,369.83161614531241,-22.481375417437661,0,0.29004720052083327
,369.93162465156252,-22.848618076293743,0,0.28902994791666659
,370.03163323906256,-20.161366217865265,0,0.29004720052083327
,370.13164178593752,-18.791971217213394,0,0.29208170572916659
,370.23165029296888,-20.609888615339933,0,0.29004720052083327
,370.33165887968744,-20.988858300209024,0,0.2910644531249999
,370.4316673867188,-18.499349501228345,0,0.29208170572916659
,370.53167597343759,-20.722125385384587,0,0.2910644531249999
,370.6316845210938,-19.140706736470303,0,0.29309895833333327
,370.73169302734368,-22.114588560836854,0,0.29004720052083327
,370.83170161484372,-23.811263583242617,0,0.28902994791666659
,370.93171012265634,-20.245412475912055,0,0.29004720052083327
,371.03171871171867,-19.154664680910148,0,0.29004720052083327
,371.13172726093762,-19.112792816315757,0,0.2910644531249999
,371.23173576953127,-17.054405207751163,0,0.29309895833333327
,371.33174435859382,-20.581836066047153,0,0.2910644531249999
,371.43175286718747,-17.262378079306995,0,0.29513346354166659
,371.53176145625002,-17.762106648579024,0,0.29513346354166659
,371.63177000546875,-19.72750637491669,0,0.29309895833333327
,371.73177851406263,-19.503826798081505,0,0.29513346354166659
,371.8317871023437,-20.637943821315616,0,0.2941162109374999
,371.93179560703129,-20.371526567134413,0,0.2941162109374999
,372.03180419140631,-16.680419626867394,0,0.2971679687499999
,372.1318127359375,-18.457569916682804,0,0.29615071614583327
,372.2318212406251,-17.137576925376209,0,0.29818522135416659
,372.33182982500011,-18.304428341334173,0,0.2971679687499999
,372.43183832890622,-18.207015679691178,0,0.29818522135416659
,372.5318469140625,-16.818878066307164,0,0.3002197265624999
,372.63185545781243,-17.026686463249188,0,0.3002197265624999
,372.73186396250003,-20.301456557770607,0,0.29818522135416659
,372.83187254921882,-18.778030311344132,0,0.29920247395833327
,372.93188105781246,-18.708335595273198,0,0.29818522135416659
,373.03188964765627,-16.55586201595629,0,0.3002197265624999
,373.131898196875,-15.382043494965576,0,0.30225423177083327
,373.23190670546887,-16.389866134864963,0,0.30225423177083327
,373.33191529531246,-17.692649694612875,0,0.30123697916666659
,373.43192380390633,-15.726805113935232,0,0.3032714843749999
,373.53193239374991,-17.526019133691179,0,0.30225423177083327
,373.63194094296887,-16.472852520152969,0,0.30428873697916659
,373.73194945156251,-18.88957588549852,0,0.30225423177083327
,373.83195804218758,-20.077343783032187,0,0.30123697916666659
,373.93196655156248,-16.860428149083162,0,0.30225423177083327
,374.03197514062504,-16.486685830791469,0,0.30225423177083327
,374.13198369062502,-16.805029326436383,0,0.3032714843749999
,374.23199219999992,-14.460039723399078,0,0.30530598958333327
,374.33200078984373,-18.220929819856547,0,0.30225423177083327
,374.43200929921886,-15.933853402110412,0,0.30530598958333327
,374.53201788828119,-15.299359909510429,0,0.30530598958333327
,374.63202643828117,-17.609322749314146,0,0.3032714843749999
,374.7320349476563,-18.095725997188666,0,0.3032714843749999
,374.8320435359376,-18.582926298524264,0,0.30225423177083327
,374.93205204453125,-18.903522028609469,0,0.30225423177083327
,375.03206063281255,-15.078982185544319,0,0.30428873697916659
,375.13206918125002,-16.818878066307164,0,0.3032714843749999
,375.23207768906241,-16.417525696446368,0,0.30428873697916659
,375.33208627734371,-17.04054551300101,0,0.3032714843749999
,375.43209478515632,-17.692649694612875,0,0.30225423177083327
,375.53210337343762,-16.708106167824873,0,0.30428873697916659
,375.63211192187509,-16.915837276268793,0,0.3032714843749999
,375.73212043046874,-20.595862008645948,0,0.30123697916666659
,375.83212901953129,-18.987212644735855,0,0.30123697916666659
,375.9321375289062,-19.043019496659234,0,0.3002197265624999
,376.03214611796875,-17.567668026298254,0,0.30123697916666659
,376.13215466718748,-15.492323901372137,0,0.30225423177083327
,376.23216317656261,-16.735795281654557,0,0.30225423177083327
,376.33217176562493,-18.457569916682804,0,0.30123697916666659
,376.43218027500006,-16.251606805997937,0,0.30225423177083327
,376.53218886406262,-18.31834704235839,0,0.30123697916666659
,376.63219741328135,-17.387231574378344,0,0.30225423177083327
,376.73220592031248,-19.741491950356075,0,0.29920247395833327
,376.83221450703127,-21.762337487960593,0,0.29818522135416659
,376.93222301328137,-18.694398614190128,0,0.29920247395833327
,377.03223159999993,-17.845476406729148,0,0.29920247395833327
,377.13224014687512,-18.62472351531331,0,0.29920247395833327
,377.232248653125,-16.445187824678307,0,0.3002197265624999
,377.33225724062504,-20.413576526795612,0,0.2971679687499999
,377.43226574687492,-18.931416279883194,0,0.29920247395833327
,377.5322743335937,-18.541134961169131,0,0.29818522135416659
,377.63228288046867,-20.259422502875726,0,0.2971679687499999
,377.73229138750003,-20.932684033383723,0,0.29615071614583327
,377.83229997500007,-21.424570657989094,0,0.29513346354166659
,377.93230848281246,-21.677859620812246,0,0.2941162109374999
,378.0323170703125,-17.845476406729148,0,0.2971679687499999
,378.13232561796872,-19.322211230300088,0,0.29615071614583327
,378.23233412500008,-19.196542452579962,0,0.29615071614583327
,378.33234271250012,-19.615645504260073,0,0.29615071614583327
,378.43235122031251,-20.371526567134413,0,0.29513346354166659
,378.53235980781255,-20.007343273881482,0,0.29615071614583327
,378.63236835703128,-19.797440847833837,0,0.29615071614583327
,378.73237686874995,-23.38618003528445,0,0.29309895833333327
,378.83238546093753,-22.227397588659638,0,0.2941162109374999

trace_size,124
trace_types,5,4
trace_names,,Value
trace_units,,
devices,Platform,Platform
raster,OnChange,OnChange
description,,
displayidentifier,,
path,,Model Root/PumpFlow
flags,,2
min,,-1.797693135e+308
max,,1.797693135e+308
minWeak,,-1.797693135e+308
maxWeak,,1.797693135e+308
trace_values,-0.20916730625003765,0
,2.8057629937500224,0
,5.8718573937500196,0
,8.966790493750068,0
,12.025814293750045,0.10000000000000001
,15.087830093749972,0
,18.152823793750031,0.10000000000000001
,21.245961693750019,0
,24.340768193750023,0
,27.400768093750003,0.10000000000000001
,30.461860993750065,0.10000000000000001
,33.52777199374998,0
,36.588753493750005,0.10000000000000001
,39.651202893749996,0.10000000000000001
,42.710795393750004,0
,45.777791993750043,0.10000000000000001
,48.836789193750064,0
,51.902804893750044,0.10000000000000001
,54.963790793750036,0.10000000000000001
,58.025806493749997,0.10000000000000001
,61.090776293749968,0
,64.153460993750059,0.10000000000000001
,67.21278059375004,0.10000000000000001
,70.276810893750053,0.10000000000000001
,73.338782393749966,0.10000000000000001
,76.400775493749961,0.10000000000000001
,79.466860493750005,0
,82.524820293750054,0
,85.586792693749999,0
,88.653845193750044,0
,91.714781093750048,0.10000000000000001
,94.775925093750061,0.10000000000000001
,97.83976929375001,0
,100.90090939375,0
,103.96322279374999,0.10000000000000001
,107.02877629375007,0
,110.08784369374996,0.10000000000000001
,113.15090449374998,0
,116.21479319374998,0.10000000000000001
,119.27577529375003,0
,122.33794809375001,0
,125.40282279375003,0.10000000000000001
,128.46779899374997,0.10000000000000001
,131.52482729375004,0.10000000000000001
,134.58726229374997,0.10000000000000001
,137.64976069375007,0.10000000000000001
,140.71178139375002,0.10000000000000001
,143.77478109374999,0.10000000000000001
,146.84179979374994,0.10000000000000001
,149.90077129375004,0.10000000000000001
,152.96279599374998,0.10000000000000001
,156.02778729374995,0.10000000000000001
,159.08582539374993,0
,162.15388329374991,0
,165.21278519375005,0
,168.27482429375004,0
,171.34109929374995,0.10000000000000001
,174.40177599375011,0
,177.46081709374994,0.10000000000000001
,180.5258114937501,0.10000000000000001
,183.58774909375006,0.10000000000000001
,186.64892569375002,0
,189.71179169375,0.10000000000000001
,192.7778728937501,0.10000000000000001
,195.83683699375001,0.10000000000000001
,198.90175519374998,0.10000000000000001
,201.96579489374994,0
,205.02478729375002,0.10000000000000001
,208.09186879375011,0
,211.15276649375005,0
,214.21179139374999,0
,217.27479319374993,0
,220.33980739375011,0
,223.39887079375012,0
,226.46286829375003,0
,229.52883429374992,0
,232.58575039375,0
,235.65278939375003,0
,238.71682909374999,0
,241.77481199375006,0
,244.83680719375002,0
,247.90278129374997,0
,250.96177739375003,0
,254.02947599375011,0
,257.09086059374999,0
,260.15099399375003,0
,263.21681759374997,0
,266.27478769375011,0
,269.33682219375009,0
,272.40493549374992,0
,275.46498489374994,0
,278.52482169375003,0
,281.59105789375008,0
,284.65181649374995,0
,287.71482349374992,0
,290.77682349375004,0
,293.83705459375005,0
,296.89890289375012,0
,299.96074299375005,0
,303.02481729374995,0
,306.08699599374995,0
,309.1528172937501,0
,312.21481049375006,0
,315.27678599375008,0
,318.34081389375001,0
,321.40279699374992,0
,324.46179829375001,0
,327.52985509375003,0
,330.58981259374991,0
,333.65178039374996,0
,336.71581039374996,0
,339.77981879375011,0
,342.83681519375,0
,345.90478739374998,0
,348.96580729375,0
,352.02574779375004,0
,355.08781429374994,0
,358.15279049374999,0
,361.21278999374999,0
,364.27802059374994,0
,367.33682369374992,0
,370.39894089375002,0
,373.46078909375001,0
,376.52782639375005,0

